<COLLADA xmlns="http://www.collada.org/2005/11/COLLADASchema" version="1.4.1">
  <asset>
    <created>2026-05-06T22:28:52.913488</created>
    <modified>2026-05-06T22:28:52.913494</modified>
    <up_axis>Y_UP</up_axis>
  </asset>
  <library_effects>
    <effect id="e87462bc616642ad9a581b4c23b32184" name="e87462bc616642ad9a581b4c23b32184">
      <profile_COMMON>
        <technique sid="common">
          <phong>
            <emission>
              <color>0.0 0.0 0.0 1.0</color>
            </emission>
            <ambient>
              <color>0.0 0.0 0.0 1.0</color>
            </ambient>
            <diffuse>
              <color>0.49411764705882355 0.49411764705882355 0.49411764705882355 1.0</color>
            </diffuse>
            <specular>
              <color>0.0 0.0 0.0 1.0</color>
            </specular>
            <shininess>
              <float>0.0</float>
            </shininess>
            <reflective>
              <color>0.0 0.0 0.0 1.0</color>
            </reflective>
            <reflectivity>
              <float>0.0</float>
            </reflectivity>
            <transparent>
              <color>0.0 0.0 0.0 1.0</color>
            </transparent>
            <transparency>
              <float>1.0</float>
            </transparency>
          </phong>
        </technique>
        <extra>
          <technique profile="GOOGLEEARTH">
            <double_sided>0</double_sided>
          </technique>
        </extra>
      </profile_COMMON>
    </effect>
  </library_effects>
  <library_geometries>
    <geometry id="6164bf7f18234501bc7cf23c1adda687" name="78b6171c2b774a64893e14961a55484a">
      <mesh>
        <source id="verts-array">
          <float_array count="3852" id="verts-array-array">0.029893 -0.0135 -0.004000001 0.029893 -0.0135 -0.012 0.0298419 -0.0138882 -0.004000001 0.0298419 -0.0138882 -0.012 0.0296921 -0.01425 -0.004000001 0.0296921 -0.01425 -0.012 0.0294537 -0.0145607 -0.004000001 0.0294537 -0.0145607 -0.012 0.029143 -0.014799 -0.004000001 0.029143 -0.014799 -0.012 0.0287812 -0.0149489 -0.004000001 0.0287812 -0.0149489 -0.012 0.028393 -0.015 -0.004000001 0.028393 -0.015 -0.012 0.0280048 -0.0149489 -0.004000001 0.0280048 -0.0149489 -0.012 0.027643 -0.014799 -0.004000001 0.027643 -0.014799 -0.012 0.0273324 -0.0145607 -0.004000001 0.0273324 -0.0145607 -0.012 0.027094 -0.01425 -0.004000001 0.027094 -0.01425 -0.012 0.0269441 -0.0138882 -0.004000001 0.0269441 -0.0138882 -0.012 0.026893 -0.0135 -0.004000001 0.026893 -0.0135 -0.012 0.0269441 -0.0131118 -0.004000001 0.0269441 -0.0131118 -0.012 0.027094 -0.01275 -0.004000001 0.027094 -0.01275 -0.012 0.0273324 -0.0124393 -0.004000001 0.0273324 -0.0124393 -0.012 0.027643 -0.012201 -0.004000001 0.027643 -0.012201 -0.012 0.0280048 -0.0120511 -0.004000001 0.0280048 -0.0120511 -0.012 0.028393 -0.012 -0.004000001 0.028393 -0.012 -0.012 0.0287812 -0.0120511 -0.004000001 0.0287812 -0.0120511 -0.012 0.029143 -0.012201 -0.004000001 0.029143 -0.012201 -0.012 0.0294537 -0.0124393 -0.004000001 0.0294537 -0.0124393 -0.012 0.0296921 -0.01275 -0.004000001 0.0296921 -0.01275 -0.012 0.0298419 -0.0131118 -0.004000001 0.0298419 -0.0131118 -0.012 -0.026893 0.0135 -0.004000001 -0.026893 0.0135 -0.012 -0.0269441 0.0131118 -0.004000001 -0.0269441 0.0131118 -0.012 -0.027094 0.01275 -0.004000001 -0.027094 0.01275 -0.012 -0.0273324 0.0124393 -0.004000001 -0.0273324 0.0124393 -0.012 -0.027643 0.012201 -0.004000001 -0.027643 0.012201 -0.012 -0.0280048 0.0120511 -0.004000001 -0.0280048 0.0120511 -0.012 -0.028393 0.012 -0.004000001 -0.028393 0.012 -0.012 -0.0287812 0.0120511 -0.004000001 -0.0287812 0.0120511 -0.012 -0.029143 0.012201 -0.004000001 -0.029143 0.012201 -0.012 -0.0294537 0.0124393 -0.004000001 -0.0294537 0.0124393 -0.012 -0.0296921 0.01275 -0.004000001 -0.0296921 0.01275 -0.012 -0.0298419 0.0131118 -0.004000001 -0.0298419 0.0131118 -0.012 -0.029893 0.0135 -0.004000001 -0.029893 0.0135 -0.012 -0.0298419 0.0138882 -0.004000001 -0.0298419 0.0138882 -0.012 -0.0296921 0.01425 -0.004000001 -0.0296921 0.01425 -0.012 -0.0294537 0.0145607 -0.004000001 -0.0294537 0.0145607 -0.012 -0.029143 0.014799 -0.004000001 -0.029143 0.014799 -0.012 -0.0287812 0.0149489 -0.004000001 -0.0287812 0.0149489 -0.012 -0.028393 0.015 -0.004000001 -0.028393 0.015 -0.012 -0.0280048 0.0149489 -0.004000001 -0.0280048 0.0149489 -0.012 -0.027643 0.014799 -0.004000001 -0.027643 0.014799 -0.012 -0.0273324 0.0145607 -0.004000001 -0.0273324 0.0145607 -0.012 -0.027094 0.01425 -0.004000001 -0.027094 0.01425 -0.012 -0.0269441 0.0138882 -0.004000001 -0.0269441 0.0138882 -0.012 0.029893 0.0135 -0.004000001 0.029893 0.0135 -0.012 0.0298419 0.0131118 -0.004000001 0.0298419 0.0131118 -0.012 0.0296921 0.01275 -0.004000001 0.0296921 0.01275 -0.012 0.0294537 0.0124393 -0.004000001 0.0294537 0.0124393 -0.012 0.029143 0.012201 -0.004000001 0.029143 0.012201 -0.012 0.0287812 0.0120511 -0.004000001 0.0287812 0.0120511 -0.012 0.028393 0.012 -0.004000001 0.028393 0.012 -0.012 0.0280048 0.0120511 -0.004000001 0.0280048 0.0120511 -0.012 0.027643 0.012201 -0.004000001 0.027643 0.012201 -0.012 0.0273324 0.0124393 -0.004000001 0.0273324 0.0124393 -0.012 0.027094 0.01275 -0.004000001 0.027094 0.01275 -0.012 0.0269441 0.0131118 -0.004000001 0.0269441 0.0131118 -0.012 0.026893 0.0135 -0.004000001 0.026893 0.0135 -0.012 0.0269441 0.0138882 -0.004000001 0.0269441 0.0138882 -0.012 0.027094 0.01425 -0.004000001 0.027094 0.01425 -0.012 0.0273324 0.0145607 -0.004000001 0.0273324 0.0145607 -0.012 0.027643 0.014799 -0.004000001 0.027643 0.014799 -0.012 0.0280048 0.0149489 -0.004000001 0.0280048 0.0149489 -0.012 0.028393 0.015 -0.004000001 0.028393 0.015 -0.012 0.0287812 0.0149489 -0.004000001 0.0287812 0.0149489 -0.012 0.029143 0.014799 -0.004000001 0.029143 0.014799 -0.012 0.0294537 0.0145607 -0.004000001 0.0294537 0.0145607 -0.012 0.0296921 0.01425 -0.004000001 0.0296921 0.01425 -0.012 0.0298419 0.0138882 -0.004000001 0.0298419 0.0138882 -0.012 -0.026893 -0.0135 -0.004000001 -0.026893 -0.0135 -0.012 -0.0269441 -0.0138882 -0.004000001 -0.0269441 -0.0138882 -0.012 -0.027094 -0.01425 -0.004000001 -0.027094 -0.01425 -0.012 -0.0273324 -0.0145607 -0.004000001 -0.0273324 -0.0145607 -0.012 -0.027643 -0.014799 -0.004000001 -0.027643 -0.014799 -0.012 -0.0280048 -0.0149489 -0.004000001 -0.0280048 -0.0149489 -0.012 -0.028393 -0.015 -0.004000001 -0.028393 -0.015 -0.012 -0.0287812 -0.0149489 -0.004000001 -0.0287812 -0.0149489 -0.012 -0.029143 -0.014799 -0.004000001 -0.029143 -0.014799 -0.012 -0.0294537 -0.0145607 -0.004000001 -0.0294537 -0.0145607 -0.012 -0.0296921 -0.01425 -0.004000001 -0.0296921 -0.01425 -0.012 -0.0298419 -0.0138882 -0.004000001 -0.0298419 -0.0138882 -0.012 -0.029893 -0.0135 -0.004000001 -0.029893 -0.0135 -0.012 -0.0298419 -0.0131118 -0.004000001 -0.0298419 -0.0131118 -0.012 -0.0296921 -0.01275 -0.004000001 -0.0296921 -0.01275 -0.012 -0.0294537 -0.0124393 -0.004000001 -0.0294537 -0.0124393 -0.012 -0.029143 -0.012201 -0.004000001 -0.029143 -0.012201 -0.012 -0.0287812 -0.0120511 -0.004000001 -0.0287812 -0.0120511 -0.012 -0.028393 -0.012 -0.004000001 -0.028393 -0.012 -0.012 -0.0280048 -0.0120511 -0.004000001 -0.0280048 -0.0120511 -0.012 -0.027643 -0.012201 -0.004000001 -0.027643 -0.012201 -0.012 -0.0273324 -0.0124393 -0.004000001 -0.0273324 -0.0124393 -0.012 -0.027094 -0.01275 -0.004000001 -0.027094 -0.01275 -0.012 -0.0269441 -0.0131118 -0.004000001 -0.0269441 -0.0131118 -0.012 -0.032395 -0.032395 -1.09916e-09 -0.0223965 -0.032395 -1.09916e-09 -0.032395 -0.01955 -1.09916e-09 -0.0223965 -0.01955 -1.09916e-09 -0.018 -0.02565 -1.09916e-09 -0.0184271 -0.0255938 -1.09916e-09 -0.018825 -0.0254289 -1.09916e-09 -0.0191667 -0.0251667 -1.09916e-09 -0.01965 -0.024 -1.09916e-09 -0.0195938 -0.0244271 -1.09916e-09 -0.0194289 -0.024825 -1.09916e-09 -0.0195938 -0.0235729 -1.09916e-09 -0.0194289 -0.023175 -1.09916e-09 -0.0191667 -0.0228333 -1.09916e-09 -0.0175729 -0.0224062 -1.09916e-09 -0.017175 -0.0225711 -1.09916e-09 8.230097e-10 -0.01955 -1.09916e-09 -0.0168333 -0.0228333 -1.09916e-09 -0.0165711 -0.023175 -1.09916e-09 -0.018825 -0.0225711 -1.09916e-09 -0.0184271 -0.0224062 -1.09916e-09 -0.018 -0.02235 -1.09916e-09 -0.0164062 -0.0235729 -1.09916e-09 -0.01635 -0.024 -1.09916e-09 8.230097e-10 -0.032395 -1.09916e-09 -0.0164062 -0.0244271 -1.09916e-09 -0.0165711 -0.024825 -1.09916e-09 -0.0168333 -0.0251667 -1.09916e-09 -0.017175 -0.0254289 -1.09916e-09 -0.0175729 -0.0255938 -1.09916e-09 0.0164062 -0.0235729 -1.09916e-09 0.0165711 -0.023175 -1.09916e-09 0.0168333 -0.0228333 -1.09916e-09 0.017175 -0.0225711 -1.09916e-09 0.0175729 -0.0224062 -1.09916e-09 0.018 -0.02235 -1.09916e-09 0.0223965 -0.01955 -1.09916e-09 0.0184271 -0.0224062 -1.09916e-09 0.018825 -0.0225711 -1.09916e-09 0.0191667 -0.0228333 -1.09916e-09 0.01965 -0.024 -1.09916e-09 0.0195938 -0.0244271 -1.09916e-09 0.0223965 -0.032395 -1.09916e-09 0.0194289 -0.024825 -1.09916e-09 0.0194289 -0.023175 -1.09916e-09 0.0195938 -0.0235729 -1.09916e-09 0.0168333 -0.0251667 -1.09916e-09 0.0165711 -0.024825 -1.09916e-09 0.0164062 -0.0244271 -1.09916e-09 0.01635 -0.024 -1.09916e-09 0.0191667 -0.0251667 -1.09916e-09 0.018825 -0.0254289 -1.09916e-09 0.0184271 -0.0255938 -1.09916e-09 0.018 -0.02565 -1.09916e-09 0.0175729 -0.0255938 -1.09916e-09 0.017175 -0.0254289 -1.09916e-09 0.032019 -0.032395 -1.09916e-09 0.032019 -0.01955 -1.09916e-09 -0.0315323 -0.0126588 -1.09916e-09 -0.032395 2.592623e-10 -1.09916e-09 -0.031643 -0.0135 -1.09916e-09 -0.0315323 -0.0143412 -1.09916e-09 -0.0292342 -0.0166393 -1.09916e-09 -0.030018 -0.0163146 -1.09916e-09 -0.026768 -0.0106854 -1.09916e-09 -0.0260949 -0.0112019 -1.09916e-09 -0.0223965 2.592623e-10 -1.09916e-09 -0.0255784 -0.011875 -1.09916e-09 -0.0255784 -0.015125 -1.09916e-09 -0.0260949 -0.0157981 -1.09916e-09 -0.0306911 -0.0157981 -1.09916e-09 -0.0312076 -0.015125 -1.09916e-09 -0.0312076 -0.011875 -1.09916e-09 -0.0306911 -0.0112019 -1.09916e-09 -0.030018 -0.0106854 -1.09916e-09 -0.0292342 -0.0103607 -1.09916e-09 -0.028393 -0.01025 -1.09916e-09 -0.0275519 -0.0103607 -1.09916e-09 -0.0252538 -0.0126588 -1.09916e-09 -0.025143 -0.0135 -1.09916e-09 -0.0252538 -0.0143412 -1.09916e-09 -0.026768 -0.0163146 -1.09916e-09 -0.0275519 -0.0166393 -1.09916e-09 -0.028393 -0.01675 -1.09916e-09 0.0255784 -0.015125 -1.09916e-09 0.0260949 -0.0157981 -1.09916e-09 0.026768 -0.0163146 -1.09916e-09 0.0252538 -0.0143412 -1.09916e-09 0.025143 -0.0135 -1.09916e-09 0.0223965 2.592625e-10 -1.09916e-09 0.0252538 -0.0126588 -1.09916e-09 0.0255784 -0.011875 -1.09916e-09 0.0260949 -0.0112019 -1.09916e-09 0.0292342 -0.0103607 -1.09916e-09 0.030018 -0.0106854 -1.09916e-09 0.032019 2.592625e-10 -1.09916e-09 0.0306911 -0.0112019 -1.09916e-09 0.0312076 -0.011875 -1.09916e-09 0.026768 -0.0106854 -1.09916e-09 0.0275519 -0.0103607 -1.09916e-09 0.028393 -0.01025 -1.09916e-09 0.0315323 -0.0126588 -1.09916e-09 0.031643 -0.0135 -1.09916e-09 0.0315323 -0.0143412 -1.09916e-09 0.0312076 -0.015125 -1.09916e-09 0.0306911 -0.0157981 -1.09916e-09 0.030018 -0.0163146 -1.09916e-09 0.0292342 -0.0166393 -1.09916e-09 0.028393 -0.01675 -1.09916e-09 0.0275519 -0.0166393 -1.09916e-09 -0.031643 0.0135 -1.09916e-09 -0.032395 0.01955 -1.09916e-09 -0.0315323 0.0143412 -1.09916e-09 -0.0312076 0.015125 -1.09916e-09 -0.028393 0.01675 -1.09916e-09 -0.0275519 0.0166393 -1.09916e-09 -0.0223965 0.01955 -1.09916e-09 -0.0306911 0.0157981 -1.09916e-09 -0.030018 0.0163146 -1.09916e-09 -0.0292342 0.0166393 -1.09916e-09 -0.026768 0.0163146 -1.09916e-09 -0.0260949 0.0157981 -1.09916e-09 -0.0255784 0.015125 -1.09916e-09 -0.0255784 0.011875 -1.09916e-09 -0.0260949 0.0112019 -1.09916e-09 -0.0292342 0.0103607 -1.09916e-09 -0.030018 0.0106854 -1.09916e-09 -0.0306911 0.0112019 -1.09916e-09 -0.0312076 0.011875 -1.09916e-09 -0.0315323 0.0126588 -1.09916e-09 -0.0252538 0.0143412 -1.09916e-09 -0.025143 0.0135 -1.09916e-09 -0.0252538 0.0126588 -1.09916e-09 -0.026768 0.0106854 -1.09916e-09 -0.0275519 0.0103607 -1.09916e-09 -0.028393 0.01025 -1.09916e-09 8.230096e-10 2.592624e-10 -1.09916e-09 8.230095e-10 0.01955 -1.09916e-09 0.0223965 0.01955 -1.09916e-09 0.0255784 0.015125 -1.09916e-09 0.0260949 0.0157981 -1.09916e-09 0.026768 0.0163146 -1.09916e-09 0.030018 0.0163146 -1.09916e-09 0.0306911 0.0157981 -1.09916e-09 0.032019 0.01955 -1.09916e-09 0.0312076 0.015125 -1.09916e-09 0.0275519 0.0166393 -1.09916e-09 0.028393 0.01675 -1.09916e-09 0.0292342 0.0166393 -1.09916e-09 0.0315323 0.0126588 -1.09916e-09 0.031643 0.0135 -1.09916e-09 0.0315323 0.0143412 -1.09916e-09 0.0255784 0.011875 -1.09916e-09 0.0260949 0.0112019 -1.09916e-09 0.026768 0.0106854 -1.09916e-09 0.0312076 0.011875 -1.09916e-09 0.0306911 0.0112019 -1.09916e-09 0.030018 0.0106854 -1.09916e-09 0.0252538 0.0126588 -1.09916e-09 0.025143 0.0135 -1.09916e-09 0.0252538 0.0143412 -1.09916e-09 0.0292342 0.0103607 -1.09916e-09 0.028393 0.01025 -1.09916e-09 0.0275519 0.0103607 -1.09916e-09 -0.032395 0.0290225 -1.09916e-09 -0.0223965 0.0290225 -1.09916e-09 -0.032395 0.032395 -1.09916e-09 -0.0191667 0.0228333 -1.09916e-09 -0.0194289 0.023175 -1.09916e-09 -0.018825 0.0254289 -1.09916e-09 -0.0191667 0.0251667 -1.09916e-09 -0.0194289 0.024825 -1.09916e-09 -0.017175 0.0254289 -1.09916e-09 -0.0168333 0.0251667 -1.09916e-09 8.230095e-10 0.0290225 -1.09916e-09 -0.018825 0.0225711 -1.09916e-09 -0.0195938 0.0235729 -1.09916e-09 -0.01965 0.024 -1.09916e-09 -0.0195938 0.0244271 -1.09916e-09 -0.0184271 0.0255938 -1.09916e-09 -0.018 0.02565 -1.09916e-09 -0.0175729 0.0255938 -1.09916e-09 -0.0164062 0.0235729 -1.09916e-09 -0.0165711 0.023175 -1.09916e-09 -0.0168333 0.0228333 -1.09916e-09 -0.017175 0.0225711 -1.09916e-09 -0.0175729 0.0224062 -1.09916e-09 -0.018 0.02235 -1.09916e-09 -0.0184271 0.0224062 -1.09916e-09 -0.0165711 0.024825 -1.09916e-09 -0.0164062 0.0244271 -1.09916e-09 -0.01635 0.024 -1.09916e-09 0.0168333 0.0228333 -1.09916e-09 0.0165711 0.023175 -1.09916e-09 0.0164062 0.0235729 -1.09916e-09 0.01635 0.024 -1.09916e-09 0.0164062 0.0244271 -1.09916e-09 0.0165711 0.024825 -1.09916e-09 0.0168333 0.0251667 -1.09916e-09 0.0195938 0.0235729 -1.09916e-09 0.0194289 0.023175 -1.09916e-09 0.0184271 0.0224062 -1.09916e-09 0.018 0.02235 -1.09916e-09 0.0175729 0.0224062 -1.09916e-09 0.017175 0.0225711 -1.09916e-09 0.0184271 0.0255938 -1.09916e-09 0.018825 0.0254289 -1.09916e-09 0.0223965 0.0290225 -1.09916e-09 0.0191667 0.0251667 -1.09916e-09 0.0191667 0.0228333 -1.09916e-09 0.018825 0.0225711 -1.09916e-09 0.017175 0.0254289 -1.09916e-09 0.0175729 0.0255938 -1.09916e-09 0.018 0.02565 -1.09916e-09 0.0194289 0.024825 -1.09916e-09 0.0195938 0.0244271 -1.09916e-09 0.01965 0.024 -1.09916e-09 0.032019 0.0290225 -1.09916e-09 -0.0223965 0.032395 -1.09916e-09 8.230095e-10 0.032395 -1.09916e-09 0.0223965 0.032395 -1.09916e-09 0.032019 0.032395 -1.09916e-09 0.032395 -0.032395 -1.09916e-09 0.032395 -0.01955 -1.09916e-09 0.032395 2.592625e-10 -1.09916e-09 0.032395 0.01955 -1.09916e-09 0.032395 0.0290225 -1.09916e-09 0.032395 0.032395 -1.09916e-09 0.032019 0.032395 -1.09916e-09 0.032395 0.032395 -1.09916e-09 0.032395 0.032395 -0.005000001 -0.032395 0.032395 -1.09916e-09 -0.0223965 0.032395 -1.09916e-09 -0.032395 0.032395 -0.005000001 8.230095e-10 0.032395 -1.09916e-09 0.0223965 0.032395 -1.09916e-09 -0.0165711 -0.024825 -0.005000001 0.032395 -0.032395 -0.005000001 -0.0168333 -0.0251667 -0.005000001 -0.017175 -0.0254289 -0.005000001 0.032395 -0.0185 -0.005000001 -0.0168333 -0.0228333 -0.005000001 -0.017175 -0.0225711 -0.005000001 -0.0175729 -0.0224062 -0.005000001 -0.018 -0.02235 -0.005000001 -0.032395 -0.0185 -0.005000001 -0.0184271 -0.0224062 -0.005000001 -0.018825 -0.0225711 -0.005000001 -0.0191667 -0.0228333 -0.005000001 -0.0194289 -0.023175 -0.005000001 -0.0175729 -0.0255938 -0.005000001 -0.032395 -0.032395 -0.005000001 -0.018 -0.02565 -0.005000001 -0.0194289 -0.024825 -0.005000001 -0.0191667 -0.0251667 -0.005000001 0.0184271 -0.0255938 -0.005000001 0.018825 -0.0254289 -0.005000001 0.0195938 -0.0235729 -0.005000001 0.0194289 -0.023175 -0.005000001 0.0191667 -0.0228333 -0.005000001 0.018825 -0.0225711 -0.005000001 0.0184271 -0.0224062 -0.005000001 0.018 -0.02235 -0.005000001 -0.018825 -0.0254289 -0.005000001 -0.0184271 -0.0255938 -0.005000001 0.0175729 -0.0224062 -0.005000001 -0.01635 -0.024 -0.005000001 -0.0164062 -0.0235729 -0.005000001 -0.0165711 -0.023175 -0.005000001 -0.0195938 -0.0235729 -0.005000001 -0.01965 -0.024 -0.005000001 -0.0195938 -0.0244271 -0.005000001 0.017175 -0.0225711 -0.005000001 0.0168333 -0.0228333 -0.005000001 0.0165711 -0.023175 -0.005000001 0.0195938 -0.0244271 -0.005000001 0.01965 -0.024 -0.005000001 -0.0164062 -0.0244271 -0.005000001 0.0165711 -0.024825 -0.005000001 0.0168333 -0.0251667 -0.005000001 0.017175 -0.0254289 -0.005000001 0.0175729 -0.0255938 -0.005000001 0.018 -0.02565 -0.005000001 0.0191667 -0.0251667 -0.005000001 0.0194289 -0.024825 -0.005000001 0.0164062 -0.0235729 -0.005000001 0.01635 -0.024 -0.005000001 0.0164062 -0.0244271 -0.005000001 0.032395 -0.01955 -1.09916e-09 0.032395 -0.032395 -1.09916e-09 0.032395 -0.032395 -0.005000001 0.032395 -0.0185 -0.005000001 0.032395 -0.0105 -0.005000001 0.032395 2.592625e-10 -1.09916e-09 0.032395 0.0105 -0.005000001 0.032395 0.01955 -1.09916e-09 0.032395 0.0185 -0.005000001 0.032395 0.0290225 -1.09916e-09 0.032395 0.032395 -0.005000001 0.032395 0.032395 -1.09916e-09 0.032395 -0.032395 -0.005000001 0.032395 -0.032395 -1.09916e-09 0.032019 -0.032395 -1.09916e-09 0.0223965 -0.032395 -1.09916e-09 8.230097e-10 -0.032395 -1.09916e-09 -0.032395 -0.032395 -0.005000001 -0.0223965 -0.032395 -1.09916e-09 -0.032395 -0.032395 -1.09916e-09 -0.032395 0.0290225 -1.09916e-09 -0.032395 0.032395 -1.09916e-09 -0.032395 0.032395 -0.005000001 -0.032395 0.0185 -0.012 -0.032395 0.0105 -0.012 -0.032395 0.0185 -0.005000001 -0.032395 0.0105 -0.005000001 -0.032395 0.01955 -1.09916e-09 -0.032395 2.592623e-10 -1.09916e-09 -0.032395 -0.01955 -1.09916e-09 -0.032395 -0.0105 -0.012 -0.032395 -0.0185 -0.012 -0.032395 -0.0105 -0.005000001 -0.032395 -0.0185 -0.005000001 -0.032395 -0.032395 -0.005000001 -0.032395 -0.032395 -1.09916e-09 0.0195938 0.0235729 -0.005000001 0.01965 0.024 -0.005000001 0.032395 0.0185 -0.005000001 -0.0165711 0.023175 -0.005000001 -0.0168333 0.0228333 -0.005000001 -0.017175 0.0225711 -0.005000001 0.032395 0.032395 -0.005000001 -0.018 0.02565 -0.005000001 -0.032395 0.032395 -0.005000001 -0.0175729 0.0255938 -0.005000001 -0.017175 0.0254289 -0.005000001 -0.0168333 0.0251667 -0.005000001 -0.0184271 0.0255938 -0.005000001 -0.018825 0.0254289 -0.005000001 -0.0191667 0.0251667 -0.005000001 -0.032395 0.0185 -0.005000001 -0.018 0.02235 -0.005000001 -0.0175729 0.0224062 -0.005000001 -0.0195938 0.0235729 -0.005000001 -0.0194289 0.023175 -0.005000001 -0.0191667 0.0228333 -0.005000001 0.0184271 0.0224062 -0.005000001 0.018825 0.0225711 -0.005000001 0.0195938 0.0244271 -0.005000001 0.0194289 0.024825 -0.005000001 0.0191667 0.0251667 -0.005000001 0.018825 0.0254289 -0.005000001 0.0184271 0.0255938 -0.005000001 0.018 0.02565 -0.005000001 -0.018825 0.0225711 -0.005000001 -0.0184271 0.0224062 -0.005000001 0.0175729 0.0255938 -0.005000001 -0.01635 0.024 -0.005000001 -0.0164062 0.0244271 -0.005000001 -0.0165711 0.024825 -0.005000001 -0.0194289 0.024825 -0.005000001 -0.0195938 0.0244271 -0.005000001 -0.01965 0.024 -0.005000001 0.017175 0.0254289 -0.005000001 0.0168333 0.0251667 -0.005000001 0.0165711 0.024825 -0.005000001 -0.0164062 0.0235729 -0.005000001 0.0165711 0.023175 -0.005000001 0.0168333 0.0228333 -0.005000001 0.017175 0.0225711 -0.005000001 0.0175729 0.0224062 -0.005000001 0.018 0.02235 -0.005000001 0.0191667 0.0228333 -0.005000001 0.0194289 0.023175 -0.005000001 0.0164062 0.0244271 -0.005000001 0.01635 0.024 -0.005000001 0.0164062 0.0235729 -0.005000001 -0.032395 0.0105 -0.005000001 0.032395 0.0105 -0.005000001 -0.032395 -0.0105 -0.005000001 0.032395 -0.0105 -0.005000001 0.032395 0.0105 -0.012 0.0324369 0.0185 -0.012 0.032395 0.0105 -0.005000001 0.0324369 0.0185 -0.005000001 -0.032395 0.0105 -0.012 0.032395 0.0105 -0.012 -0.032395 0.0105 -0.005000001 0.032395 0.0105 -0.005000001 0.0324369 0.0185 -0.005000001 0.0324369 0.0185 -0.012 0.032395 0.0185 -0.005000001 -0.032395 0.0185 -0.012 -0.032395 0.0185 -0.005000001 -0.032395 -0.0185 -0.005000001 -0.032395 -0.0185 -0.012 0.032395 -0.0185 -0.005000001 0.0324369 -0.0185 -0.012 0.0324369 -0.0185 -0.005000001 0.032395 -0.0105 -0.012 -0.032395 -0.0105 -0.012 0.032395 -0.0105 -0.005000001 -0.032395 -0.0105 -0.005000001 0.0324369 -0.0185 -0.012 0.032395 -0.0105 -0.012 0.0324369 -0.0185 -0.005000001 0.032395 -0.0105 -0.005000001 0.032395 -0.0105 -0.005000001 0.032395 -0.0185 -0.005000001 0.0324369 -0.0185 -0.005000001 -0.027094 -0.01275 -0.012 -0.0273324 -0.0124393 -0.012 0.032395 -0.0105 -0.012 -0.0287812 -0.0120511 -0.012 -0.029143 -0.012201 -0.012 -0.032395 -0.0105 -0.012 -0.0294537 -0.0124393 -0.012 -0.0296921 -0.01275 -0.012 0.029893 -0.0135 -0.012 0.0298419 -0.0131118 -0.012 0.0296921 -0.01275 -0.012 0.0294537 -0.0124393 -0.012 0.029143 -0.012201 -0.012 0.0287812 -0.0120511 -0.012 0.028393 -0.012 -0.012 -0.027643 -0.012201 -0.012 -0.0280048 -0.0120511 -0.012 -0.028393 -0.012 -0.012 -0.0298419 -0.0131118 -0.012 -0.029893 -0.0135 -0.012 -0.032395 -0.0185 -0.012 -0.0298419 -0.0138882 -0.012 -0.0296921 -0.01425 -0.012 -0.0294537 -0.0145607 -0.012 -0.029143 -0.014799 -0.012 -0.0287812 -0.0149489 -0.012 0.0273324 -0.0124393 -0.012 0.027094 -0.01275 -0.012 -0.026893 -0.0135 -0.012 -0.028393 -0.015 -0.012 -0.0280048 -0.0149489 -0.012 0.0324369 -0.0185 -0.012 -0.027643 -0.014799 -0.012 -0.0273324 -0.0145607 -0.012 0.027643 -0.012201 -0.012 0.0269441 -0.0138882 -0.012 0.027094 -0.01425 -0.012 0.028393 -0.015 -0.012 0.0287812 -0.0149489 -0.012 0.0298419 -0.0138882 -0.012 0.0296921 -0.01425 -0.012 -0.0269441 -0.0131118 -0.012 0.0280048 -0.0120511 -0.012 0.029143 -0.014799 -0.012 0.0294537 -0.0145607 -0.012 -0.027094 -0.01425 -0.012 -0.0269441 -0.0138882 -0.012 0.026893 -0.0135 -0.012 0.0269441 -0.0131118 -0.012 0.0273324 -0.0145607 -0.012 0.027643 -0.014799 -0.012 0.0280048 -0.0149489 -0.012 0.0296921 0.01425 -0.012 0.0294537 0.0145607 -0.012 0.0324369 0.0185 -0.012 0.029143 0.014799 -0.012 0.0287812 0.0149489 -0.012 -0.0287812 0.0149489 -0.012 -0.029143 0.014799 -0.012 -0.032395 0.0185 -0.012 -0.0294537 0.0145607 -0.012 -0.032395 0.0105 -0.012 -0.0298419 0.0131118 -0.012 -0.0296921 0.01275 -0.012 -0.0273324 0.0145607 -0.012 -0.027094 0.01425 -0.012 -0.0269441 0.0138882 -0.012 -0.027643 0.014799 -0.012 -0.0280048 0.0149489 -0.012 -0.028393 0.015 -0.012 -0.0294537 0.0124393 -0.012 -0.029143 0.012201 -0.012 -0.0287812 0.0120511 -0.012 -0.028393 0.012 -0.012 -0.0280048 0.0120511 -0.012 0.032395 0.0105 -0.012 -0.027643 0.012201 -0.012 -0.0273324 0.0124393 -0.012 -0.027094 0.01275 -0.012 0.0273324 0.0124393 -0.012 -0.0269441 0.0131118 -0.012 0.027094 0.01275 -0.012 0.0296921 0.01275 -0.012 0.0298419 0.0131118 -0.012 0.029893 0.0135 -0.012 0.0298419 0.0138882 -0.012 0.028393 0.015 -0.012 0.0280048 0.0149489 -0.012 0.027643 0.014799 -0.012 0.0273324 0.0145607 -0.012 -0.0296921 0.01425 -0.012 -0.0298419 0.0138882 -0.012 -0.029893 0.0135 -0.012 0.027094 0.01425 -0.012 0.0269441 0.0138882 -0.012 -0.026893 0.0135 -0.012 0.026893 0.0135 -0.012 0.0269441 0.0131118 -0.012 0.027643 0.012201 -0.012 0.0280048 0.0120511 -0.012 0.028393 0.012 -0.012 0.0287812 0.0120511 -0.012 0.029143 0.012201 -0.012 0.0294537 0.0124393 -0.012 0.032395 0.0105 -0.005000001 0.0324369 0.0185 -0.005000001 0.032395 0.0185 -0.005000001 0.025143 -0.0135 -0.004000001 0.025143 -0.0135 -1.09916e-09 0.0252538 -0.0143412 -0.004000001 0.0252538 -0.0143412 -1.09916e-09 0.0255784 -0.015125 -0.004000001 0.0255784 -0.015125 -1.09916e-09 0.0260949 -0.0157981 -0.004000001 0.0260949 -0.0157981 -1.09916e-09 0.026768 -0.0163146 -0.004000001 0.026768 -0.0163146 -1.09916e-09 0.0275519 -0.0166393 -0.004000001 0.0275519 -0.0166393 -1.09916e-09 0.028393 -0.01675 -0.004000001 0.028393 -0.01675 -1.09916e-09 0.0292342 -0.0166393 -0.004000001 0.0292342 -0.0166393 -1.09916e-09 0.030018 -0.0163146 -0.004000001 0.030018 -0.0163146 -1.09916e-09 0.0306911 -0.0157981 -0.004000001 0.0306911 -0.0157981 -1.09916e-09 0.0312076 -0.015125 -0.004000001 0.0312076 -0.015125 -1.09916e-09 0.0315323 -0.0143412 -0.004000001 0.0315323 -0.0143412 -1.09916e-09 0.031643 -0.0135 -0.004000001 0.031643 -0.0135 -1.09916e-09 0.0315323 -0.0126588 -0.004000001 0.0315323 -0.0126588 -1.09916e-09 0.0312076 -0.011875 -0.004000001 0.0312076 -0.011875 -1.09916e-09 0.0306911 -0.0112019 -0.004000001 0.0306911 -0.0112019 -1.09916e-09 0.030018 -0.0106854 -0.004000001 0.030018 -0.0106854 -1.09916e-09 0.0292342 -0.0103607 -0.004000001 0.0292342 -0.0103607 -1.09916e-09 0.028393 -0.01025 -0.004000001 0.028393 -0.01025 -1.09916e-09 0.0275519 -0.0103607 -0.004000001 0.0275519 -0.0103607 -1.09916e-09 0.026768 -0.0106854 -0.004000001 0.026768 -0.0106854 -1.09916e-09 0.0260949 -0.0112019 -0.004000001 0.0260949 -0.0112019 -1.09916e-09 0.0255784 -0.011875 -0.004000001 0.0255784 -0.011875 -1.09916e-09 0.0252538 -0.0126588 -0.004000001 0.0252538 -0.0126588 -1.09916e-09 -0.029143 -0.014799 -0.004000001 -0.030018 -0.0163146 -0.004000001 -0.0287812 -0.0149489 -0.004000001 -0.0292342 -0.0166393 -0.004000001 -0.028393 -0.015 -0.004000001 -0.028393 -0.01675 -0.004000001 -0.0280048 -0.0149489 -0.004000001 -0.0275519 -0.0166393 -0.004000001 -0.027643 -0.014799 -0.004000001 -0.026768 -0.0163146 -0.004000001 -0.0273324 -0.0145607 -0.004000001 -0.0260949 -0.0157981 -0.004000001 -0.027094 -0.01425 -0.004000001 -0.0255784 -0.015125 -0.004000001 -0.0269441 -0.0138882 -0.004000001 -0.0252538 -0.0143412 -0.004000001 -0.026893 -0.0135 -0.004000001 -0.025143 -0.0135 -0.004000001 -0.0269441 -0.0131118 -0.004000001 -0.0252538 -0.0126588 -0.004000001 -0.027094 -0.01275 -0.004000001 -0.0255784 -0.011875 -0.004000001 -0.0273324 -0.0124393 -0.004000001 -0.0260949 -0.0112019 -0.004000001 -0.027643 -0.012201 -0.004000001 -0.026768 -0.0106854 -0.004000001 -0.0280048 -0.0120511 -0.004000001 -0.0275519 -0.0103607 -0.004000001 -0.028393 -0.012 -0.004000001 -0.028393 -0.01025 -0.004000001 -0.0287812 -0.0120511 -0.004000001 -0.0292342 -0.0103607 -0.004000001 -0.029143 -0.012201 -0.004000001 -0.030018 -0.0106854 -0.004000001 -0.0294537 -0.0124393 -0.004000001 -0.0306911 -0.0112019 -0.004000001 -0.0296921 -0.01275 -0.004000001 -0.0312076 -0.011875 -0.004000001 -0.0298419 -0.0131118 -0.004000001 -0.0315323 -0.0126588 -0.004000001 -0.029893 -0.0135 -0.004000001 -0.031643 -0.0135 -0.004000001 -0.0298419 -0.0138882 -0.004000001 -0.0315323 -0.0143412 -0.004000001 -0.0296921 -0.01425 -0.004000001 -0.0312076 -0.015125 -0.004000001 -0.0294537 -0.0145607 -0.004000001 -0.0306911 -0.0157981 -0.004000001 0.027643 -0.014799 -0.004000001 0.026768 -0.0163146 -0.004000001 0.0280048 -0.0149489 -0.004000001 0.0275519 -0.0166393 -0.004000001 0.028393 -0.015 -0.004000001 0.028393 -0.01675 -0.004000001 0.0287812 -0.0149489 -0.004000001 0.0292342 -0.0166393 -0.004000001 0.029143 -0.014799 -0.004000001 0.030018 -0.0163146 -0.004000001 0.0294537 -0.0145607 -0.004000001 0.0306911 -0.0157981 -0.004000001 0.0296921 -0.01425 -0.004000001 0.0312076 -0.015125 -0.004000001 0.0298419 -0.0138882 -0.004000001 0.0315323 -0.0143412 -0.004000001 0.029893 -0.0135 -0.004000001 0.031643 -0.0135 -0.004000001 0.0298419 -0.0131118 -0.004000001 0.0315323 -0.0126588 -0.004000001 0.0296921 -0.01275 -0.004000001 0.0312076 -0.011875 -0.004000001 0.0294537 -0.0124393 -0.004000001 0.0306911 -0.0112019 -0.004000001 0.029143 -0.012201 -0.004000001 0.030018 -0.0106854 -0.004000001 0.0287812 -0.0120511 -0.004000001 0.0292342 -0.0103607 -0.004000001 0.028393 -0.012 -0.004000001 0.028393 -0.01025 -0.004000001 0.0280048 -0.0120511 -0.004000001 0.0275519 -0.0103607 -0.004000001 0.027643 -0.012201 -0.004000001 0.026768 -0.0106854 -0.004000001 0.0273324 -0.0124393 -0.004000001 0.0260949 -0.0112019 -0.004000001 0.027094 -0.01275 -0.004000001 0.0255784 -0.011875 -0.004000001 0.0269441 -0.0131118 -0.004000001 0.0252538 -0.0126588 -0.004000001 0.026893 -0.0135 -0.004000001 0.025143 -0.0135 -0.004000001 0.0269441 -0.0138882 -0.004000001 0.0252538 -0.0143412 -0.004000001 0.027094 -0.01425 -0.004000001 0.0255784 -0.015125 -0.004000001 0.0273324 -0.0145607 -0.004000001 0.0260949 -0.0157981 -0.004000001 -0.029143 0.012201 -0.004000001 -0.030018 0.0106854 -0.004000001 -0.0287812 0.0120511 -0.004000001 -0.0292342 0.0103607 -0.004000001 -0.028393 0.012 -0.004000001 -0.028393 0.01025 -0.004000001 -0.0280048 0.0120511 -0.004000001 -0.0275519 0.0103607 -0.004000001 -0.027643 0.012201 -0.004000001 -0.026768 0.0106854 -0.004000001 -0.0273324 0.0124393 -0.004000001 -0.0260949 0.0112019 -0.004000001 -0.027094 0.01275 -0.004000001 -0.0255784 0.011875 -0.004000001 -0.0269441 0.0131118 -0.004000001 -0.0252538 0.0126588 -0.004000001 -0.026893 0.0135 -0.004000001 -0.025143 0.0135 -0.004000001 -0.0269441 0.0138882 -0.004000001 -0.0252538 0.0143412 -0.004000001 -0.027094 0.01425 -0.004000001 -0.0255784 0.015125 -0.004000001 -0.0273324 0.0145607 -0.004000001 -0.0260949 0.0157981 -0.004000001 -0.027643 0.014799 -0.004000001 -0.026768 0.0163146 -0.004000001 -0.0280048 0.0149489 -0.004000001 -0.0275519 0.0166393 -0.004000001 -0.028393 0.015 -0.004000001 -0.028393 0.01675 -0.004000001 -0.0287812 0.0149489 -0.004000001 -0.0292342 0.0166393 -0.004000001 -0.029143 0.014799 -0.004000001 -0.030018 0.0163146 -0.004000001 -0.0294537 0.0145607 -0.004000001 -0.0306911 0.0157981 -0.004000001 -0.0296921 0.01425 -0.004000001 -0.0312076 0.015125 -0.004000001 -0.0298419 0.0138882 -0.004000001 -0.0315323 0.0143412 -0.004000001 -0.029893 0.0135 -0.004000001 -0.031643 0.0135 -0.004000001 -0.0298419 0.0131118 -0.004000001 -0.0315323 0.0126588 -0.004000001 -0.0296921 0.01275 -0.004000001 -0.0312076 0.011875 -0.004000001 -0.0294537 0.0124393 -0.004000001 -0.0306911 0.0112019 -0.004000001 -0.031643 0.0135 -0.004000001 -0.031643 0.0135 -1.09916e-09 -0.0315323 0.0126588 -0.004000001 -0.0315323 0.0126588 -1.09916e-09 -0.0312076 0.011875 -0.004000001 -0.0312076 0.011875 -1.09916e-09 -0.0306911 0.0112019 -0.004000001 -0.0306911 0.0112019 -1.09916e-09 -0.030018 0.0106854 -0.004000001 -0.030018 0.0106854 -1.09916e-09 -0.0292342 0.0103607 -0.004000001 -0.0292342 0.0103607 -1.09916e-09 -0.028393 0.01025 -0.004000001 -0.028393 0.01025 -1.09916e-09 -0.0275519 0.0103607 -0.004000001 -0.0275519 0.0103607 -1.09916e-09 -0.026768 0.0106854 -0.004000001 -0.026768 0.0106854 -1.09916e-09 -0.0260949 0.0112019 -0.004000001 -0.0260949 0.0112019 -1.09916e-09 -0.0255784 0.011875 -0.004000001 -0.0255784 0.011875 -1.09916e-09 -0.0252538 0.0126588 -0.004000001 -0.0252538 0.0126588 -1.09916e-09 -0.025143 0.0135 -0.004000001 -0.025143 0.0135 -1.09916e-09 -0.0252538 0.0143412 -0.004000001 -0.0252538 0.0143412 -1.09916e-09 -0.0255784 0.015125 -0.004000001 -0.0255784 0.015125 -1.09916e-09 -0.0260949 0.0157981 -0.004000001 -0.0260949 0.0157981 -1.09916e-09 -0.026768 0.0163146 -0.004000001 -0.026768 0.0163146 -1.09916e-09 -0.0275519 0.0166393 -0.004000001 -0.0275519 0.0166393 -1.09916e-09 -0.028393 0.01675 -0.004000001 -0.028393 0.01675 -1.09916e-09 -0.0292342 0.0166393 -0.004000001 -0.0292342 0.0166393 -1.09916e-09 -0.030018 0.0163146 -0.004000001 -0.030018 0.0163146 -1.09916e-09 -0.0306911 0.0157981 -0.004000001 -0.0306911 0.0157981 -1.09916e-09 -0.0312076 0.015125 -0.004000001 -0.0312076 0.015125 -1.09916e-09 -0.0315323 0.0143412 -0.004000001 -0.0315323 0.0143412 -1.09916e-09 0.027643 0.012201 -0.004000001 0.026768 0.0106854 -0.004000001 0.0280048 0.0120511 -0.004000001 0.0275519 0.0103607 -0.004000001 0.028393 0.012 -0.004000001 0.028393 0.01025 -0.004000001 0.0287812 0.0120511 -0.004000001 0.0292342 0.0103607 -0.004000001 0.029143 0.012201 -0.004000001 0.030018 0.0106854 -0.004000001 0.0294537 0.0124393 -0.004000001 0.0306911 0.0112019 -0.004000001 0.0296921 0.01275 -0.004000001 0.0312076 0.011875 -0.004000001 0.0298419 0.0131118 -0.004000001 0.0315323 0.0126588 -0.004000001 0.029893 0.0135 -0.004000001 0.031643 0.0135 -0.004000001 0.0298419 0.0138882 -0.004000001 0.0315323 0.0143412 -0.004000001 0.0296921 0.01425 -0.004000001 0.0312076 0.015125 -0.004000001 0.0294537 0.0145607 -0.004000001 0.0306911 0.0157981 -0.004000001 0.029143 0.014799 -0.004000001 0.030018 0.0163146 -0.004000001 0.0287812 0.0149489 -0.004000001 0.0292342 0.0166393 -0.004000001 0.028393 0.015 -0.004000001 0.028393 0.01675 -0.004000001 0.0280048 0.0149489 -0.004000001 0.0275519 0.0166393 -0.004000001 0.027643 0.014799 -0.004000001 0.026768 0.0163146 -0.004000001 0.0273324 0.0145607 -0.004000001 0.0260949 0.0157981 -0.004000001 0.027094 0.01425 -0.004000001 0.0255784 0.015125 -0.004000001 0.0269441 0.0138882 -0.004000001 0.0252538 0.0143412 -0.004000001 0.026893 0.0135 -0.004000001 0.025143 0.0135 -0.004000001 0.0269441 0.0131118 -0.004000001 0.0252538 0.0126588 -0.004000001 0.027094 0.01275 -0.004000001 0.0255784 0.011875 -0.004000001 0.0273324 0.0124393 -0.004000001 0.0260949 0.0112019 -0.004000001 0.025143 0.0135 -0.004000001 0.025143 0.0135 -1.09916e-09 0.0252538 0.0126588 -0.004000001 0.0252538 0.0126588 -1.09916e-09 0.0255784 0.011875 -0.004000001 0.0255784 0.011875 -1.09916e-09 0.0260949 0.0112019 -0.004000001 0.0260949 0.0112019 -1.09916e-09 0.026768 0.0106854 -0.004000001 0.026768 0.0106854 -1.09916e-09 0.0275519 0.0103607 -0.004000001 0.0275519 0.0103607 -1.09916e-09 0.028393 0.01025 -0.004000001 0.028393 0.01025 -1.09916e-09 0.0292342 0.0103607 -0.004000001 0.0292342 0.0103607 -1.09916e-09 0.030018 0.0106854 -0.004000001 0.030018 0.0106854 -1.09916e-09 0.0306911 0.0112019 -0.004000001 0.0306911 0.0112019 -1.09916e-09 0.0312076 0.011875 -0.004000001 0.0312076 0.011875 -1.09916e-09 0.0315323 0.0126588 -0.004000001 0.0315323 0.0126588 -1.09916e-09 0.031643 0.0135 -0.004000001 0.031643 0.0135 -1.09916e-09 0.0315323 0.0143412 -0.004000001 0.0315323 0.0143412 -1.09916e-09 0.0312076 0.015125 -0.004000001 0.0312076 0.015125 -1.09916e-09 0.0306911 0.0157981 -0.004000001 0.0306911 0.0157981 -1.09916e-09 0.030018 0.0163146 -0.004000001 0.030018 0.0163146 -1.09916e-09 0.0292342 0.0166393 -0.004000001 0.0292342 0.0166393 -1.09916e-09 0.028393 0.01675 -0.004000001 0.028393 0.01675 -1.09916e-09 0.0275519 0.0166393 -0.004000001 0.0275519 0.0166393 -1.09916e-09 0.026768 0.0163146 -0.004000001 0.026768 0.0163146 -1.09916e-09 0.0260949 0.0157981 -0.004000001 0.0260949 0.0157981 -1.09916e-09 0.0255784 0.015125 -0.004000001 0.0255784 0.015125 -1.09916e-09 0.0252538 0.0143412 -0.004000001 0.0252538 0.0143412 -1.09916e-09 -0.031643 -0.0135 -0.004000001 -0.031643 -0.0135 -1.09916e-09 -0.0315323 -0.0143412 -0.004000001 -0.0315323 -0.0143412 -1.09916e-09 -0.0312076 -0.015125 -0.004000001 -0.0312076 -0.015125 -1.09916e-09 -0.0306911 -0.0157981 -0.004000001 -0.0306911 -0.0157981 -1.09916e-09 -0.030018 -0.0163146 -0.004000001 -0.030018 -0.0163146 -1.09916e-09 -0.0292342 -0.0166393 -0.004000001 -0.0292342 -0.0166393 -1.09916e-09 -0.028393 -0.01675 -0.004000001 -0.028393 -0.01675 -1.09916e-09 -0.0275519 -0.0166393 -0.004000001 -0.0275519 -0.0166393 -1.09916e-09 -0.026768 -0.0163146 -0.004000001 -0.026768 -0.0163146 -1.09916e-09 -0.0260949 -0.0157981 -0.004000001 -0.0260949 -0.0157981 -1.09916e-09 -0.0255784 -0.015125 -0.004000001 -0.0255784 -0.015125 -1.09916e-09 -0.0252538 -0.0143412 -0.004000001 -0.0252538 -0.0143412 -1.09916e-09 -0.025143 -0.0135 -0.004000001 -0.025143 -0.0135 -1.09916e-09 -0.0252538 -0.0126588 -0.004000001 -0.0252538 -0.0126588 -1.09916e-09 -0.0255784 -0.011875 -0.004000001 -0.0255784 -0.011875 -1.09916e-09 -0.0260949 -0.0112019 -0.004000001 -0.0260949 -0.0112019 -1.09916e-09 -0.026768 -0.0106854 -0.004000001 -0.026768 -0.0106854 -1.09916e-09 -0.0275519 -0.0103607 -0.004000001 -0.0275519 -0.0103607 -1.09916e-09 -0.028393 -0.01025 -0.004000001 -0.028393 -0.01025 -1.09916e-09 -0.0292342 -0.0103607 -0.004000001 -0.0292342 -0.0103607 -1.09916e-09 -0.030018 -0.0106854 -0.004000001 -0.030018 -0.0106854 -1.09916e-09 -0.0306911 -0.0112019 -0.004000001 -0.0306911 -0.0112019 -1.09916e-09 -0.0312076 -0.011875 -0.004000001 -0.0312076 -0.011875 -1.09916e-09 -0.0315323 -0.0126588 -0.004000001 -0.0315323 -0.0126588 -1.09916e-09 0.01635 -0.024 -0.005000001 0.01635 -0.024 -1.09916e-09 0.0164062 -0.0244271 -0.005000001 0.0164062 -0.0244271 -1.09916e-09 0.0165711 -0.024825 -0.005000001 0.0165711 -0.024825 -1.09916e-09 0.0168333 -0.0251667 -0.005000001 0.0168333 -0.0251667 -1.09916e-09 0.017175 -0.0254289 -0.005000001 0.017175 -0.0254289 -1.09916e-09 0.0175729 -0.0255938 -0.005000001 0.0175729 -0.0255938 -1.09916e-09 0.018 -0.02565 -0.005000001 0.018 -0.02565 -1.09916e-09 0.0184271 -0.0255938 -0.005000001 0.0184271 -0.0255938 -1.09916e-09 0.018825 -0.0254289 -0.005000001 0.018825 -0.0254289 -1.09916e-09 0.0191667 -0.0251667 -0.005000001 0.0191667 -0.0251667 -1.09916e-09 0.0194289 -0.024825 -0.005000001 0.0194289 -0.024825 -1.09916e-09 0.0195938 -0.0244271 -0.005000001 0.0195938 -0.0244271 -1.09916e-09 0.01965 -0.024 -0.005000001 0.01965 -0.024 -1.09916e-09 0.0195938 -0.0235729 -0.005000001 0.0195938 -0.0235729 -1.09916e-09 0.0194289 -0.023175 -0.005000001 0.0194289 -0.023175 -1.09916e-09 0.0191667 -0.0228333 -0.005000001 0.0191667 -0.0228333 -1.09916e-09 0.018825 -0.0225711 -0.005000001 0.018825 -0.0225711 -1.09916e-09 0.0184271 -0.0224062 -0.005000001 0.0184271 -0.0224062 -1.09916e-09 0.018 -0.02235 -0.005000001 0.018 -0.02235 -1.09916e-09 0.0175729 -0.0224062 -0.005000001 0.0175729 -0.0224062 -1.09916e-09 0.017175 -0.0225711 -0.005000001 0.017175 -0.0225711 -1.09916e-09 0.0168333 -0.0228333 -0.005000001 0.0168333 -0.0228333 -1.09916e-09 0.0165711 -0.023175 -0.005000001 0.0165711 -0.023175 -1.09916e-09 0.0164062 -0.0235729 -0.005000001 0.0164062 -0.0235729 -1.09916e-09 -0.01965 -0.024 -0.005000001 -0.01965 -0.024 -1.09916e-09 -0.0195938 -0.0244271 -0.005000001 -0.0195938 -0.0244271 -1.09916e-09 -0.0194289 -0.024825 -0.005000001 -0.0194289 -0.024825 -1.09916e-09 -0.0191667 -0.0251667 -0.005000001 -0.0191667 -0.0251667 -1.09916e-09 -0.018825 -0.0254289 -0.005000001 -0.018825 -0.0254289 -1.09916e-09 -0.0184271 -0.0255938 -0.005000001 -0.0184271 -0.0255938 -1.09916e-09 -0.018 -0.02565 -0.005000001 -0.018 -0.02565 -1.09916e-09 -0.0175729 -0.0255938 -0.005000001 -0.0175729 -0.0255938 -1.09916e-09 -0.017175 -0.0254289 -0.005000001 -0.017175 -0.0254289 -1.09916e-09 -0.0168333 -0.0251667 -0.005000001 -0.0168333 -0.0251667 -1.09916e-09 -0.0165711 -0.024825 -0.005000001 -0.0165711 -0.024825 -1.09916e-09 -0.0164062 -0.0244271 -0.005000001 -0.0164062 -0.0244271 -1.09916e-09 -0.01635 -0.024 -0.005000001 -0.01635 -0.024 -1.09916e-09 -0.0164062 -0.0235729 -0.005000001 -0.0164062 -0.0235729 -1.09916e-09 -0.0165711 -0.023175 -0.005000001 -0.0165711 -0.023175 -1.09916e-09 -0.0168333 -0.0228333 -0.005000001 -0.0168333 -0.0228333 -1.09916e-09 -0.017175 -0.0225711 -0.005000001 -0.017175 -0.0225711 -1.09916e-09 -0.0175729 -0.0224062 -0.005000001 -0.0175729 -0.0224062 -1.09916e-09 -0.018 -0.02235 -0.005000001 -0.018 -0.02235 -1.09916e-09 -0.0184271 -0.0224062 -0.005000001 -0.0184271 -0.0224062 -1.09916e-09 -0.018825 -0.0225711 -0.005000001 -0.018825 -0.0225711 -1.09916e-09 -0.0191667 -0.0228333 -0.005000001 -0.0191667 -0.0228333 -1.09916e-09 -0.0194289 -0.023175 -0.005000001 -0.0194289 -0.023175 -1.09916e-09 -0.0195938 -0.0235729 -0.005000001 -0.0195938 -0.0235729 -1.09916e-09 -0.01965 0.024 -0.005000001 -0.01965 0.024 -1.09916e-09 -0.0195938 0.0235729 -0.005000001 -0.0195938 0.0235729 -1.09916e-09 -0.0194289 0.023175 -0.005000001 -0.0194289 0.023175 -1.09916e-09 -0.0191667 0.0228333 -0.005000001 -0.0191667 0.0228333 -1.09916e-09 -0.018825 0.0225711 -0.005000001 -0.018825 0.0225711 -1.09916e-09 -0.0184271 0.0224062 -0.005000001 -0.0184271 0.0224062 -1.09916e-09 -0.018 0.02235 -0.005000001 -0.018 0.02235 -1.09916e-09 -0.0175729 0.0224062 -0.005000001 -0.0175729 0.0224062 -1.09916e-09 -0.017175 0.0225711 -0.005000001 -0.017175 0.0225711 -1.09916e-09 -0.0168333 0.0228333 -0.005000001 -0.0168333 0.0228333 -1.09916e-09 -0.0165711 0.023175 -0.005000001 -0.0165711 0.023175 -1.09916e-09 -0.0164062 0.0235729 -0.005000001 -0.0164062 0.0235729 -1.09916e-09 -0.01635 0.024 -0.005000001 -0.01635 0.024 -1.09916e-09 -0.0164062 0.0244271 -0.005000001 -0.0164062 0.0244271 -1.09916e-09 -0.0165711 0.024825 -0.005000001 -0.0165711 0.024825 -1.09916e-09 -0.0168333 0.0251667 -0.005000001 -0.0168333 0.0251667 -1.09916e-09 -0.017175 0.0254289 -0.005000001 -0.017175 0.0254289 -1.09916e-09 -0.0175729 0.0255938 -0.005000001 -0.0175729 0.0255938 -1.09916e-09 -0.018 0.02565 -0.005000001 -0.018 0.02565 -1.09916e-09 -0.0184271 0.0255938 -0.005000001 -0.0184271 0.0255938 -1.09916e-09 -0.018825 0.0254289 -0.005000001 -0.018825 0.0254289 -1.09916e-09 -0.0191667 0.0251667 -0.005000001 -0.0191667 0.0251667 -1.09916e-09 -0.0194289 0.024825 -0.005000001 -0.0194289 0.024825 -1.09916e-09 -0.0195938 0.0244271 -0.005000001 -0.0195938 0.0244271 -1.09916e-09 0.01635 0.024 -0.005000001 0.01635 0.024 -1.09916e-09 0.0164062 0.0235729 -0.005000001 0.0164062 0.0235729 -1.09916e-09 0.0165711 0.023175 -0.005000001 0.0165711 0.023175 -1.09916e-09 0.0168333 0.0228333 -0.005000001 0.0168333 0.0228333 -1.09916e-09 0.017175 0.0225711 -0.005000001 0.017175 0.0225711 -1.09916e-09 0.0175729 0.0224062 -0.005000001 0.0175729 0.0224062 -1.09916e-09 0.018 0.02235 -0.005000001 0.018 0.02235 -1.09916e-09 0.0184271 0.0224062 -0.005000001 0.0184271 0.0224062 -1.09916e-09 0.018825 0.0225711 -0.005000001 0.018825 0.0225711 -1.09916e-09 0.0191667 0.0228333 -0.005000001 0.0191667 0.0228333 -1.09916e-09 0.0194289 0.023175 -0.005000001 0.0194289 0.023175 -1.09916e-09 0.0195938 0.0235729 -0.005000001 0.0195938 0.0235729 -1.09916e-09 0.01965 0.024 -0.005000001 0.01965 0.024 -1.09916e-09 0.0195938 0.0244271 -0.005000001 0.0195938 0.0244271 -1.09916e-09 0.0194289 0.024825 -0.005000001 0.0194289 0.024825 -1.09916e-09 0.0191667 0.0251667 -0.005000001 0.0191667 0.0251667 -1.09916e-09 0.018825 0.0254289 -0.005000001 0.018825 0.0254289 -1.09916e-09 0.0184271 0.0255938 -0.005000001 0.0184271 0.0255938 -1.09916e-09 0.018 0.02565 -0.005000001 0.018 0.02565 -1.09916e-09 0.0175729 0.0255938 -0.005000001 0.0175729 0.0255938 -1.09916e-09 0.017175 0.0254289 -0.005000001 0.017175 0.0254289 -1.09916e-09 0.0168333 0.0251667 -0.005000001 0.0168333 0.0251667 -1.09916e-09 0.0165711 0.024825 -0.005000001 0.0165711 0.024825 -1.09916e-09 0.0164062 0.0244271 -0.005000001 0.0164062 0.0244271 -1.09916e-09</float_array>
          <technique_common>
            <accessor count="1284" source="#verts-array-array" stride="3">
              <param type="float" name="X"/>
              <param type="float" name="Y"/>
              <param type="float" name="Z"/>
            </accessor>
          </technique_common>
        </source>
        <source id="normals-array">
          <float_array count="3852" id="normals-array-array">-1 -4.506783e-15 1.563635e-29 -1 -5.435763e-15 1.886849e-29 -0.9659474 0.2587387 -8.976802e-16 -0.9659474 0.2587387 -9.787419e-16 -0.8660665 0.4999287 -1.870223e-15 -0.8660665 0.4999287 -1.951286e-15 -0.7070351 0.7071784 -2.760208e-15 -0.7070351 0.7071784 -2.592064e-15 -0.4999432 0.8660582 -3.172881e-15 -0.4999432 0.8660582 -3.004743e-15 -0.2588526 0.9659168 -3.351197e-15 -0.2588526 0.9659168 -3.561289e-15 -5.088231e-15 1 -3.693038e-15 -5.106053e-15 1 -3.693038e-15 0.2588526 0.9659168 -3.561289e-15 0.2588526 0.9659168 -3.351197e-15 0.5000105 0.8660194 -3.004608e-15 0.5000105 0.8660194 -3.172729e-15 0.7070901 0.7071235 -2.59187e-15 0.7070901 0.7071235 -2.630998e-15 0.8660076 0.5000309 -1.863824e-15 0.8660076 0.5000309 -1.734831e-15 0.9659168 0.2588526 -8.980755e-16 0.9659168 0.2588526 -8.980755e-16 1 4.268411e-15 -1.478454e-29 1 3.377302e-15 -1.165034e-29 0.9659168 -0.2588526 8.980755e-16 0.9659168 -0.2588526 8.980755e-16 0.8660076 -0.5000309 1.734831e-15 0.8660076 -0.5000309 1.863824e-15 0.7070901 -0.7071235 2.630998e-15 0.7070901 -0.7071235 2.59187e-15 0.5000105 -0.8660194 3.172729e-15 0.5000105 -0.8660194 3.004608e-15 0.2588526 -0.9659168 3.351197e-15 0.2588526 -0.9659168 3.561289e-15 3.68919e-15 -1 3.693038e-15 3.68919e-15 -1 3.693038e-15 -0.2588526 -0.9659168 3.561289e-15 -0.2588526 -0.9659168 3.351197e-15 -0.4999432 -0.8660582 3.004743e-15 -0.4999432 -0.8660582 3.172881e-15 -0.7070351 -0.7071784 2.592064e-15 -0.7070351 -0.7071784 2.760208e-15 -0.8660665 -0.4999287 1.951286e-15 -0.8660665 -0.4999287 1.870223e-15 -0.9659474 -0.2587387 9.787419e-16 -0.9659474 -0.2587387 8.976802e-16 -1 1.623489e-15 -5.669847e-30 -1 6.861537e-16 -2.406049e-30 -0.9659168 0.2588526 -8.980755e-16 -0.9659168 0.2588526 -8.980755e-16 -0.8660076 0.5000309 -1.734831e-15 -0.8660076 0.5000309 -1.734831e-15 -0.7070901 0.7071235 -2.453327e-15 -0.7070901 0.7071235 -2.453327e-15 -0.5000105 0.8660194 -3.004608e-15 -0.5000105 0.8660194 -3.396132e-15 -0.2588526 0.9659168 -3.797466e-15 -0.2588526 0.9659168 -3.768814e-15 -8.519e-15 1 -3.889626e-15 0 1 -3.469447e-15 0.2588526 0.9659168 -3.351197e-15 0.2588526 0.9659168 -3.351197e-15 0.4999432 0.8660582 -3.004743e-15 0.4999432 0.8660582 -3.004743e-15 0.7070351 0.7071784 -2.453518e-15 0.7070351 0.7071784 -2.453518e-15 0.8660665 0.4999287 -1.734476e-15 0.8660665 0.4999287 -1.734476e-15 0.9659474 0.2587387 -8.976802e-16 0.9659474 0.2587387 -9.529893e-16 1 1.612907e-15 5.530947e-17 1 3.020859e-15 -5.530947e-17 0.9659474 -0.2587387 9.529893e-16 0.9659474 -0.2587387 8.976802e-16 0.8660665 -0.4999287 1.734476e-15 0.8660665 -0.4999287 1.734476e-15 0.7070351 -0.7071784 2.453518e-15 0.7070351 -0.7071784 2.453518e-15 0.4999432 -0.8660582 3.004743e-15 0.4999432 -0.8660582 3.004743e-15 0.2588526 -0.9659168 3.351197e-15 0.2588526 -0.9659168 3.351197e-15 8.759599e-15 -1 3.469447e-15 2.673326e-16 -1 3.889626e-15 -0.2588526 -0.9659168 3.768814e-15 -0.2588526 -0.9659168 3.797466e-15 -0.5000105 -0.8660194 3.396132e-15 -0.5000105 -0.8660194 3.004608e-15 -0.7070901 -0.7071235 2.453327e-15 -0.7070901 -0.7071235 2.453327e-15 -0.8660076 -0.5000309 1.734831e-15 -0.8660076 -0.5000309 1.734831e-15 -0.9659168 -0.2588526 8.980755e-16 -0.9659168 -0.2588526 8.980755e-16 -1 -2.763273e-15 9.556923e-30 -1 -3.698101e-15 1.282171e-29 -0.9659474 0.2587387 -8.976802e-16 -0.9659474 0.2587387 -8.976802e-16 -0.8660665 0.4999287 -1.734476e-15 -0.8660665 0.4999287 -1.734476e-15 -0.7070351 0.7071784 -2.453518e-15 -0.7070351 0.7071784 -2.453518e-15 -0.4999432 0.8660582 -3.004743e-15 -0.4999432 0.8660582 -3.004743e-15 -0.2588526 0.9659168 -3.351197e-15 -0.2588526 0.9659168 -3.351197e-15 -5.703096e-16 1 -3.469447e-15 -9.080398e-15 1 -3.889626e-15 0.2588526 0.9659168 -3.768814e-15 0.2588526 0.9659168 -3.797466e-15 0.5000105 0.8660194 -3.396132e-15 0.5000105 0.8660194 -3.004608e-15 0.7070901 0.7071235 -2.453327e-15 0.7070901 0.7071235 -2.453327e-15 0.8660076 0.5000309 -1.734831e-15 0.8660076 0.5000309 -1.734831e-15 0.9659168 0.2588526 -8.980755e-16 0.9659168 0.2588526 -8.980755e-16 1 5.970429e-15 -2.073635e-29 1 5.088231e-15 -1.763381e-29 0.9659168 -0.2588526 8.980755e-16 0.9659168 -0.2588526 8.980755e-16 0.8660076 -0.5000309 1.734831e-15 0.8660076 -0.5000309 1.734831e-15 0.7070901 -0.7071235 2.453327e-15 0.7070901 -0.7071235 2.453327e-15 0.5000105 -0.8660194 3.004608e-15 0.5000105 -0.8660194 3.396132e-15 0.2588526 -0.9659168 3.797466e-15 0.2588526 -0.9659168 3.768814e-15 -2.940659e-16 -1 3.889626e-15 8.216023e-15 -1 3.469447e-15 -0.2588526 -0.9659168 3.351197e-15 -0.2588526 -0.9659168 3.351197e-15 -0.4999432 -0.8660582 3.004743e-15 -0.4999432 -0.8660582 3.004743e-15 -0.7070351 -0.7071784 2.453518e-15 -0.7070351 -0.7071784 2.453518e-15 -0.8660665 -0.4999287 1.734476e-15 -0.8660665 -0.4999287 1.734476e-15 -0.9659474 -0.2587387 8.976802e-16 -0.9659474 -0.2587387 8.976802e-16 -1 -1.197427e-16 4.748781e-31 -1 -1.051508e-15 3.70405e-30 -0.9659168 0.2588526 -8.980755e-16 -0.9659168 0.2588526 -8.980755e-16 -0.8660076 0.5000309 -1.734831e-15 -0.8660076 0.5000309 -1.863824e-15 -0.7070901 0.7071235 -2.630998e-15 -0.7070901 0.7071235 -2.59187e-15 -0.5000105 0.8660194 -3.172729e-15 -0.5000105 0.8660194 -3.004608e-15 -0.2588526 0.9659168 -3.351197e-15 -0.2588526 0.9659168 -3.561289e-15 -4.517921e-15 1 -3.693038e-15 -4.535744e-15 1 -3.693038e-15 0.2588526 0.9659168 -3.561289e-15 0.2588526 0.9659168 -3.351197e-15 0.4999432 0.8660582 -3.004743e-15 0.4999432 0.8660582 -3.172881e-15 0.7070351 0.7071784 -2.592064e-15 0.7070351 0.7071784 -2.631211e-15 0.8660665 0.4999287 -1.863472e-15 0.8660665 0.4999287 -1.734476e-15 0.9659474 0.2587387 -8.976802e-16 0.9659474 0.2587387 -8.976802e-16 1 -1.247552e-16 4.432196e-31 1 -1.015864e-15 3.545757e-30 0.9659474 -0.2587387 8.976802e-16 0.9659474 -0.2587387 8.976802e-16 0.8660665 -0.4999287 1.734476e-15 0.8660665 -0.4999287 1.863472e-15 0.7070351 -0.7071784 2.631211e-15 0.7070351 -0.7071784 2.592064e-15 0.4999432 -0.8660582 3.172881e-15 0.4999432 -0.8660582 3.004743e-15 0.2588526 -0.9659168 3.351197e-15 0.2588526 -0.9659168 3.561289e-15 4.2595e-15 -1 3.693038e-15 4.2595e-15 -1 3.693038e-15 -0.2588526 -0.9659168 3.561289e-15 -0.2588526 -0.9659168 3.351197e-15 -0.5000105 -0.8660194 3.004608e-15 -0.5000105 -0.8660194 3.172729e-15 -0.7070901 -0.7071235 2.59187e-15 -0.7070901 -0.7071235 2.630998e-15 -0.8660076 -0.5000309 1.863824e-15 -0.8660076 -0.5000309 1.734831e-15 -0.9659168 -0.2588526 8.980755e-16 -0.9659168 -0.2588526 8.980755e-16 -8.997519e-30 3.241212e-15 1 -6.473635e-17 3.192734e-15 1 2.993864e-16 3.710438e-15 1 -2.525526e-17 3.402369e-15 1 -1.739705e-16 3.199636e-15 1 6.470342e-16 2.683107e-15 1 1.34267e-15 2.2999e-15 1 2.086693e-15 1.947495e-15 1 -5.968571e-15 -5.651446e-16 1 -4.188143e-15 4.200339e-15 1 -1.199522e-14 7.45227e-15 1 -3.853012e-15 7.653558e-16 1 2.210849e-15 5.638263e-15 1 4.760309e-15 6.796132e-15 1 9.49245e-17 2.227724e-15 1 2.94594e-16 6.220388e-16 1 1.381453e-17 3.371859e-15 1 -7.841412e-16 6.133639e-15 1 -1.508614e-15 1.072474e-14 1 -7.525748e-16 1.407128e-15 1 -3.803504e-16 1.900823e-15 1 2.713007e-16 2.904167e-15 1 7.933279e-16 2.14346e-16 1 -2.349551e-16 8.257988e-16 1 2.211281e-17 3.271334e-15 1 1.621677e-15 6.822517e-15 1 2.172127e-15 7.504785e-15 1 -8.462206e-16 9.092036e-16 1 -5.24523e-16 2.602529e-15 1 -1.469464e-15 4.102921e-15 1 -7.933279e-16 2.14346e-16 1 1.508614e-15 1.072474e-14 1 7.841412e-16 6.133639e-15 1 -2.94594e-16 6.220388e-16 1 -9.49245e-17 2.227724e-15 1 -2.713007e-16 2.904167e-15 1 3.910569e-17 3.424819e-15 1 3.803504e-16 1.900823e-15 1 7.525748e-16 1.407128e-15 1 -4.760309e-15 6.796132e-15 1 -2.424564e-16 2.398921e-15 1 -1.746477e-15 2.869103e-15 1 5.324333e-17 3.187357e-15 1 1.199522e-14 7.45227e-15 1 -2.210849e-15 5.638263e-15 1 3.853012e-15 7.653558e-16 1 8.462206e-16 9.092036e-16 1 -2.172127e-15 7.504785e-15 1 -2.777727e-15 7.372728e-15 1 -8.546377e-16 -2.146935e-17 1 -2.086693e-15 1.947495e-15 1 -1.34267e-15 2.2999e-15 1 -6.470342e-16 2.683107e-15 1 1.739705e-16 3.199636e-15 1 2.445798e-16 2.78252e-15 1 6.676552e-16 1.342172e-15 1 -5.294196e-30 3.241212e-15 1 -1.68486e-16 3.579062e-15 1 2.05461e-14 4.689108e-15 1 8.903127e-17 3.665991e-15 1 1.606192e-15 3.494664e-15 1 1.237362e-14 1.947081e-15 1 8.206831e-16 3.876653e-15 1 1.70956e-15 3.033369e-15 1 1.552779e-15 2.611647e-15 1 -3.497995e-15 4.252087e-15 1 -4.065104e-17 3.692489e-15 1 1.987127e-15 2.973518e-15 1 -1.176878e-15 3.858073e-15 1 1.088621e-15 4.771967e-15 1 -2.446375e-15 4.809874e-15 1 3.577978e-15 3.744224e-15 1 -3.568748e-15 3.149123e-15 1 4.716494e-15 3.814612e-15 1 -1.760181e-15 2.855346e-15 1 -8.194782e-16 3.098658e-15 1 -2.300898e-17 3.236854e-15 1 7.385711e-16 2.981154e-15 1 -1.04421e-14 5.645841e-15 1 -2.137226e-15 3.374841e-15 1 -5.421881e-15 1.022259e-15 1 -1.32012e-15 2.505682e-15 1 -4.00332e-16 4.391511e-15 1 -5.088618e-16 5.683662e-15 1 1.176878e-15 3.858073e-15 1 -1.088621e-15 4.771967e-15 1 1.32012e-15 2.505682e-15 1 5.421881e-15 1.022259e-15 1 2.137226e-15 3.374841e-15 1 5.0444e-17 3.693245e-15 1 1.04421e-14 5.645841e-15 1 -1.987127e-15 2.973518e-15 1 3.497995e-15 4.252087e-15 1 8.36741e-16 3.123757e-15 1 1.805871e-15 2.908728e-15 1 -5.571792e-17 3.698259e-15 1 -5.004663e-15 3.69046e-15 1 3.993382e-15 3.233106e-15 1 -1.552779e-15 2.611647e-15 1 -6.492486e-16 3.157294e-15 1 -1.100171e-16 3.423746e-15 1 -2.455269e-14 4.232878e-15 1 -8.008353e-16 3.520739e-15 1 -1.634753e-14 2.468964e-15 1 -4.490543e-15 3.880916e-15 1 2.894686e-15 4.723378e-15 1 -1.816038e-15 3.166191e-15 1 -8.595801e-16 3.945453e-15 1 -4.420926e-17 4.607374e-15 1 6.767904e-16 3.569129e-15 1 -2.663521e-15 4.012919e-15 1 -2.104145e-16 3.635202e-15 1 1.083852e-14 5.791559e-15 1 -3.577978e-15 3.744224e-15 1 -3.469657e-17 4.603634e-15 1 6.767904e-16 3.569129e-15 1 3.059435e-17 3.481835e-15 1 2.446375e-15 4.809874e-15 1 -1.70956e-15 3.033369e-15 1 -8.206831e-16 3.876653e-15 1 1.32012e-15 2.505682e-15 1 -1.088621e-15 4.771967e-15 1 1.176878e-15 3.858073e-15 1 -2.765118e-15 3.349383e-15 1 3.000789e-15 4.707369e-15 1 9.833738e-16 3.718389e-15 1 2.112218e-15 3.426416e-15 1 -4.120578e-15 4.343408e-15 1 4.602507e-15 3.630083e-15 1 1.768553e-14 2.631762e-15 1 -3.517304e-15 5.92587e-15 1 -9.569289e-16 4.237939e-15 1 -9.87925e-15 1.607125e-15 1 -1.863335e-15 3.133977e-15 1 -7.749647e-16 3.792996e-15 1 -1.448191e-16 4.118335e-15 1 -1.219827e-29 3.726772e-15 1 1.253436e-17 3.419907e-15 1 -1.73228e-17 3.460938e-15 1 -1.176878e-15 3.858073e-15 1 1.088621e-15 4.771967e-15 1 -1.32012e-15 2.505682e-15 1 1.816038e-15 3.166191e-15 1 -2.894686e-15 4.723378e-15 1 1.029268e-16 3.528359e-15 1 4.490543e-15 3.880916e-15 1 -4.066635e-16 4.388715e-15 1 -4.750848e-16 5.571588e-15 1 8.595801e-16 3.945453e-15 1 -2.077991e-14 3.038098e-15 1 7.737724e-15 3.965962e-15 1 -1.507476e-14 5.405e-15 1 2.765118e-15 3.349383e-15 1 -3.000789e-15 4.707369e-15 1 1.863335e-15 3.133977e-15 1 -5.095554e-15 3.742124e-15 1 4.385522e-15 4.236504e-15 1 -2.167045e-15 3.490474e-15 1 9.87925e-15 1.607125e-15 1 9.569289e-16 4.237939e-15 1 3.517304e-15 5.92587e-15 1 -1.004089e-15 3.748509e-15 1 -3.336218e-17 3.889475e-15 1 8.862854e-16 3.577385e-15 1 -9.778516e-30 3.522553e-15 1 6.823541e-17 3.479863e-15 1 -1.142309e-29 4.114985e-15 1 1.06621e-15 1.064553e-15 1 -7.155543e-15 7.77205e-15 1 4.202065e-15 6.107126e-15 1 3.884301e-15 6.852872e-15 1 -2.684893e-15 1.408004e-15 1 -8.19587e-16 5.84798e-15 1 -2.445454e-15 1.427534e-14 1 1.253884e-17 3.517694e-15 1 7.525748e-16 1.407128e-15 1 -7.64555e-16 3.982353e-15 1 2.687752e-16 2.007422e-15 1 -3.762083e-15 7.254638e-16 1 -3.401052e-16 1.630029e-15 1 -3.854726e-17 1.909159e-15 1 1.778665e-16 1.11216e-15 1 1.171895e-15 8.228921e-15 1 1.063026e-15 6.773628e-15 1 -3.384047e-16 3.784076e-16 1 -2.94594e-16 6.220388e-16 1 -9.49245e-17 2.227724e-15 1 -2.713007e-16 2.904167e-15 1 3.803504e-16 1.900823e-15 1 7.249507e-16 4.442068e-16 1 8.290474e-17 6.006988e-16 1 -8.546377e-16 -2.146935e-17 1 3.384047e-16 3.784076e-16 1 -1.063026e-15 6.773628e-15 1 -1.171895e-15 8.228921e-15 1 1.777261e-17 5.751609e-16 1 -7.870543e-16 2.100399e-16 1 -7.249507e-16 4.442068e-16 1 2.445454e-15 1.427534e-14 1 7.64555e-16 3.982353e-15 1 7.155543e-15 7.77205e-15 1 -3.803504e-16 1.900823e-15 1 2.713007e-16 2.904167e-15 1 9.49245e-17 2.227724e-15 1 2.94594e-16 6.220388e-16 1 3.401052e-16 1.630029e-15 1 -4.202065e-15 6.107126e-15 1 -6.359849e-17 3.497018e-15 1 -3.884301e-15 6.852872e-15 1 -1.06621e-15 1.064553e-15 1 -7.525748e-16 1.407128e-15 1 8.19587e-16 5.84798e-15 1 -9.295737e-17 1.85284e-15 1 -1.980804e-16 2.315717e-15 1 2.684893e-15 1.408004e-15 1 1.670778e-16 2.024658e-15 1 -5.968571e-15 -5.651446e-16 1 -5.767746e-30 3.522553e-15 1 -1.266288e-29 4.114985e-15 1 -1.287037e-29 4.114985e-15 1 -1.474944e-29 4.114985e-15 1 -5.934725e-30 4.114985e-15 1 0 3.241212e-15 1 0 3.395259e-15 1 0 3.726772e-15 1 0 3.417179e-15 1 0 3.522553e-15 1 0 4.114985e-15 1 -1.511138e-15 1 -2.889195e-15 0 1 -2.775558e-15 -2.964299e-15 1 -3.29046e-15 -2.775974e-15 1 -5.551115e-15 -3.050642e-15 1 -5.00186e-15 -2.903166e-15 1 -5.153126e-15 -3.425279e-15 1 -2.971251e-15 -3.594833e-15 1 -4.413031e-15 2.285864e-16 -6.337198e-15 -1 -9.353772e-17 -3.457529e-15 -1 3.62774e-16 -4.09216e-16 -1 3.232492e-16 -6.880776e-16 -1 -3.471085e-17 -3.509444e-15 -1 2.378051e-16 -5.904167e-15 -1 -2.378214e-16 -5.13124e-16 -1 -1.824491e-16 -1.21888e-15 -1 2.603227e-17 -3.328881e-15 -1 8.69218e-17 -3.570727e-15 -1 3.717459e-16 -2.22346e-15 -1 6.327028e-16 -1.299897e-15 -1 -1.153061e-15 -6.72255e-15 -1 -1.84702e-15 -9.575471e-15 -1 9.832865e-17 -2.811447e-15 -1 1.256679e-16 -3.406758e-15 -1 4.172536e-16 -3.976731e-15 -1 2.909364e-15 -7.733129e-15 -1 -9.980454e-16 -1.053393e-15 -1 4.085752e-16 -2.221629e-15 -1 7.628106e-16 -1.502324e-15 -1 -1.476206e-15 -3.783778e-16 -1 1.84702e-15 -9.575471e-15 -1 1.153061e-15 -6.72255e-15 -1 -6.327028e-16 -1.299897e-15 -1 -3.717459e-16 -2.22346e-15 -1 -1.177919e-16 -3.036208e-15 -1 -7.628106e-16 -1.502324e-15 -1 -4.085752e-16 -2.221629e-15 -1 -3.092564e-16 2.228623e-15 -1 -9.687194e-17 -7.213887e-17 -1 -3.122051e-16 -1.697972e-16 -1 7.297716e-16 -1.209642e-14 -1 1.476206e-15 -3.783778e-16 -1 -3.498024e-17 -1.180796e-15 -1 1.67862e-15 -6.180289e-15 -1 -2.286261e-16 5.079403e-16 -1 -2.80741e-17 -5.148969e-15 -1 3.430987e-16 -1.369114e-14 -1 -3.368494e-15 -6.975369e-15 -1 -1.660882e-15 6.386571e-17 -1 3.369878e-29 -1.006104e-14 -1 1.978894e-29 -6.035883e-15 -1 0 0 -1 0 0 -1 -1.078779e-16 -2.962784e-15 -1 -4.172536e-16 -3.976731e-15 -1 9.980454e-16 -1.053393e-15 -1 -2.909364e-15 -7.733129e-15 -1 0 0 -1 0 0 -1 3.297818e-29 -1.006104e-14 -1 1 3.186436e-15 5.180136e-16 1 3.241212e-15 -1.349425e-29 1 3.18333e-15 1.486972e-16 1 3.264041e-15 6.854486e-16 1 3.254112e-15 2.780614e-16 1 3.273153e-15 -1.334765e-29 1 3.254112e-15 -2.780614e-16 1 3.534584e-15 -6.71551e-16 1 3.459229e-15 -5.48184e-16 1 2.798304e-15 2.382003e-16 1 2.641633e-15 3.940026e-16 1 2.057493e-15 -5.710689e-30 3.294682e-15 -1 4.194492e-15 0 -1 4.163336e-15 1.888922e-15 -1 4.305383e-15 3.173091e-15 -1 3.569673e-15 3.216863e-15 -1 4.06549e-15 2.943541e-15 -1 3.913441e-15 3.314733e-15 -1 3.085981e-15 2.775974e-15 -1 4.163336e-15 -1 -3.298748e-15 5.505521e-16 -1 -4.114985e-15 2.284276e-29 -1 -3.629395e-15 -1.492444e-16 -1 -3.469447e-15 1.375664e-29 -1 -3.469447e-15 1.375664e-29 -1 -3.647214e-15 -1.309827e-15 -1 -3.445282e-15 -9.818017e-16 -1 -3.675713e-15 -1.653972e-15 -1 -3.544719e-15 -1.903531e-15 -1 -3.255116e-15 2.028575e-15 -1 -3.469447e-15 1.203706e-29 -1 -3.469447e-15 1.203706e-29 -1 -3.007221e-15 2.201278e-15 -1 -3.458649e-15 1.224965e-15 -1 -3.995045e-15 1.663272e-29 -1 -3.829278e-15 4.606656e-16 -1.290394e-15 -7.35975e-15 -1 -3.498024e-17 -1.180796e-15 -1 6.035649e-17 -3.562836e-15 -1 1.63417e-16 -6.245666e-15 -1 2.561927e-16 -2.921232e-16 -1 2.378214e-16 -5.13124e-16 -1 8.173924e-17 -3.426775e-15 -1 -4.172536e-16 -3.976731e-15 -1 -5.654259e-17 -3.475682e-15 -1 -9.832865e-17 -2.811447e-15 -1 4.102337e-16 -5.907461e-15 -1 1.760106e-15 -1.582704e-14 -1 4.085752e-16 -2.221629e-15 -1 -1.936977e-15 -6.761525e-15 -1 -3.600386e-15 -1.042881e-14 -1 -1.060825e-17 -3.501954e-15 -1 -2.603227e-17 -3.328881e-15 -1 1.824491e-16 -1.21888e-15 -1 1.290394e-15 -7.35975e-15 -1 1.569664e-15 -7.32197e-15 -1 -7.725888e-16 -8.441029e-16 -1 3.717459e-16 -2.22346e-15 -1 6.327028e-16 -1.299897e-15 -1 -1.888129e-15 -4.499632e-16 -1 -1.601309e-15 -9.23758e-16 -1 3.600386e-15 -1.042881e-14 -1 1.936977e-15 -6.761525e-15 -1 -4.085752e-16 -2.221629e-15 -1 -1.415942e-16 -2.656969e-15 -1 -6.327028e-16 -1.299897e-15 -1 -3.717459e-16 -2.22346e-15 -1 -3.092564e-16 2.228623e-15 -1 -9.579543e-17 -7.210197e-17 -1 -3.727183e-16 -2.349742e-16 -1 -5.168848e-16 -3.230836e-16 -1 1.601309e-15 -9.23758e-16 -1 1.982552e-16 -1.245043e-15 -1 -1.660882e-15 6.386571e-17 -1 -1.38889e-17 -4.530246e-15 -1 7.226727e-16 -2.055427e-14 -1 0 0 -1 3.370532e-29 -1.006104e-14 -1 2.042061e-29 -6.035883e-15 -1 0 0 -1 0 0 -1 -1.09487e-16 -3.581614e-15 -1 -7.894497e-16 -6.556342e-15 -1 7.725888e-16 -8.441029e-16 -1 -1.569664e-15 -7.32197e-15 -1 0 0 -1 0 0 -1 3.404199e-29 -1.006104e-14 -1 1.167796e-29 -3.634659e-15 -1 1.167796e-29 -3.634659e-15 -1 1.167796e-29 -3.634659e-15 -1 1.167796e-29 -3.634659e-15 -1 0.9999863 -0.005237428 2.07974e-17 0.9999863 -0.005237428 1.823373e-17 0.9999863 -0.005237428 1.863439e-17 0.9999863 -0.005237428 1.607072e-17 3.212947e-15 -1 3.965082e-15 3.212947e-15 -1 3.965082e-15 3.212947e-15 -1 3.965082e-15 3.212947e-15 -1 3.965082e-15 0 1 -2.973812e-15 -3.305256e-15 1 -2.993596e-15 -1.661676e-15 1 -3.017058e-15 -3.220138e-15 1 -3.898526e-15 -3.212947e-15 1 -3.965082e-15 3.266496e-15 -1 3.469447e-15 3.262685e-15 -1 3.504722e-15 1.613458e-15 -1 3.957091e-15 3.198635e-15 -1 3.984228e-15 0 -1 3.965082e-15 -3.212947e-15 1 -3.469447e-15 -3.212947e-15 1 -3.469447e-15 -3.212947e-15 1 -3.469447e-15 -3.212947e-15 1 -3.469447e-15 0.9999863 0.005237428 -2.07974e-17 0.9999863 0.005237428 -1.977193e-17 0.9999863 0.005237428 -1.993219e-17 0.9999863 0.005237428 -1.890673e-17 0 3.469447e-15 1 0 3.469447e-15 1 0 3.469447e-15 1 -1.138843e-16 -7.290163e-17 -1 -1.119868e-16 -1.290234e-16 -1 -2.175198e-16 -3.716605e-15 -1 5.66149e-16 -3.1545e-15 -1 1.05177e-15 -2.068511e-15 -1 2.896972e-16 -3.851898e-15 -1 1.399845e-15 -1.454922e-15 -1 1.755062e-15 -9.756169e-16 -1 -1.657748e-15 -3.243368e-15 -1 8.362643e-15 -1.083144e-14 -1 -1.755062e-15 -9.756169e-16 -1 -1.399845e-15 -1.454922e-15 -1 -1.05177e-15 -2.068511e-15 -1 -5.66149e-16 -3.1545e-15 -1 1.19894e-17 -4.518451e-15 -1 -1.088359e-16 -2.37862e-16 -1 -7.086182e-17 -4.11853e-15 -1 -7.38737e-16 -6.59688e-15 -1 -8.362643e-15 -1.083144e-14 -1 -3.289751e-15 -6.021943e-15 -1 -8.009503e-17 -3.350507e-15 -1 -4.053232e-15 -7.653153e-16 -1 -2.828984e-15 -1.466195e-15 -1 -2.048274e-15 -1.993552e-15 -1 -1.394929e-15 -2.524042e-15 -1 -6.891196e-16 -3.206738e-15 -1 -1.309434e-16 1.523209e-16 -1 -1.296946e-16 8.390621e-17 -1 1.754633e-16 -8.808485e-15 -1 3.478281e-16 -4.362799e-15 -1 1.258266e-16 -3.57659e-15 -1 5.949061e-17 -3.405672e-15 -1 2.037686e-16 -4.418776e-16 -1 1.518241e-16 -2.663881e-16 -1 -1.343133e-16 2.971662e-16 -1 0 0 -1 0 0 -1 -3.504593e-16 -4.370003e-15 -1 6.862165e-16 -3.201596e-15 -1 -6.582239e-16 -2.232479e-15 -1 2.803029e-15 -1.455067e-15 -1 8.956566e-17 -7.708597e-15 -1 -1.556082e-16 1.106807e-15 -1 1.387761e-15 -2.514629e-15 -1 2.034211e-15 -1.982415e-15 -1 0 0 -1 0 0 -1 2.882476e-29 -8.937267e-15 -1 -7.485548e-17 -7.493281e-15 -1 0 0 -1 -2.72708e-16 -3.386689e-15 -1 -2.915006e-15 -7.546221e-15 -1 -2.803029e-15 -1.455067e-15 -1 -2.034211e-15 -1.982415e-15 -1 -1.808471e-16 -3.724333e-15 -1 -1.387761e-15 -2.514629e-15 -1 -6.862165e-16 -3.201596e-15 -1 6.891196e-16 -3.206738e-15 -1 1.394929e-15 -2.524042e-15 -1 1.056694e-16 -3.427148e-15 -1 2.048274e-15 -1.993552e-15 -1 -1.308576e-16 -3.605099e-15 -1 -2.228654e-15 -4.781827e-16 -1 -1.755062e-15 -9.756169e-16 -1 -2.158961e-16 -2.472081e-16 -1 -2.22998e-16 -1.417682e-16 -1 -1.241513e-16 -7.682636e-15 -1 -2.037686e-16 -4.418776e-16 -1 -1.258266e-16 -3.57659e-15 -1 -3.478281e-16 -4.362799e-15 -1 -1.399845e-15 -1.454922e-15 -1 -1.05177e-15 -2.068511e-15 -1 -5.66149e-16 -3.1545e-15 -1 7.38737e-16 -6.59688e-15 -1 7.086182e-17 -4.11853e-15 -1 -1.342189e-16 -3.057987e-15 -1 1.088359e-16 -2.37862e-16 -1 8.014872e-17 -1.388972e-16 -1 0 0 -1 0 0 -1 0 0 -1 0 0 -1 1.755062e-15 -9.756169e-16 -1 2.228654e-15 -4.781827e-16 -1 3.565451e-15 -4.747649e-15 -1 1.48967e-14 -1.139137e-14 -1 3.504593e-16 -4.370003e-15 -1 1.549459e-16 -3.67256e-15 -1 0 0 -1 0 0 -1 2.828984e-15 -1.466195e-15 -1 3.686445e-15 -5.514178e-15 -1 1.61972e-14 -1.582143e-14 -1 0 0 -1 2.43895e-29 -7.562163e-15 -1 2.877033e-29 -8.937267e-15 -1 2.882476e-29 -8.937267e-15 -1 0 0 -1 0 0 -1 -8.398679e-17 -4.204189e-15 -1 -7.38737e-16 -6.59688e-15 -1 5.66149e-16 -3.1545e-15 -1 1.05177e-15 -2.068511e-15 -1 1.399845e-15 -1.454922e-15 -1 0 3.469447e-15 1 0 3.469447e-15 1 0 3.469447e-15 1 1 1.983852e-15 -6.826447e-30 1 2.076306e-15 -7.154908e-30 0.9659262 0.2588176 -8.97954e-16 0.9659262 0.2588176 -8.97954e-16 0.866039 0.4999764 -1.734641e-15 0.866039 0.4999764 -1.9655e-15 0.7071068 0.7071068 -2.83573e-15 0.7071068 0.7071068 -2.765735e-15 0.500004 0.8660231 -3.305474e-15 0.500004 0.8660231 -3.004621e-15 0.2587994 0.9659311 -3.351247e-15 0.2587994 0.9659311 -3.351247e-15 7.689766e-06 1 -3.469447e-15 7.689766e-06 1 -3.845421e-15 -0.2588138 0.9659272 -3.813063e-15 -0.2588138 0.9659272 -3.83869e-15 -0.5000235 0.8660118 -3.354931e-15 -0.5000235 0.8660118 -3.004582e-15 -0.7071068 0.7071068 -2.453269e-15 -0.7071068 0.7071068 -2.453269e-15 -0.8660118 0.5000235 -1.734805e-15 -0.8660118 0.5000235 -1.879942e-15 -0.9659272 0.2588138 -9.772878e-16 -0.9659272 0.2588138 -1.072948e-15 -1 -4.615922e-15 -4.947731e-17 -1 -4.009971e-15 4.947731e-17 -0.9659272 -0.2588138 1.072948e-15 -0.9659272 -0.2588138 9.772878e-16 -0.8660118 -0.5000235 1.879942e-15 -0.8660118 -0.5000235 1.734805e-15 -0.7071068 -0.7071068 2.453269e-15 -0.7071068 -0.7071068 2.453269e-15 -0.5000235 -0.8660118 3.004582e-15 -0.5000235 -0.8660118 3.354931e-15 -0.2588138 -0.9659272 3.83869e-15 -0.2588138 -0.9659272 3.813063e-15 7.689766e-06 -1 3.845421e-15 7.689766e-06 -1 3.469447e-15 0.2587994 -0.9659311 3.351247e-15 0.2587994 -0.9659311 3.351247e-15 0.500004 -0.8660231 3.004621e-15 0.500004 -0.8660231 3.305474e-15 0.7071068 -0.7071068 2.765735e-15 0.7071068 -0.7071068 2.83573e-15 0.866039 -0.4999764 1.9655e-15 0.866039 -0.4999764 1.734641e-15 0.9659262 -0.2588176 8.97954e-16 0.9659262 -0.2588176 8.97954e-16 1.982457e-15 3.433971e-15 1 1.982587e-15 3.433729e-15 1 1.026309e-15 3.829816e-15 1 1.026213e-15 3.829888e-15 1 -2.279636e-20 3.965058e-15 1 -3.304574e-20 3.965075e-15 1 -1.026372e-15 3.829906e-15 1 -1.026161e-15 3.829913e-15 1 -1.982518e-15 3.433823e-15 1 -1.982495e-15 3.433796e-15 1 -2.803621e-15 2.803717e-15 1 3.069749e-16 4.811235e-15 1 -5.699177e-16 1.873359e-15 1 2.062234e-15 3.572026e-15 1 0 0 1 0 0 1 -3.5437e-29 8.937267e-15 1 -9.102375e-16 4.714112e-15 1 -2.974641e-16 7.557212e-15 1 -1.067615e-15 3.98364e-15 1 0 0 1 -1.133859e-15 3.524347e-15 1 8.467367e-16 2.738248e-15 1 -1.12749e-16 5.720357e-15 1 1.982607e-15 3.433759e-15 1 1.982534e-15 3.43378e-15 1 1.026307e-15 3.829844e-15 1 1.026155e-15 3.829958e-15 1 -1.27371e-20 3.965069e-15 1 1.9617e-20 3.965069e-15 1 -1.02633e-15 3.829868e-15 1 -1.026208e-15 3.829858e-15 1 -1.982235e-15 3.43395e-15 1 -1.982564e-15 3.433825e-15 1 -2.803502e-15 2.80391e-15 1 3.068967e-16 4.811173e-15 1 -5.698411e-16 1.873252e-15 1 2.062292e-15 3.571889e-15 1 2.313593e-15 8.633328e-15 1 3.410703e-16 4.788959e-15 1 1.668883e-15 7.376661e-15 1 -8.176797e-30 4.124402e-15 1 0 0 1 0 0 1 0 0 1 -1.133883e-15 3.524221e-15 1 8.465658e-16 2.738552e-15 1 -1.127647e-16 5.72028e-15 1 1.982607e-15 3.433759e-15 1 1.982534e-15 3.43378e-15 1 1.026307e-15 3.829844e-15 1 1.026155e-15 3.829958e-15 1 -1.27371e-20 3.965069e-15 1 1.9617e-20 3.965069e-15 1 -1.02633e-15 3.829868e-15 1 -1.026208e-15 3.829858e-15 1 -1.982235e-15 3.43395e-15 1 -1.982564e-15 3.433825e-15 1 -2.803502e-15 2.80391e-15 1 3.068967e-16 4.811173e-15 1 -5.698411e-16 1.873252e-15 1 2.062292e-15 3.571889e-15 1 0 0 1 0 0 1 -3.5437e-29 8.937267e-15 1 -9.102263e-16 4.714164e-15 1 -2.974676e-16 7.557738e-15 1 -1.067594e-15 3.983801e-15 1 0 0 1 -1.133883e-15 3.524221e-15 1 8.465658e-16 2.738552e-15 1 -1.127647e-16 5.72028e-15 1 1.982457e-15 3.433971e-15 1 1.982587e-15 3.433729e-15 1 1.026309e-15 3.829816e-15 1 1.026213e-15 3.829888e-15 1 -2.279636e-20 3.965058e-15 1 -3.304574e-20 3.965075e-15 1 -1.026372e-15 3.829906e-15 1 -1.026161e-15 3.829913e-15 1 -1.982518e-15 3.433823e-15 1 -1.982495e-15 3.433796e-15 1 -2.803621e-15 2.803717e-15 1 3.069749e-16 4.811235e-15 1 -5.699177e-16 1.873359e-15 1 2.062234e-15 3.572026e-15 1 2.313585e-15 8.632787e-15 1 3.410791e-16 4.788905e-15 1 1.668945e-15 7.376583e-15 1 -8.176797e-30 4.124402e-15 1 0 0 1 0 0 1 0 0 1 -1.133859e-15 3.524347e-15 1 8.467367e-16 2.738248e-15 1 -1.12749e-16 5.720357e-15 1 1.982457e-15 3.433971e-15 1 1.982587e-15 3.433729e-15 1 1.026309e-15 3.829816e-15 1 1.026213e-15 3.829888e-15 1 -2.279636e-20 3.965058e-15 1 -3.304574e-20 3.965075e-15 1 -1.026372e-15 3.829906e-15 1 -1.026161e-15 3.829913e-15 1 -1.982518e-15 3.433823e-15 1 -1.982495e-15 3.433796e-15 1 -2.803621e-15 2.803717e-15 1 3.069749e-16 4.811235e-15 1 -5.699177e-16 1.873359e-15 1 2.062234e-15 3.572026e-15 1 0 0 1 0 0 1 -3.5437e-29 8.937267e-15 1 -9.102375e-16 4.714112e-15 1 -2.974641e-16 7.557212e-15 1 -1.067615e-15 3.98364e-15 1 0 0 1 -1.133859e-15 3.524347e-15 1 8.467367e-16 2.738248e-15 1 -1.12749e-16 5.720357e-15 1 1.982607e-15 3.433759e-15 1 1.982534e-15 3.43378e-15 1 1.026307e-15 3.829844e-15 1 1.026155e-15 3.829958e-15 1 -1.27371e-20 3.965069e-15 1 1.9617e-20 3.965069e-15 1 -1.02633e-15 3.829868e-15 1 -1.026208e-15 3.829858e-15 1 -1.982235e-15 3.43395e-15 1 -1.982564e-15 3.433825e-15 1 -2.803502e-15 2.80391e-15 1 3.068967e-16 4.811173e-15 1 -5.698411e-16 1.873252e-15 1 2.062292e-15 3.571889e-15 1 2.313593e-15 8.633328e-15 1 3.410703e-16 4.788959e-15 1 1.668883e-15 7.376661e-15 1 -1.635359e-29 4.124402e-15 1 0 0 1 0 0 1 0 0 1 -1.133883e-15 3.524221e-15 1 8.465658e-16 2.738552e-15 1 -1.127647e-16 5.72028e-15 1 1 -4.566911e-17 1.820358e-31 1 4.455523e-17 -1.266336e-31 0.9659272 0.2588138 -8.979406e-16 0.9659272 0.2588138 -8.979406e-16 0.8660118 0.5000235 -1.734805e-15 0.8660118 0.5000235 -1.734805e-15 0.7071068 0.7071068 -2.453269e-15 0.7071068 0.7071068 -2.453269e-15 0.5000235 0.8660118 -3.004582e-15 0.5000235 0.8660118 -3.004582e-15 0.2588138 0.9659272 -3.351233e-15 0.2588138 0.9659272 -3.351233e-15 -7.689766e-06 1 -3.469447e-15 -7.689766e-06 1 -3.469447e-15 -0.2587994 0.9659311 -3.351247e-15 -0.2587994 0.9659311 -3.351247e-15 -0.500004 0.8660231 -3.004621e-15 -0.500004 0.8660231 -3.004621e-15 -0.7071068 0.7071068 -2.453269e-15 -0.7071068 0.7071068 -2.453269e-15 -0.866039 0.4999764 -1.734641e-15 -0.866039 0.4999764 -1.734641e-15 -0.9659262 0.2588176 -8.97954e-16 -0.9659262 0.2588176 -8.97954e-16 -1 -4.125878e-15 1.430982e-29 -1 -3.99221e-15 1.383493e-29 -0.9659262 -0.2588176 8.97954e-16 -0.9659262 -0.2588176 8.97954e-16 -0.866039 -0.4999764 1.734641e-15 -0.866039 -0.4999764 1.734641e-15 -0.7071068 -0.7071068 2.453269e-15 -0.7071068 -0.7071068 2.453269e-15 -0.500004 -0.8660231 3.004621e-15 -0.500004 -0.8660231 3.004621e-15 -0.2587994 -0.9659311 3.351247e-15 -0.2587994 -0.9659311 3.351247e-15 -7.689766e-06 -1 3.469447e-15 -7.689766e-06 -1 3.469447e-15 0.2588138 -0.9659272 3.351233e-15 0.2588138 -0.9659272 3.351233e-15 0.5000235 -0.8660118 3.004582e-15 0.5000235 -0.8660118 3.004582e-15 0.7071068 -0.7071068 2.453269e-15 0.7071068 -0.7071068 2.453269e-15 0.8660118 -0.5000235 1.734805e-15 0.8660118 -0.5000235 1.734805e-15 0.9659272 -0.2588138 8.979406e-16 0.9659272 -0.2588138 8.979406e-16 1.982607e-15 3.433759e-15 1 1.982534e-15 3.43378e-15 1 1.026307e-15 3.829844e-15 1 1.026155e-15 3.829958e-15 1 -1.27371e-20 3.965069e-15 1 1.9617e-20 3.965069e-15 1 -1.02633e-15 3.829868e-15 1 -1.026208e-15 3.829858e-15 1 -1.982235e-15 3.43395e-15 1 -1.982564e-15 3.433825e-15 1 -2.803502e-15 2.80391e-15 1 3.068967e-16 4.811173e-15 1 -5.698411e-16 1.873252e-15 1 2.062292e-15 3.571889e-15 1 0 0 1 0 0 1 -3.5437e-29 8.937267e-15 1 -9.102263e-16 4.714164e-15 1 -2.974676e-16 7.557738e-15 1 -1.067594e-15 3.983801e-15 1 0 0 1 -1.133883e-15 3.524221e-15 1 8.465658e-16 2.738552e-15 1 -1.127647e-16 5.72028e-15 1 1.982457e-15 3.433971e-15 1 1.982587e-15 3.433729e-15 1 1.026309e-15 3.829816e-15 1 1.026213e-15 3.829888e-15 1 -2.279636e-20 3.965058e-15 1 -3.304574e-20 3.965075e-15 1 -1.026372e-15 3.829906e-15 1 -1.026161e-15 3.829913e-15 1 -1.982518e-15 3.433823e-15 1 -1.982495e-15 3.433796e-15 1 -2.803621e-15 2.803717e-15 1 3.069749e-16 4.811235e-15 1 -5.699177e-16 1.873359e-15 1 2.062234e-15 3.572026e-15 1 2.313585e-15 8.632787e-15 1 3.410791e-16 4.788905e-15 1 1.668945e-15 7.376583e-15 1 -1.635359e-29 4.124402e-15 1 0 0 1 0 0 1 0 0 1 -1.133859e-15 3.524347e-15 1 8.467367e-16 2.738248e-15 1 -1.12749e-16 5.720357e-15 1 1 4.006691e-15 -1.388638e-29 1 4.108056e-15 -1.421484e-29 0.9659262 0.2588176 -8.97954e-16 0.9659262 0.2588176 -1.188151e-15 0.866039 0.4999764 -2.311761e-15 0.866039 0.4999764 -2.140245e-15 0.7071068 0.7071068 -2.914984e-15 0.7071068 0.7071068 -2.453269e-15 0.500004 0.8660231 -3.004621e-15 0.500004 0.8660231 -3.004621e-15 0.2587994 0.9659311 -3.351247e-15 0.2587994 0.9659311 -3.351247e-15 7.689766e-06 1 -3.469447e-15 7.689766e-06 1 -3.469447e-15 -0.2588138 0.9659272 -3.351233e-15 -0.2588138 0.9659272 -3.351233e-15 -0.5000235 0.8660118 -3.004582e-15 -0.5000235 0.8660118 -3.004582e-15 -0.7071068 0.7071068 -2.453269e-15 -0.7071068 0.7071068 -2.453269e-15 -0.8660118 0.5000235 -1.734805e-15 -0.8660118 0.5000235 -1.734805e-15 -0.9659272 0.2588138 -8.979406e-16 -0.9659272 0.2588138 -8.979406e-16 -1 -4.116904e-15 1.43096e-29 -1 -3.992149e-15 1.383472e-29 -0.9659272 -0.2588138 8.979406e-16 -0.9659272 -0.2588138 8.979406e-16 -0.8660118 -0.5000235 1.734805e-15 -0.8660118 -0.5000235 1.734805e-15 -0.7071068 -0.7071068 2.453269e-15 -0.7071068 -0.7071068 2.453269e-15 -0.5000235 -0.8660118 3.004582e-15 -0.5000235 -0.8660118 3.004582e-15 -0.2588138 -0.9659272 3.351233e-15 -0.2588138 -0.9659272 3.351233e-15 7.689766e-06 -1 3.469447e-15 7.689766e-06 -1 3.469447e-15 0.2587994 -0.9659311 3.351247e-15 0.2587994 -0.9659311 3.351247e-15 0.500004 -0.8660231 3.004621e-15 0.500004 -0.8660231 3.004621e-15 0.7071068 -0.7071068 2.453269e-15 0.7071068 -0.7071068 2.914984e-15 0.866039 -0.4999764 2.140245e-15 0.866039 -0.4999764 2.311761e-15 0.9659262 -0.2588176 1.188151e-15 0.9659262 -0.2588176 8.97954e-16 1 -4.566911e-17 1.820358e-31 1 4.455523e-17 -1.266336e-31 0.9659272 0.2588138 -8.979406e-16 0.9659272 0.2588138 -8.979406e-16 0.8660118 0.5000235 -1.734805e-15 0.8660118 0.5000235 -1.734805e-15 0.7071068 0.7071068 -2.453269e-15 0.7071068 0.7071068 -2.453269e-15 0.5000235 0.8660118 -3.004582e-15 0.5000235 0.8660118 -3.004582e-15 0.2588138 0.9659272 -3.351233e-15 0.2588138 0.9659272 -3.351233e-15 -7.689766e-06 1 -3.469447e-15 -7.689766e-06 1 -3.845427e-15 -0.2587994 0.9659311 -3.813075e-15 -0.2587994 0.9659311 -3.838707e-15 -0.500004 0.8660231 -3.354972e-15 -0.500004 0.8660231 -3.004621e-15 -0.7071068 0.7071068 -2.453269e-15 -0.7071068 0.7071068 -2.453269e-15 -0.866039 0.4999764 -1.734641e-15 -0.866039 0.4999764 -1.734641e-15 -0.9659262 0.2588176 -8.97954e-16 -0.9659262 0.2588176 -8.97954e-16 -1 -4.125878e-15 1.427816e-29 -1 -4.001122e-15 1.383493e-29 -0.9659262 -0.2588176 8.97954e-16 -0.9659262 -0.2588176 8.97954e-16 -0.866039 -0.4999764 1.734641e-15 -0.866039 -0.4999764 1.734641e-15 -0.7071068 -0.7071068 2.453269e-15 -0.7071068 -0.7071068 2.453269e-15 -0.500004 -0.8660231 3.004621e-15 -0.500004 -0.8660231 3.354972e-15 -0.2587994 -0.9659311 3.838707e-15 -0.2587994 -0.9659311 3.813075e-15 -7.689766e-06 -1 3.845427e-15 -7.689766e-06 -1 3.469447e-15 0.2588138 -0.9659272 3.351233e-15 0.2588138 -0.9659272 3.351233e-15 0.5000235 -0.8660118 3.004582e-15 0.5000235 -0.8660118 3.004582e-15 0.7071068 -0.7071068 2.453269e-15 0.7071068 -0.7071068 2.453269e-15 0.8660118 -0.5000235 1.734805e-15 0.8660118 -0.5000235 1.734805e-15 0.9659272 -0.2588138 8.979406e-16 0.9659272 -0.2588138 8.979406e-16 1 4.241094e-15 -1.177493e-29 1 3.760456e-15 -1.04156e-29 0.965911 0.2588745 -7.185211e-16 0.965911 0.2588745 -7.185211e-16 0.8659781 0.5000819 -1.388006e-15 0.8659781 0.5000819 -1.589381e-15 0.7071068 0.7071068 -2.251892e-15 0.7071068 0.7071068 -2.453269e-15 0.5000819 0.8659781 -3.004465e-15 0.5000819 0.8659781 -2.698877e-15 0.2588745 0.965911 -2.986538e-15 0.2588745 0.965911 -3.008912e-15 -1.283189e-15 1 -3.141485e-15 -8.786278e-15 1 -3.797409e-15 -0.2588745 0.965911 -3.693442e-15 -0.2588745 0.965911 -4.021412e-15 -0.5000819 0.8659781 -3.605358e-15 -0.5000819 0.8659781 -3.342925e-15 -0.7071068 0.7071068 -2.715705e-15 -0.7071068 0.7071068 -2.654647e-15 -0.8659781 0.5000819 -1.880634e-15 -0.8659781 0.5000819 -2.082009e-15 -0.965911 0.2588745 -1.077782e-15 -0.965911 0.2588745 -1.077782e-15 -1 3.386192e-16 -1.392967e-30 -1 -3.386192e-16 1.392967e-30 -0.965911 -0.2588745 1.077782e-15 -0.965911 -0.2588745 1.077782e-15 -0.8659781 -0.5000819 2.082009e-15 -0.8659781 -0.5000819 1.880634e-15 -0.7071068 -0.7071068 2.654647e-15 -0.7071068 -0.7071068 2.715705e-15 -0.5000819 -0.8659781 3.342925e-15 -0.5000819 -0.8659781 3.605358e-15 -0.2588745 -0.965911 4.021412e-15 -0.2588745 -0.965911 3.693442e-15 2.316868e-16 -1 3.797409e-15 7.77042e-15 -1 3.141485e-15 0.2588745 -0.965911 3.008912e-15 0.2588745 -0.965911 2.986538e-15 0.5000819 -0.8659781 2.698877e-15 0.5000819 -0.8659781 3.004465e-15 0.7071068 -0.7071068 2.453269e-15 0.7071068 -0.7071068 2.251892e-15 0.8659781 -0.5000819 1.589381e-15 0.8659781 -0.5000819 1.388006e-15 0.965911 -0.2588745 7.185211e-16 0.965911 -0.2588745 7.185211e-16 1 8.301183e-15 -2.872599e-29 1 7.716954e-15 -2.668799e-29 0.965911 0.2588745 -8.981514e-16 0.965911 0.2588745 -8.981514e-16 0.8659781 0.5000819 -1.735008e-15 0.8659781 0.5000819 -1.936383e-15 0.7071068 0.7071068 -2.742546e-15 0.7071068 0.7071068 -2.681488e-15 0.5000819 0.8659781 -3.266898e-15 0.5000819 0.8659781 -3.004465e-15 0.2588745 0.965911 -3.351177e-15 0.2588745 0.965911 -3.351177e-15 1.078235e-15 1 -3.469447e-15 -2.708954e-15 1 -3.797409e-15 -0.2588745 0.965911 -3.693442e-15 -0.2588745 0.965911 -3.715815e-15 -0.5000819 0.8659781 -3.310053e-15 -0.5000819 0.8659781 -3.266898e-15 -0.7071068 0.7071068 -2.681488e-15 -0.7071068 0.7071068 -2.943923e-15 -0.8659781 0.5000819 -2.082009e-15 -0.8659781 0.5000819 -1.955365e-15 -0.965911 0.2588745 -1.024799e-15 -0.965911 0.2588745 -8.981514e-16 -1 -7.699132e-15 2.67513e-29 -1 -8.251616e-15 2.86508e-29 -0.965911 -0.2588745 8.981514e-16 -0.965911 -0.2588745 1.024799e-15 -0.8659781 -0.5000819 1.955365e-15 -0.8659781 -0.5000819 2.082009e-15 -0.7071068 -0.7071068 2.943923e-15 -0.7071068 -0.7071068 2.681488e-15 -0.5000819 -0.8659781 3.266898e-15 -0.5000819 -0.8659781 3.310053e-15 -0.2588745 -0.965911 3.715815e-15 -0.2588745 -0.965911 3.365472e-15 1.461409e-15 -1 3.431482e-15 5.257509e-15 -1 3.10352e-15 0.2588745 -0.965911 3.023207e-15 0.2588745 -0.965911 3.351177e-15 0.5000819 -0.8659781 3.004465e-15 0.5000819 -0.8659781 3.266898e-15 0.7071068 -0.7071068 2.681488e-15 0.7071068 -0.7071068 2.742546e-15 0.8659781 -0.5000819 1.936383e-15 0.8659781 -0.5000819 1.735008e-15 0.965911 -0.2588745 8.981514e-16 0.965911 -0.2588745 8.981514e-16 1 3.018612e-16 8.630985e-17 1 1.817851e-15 -8.630985e-17 0.965911 0.2588745 -9.914697e-16 0.965911 0.2588745 -1.077782e-15 0.8659781 0.5000819 -2.082009e-15 0.8659781 0.5000819 -2.082009e-15 0.7071068 0.7071068 -2.943923e-15 0.7071068 0.7071068 -2.943923e-15 0.5000819 0.8659781 -3.605358e-15 0.5000819 0.8659781 -3.605358e-15 0.2588745 0.965911 -4.021412e-15 0.2588745 0.965911 -3.365472e-15 -6.513965e-15 1 -3.431482e-15 1.03368e-15 1 -2.775558e-15 -0.2588745 0.965911 -2.680941e-15 -0.2588745 0.965911 -3.292135e-15 -0.5000819 0.8659781 -2.994182e-15 -0.5000819 0.8659781 -3.605358e-15 -0.7071068 0.7071068 -2.943923e-15 -0.7071068 0.7071068 -2.943923e-15 -0.8659781 0.5000819 -2.082009e-15 -0.8659781 0.5000819 -2.082009e-15 -0.965911 0.2588745 -1.077782e-15 -0.965911 0.2588745 -1.077782e-15 -1 3.297082e-16 -1.392967e-30 -1 -3.297082e-16 1.392967e-30 -0.965911 -0.2588745 1.077782e-15 -0.965911 -0.2588745 1.077782e-15 -0.8659781 -0.5000819 2.082009e-15 -0.8659781 -0.5000819 2.082009e-15 -0.7071068 -0.7071068 2.943923e-15 -0.7071068 -0.7071068 2.943923e-15 -0.5000819 -0.8659781 3.605358e-15 -0.5000819 -0.8659781 2.994182e-15 -0.2588745 -0.965911 3.292135e-15 -0.2588745 -0.965911 2.680941e-15 1.112988e-14 -1 2.775558e-15 3.555502e-15 -1 3.431482e-15 0.2588745 -0.965911 3.365472e-15 0.2588745 -0.965911 4.021412e-15 0.5000819 -0.8659781 3.605358e-15 0.5000819 -0.8659781 3.605358e-15 0.7071068 -0.7071068 2.943923e-15 0.7071068 -0.7071068 2.943923e-15 0.8659781 -0.5000819 2.082009e-15 0.8659781 -0.5000819 2.082009e-15 0.965911 -0.2588745 1.077782e-15 0.965911 -0.2588745 9.914697e-16 1 4.21826e-15 -1.174723e-29 1 3.733722e-15 -1.038394e-29 0.965911 0.2588745 -7.185211e-16 0.965911 0.2588745 -7.185211e-16 0.8659781 0.5000819 -1.388006e-15 0.8659781 0.5000819 -1.388006e-15 0.7071068 0.7071068 -1.962616e-15 0.7071068 0.7071068 -2.487487e-15 0.5000819 0.8659781 -3.080492e-15 0.5000819 0.8659781 -3.605358e-15 0.2588745 0.965911 -4.021412e-15 0.2588745 0.965911 -4.021412e-15 -8.501125e-15 1 -4.163336e-15 -9.534804e-16 1 -3.507412e-15 -0.2588745 0.965911 -3.336882e-15 -0.2588745 0.965911 -2.680941e-15 -0.5000819 0.8659781 -2.403572e-15 -0.5000819 0.8659781 -2.928438e-15 -0.7071068 0.7071068 -2.419052e-15 -0.7071068 0.7071068 -2.943923e-15 -0.8659781 0.5000819 -2.082009e-15 -0.8659781 0.5000819 -2.082009e-15 -0.965911 0.2588745 -1.077782e-15 -0.965911 0.2588745 -1.077782e-15 -1 -3.635701e-15 1.516435e-29 -1 -4.31294e-15 1.795028e-29 -0.965911 -0.2588745 1.077782e-15 -0.965911 -0.2588745 1.077782e-15 -0.8659781 -0.5000819 2.082009e-15 -0.8659781 -0.5000819 2.082009e-15 -0.7071068 -0.7071068 2.943923e-15 -0.7071068 -0.7071068 2.419052e-15 -0.5000819 -0.8659781 2.928438e-15 -0.5000819 -0.8659781 2.403572e-15 -0.2588745 -0.965911 2.680941e-15 -0.2588745 -0.965911 3.336882e-15 7.039715e-15 -1 3.507412e-15 -5.43573e-16 -1 4.163336e-15 0.2588745 -0.965911 4.021412e-15 0.2588745 -0.965911 4.021412e-15 0.5000819 -0.8659781 3.605358e-15 0.5000819 -0.8659781 3.080492e-15 0.7071068 -0.7071068 2.487487e-15 0.7071068 -0.7071068 1.962616e-15 0.8659781 -0.5000819 1.388006e-15 0.8659781 -0.5000819 1.388006e-15 0.965911 -0.2588745 7.185211e-16 0.965911 -0.2588745 7.185211e-16</float_array>
          <technique_common>
            <accessor count="1284" source="#normals-array-array" stride="3">
              <param type="float" name="X"/>
              <param type="float" name="Y"/>
              <param type="float" name="Z"/>
            </accessor>
          </technique_common>
        </source>
        <source id="colors-array">
          <float_array count="3852" id="colors-array-array">0.4941176 0.4941176 0.4941176 0.4941176 0.4941176 0.4941176 0.4941176 0.4941176 0.4941176 0.4941176 0.4941176 0.4941176 0.4941176 0.4941176 0.4941176 0.4941176 0.4941176 0.4941176 0.4941176 0.4941176 0.4941176 0.4941176 0.4941176 0.4941176 0.4941176 0.4941176 0.4941176 0.4941176 0.4941176 0.4941176 0.4941176 0.4941176 0.4941176 0.4941176 0.4941176 0.4941176 0.4941176 0.4941176 0.4941176 0.4941176 0.4941176 0.4941176 0.4941176 0.4941176 0.4941176 0.4941176 0.4941176 0.4941176 0.4941176 0.4941176 0.4941176 0.4941176 0.4941176 0.4941176 0.4941176 0.4941176 0.4941176 0.4941176 0.4941176 0.4941176 0.4941176 0.4941176 0.4941176 0.4941176 0.4941176 0.4941176 0.4941176 0.4941176 0.4941176 0.4941176 0.4941176 0.4941176 0.4941176 0.4941176 0.4941176 0.4941176 0.4941176 0.4941176 0.4941176 0.4941176 0.4941176 0.4941176 0.4941176 0.4941176 0.4941176 0.4941176 0.4941176 0.4941176 0.4941176 0.4941176 0.4941176 0.4941176 0.4941176 0.4941176 0.4941176 0.4941176 0.4941176 0.4941176 0.4941176 0.4941176 0.4941176 0.4941176 0.4941176 0.4941176 0.4941176 0.4941176 0.4941176 0.4941176 0.4941176 0.4941176 0.4941176 0.4941176 0.4941176 0.4941176 0.4941176 0.4941176 0.4941176 0.4941176 0.4941176 0.4941176 0.4941176 0.4941176 0.4941176 0.4941176 0.4941176 0.4941176 0.4941176 0.4941176 0.4941176 0.4941176 0.4941176 0.4941176 0.4941176 0.4941176 0.4941176 0.4941176 0.4941176 0.4941176 0.4941176 0.4941176 0.4941176 0.4941176 0.4941176 0.4941176 0.4941176 0.4941176 0.4941176 0.4941176 0.4941176 0.4941176 0.4941176 0.4941176 0.4941176 0.4941176 0.4941176 0.4941176 0.4941176 0.4941176 0.4941176 0.4941176 0.4941176 0.4941176 0.4941176 0.4941176 0.4941176 0.4941176 0.4941176 0.4941176 0.4941176 0.4941176 0.4941176 0.4941176 0.4941176 0.4941176 0.4941176 0.4941176 0.4941176 0.4941176 0.4941176 0.4941176 0.4941176 0.4941176 0.4941176 0.4941176 0.4941176 0.4941176 0.4941176 0.4941176 0.4941176 0.4941176 0.4941176 0.4941176 0.4941176 0.4941176 0.4941176 0.4941176 0.4941176 0.4941176 0.4941176 0.4941176 0.4941176 0.4941176 0.4941176 0.4941176 0.4941176 0.4941176 0.4941176 0.4941176 0.4941176 0.4941176 0.4941176 0.4941176 0.4941176 0.4941176 0.4941176 0.4941176 0.4941176 0.4941176 0.4941176 0.4941176 0.4941176 0.4941176 0.4941176 0.4941176 0.4941176 0.4941176 0.4941176 0.4941176 0.4941176 0.4941176 0.4941176 0.4941176 0.4941176 0.4941176 0.4941176 0.4941176 0.4941176 0.4941176 0.4941176 0.4941176 0.4941176 0.4941176 0.4941176 0.4941176 0.4941176 0.4941176 0.4941176 0.4941176 0.4941176 0.4941176 0.4941176 0.4941176 0.4941176 0.4941176 0.4941176 0.4941176 0.4941176 0.4941176 0.4941176 0.4941176 0.4941176 0.4941176 0.4941176 0.4941176 0.4941176 0.4941176 0.4941176 0.4941176 0.4941176 0.4941176 0.4941176 0.4941176 0.4941176 0.4941176 0.4941176 0.4941176 0.4941176 0.4941176 0.4941176 0.4941176 0.4941176 0.4941176 0.4941176 0.4941176 0.4941176 0.4941176 0.4941176 0.4941176 0.4941176 0.4941176 0.4941176 0.4941176 0.4941176 0.4941176 0.4941176 0.4941176 0.4941176 0.4941176 0.4941176 0.4941176 0.4941176 0.4941176 0.4941176 0.4941176 0.4941176 0.4941176 0.4941176 0.4941176 0.4941176 0.4941176 0.4941176 0.4941176 0.4941176 0.4941176 0.4941176 0.4941176 0.4941176 0.4941176 0.4941176 0.4941176 0.4941176 0.4941176 0.4941176 0.4941176 0.4941176 0.4941176 0.4941176 0.4941176 0.4941176 0.4941176 0.4941176 0.4941176 0.4941176 0.4941176 0.4941176 0.4941176 0.4941176 0.4941176 0.4941176 0.4941176 0.4941176 0.4941176 0.4941176 0.4941176 0.4941176 0.4941176 0.4941176 0.4941176 0.4941176 0.4941176 0.4941176 0.4941176 0.4941176 0.4941176 0.4941176 0.4941176 0.4941176 0.4941176 0.4941176 0.4941176 0.4941176 0.4941176 0.4941176 0.4941176 0.4941176 0.4941176 0.4941176 0.4941176 0.4941176 0.4941176 0.4941176 0.4941176 0.4941176 0.4941176 0.4941176 0.4941176 0.4941176 0.4941176 0.4941176 0.4941176 0.4941176 0.4941176 0.4941176 0.4941176 0.4941176 0.4941176 0.4941176 0.4941176 0.4941176 0.4941176 0.4941176 0.4941176 0.4941176 0.4941176 0.4941176 0.4941176 0.4941176 0.4941176 0.4941176 0.4941176 0.4941176 0.4941176 0.4941176 0.4941176 0.4941176 0.4941176 0.4941176 0.4941176 0.4941176 0.4941176 0.4941176 0.4941176 0.4941176 0.4941176 0.4941176 0.4941176 0.4941176 0.4941176 0.4941176 0.4941176 0.4941176 0.4941176 0.4941176 0.4941176 0.4941176 0.4941176 0.4941176 0.4941176 0.4941176 0.4941176 0.4941176 0.4941176 0.4941176 0.4941176 0.4941176 0.4941176 0.4941176 0.4941176 0.4941176 0.4941176 0.4941176 0.4941176 0.4941176 0.4941176 0.4941176 0.4941176 0.4941176 0.4941176 0.4941176 0.4941176 0.4941176 0.4941176 0.4941176 0.4941176 0.4941176 0.4941176 0.4941176 0.4941176 0.4941176 0.4941176 0.4941176 0.4941176 0.4941176 0.4941176 0.4941176 0.4941176 0.4941176 0.4941176 0.4941176 0.4941176 0.4941176 0.4941176 0.4941176 0.4941176 0.4941176 0.4941176 0.4941176 0.4941176 0.4941176 0.4941176 0.4941176 0.4941176 0.4941176 0.4941176 0.4941176 0.4941176 0.4941176 0.4941176 0.4941176 0.4941176 0.4941176 0.4941176 0.4941176 0.4941176 0.4941176 0.4941176 0.4941176 0.4941176 0.4941176 0.4941176 0.4941176 0.4941176 0.4941176 0.4941176 0.4941176 0.4941176 0.4941176 0.4941176 0.4941176 0.4941176 0.4941176 0.4941176 0.4941176 0.4941176 0.4941176 0.4941176 0.4941176 0.4941176 0.4941176 0.4941176 0.4941176 0.4941176 0.4941176 0.4941176 0.4941176 0.4941176 0.4941176 0.4941176 0.4941176 0.4941176 0.4941176 0.4941176 0.4941176 0.4941176 0.4941176 0.4941176 0.4941176 0.4941176 0.4941176 0.4941176 0.4941176 0.4941176 0.4941176 0.4941176 0.4941176 0.4941176 0.4941176 0.4941176 0.4941176 0.4941176 0.4941176 0.4941176 0.4941176 0.4941176 0.4941176 0.4941176 0.4941176 0.4941176 0.4941176 0.4941176 0.4941176 0.4941176 0.4941176 0.4941176 0.4941176 0.4941176 0.4941176 0.4941176 0.4941176 0.4941176 0.4941176 0.4941176 0.4941176 0.4941176 0.4941176 0.4941176 0.4941176 0.4941176 0.4941176 0.4941176 0.4941176 0.4941176 0.4941176 0.4941176 0.4941176 0.4941176 0.4941176 0.4941176 0.4941176 0.4941176 0.4941176 0.4941176 0.4941176 0.4941176 0.4941176 0.4941176 0.4941176 0.4941176 0.4941176 0.4941176 0.4941176 0.4941176 0.4941176 0.4941176 0.4941176 0.4941176 0.4941176 0.4941176 0.4941176 0.4941176 0.4941176 0.4941176 0.4941176 0.4941176 0.4941176 0.4941176 0.4941176 0.4941176 0.4941176 0.4941176 0.4941176 0.4941176 0.4941176 0.4941176 0.4941176 0.4941176 0.4941176 0.4941176 0.4941176 0.4941176 0.4941176 0.4941176 0.4941176 0.4941176 0.4941176 0.4941176 0.4941176 0.4941176 0.4941176 0.4941176 0.4941176 0.4941176 0.4941176 0.4941176 0.4941176 0.4941176 0.4941176 0.4941176 0.4941176 0.4941176 0.4941176 0.4941176 0.4941176 0.4941176 0.4941176 0.4941176 0.4941176 0.4941176 0.4941176 0.4941176 0.4941176 0.4941176 0.4941176 0.4941176 0.4941176 0.4941176 0.4941176 0.4941176 0.4941176 0.4941176 0.4941176 0.4941176 0.4941176 0.4941176 0.4941176 0.4941176 0.4941176 0.4941176 0.4941176 0.4941176 0.4941176 0.4941176 0.4941176 0.4941176 0.4941176 0.4941176 0.4941176 0.4941176 0.4941176 0.4941176 0.4941176 0.4941176 0.4941176 0.4941176 0.4941176 0.4941176 0.4941176 0.4941176 0.4941176 0.4941176 0.4941176 0.4941176 0.4941176 0.4941176 0.4941176 0.4941176 0.4941176 0.4941176 0.4941176 0.4941176 0.4941176 0.4941176 0.4941176 0.4941176 0.4941176 0.4941176 0.4941176 0.4941176 0.4941176 0.4941176 0.4941176 0.4941176 0.4941176 0.4941176 0.4941176 0.4941176 0.4941176 0.4941176 0.4941176 0.4941176 0.4941176 0.4941176 0.4941176 0.4941176 0.4941176 0.4941176 0.4941176 0.4941176 0.4941176 0.4941176 0.4941176 0.4941176 0.4941176 0.4941176 0.4941176 0.4941176 0.4941176 0.4941176 0.4941176 0.4941176 0.4941176 0.4941176 0.4941176 0.4941176 0.4941176 0.4941176 0.4941176 0.4941176 0.4941176 0.4941176 0.4941176 0.4941176 0.4941176 0.4941176 0.4941176 0.4941176 0.4941176 0.4941176 0.4941176 0.4941176 0.4941176 0.4941176 0.4941176 0.4941176 0.4941176 0.4941176 0.4941176 0.4941176 0.4941176 0.4941176 0.4941176 0.4941176 0.4941176 0.4941176 0.4941176 0.4941176 0.4941176 0.4941176 0.4941176 0.4941176 0.4941176 0.4941176 0.4941176 0.4941176 0.4941176 0.4941176 0.4941176 0.4941176 0.4941176 0.4941176 0.4941176 0.4941176 0.4941176 0.4941176 0.4941176 0.4941176 0.4941176 0.4941176 0.4941176 0.4941176 0.4941176 0.4941176 0.4941176 0.4941176 0.4941176 0.4941176 0.4941176 0.4941176 0.4941176 0.4941176 0.4941176 0.4941176 0.4941176 0.4941176 0.4941176 0.4941176 0.4941176 0.4941176 0.4941176 0.4941176 0.4941176 0.4941176 0.4941176 0.4941176 0.4941176 0.4941176 0.4941176 0.4941176 0.4941176 0.4941176 0.4941176 0.4941176 0.4941176 0.4941176 0.4941176 0.4941176 0.4941176 0.4941176 0.4941176 0.4941176 0.4941176 0.4941176 0.4941176 0.4941176 0.4941176 0.4941176 0.4941176 0.4941176 0.4941176 0.4941176 0.4941176 0.4941176 0.4941176 0.4941176 0.4941176 0.4941176 0.4941176 0.4941176 0.4941176 0.4941176 0.4941176 0.4941176 0.4941176 0.4941176 0.4941176 0.4941176 0.4941176 0.4941176 0.4941176 0.4941176 0.4941176 0.4941176 0.4941176 0.4941176 0.4941176 0.4941176 0.4941176 0.4941176 0.4941176 0.4941176 0.4941176 0.4941176 0.4941176 0.4941176 0.4941176 0.4941176 0.4941176 0.4941176 0.4941176 0.4941176 0.4941176 0.4941176 0.4941176 0.4941176 0.4941176 0.4941176 0.4941176 0.4941176 0.4941176 0.4941176 0.4941176 0.4941176 0.4941176 0.4941176 0.4941176 0.4941176 0.4941176 0.4941176 0.4941176 0.4941176 0.4941176 0.4941176 0.4941176 0.4941176 0.4941176 0.4941176 0.4941176 0.4941176 0.4941176 0.4941176 0.4941176 0.4941176 0.4941176 0.4941176 0.4941176 0.4941176 0.4941176 0.4941176 0.4941176 0.4941176 0.4941176 0.4941176 0.4941176 0.4941176 0.4941176 0.4941176 0.4941176 0.4941176 0.4941176 0.4941176 0.4941176 0.4941176 0.4941176 0.4941176 0.4941176 0.4941176 0.4941176 0.4941176 0.4941176 0.4941176 0.4941176 0.4941176 0.4941176 0.4941176 0.4941176 0.4941176 0.4941176 0.4941176 0.4941176 0.4941176 0.4941176 0.4941176 0.4941176 0.4941176 0.4941176 0.4941176 0.4941176 0.4941176 0.4941176 0.4941176 0.4941176 0.4941176 0.4941176 0.4941176 0.4941176 0.4941176 0.4941176 0.4941176 0.4941176 0.4941176 0.4941176 0.4941176 0.4941176 0.4941176 0.4941176 0.4941176 0.4941176 0.4941176 0.4941176 0.4941176 0.4941176 0.4941176 0.4941176 0.4941176 0.4941176 0.4941176 0.4941176 0.4941176 0.4941176 0.4941176 0.4941176 0.4941176 0.4941176 0.4941176 0.4941176 0.4941176 0.4941176 0.4941176 0.4941176 0.4941176 0.4941176 0.4941176 0.4941176 0.4941176 0.4941176 0.4941176 0.4941176 0.4941176 0.4941176 0.4941176 0.4941176 0.4941176 0.4941176 0.4941176 0.4941176 0.4941176 0.4941176 0.4941176 0.4941176 0.4941176 0.4941176 0.4941176 0.4941176 0.4941176 0.4941176 0.4941176 0.4941176 0.4941176 0.4941176 0.4941176 0.4941176 0.4941176 0.4941176 0.4941176 0.4941176 0.4941176 0.4941176 0.4941176 0.4941176 0.4941176 0.4941176 0.4941176 0.4941176 0.4941176 0.4941176 0.4941176 0.4941176 0.4941176 0.4941176 0.4941176 0.4941176 0.4941176 0.4941176 0.4941176 0.4941176 0.4941176 0.4941176 0.4941176 0.4941176 0.4941176 0.4941176 0.4941176 0.4941176 0.4941176 0.4941176 0.4941176 0.4941176 0.4941176 0.4941176 0.4941176 0.4941176 0.4941176 0.4941176 0.4941176 0.4941176 0.4941176 0.4941176 0.4941176 0.4941176 0.4941176 0.4941176 0.4941176 0.4941176 0.4941176 0.4941176 0.4941176 0.4941176 0.4941176 0.4941176 0.4941176 0.4941176 0.4941176 0.4941176 0.4941176 0.4941176 0.4941176 0.4941176 0.4941176 0.4941176 0.4941176 0.4941176 0.4941176 0.4941176 0.4941176 0.4941176 0.4941176 0.4941176 0.4941176 0.4941176 0.4941176 0.4941176 0.4941176 0.4941176 0.4941176 0.4941176 0.4941176 0.4941176 0.4941176 0.4941176 0.4941176 0.4941176 0.4941176 0.4941176 0.4941176 0.4941176 0.4941176 0.4941176 0.4941176 0.4941176 0.4941176 0.4941176 0.4941176 0.4941176 0.4941176 0.4941176 0.4941176 0.4941176 0.4941176 0.4941176 0.4941176 0.4941176 0.4941176 0.4941176 0.4941176 0.4941176 0.4941176 0.4941176 0.4941176 0.4941176 0.4941176 0.4941176 0.4941176 0.4941176 0.4941176 0.4941176 0.4941176 0.4941176 0.4941176 0.4941176 0.4941176 0.4941176 0.4941176 0.4941176 0.4941176 0.4941176 0.4941176 0.4941176 0.4941176 0.4941176 0.4941176 0.4941176 0.4941176 0.4941176 0.4941176 0.4941176 0.4941176 0.4941176 0.4941176 0.4941176 0.4941176 0.4941176 0.4941176 0.4941176 0.4941176 0.4941176 0.4941176 0.4941176 0.4941176 0.4941176 0.4941176 0.4941176 0.4941176 0.4941176 0.4941176 0.4941176 0.4941176 0.4941176 0.4941176 0.4941176 0.4941176 0.4941176 0.4941176 0.4941176 0.4941176 0.4941176 0.4941176 0.4941176 0.4941176 0.4941176 0.4941176 0.4941176 0.4941176 0.4941176 0.4941176 0.4941176 0.4941176 0.4941176 0.4941176 0.4941176 0.4941176 0.4941176 0.4941176 0.4941176 0.4941176 0.4941176 0.4941176 0.4941176 0.4941176 0.4941176 0.4941176 0.4941176 0.4941176 0.4941176 0.4941176 0.4941176 0.4941176 0.4941176 0.4941176 0.4941176 0.4941176 0.4941176 0.4941176 0.4941176 0.4941176 0.4941176 0.4941176 0.4941176 0.4941176 0.4941176 0.4941176 0.4941176 0.4941176 0.4941176 0.4941176 0.4941176 0.4941176 0.4941176 0.4941176 0.4941176 0.4941176 0.4941176 0.4941176 0.4941176 0.4941176 0.4941176 0.4941176 0.4941176 0.4941176 0.4941176 0.4941176 0.4941176 0.4941176 0.4941176 0.4941176 0.4941176 0.4941176 0.4941176 0.4941176 0.4941176 0.4941176 0.4941176 0.4941176 0.4941176 0.4941176 0.4941176 0.4941176 0.4941176 0.4941176 0.4941176 0.4941176 0.4941176 0.4941176 0.4941176 0.4941176 0.4941176 0.4941176 0.4941176 0.4941176 0.4941176 0.4941176 0.4941176 0.4941176 0.4941176 0.4941176 0.4941176 0.4941176 0.4941176 0.4941176 0.4941176 0.4941176 0.4941176 0.4941176 0.4941176 0.4941176 0.4941176 0.4941176 0.4941176 0.4941176 0.4941176 0.4941176 0.4941176 0.4941176 0.4941176 0.4941176 0.4941176 0.4941176 0.4941176 0.4941176 0.4941176 0.4941176 0.4941176 0.4941176 0.4941176 0.4941176 0.4941176 0.4941176 0.4941176 0.4941176 0.4941176 0.4941176 0.4941176 0.4941176 0.4941176 0.4941176 0.4941176 0.4941176 0.4941176 0.4941176 0.4941176 0.4941176 0.4941176 0.4941176 0.4941176 0.4941176 0.4941176 0.4941176 0.4941176 0.4941176 0.4941176 0.4941176 0.4941176 0.4941176 0.4941176 0.4941176 0.4941176 0.4941176 0.4941176 0.4941176 0.4941176 0.4941176 0.4941176 0.4941176 0.4941176 0.4941176 0.4941176 0.4941176 0.4941176 0.4941176 0.4941176 0.4941176 0.4941176 0.4941176 0.4941176 0.4941176 0.4941176 0.4941176 0.4941176 0.4941176 0.4941176 0.4941176 0.4941176 0.4941176 0.4941176 0.4941176 0.4941176 0.4941176 0.4941176 0.4941176 0.4941176 0.4941176 0.4941176 0.4941176 0.4941176 0.4941176 0.4941176 0.4941176 0.4941176 0.4941176 0.4941176 0.4941176 0.4941176 0.4941176 0.4941176 0.4941176 0.4941176 0.4941176 0.4941176 0.4941176 0.4941176 0.4941176 0.4941176 0.4941176 0.4941176 0.4941176 0.4941176 0.4941176 0.4941176 0.4941176 0.4941176 0.4941176 0.4941176 0.4941176 0.4941176 0.4941176 0.4941176 0.4941176 0.4941176 0.4941176 0.4941176 0.4941176 0.4941176 0.4941176 0.4941176 0.4941176 0.4941176 0.4941176 0.4941176 0.4941176 0.4941176 0.4941176 0.4941176 0.4941176 0.4941176 0.4941176 0.4941176 0.4941176 0.4941176 0.4941176 0.4941176 0.4941176 0.4941176 0.4941176 0.4941176 0.4941176 0.4941176 0.4941176 0.4941176 0.4941176 0.4941176 0.4941176 0.4941176 0.4941176 0.4941176 0.4941176 0.4941176 0.4941176 0.4941176 0.4941176 0.4941176 0.4941176 0.4941176 0.4941176 0.4941176 0.4941176 0.4941176 0.4941176 0.4941176 0.4941176 0.4941176 0.4941176 0.4941176 0.4941176 0.4941176 0.4941176 0.4941176 0.4941176 0.4941176 0.4941176 0.4941176 0.4941176 0.4941176 0.4941176 0.4941176 0.4941176 0.4941176 0.4941176 0.4941176 0.4941176 0.4941176 0.4941176 0.4941176 0.4941176 0.4941176 0.4941176 0.4941176 0.4941176 0.4941176 0.4941176 0.4941176 0.4941176 0.4941176 0.4941176 0.4941176 0.4941176 0.4941176 0.4941176 0.4941176 0.4941176 0.4941176 0.4941176 0.4941176 0.4941176 0.4941176 0.4941176 0.4941176 0.4941176 0.4941176 0.4941176 0.4941176 0.4941176 0.4941176 0.4941176 0.4941176 0.4941176 0.4941176 0.4941176 0.4941176 0.4941176 0.4941176 0.4941176 0.4941176 0.4941176 0.4941176 0.4941176 0.4941176 0.4941176 0.4941176 0.4941176 0.4941176 0.4941176 0.4941176 0.4941176 0.4941176 0.4941176 0.4941176 0.4941176 0.4941176 0.4941176 0.4941176 0.4941176 0.4941176 0.4941176 0.4941176 0.4941176 0.4941176 0.4941176 0.4941176 0.4941176 0.4941176 0.4941176 0.4941176 0.4941176 0.4941176 0.4941176 0.4941176 0.4941176 0.4941176 0.4941176 0.4941176 0.4941176 0.4941176 0.4941176 0.4941176 0.4941176 0.4941176 0.4941176 0.4941176 0.4941176 0.4941176 0.4941176 0.4941176 0.4941176 0.4941176 0.4941176 0.4941176 0.4941176 0.4941176 0.4941176 0.4941176 0.4941176 0.4941176 0.4941176 0.4941176 0.4941176 0.4941176 0.4941176 0.4941176 0.4941176 0.4941176 0.4941176 0.4941176 0.4941176 0.4941176 0.4941176 0.4941176 0.4941176 0.4941176 0.4941176 0.4941176 0.4941176 0.4941176 0.4941176 0.4941176 0.4941176 0.4941176 0.4941176 0.4941176 0.4941176 0.4941176 0.4941176 0.4941176 0.4941176 0.4941176 0.4941176 0.4941176 0.4941176 0.4941176 0.4941176 0.4941176 0.4941176 0.4941176 0.4941176 0.4941176 0.4941176 0.4941176 0.4941176 0.4941176 0.4941176 0.4941176 0.4941176 0.4941176 0.4941176 0.4941176 0.4941176 0.4941176 0.4941176 0.4941176 0.4941176 0.4941176 0.4941176 0.4941176 0.4941176 0.4941176 0.4941176 0.4941176 0.4941176 0.4941176 0.4941176 0.4941176 0.4941176 0.4941176 0.4941176 0.4941176 0.4941176 0.4941176 0.4941176 0.4941176 0.4941176 0.4941176 0.4941176 0.4941176 0.4941176 0.4941176 0.4941176 0.4941176 0.4941176 0.4941176 0.4941176 0.4941176 0.4941176 0.4941176 0.4941176 0.4941176 0.4941176 0.4941176 0.4941176 0.4941176 0.4941176 0.4941176 0.4941176 0.4941176 0.4941176 0.4941176 0.4941176 0.4941176 0.4941176 0.4941176 0.4941176 0.4941176 0.4941176 0.4941176 0.4941176 0.4941176 0.4941176 0.4941176 0.4941176 0.4941176 0.4941176 0.4941176 0.4941176 0.4941176 0.4941176 0.4941176 0.4941176 0.4941176 0.4941176 0.4941176 0.4941176 0.4941176 0.4941176 0.4941176 0.4941176 0.4941176 0.4941176 0.4941176 0.4941176 0.4941176 0.4941176 0.4941176 0.4941176 0.4941176 0.4941176 0.4941176 0.4941176 0.4941176 0.4941176 0.4941176 0.4941176 0.4941176 0.4941176 0.4941176 0.4941176 0.4941176 0.4941176 0.4941176 0.4941176 0.4941176 0.4941176 0.4941176 0.4941176 0.4941176 0.4941176 0.4941176 0.4941176 0.4941176 0.4941176 0.4941176 0.4941176 0.4941176 0.4941176 0.4941176 0.4941176 0.4941176 0.4941176 0.4941176 0.4941176 0.4941176 0.4941176 0.4941176 0.4941176 0.4941176 0.4941176 0.4941176 0.4941176 0.4941176 0.4941176 0.4941176 0.4941176 0.4941176 0.4941176 0.4941176 0.4941176 0.4941176 0.4941176 0.4941176 0.4941176 0.4941176 0.4941176 0.4941176 0.4941176 0.4941176 0.4941176 0.4941176 0.4941176 0.4941176 0.4941176 0.4941176 0.4941176 0.4941176 0.4941176 0.4941176 0.4941176 0.4941176 0.4941176 0.4941176 0.4941176 0.4941176 0.4941176 0.4941176 0.4941176 0.4941176 0.4941176 0.4941176 0.4941176 0.4941176 0.4941176 0.4941176 0.4941176 0.4941176 0.4941176 0.4941176 0.4941176 0.4941176 0.4941176 0.4941176 0.4941176 0.4941176 0.4941176 0.4941176 0.4941176 0.4941176 0.4941176 0.4941176 0.4941176 0.4941176 0.4941176 0.4941176 0.4941176 0.4941176 0.4941176 0.4941176 0.4941176 0.4941176 0.4941176 0.4941176 0.4941176 0.4941176 0.4941176 0.4941176 0.4941176 0.4941176 0.4941176 0.4941176 0.4941176 0.4941176 0.4941176 0.4941176 0.4941176 0.4941176 0.4941176 0.4941176 0.4941176 0.4941176 0.4941176 0.4941176 0.4941176 0.4941176 0.4941176 0.4941176 0.4941176 0.4941176 0.4941176 0.4941176 0.4941176 0.4941176 0.4941176 0.4941176 0.4941176 0.4941176 0.4941176 0.4941176 0.4941176 0.4941176 0.4941176 0.4941176 0.4941176 0.4941176 0.4941176 0.4941176 0.4941176 0.4941176 0.4941176 0.4941176 0.4941176 0.4941176 0.4941176 0.4941176 0.4941176 0.4941176 0.4941176 0.4941176 0.4941176 0.4941176 0.4941176 0.4941176 0.4941176 0.4941176 0.4941176 0.4941176 0.4941176 0.4941176 0.4941176 0.4941176 0.4941176 0.4941176 0.4941176 0.4941176 0.4941176 0.4941176 0.4941176 0.4941176 0.4941176 0.4941176 0.4941176 0.4941176 0.4941176 0.4941176 0.4941176 0.4941176 0.4941176 0.4941176 0.4941176 0.4941176 0.4941176 0.4941176 0.4941176 0.4941176 0.4941176 0.4941176 0.4941176 0.4941176 0.4941176 0.4941176 0.4941176 0.4941176 0.4941176 0.4941176 0.4941176 0.4941176 0.4941176 0.4941176 0.4941176 0.4941176 0.4941176 0.4941176 0.4941176 0.4941176 0.4941176 0.4941176 0.4941176 0.4941176 0.4941176 0.4941176 0.4941176 0.4941176 0.4941176 0.4941176 0.4941176 0.4941176 0.4941176 0.4941176 0.4941176 0.4941176 0.4941176 0.4941176 0.4941176 0.4941176 0.4941176 0.4941176 0.4941176 0.4941176 0.4941176 0.4941176 0.4941176 0.4941176 0.4941176 0.4941176 0.4941176 0.4941176 0.4941176 0.4941176 0.4941176 0.4941176 0.4941176 0.4941176 0.4941176 0.4941176 0.4941176 0.4941176 0.4941176 0.4941176 0.4941176 0.4941176 0.4941176 0.4941176 0.4941176 0.4941176 0.4941176 0.4941176 0.4941176 0.4941176 0.4941176 0.4941176 0.4941176 0.4941176 0.4941176 0.4941176 0.4941176 0.4941176 0.4941176 0.4941176 0.4941176 0.4941176 0.4941176 0.4941176 0.4941176 0.4941176 0.4941176 0.4941176 0.4941176 0.4941176 0.4941176 0.4941176 0.4941176 0.4941176 0.4941176 0.4941176 0.4941176 0.4941176 0.4941176 0.4941176 0.4941176 0.4941176 0.4941176 0.4941176 0.4941176 0.4941176 0.4941176 0.4941176 0.4941176 0.4941176 0.4941176 0.4941176 0.4941176 0.4941176 0.4941176 0.4941176 0.4941176 0.4941176 0.4941176 0.4941176 0.4941176 0.4941176 0.4941176 0.4941176 0.4941176 0.4941176 0.4941176 0.4941176 0.4941176 0.4941176 0.4941176 0.4941176 0.4941176 0.4941176 0.4941176 0.4941176 0.4941176 0.4941176 0.4941176 0.4941176 0.4941176 0.4941176 0.4941176 0.4941176 0.4941176 0.4941176 0.4941176 0.4941176 0.4941176 0.4941176 0.4941176 0.4941176 0.4941176 0.4941176 0.4941176 0.4941176 0.4941176 0.4941176 0.4941176 0.4941176 0.4941176 0.4941176 0.4941176 0.4941176 0.4941176 0.4941176 0.4941176 0.4941176 0.4941176 0.4941176 0.4941176 0.4941176 0.4941176 0.4941176 0.4941176 0.4941176 0.4941176 0.4941176 0.4941176 0.4941176 0.4941176 0.4941176 0.4941176 0.4941176 0.4941176 0.4941176 0.4941176 0.4941176 0.4941176 0.4941176 0.4941176 0.4941176 0.4941176 0.4941176 0.4941176 0.4941176 0.4941176 0.4941176 0.4941176 0.4941176 0.4941176 0.4941176 0.4941176 0.4941176 0.4941176 0.4941176 0.4941176 0.4941176 0.4941176 0.4941176 0.4941176 0.4941176 0.4941176 0.4941176 0.4941176 0.4941176 0.4941176 0.4941176 0.4941176 0.4941176 0.4941176 0.4941176 0.4941176 0.4941176 0.4941176 0.4941176 0.4941176 0.4941176 0.4941176 0.4941176 0.4941176 0.4941176 0.4941176 0.4941176 0.4941176 0.4941176 0.4941176 0.4941176 0.4941176 0.4941176 0.4941176 0.4941176 0.4941176 0.4941176 0.4941176 0.4941176 0.4941176 0.4941176 0.4941176 0.4941176 0.4941176 0.4941176 0.4941176 0.4941176 0.4941176 0.4941176 0.4941176 0.4941176 0.4941176 0.4941176 0.4941176 0.4941176 0.4941176 0.4941176 0.4941176 0.4941176 0.4941176 0.4941176 0.4941176 0.4941176 0.4941176 0.4941176 0.4941176 0.4941176 0.4941176 0.4941176 0.4941176 0.4941176 0.4941176 0.4941176 0.4941176 0.4941176 0.4941176 0.4941176 0.4941176 0.4941176 0.4941176 0.4941176 0.4941176 0.4941176 0.4941176 0.4941176 0.4941176 0.4941176 0.4941176 0.4941176 0.4941176 0.4941176 0.4941176 0.4941176 0.4941176 0.4941176 0.4941176 0.4941176 0.4941176 0.4941176 0.4941176 0.4941176 0.4941176 0.4941176 0.4941176 0.4941176 0.4941176 0.4941176 0.4941176 0.4941176 0.4941176 0.4941176 0.4941176 0.4941176 0.4941176 0.4941176 0.4941176 0.4941176 0.4941176 0.4941176 0.4941176 0.4941176 0.4941176 0.4941176 0.4941176 0.4941176 0.4941176 0.4941176 0.4941176 0.4941176 0.4941176 0.4941176 0.4941176 0.4941176 0.4941176 0.4941176 0.4941176 0.4941176 0.4941176 0.4941176 0.4941176 0.4941176 0.4941176 0.4941176 0.4941176 0.4941176 0.4941176 0.4941176 0.4941176 0.4941176 0.4941176 0.4941176 0.4941176 0.4941176 0.4941176 0.4941176 0.4941176 0.4941176 0.4941176 0.4941176 0.4941176 0.4941176 0.4941176 0.4941176 0.4941176 0.4941176 0.4941176 0.4941176 0.4941176 0.4941176 0.4941176 0.4941176 0.4941176 0.4941176 0.4941176 0.4941176 0.4941176 0.4941176 0.4941176 0.4941176 0.4941176 0.4941176 0.4941176 0.4941176 0.4941176 0.4941176 0.4941176 0.4941176 0.4941176 0.4941176 0.4941176 0.4941176 0.4941176 0.4941176 0.4941176 0.4941176 0.4941176 0.4941176 0.4941176 0.4941176 0.4941176 0.4941176 0.4941176 0.4941176 0.4941176 0.4941176 0.4941176 0.4941176 0.4941176 0.4941176 0.4941176 0.4941176 0.4941176 0.4941176 0.4941176 0.4941176 0.4941176 0.4941176 0.4941176 0.4941176 0.4941176 0.4941176 0.4941176 0.4941176 0.4941176 0.4941176 0.4941176 0.4941176 0.4941176 0.4941176 0.4941176 0.4941176 0.4941176 0.4941176 0.4941176 0.4941176 0.4941176 0.4941176 0.4941176 0.4941176 0.4941176 0.4941176 0.4941176 0.4941176 0.4941176 0.4941176 0.4941176 0.4941176 0.4941176 0.4941176 0.4941176 0.4941176 0.4941176 0.4941176 0.4941176 0.4941176 0.4941176 0.4941176 0.4941176 0.4941176 0.4941176 0.4941176 0.4941176 0.4941176 0.4941176 0.4941176 0.4941176 0.4941176 0.4941176 0.4941176 0.4941176 0.4941176 0.4941176 0.4941176 0.4941176 0.4941176 0.4941176 0.4941176 0.4941176 0.4941176 0.4941176 0.4941176 0.4941176 0.4941176 0.4941176 0.4941176 0.4941176 0.4941176 0.4941176 0.4941176 0.4941176 0.4941176 0.4941176 0.4941176 0.4941176 0.4941176 0.4941176 0.4941176 0.4941176 0.4941176 0.4941176 0.4941176 0.4941176 0.4941176 0.4941176 0.4941176 0.4941176 0.4941176 0.4941176 0.4941176 0.4941176 0.4941176 0.4941176 0.4941176 0.4941176 0.4941176 0.4941176 0.4941176 0.4941176 0.4941176 0.4941176 0.4941176 0.4941176 0.4941176 0.4941176 0.4941176 0.4941176 0.4941176 0.4941176 0.4941176 0.4941176 0.4941176 0.4941176 0.4941176 0.4941176 0.4941176 0.4941176 0.4941176 0.4941176 0.4941176 0.4941176 0.4941176 0.4941176 0.4941176 0.4941176 0.4941176 0.4941176 0.4941176 0.4941176 0.4941176 0.4941176 0.4941176 0.4941176 0.4941176 0.4941176 0.4941176 0.4941176 0.4941176 0.4941176 0.4941176 0.4941176 0.4941176 0.4941176 0.4941176 0.4941176 0.4941176 0.4941176 0.4941176 0.4941176 0.4941176 0.4941176 0.4941176 0.4941176 0.4941176 0.4941176 0.4941176 0.4941176 0.4941176 0.4941176 0.4941176 0.4941176 0.4941176 0.4941176 0.4941176 0.4941176 0.4941176 0.4941176 0.4941176 0.4941176 0.4941176 0.4941176 0.4941176 0.4941176 0.4941176 0.4941176 0.4941176 0.4941176 0.4941176 0.4941176 0.4941176 0.4941176 0.4941176 0.4941176 0.4941176 0.4941176 0.4941176 0.4941176 0.4941176 0.4941176 0.4941176 0.4941176 0.4941176 0.4941176 0.4941176 0.4941176 0.4941176 0.4941176 0.4941176 0.4941176 0.4941176 0.4941176 0.4941176 0.4941176 0.4941176 0.4941176 0.4941176 0.4941176 0.4941176 0.4941176 0.4941176 0.4941176 0.4941176 0.4941176 0.4941176 0.4941176 0.4941176 0.4941176 0.4941176 0.4941176 0.4941176 0.4941176 0.4941176 0.4941176 0.4941176 0.4941176 0.4941176 0.4941176 0.4941176 0.4941176 0.4941176 0.4941176 0.4941176 0.4941176 0.4941176 0.4941176 0.4941176 0.4941176 0.4941176 0.4941176 0.4941176 0.4941176 0.4941176 0.4941176 0.4941176 0.4941176 0.4941176 0.4941176 0.4941176 0.4941176 0.4941176 0.4941176 0.4941176 0.4941176 0.4941176 0.4941176 0.4941176 0.4941176 0.4941176 0.4941176 0.4941176 0.4941176 0.4941176 0.4941176 0.4941176 0.4941176 0.4941176 0.4941176 0.4941176 0.4941176 0.4941176 0.4941176 0.4941176 0.4941176 0.4941176 0.4941176 0.4941176 0.4941176 0.4941176 0.4941176 0.4941176 0.4941176 0.4941176 0.4941176 0.4941176 0.4941176 0.4941176 0.4941176 0.4941176 0.4941176 0.4941176 0.4941176 0.4941176 0.4941176 0.4941176 0.4941176 0.4941176 0.4941176 0.4941176 0.4941176 0.4941176 0.4941176 0.4941176 0.4941176 0.4941176 0.4941176 0.4941176 0.4941176 0.4941176 0.4941176 0.4941176 0.4941176 0.4941176 0.4941176 0.4941176 0.4941176 0.4941176 0.4941176 0.4941176 0.4941176 0.4941176 0.4941176 0.4941176 0.4941176 0.4941176 0.4941176 0.4941176 0.4941176 0.4941176 0.4941176 0.4941176 0.4941176 0.4941176 0.4941176 0.4941176 0.4941176 0.4941176 0.4941176 0.4941176 0.4941176 0.4941176 0.4941176 0.4941176 0.4941176 0.4941176 0.4941176 0.4941176 0.4941176 0.4941176 0.4941176 0.4941176 0.4941176 0.4941176 0.4941176 0.4941176 0.4941176 0.4941176 0.4941176 0.4941176 0.4941176 0.4941176 0.4941176 0.4941176 0.4941176 0.4941176 0.4941176 0.4941176 0.4941176 0.4941176 0.4941176 0.4941176 0.4941176 0.4941176 0.4941176 0.4941176 0.4941176 0.4941176 0.4941176 0.4941176 0.4941176 0.4941176 0.4941176 0.4941176 0.4941176 0.4941176 0.4941176 0.4941176 0.4941176 0.4941176 0.4941176 0.4941176 0.4941176 0.4941176 0.4941176 0.4941176 0.4941176 0.4941176 0.4941176 0.4941176 0.4941176 0.4941176 0.4941176 0.4941176 0.4941176 0.4941176 0.4941176 0.4941176 0.4941176 0.4941176 0.4941176 0.4941176 0.4941176 0.4941176 0.4941176 0.4941176 0.4941176 0.4941176 0.4941176 0.4941176 0.4941176 0.4941176 0.4941176 0.4941176 0.4941176 0.4941176 0.4941176 0.4941176 0.4941176 0.4941176 0.4941176 0.4941176 0.4941176 0.4941176 0.4941176 0.4941176 0.4941176 0.4941176 0.4941176 0.4941176 0.4941176 0.4941176 0.4941176 0.4941176 0.4941176 0.4941176 0.4941176 0.4941176 0.4941176 0.4941176 0.4941176 0.4941176 0.4941176 0.4941176 0.4941176 0.4941176 0.4941176 0.4941176 0.4941176 0.4941176 0.4941176 0.4941176 0.4941176 0.4941176 0.4941176 0.4941176 0.4941176 0.4941176 0.4941176 0.4941176 0.4941176 0.4941176 0.4941176 0.4941176 0.4941176 0.4941176 0.4941176 0.4941176 0.4941176 0.4941176 0.4941176 0.4941176 0.4941176 0.4941176 0.4941176 0.4941176 0.4941176 0.4941176 0.4941176 0.4941176 0.4941176 0.4941176 0.4941176 0.4941176 0.4941176 0.4941176 0.4941176 0.4941176 0.4941176 0.4941176 0.4941176 0.4941176 0.4941176 0.4941176 0.4941176 0.4941176 0.4941176 0.4941176 0.4941176 0.4941176 0.4941176 0.4941176 0.4941176 0.4941176 0.4941176 0.4941176 0.4941176 0.4941176 0.4941176 0.4941176 0.4941176 0.4941176 0.4941176 0.4941176 0.4941176 0.4941176 0.4941176 0.4941176 0.4941176 0.4941176 0.4941176 0.4941176 0.4941176 0.4941176 0.4941176 0.4941176 0.4941176 0.4941176 0.4941176 0.4941176 0.4941176 0.4941176 0.4941176 0.4941176 0.4941176 0.4941176 0.4941176 0.4941176 0.4941176 0.4941176 0.4941176 0.4941176 0.4941176 0.4941176 0.4941176 0.4941176 0.4941176 0.4941176 0.4941176 0.4941176 0.4941176 0.4941176 0.4941176 0.4941176 0.4941176 0.4941176 0.4941176 0.4941176 0.4941176 0.4941176 0.4941176 0.4941176 0.4941176 0.4941176 0.4941176 0.4941176 0.4941176 0.4941176 0.4941176 0.4941176 0.4941176 0.4941176 0.4941176 0.4941176 0.4941176 0.4941176 0.4941176 0.4941176 0.4941176 0.4941176 0.4941176 0.4941176 0.4941176 0.4941176 0.4941176 0.4941176 0.4941176 0.4941176 0.4941176 0.4941176 0.4941176 0.4941176 0.4941176 0.4941176 0.4941176 0.4941176 0.4941176 0.4941176 0.4941176 0.4941176 0.4941176 0.4941176 0.4941176 0.4941176 0.4941176 0.4941176 0.4941176 0.4941176 0.4941176 0.4941176 0.4941176 0.4941176 0.4941176 0.4941176 0.4941176 0.4941176 0.4941176 0.4941176 0.4941176 0.4941176 0.4941176 0.4941176 0.4941176 0.4941176 0.4941176 0.4941176 0.4941176 0.4941176 0.4941176 0.4941176 0.4941176 0.4941176 0.4941176 0.4941176 0.4941176 0.4941176 0.4941176 0.4941176 0.4941176 0.4941176 0.4941176 0.4941176 0.4941176 0.4941176 0.4941176 0.4941176 0.4941176 0.4941176 0.4941176 0.4941176 0.4941176 0.4941176 0.4941176 0.4941176 0.4941176 0.4941176 0.4941176 0.4941176 0.4941176 0.4941176 0.4941176 0.4941176 0.4941176 0.4941176 0.4941176 0.4941176 0.4941176 0.4941176 0.4941176 0.4941176 0.4941176 0.4941176 0.4941176 0.4941176 0.4941176 0.4941176 0.4941176 0.4941176 0.4941176 0.4941176 0.4941176 0.4941176 0.4941176 0.4941176 0.4941176 0.4941176 0.4941176 0.4941176 0.4941176 0.4941176 0.4941176 0.4941176 0.4941176 0.4941176 0.4941176 0.4941176 0.4941176 0.4941176 0.4941176 0.4941176 0.4941176 0.4941176 0.4941176 0.4941176 0.4941176 0.4941176 0.4941176 0.4941176 0.4941176 0.4941176 0.4941176 0.4941176 0.4941176 0.4941176 0.4941176 0.4941176 0.4941176 0.4941176 0.4941176 0.4941176 0.4941176 0.4941176 0.4941176 0.4941176 0.4941176 0.4941176 0.4941176 0.4941176 0.4941176 0.4941176 0.4941176 0.4941176 0.4941176 0.4941176 0.4941176 0.4941176 0.4941176 0.4941176 0.4941176 0.4941176 0.4941176 0.4941176 0.4941176 0.4941176 0.4941176 0.4941176 0.4941176 0.4941176 0.4941176 0.4941176 0.4941176 0.4941176 0.4941176 0.4941176 0.4941176 0.4941176 0.4941176 0.4941176 0.4941176 0.4941176 0.4941176 0.4941176 0.4941176 0.4941176 0.4941176 0.4941176 0.4941176 0.4941176 0.4941176 0.4941176 0.4941176 0.4941176 0.4941176 0.4941176 0.4941176 0.4941176 0.4941176 0.4941176 0.4941176 0.4941176 0.4941176 0.4941176 0.4941176 0.4941176 0.4941176 0.4941176 0.4941176 0.4941176 0.4941176 0.4941176 0.4941176 0.4941176 0.4941176 0.4941176 0.4941176 0.4941176 0.4941176 0.4941176 0.4941176 0.4941176 0.4941176 0.4941176 0.4941176 0.4941176 0.4941176 0.4941176 0.4941176 0.4941176 0.4941176 0.4941176 0.4941176 0.4941176 0.4941176 0.4941176 0.4941176 0.4941176 0.4941176 0.4941176 0.4941176 0.4941176 0.4941176 0.4941176 0.4941176 0.4941176 0.4941176 0.4941176 0.4941176 0.4941176 0.4941176 0.4941176 0.4941176 0.4941176 0.4941176 0.4941176 0.4941176 0.4941176 0.4941176 0.4941176 0.4941176 0.4941176 0.4941176 0.4941176 0.4941176 0.4941176 0.4941176 0.4941176 0.4941176 0.4941176 0.4941176 0.4941176 0.4941176 0.4941176 0.4941176 0.4941176 0.4941176 0.4941176 0.4941176 0.4941176 0.4941176 0.4941176 0.4941176 0.4941176 0.4941176 0.4941176 0.4941176 0.4941176 0.4941176 0.4941176 0.4941176 0.4941176 0.4941176 0.4941176 0.4941176 0.4941176 0.4941176 0.4941176 0.4941176 0.4941176 0.4941176 0.4941176 0.4941176 0.4941176 0.4941176 0.4941176 0.4941176 0.4941176 0.4941176 0.4941176 0.4941176 0.4941176 0.4941176 0.4941176 0.4941176 0.4941176 0.4941176 0.4941176 0.4941176 0.4941176 0.4941176 0.4941176 0.4941176 0.4941176 0.4941176 0.4941176 0.4941176 0.4941176 0.4941176 0.4941176 0.4941176 0.4941176 0.4941176 0.4941176 0.4941176 0.4941176 0.4941176 0.4941176 0.4941176 0.4941176 0.4941176 0.4941176 0.4941176 0.4941176 0.4941176 0.4941176 0.4941176 0.4941176 0.4941176 0.4941176 0.4941176 0.4941176 0.4941176 0.4941176 0.4941176 0.4941176 0.4941176 0.4941176 0.4941176 0.4941176 0.4941176 0.4941176 0.4941176 0.4941176 0.4941176 0.4941176 0.4941176 0.4941176 0.4941176 0.4941176 0.4941176 0.4941176 0.4941176 0.4941176 0.4941176 0.4941176 0.4941176 0.4941176 0.4941176 0.4941176 0.4941176 0.4941176 0.4941176 0.4941176 0.4941176 0.4941176 0.4941176 0.4941176 0.4941176 0.4941176 0.4941176 0.4941176 0.4941176 0.4941176 0.4941176 0.4941176 0.4941176 0.4941176 0.4941176 0.4941176 0.4941176 0.4941176 0.4941176 0.4941176 0.4941176 0.4941176 0.4941176 0.4941176 0.4941176 0.4941176 0.4941176 0.4941176 0.4941176 0.4941176 0.4941176 0.4941176 0.4941176 0.4941176 0.4941176 0.4941176 0.4941176 0.4941176 0.4941176 0.4941176 0.4941176 0.4941176 0.4941176 0.4941176 0.4941176 0.4941176 0.4941176 0.4941176 0.4941176 0.4941176 0.4941176 0.4941176 0.4941176 0.4941176 0.4941176 0.4941176 0.4941176 0.4941176 0.4941176 0.4941176 0.4941176 0.4941176 0.4941176 0.4941176 0.4941176 0.4941176 0.4941176 0.4941176 0.4941176 0.4941176 0.4941176 0.4941176 0.4941176 0.4941176 0.4941176 0.4941176 0.4941176 0.4941176 0.4941176 0.4941176 0.4941176 0.4941176 0.4941176 0.4941176 0.4941176 0.4941176 0.4941176 0.4941176 0.4941176 0.4941176 0.4941176 0.4941176 0.4941176 0.4941176 0.4941176 0.4941176 0.4941176 0.4941176 0.4941176 0.4941176 0.4941176 0.4941176 0.4941176 0.4941176 0.4941176 0.4941176 0.4941176 0.4941176 0.4941176 0.4941176 0.4941176 0.4941176 0.4941176 0.4941176 0.4941176 0.4941176 0.4941176 0.4941176 0.4941176 0.4941176 0.4941176 0.4941176 0.4941176 0.4941176 0.4941176 0.4941176 0.4941176 0.4941176 0.4941176 0.4941176 0.4941176 0.4941176 0.4941176 0.4941176 0.4941176 0.4941176 0.4941176 0.4941176 0.4941176 0.4941176 0.4941176 0.4941176 0.4941176 0.4941176 0.4941176 0.4941176 0.4941176 0.4941176 0.4941176 0.4941176 0.4941176 0.4941176 0.4941176 0.4941176 0.4941176 0.4941176 0.4941176 0.4941176 0.4941176 0.4941176 0.4941176 0.4941176 0.4941176 0.4941176 0.4941176 0.4941176 0.4941176 0.4941176 0.4941176 0.4941176 0.4941176 0.4941176 0.4941176 0.4941176 0.4941176 0.4941176 0.4941176 0.4941176 0.4941176 0.4941176 0.4941176 0.4941176 0.4941176 0.4941176 0.4941176 0.4941176 0.4941176 0.4941176 0.4941176 0.4941176 0.4941176 0.4941176 0.4941176 0.4941176 0.4941176 0.4941176 0.4941176 0.4941176 0.4941176 0.4941176 0.4941176 0.4941176 0.4941176 0.4941176 0.4941176 0.4941176 0.4941176 0.4941176 0.4941176 0.4941176 0.4941176 0.4941176 0.4941176 0.4941176 0.4941176 0.4941176 0.4941176 0.4941176 0.4941176 0.4941176 0.4941176 0.4941176 0.4941176 0.4941176 0.4941176 0.4941176 0.4941176 0.4941176 0.4941176 0.4941176 0.4941176 0.4941176 0.4941176 0.4941176 0.4941176 0.4941176 0.4941176 0.4941176 0.4941176 0.4941176 0.4941176 0.4941176 0.4941176 0.4941176 0.4941176 0.4941176 0.4941176 0.4941176 0.4941176 0.4941176 0.4941176 0.4941176 0.4941176 0.4941176 0.4941176 0.4941176 0.4941176 0.4941176 0.4941176 0.4941176 0.4941176 0.4941176 0.4941176 0.4941176 0.4941176 0.4941176 0.4941176 0.4941176 0.4941176 0.4941176 0.4941176 0.4941176 0.4941176 0.4941176 0.4941176 0.4941176 0.4941176 0.4941176 0.4941176 0.4941176 0.4941176 0.4941176 0.4941176 0.4941176 0.4941176 0.4941176 0.4941176 0.4941176 0.4941176 0.4941176 0.4941176 0.4941176 0.4941176 0.4941176 0.4941176 0.4941176 0.4941176 0.4941176 0.4941176 0.4941176 0.4941176 0.4941176 0.4941176 0.4941176 0.4941176 0.4941176 0.4941176 0.4941176 0.4941176 0.4941176 0.4941176 0.4941176 0.4941176 0.4941176 0.4941176 0.4941176 0.4941176 0.4941176 0.4941176 0.4941176 0.4941176 0.4941176 0.4941176 0.4941176 0.4941176 0.4941176 0.4941176 0.4941176 0.4941176 0.4941176 0.4941176 0.4941176 0.4941176 0.4941176 0.4941176 0.4941176 0.4941176 0.4941176 0.4941176 0.4941176 0.4941176 0.4941176 0.4941176 0.4941176 0.4941176 0.4941176 0.4941176 0.4941176 0.4941176 0.4941176 0.4941176 0.4941176 0.4941176 0.4941176 0.4941176 0.4941176 0.4941176 0.4941176 0.4941176 0.4941176 0.4941176 0.4941176 0.4941176 0.4941176 0.4941176 0.4941176 0.4941176 0.4941176 0.4941176 0.4941176 0.4941176 0.4941176 0.4941176 0.4941176 0.4941176 0.4941176 0.4941176 0.4941176 0.4941176 0.4941176 0.4941176 0.4941176 0.4941176 0.4941176 0.4941176 0.4941176 0.4941176 0.4941176 0.4941176 0.4941176 0.4941176 0.4941176 0.4941176 0.4941176 0.4941176 0.4941176 0.4941176 0.4941176 0.4941176 0.4941176 0.4941176 0.4941176 0.4941176 0.4941176 0.4941176 0.4941176 0.4941176 0.4941176 0.4941176 0.4941176 0.4941176 0.4941176 0.4941176 0.4941176 0.4941176 0.4941176 0.4941176 0.4941176 0.4941176 0.4941176 0.4941176 0.4941176 0.4941176 0.4941176 0.4941176 0.4941176 0.4941176 0.4941176 0.4941176 0.4941176 0.4941176 0.4941176 0.4941176 0.4941176 0.4941176 0.4941176 0.4941176 0.4941176 0.4941176 0.4941176 0.4941176 0.4941176 0.4941176 0.4941176 0.4941176 0.4941176 0.4941176 0.4941176 0.4941176 0.4941176 0.4941176 0.4941176 0.4941176 0.4941176 0.4941176 0.4941176 0.4941176 0.4941176 0.4941176 0.4941176 0.4941176 0.4941176 0.4941176 0.4941176 0.4941176 0.4941176 0.4941176 0.4941176 0.4941176 0.4941176 0.4941176 0.4941176 0.4941176 0.4941176 0.4941176</float_array>
          <technique_common>
            <accessor count="1284" source="#colors-array-array" stride="3">
              <param type="float" name="R"/>
              <param type="float" name="G"/>
              <param type="float" name="B"/>
            </accessor>
          </technique_common>
        </source>
        <vertices id="verts-array-vertices">
          <input semantic="POSITION" source="#verts-array"/>
        </vertices>
        <triangles count="1296" material="material0">
          <input offset="0" semantic="VERTEX" source="#verts-array-vertices"/>
          <input offset="1" semantic="NORMAL" source="#normals-array"/>
          <input offset="2" semantic="COLOR" source="#colors-array"/>
          <p>0 0 0 1 1 1 2 2 2 3 3 3 2 2 2 1 1 1 2 2 2 3 3 3 4 4 4 5 5 5 4 4 4 3 3 3 4 4 4 5 5 5 6 6 6 7 7 7 6 6 6 5 5 5 6 6 6 7 7 7 8 8 8 9 9 9 8 8 8 7 7 7 8 8 8 9 9 9 10 10 10 11 11 11 10 10 10 9 9 9 10 10 10 11 11 11 12 12 12 13 13 13 12 12 12 11 11 11 12 12 12 13 13 13 14 14 14 15 15 15 14 14 14 13 13 13 14 14 14 15 15 15 16 16 16 17 17 17 16 16 16 15 15 15 16 16 16 17 17 17 18 18 18 19 19 19 18 18 18 17 17 17 18 18 18 19 19 19 20 20 20 21 21 21 20 20 20 19 19 19 20 20 20 21 21 21 22 22 22 23 23 23 22 22 22 21 21 21 22 22 22 23 23 23 24 24 24 25 25 25 24 24 24 23 23 23 24 24 24 25 25 25 26 26 26 27 27 27 26 26 26 25 25 25 26 26 26 27 27 27 28 28 28 29 29 29 28 28 28 27 27 27 28 28 28 29 29 29 30 30 30 31 31 31 30 30 30 29 29 29 30 30 30 31 31 31 32 32 32 33 33 33 32 32 32 31 31 31 32 32 32 33 33 33 34 34 34 35 35 35 34 34 34 33 33 33 34 34 34 35 35 35 36 36 36 37 37 37 36 36 36 35 35 35 36 36 36 37 37 37 38 38 38 39 39 39 38 38 38 37 37 37 38 38 38 39 39 39 40 40 40 41 41 41 40 40 40 39 39 39 40 40 40 41 41 41 42 42 42 43 43 43 42 42 42 41 41 41 42 42 42 43 43 43 44 44 44 45 45 45 44 44 44 43 43 43 44 44 44 45 45 45 46 46 46 47 47 47 46 46 46 45 45 45 46 46 46 47 47 47 0 0 0 1 1 1 0 0 0 47 47 47 48 48 48 49 49 49 50 50 50 51 51 51 50 50 50 49 49 49 50 50 50 51 51 51 52 52 52 53 53 53 52 52 52 51 51 51 52 52 52 53 53 53 54 54 54 55 55 55 54 54 54 53 53 53 54 54 54 55 55 55 56 56 56 57 57 57 56 56 56 55 55 55 56 56 56 57 57 57 58 58 58 59 59 59 58 58 58 57 57 57 58 58 58 59 59 59 60 60 60 61 61 61 60 60 60 59 59 59 60 60 60 61 61 61 62 62 62 63 63 63 62 62 62 61 61 61 62 62 62 63 63 63 64 64 64 65 65 65 64 64 64 63 63 63 64 64 64 65 65 65 66 66 66 67 67 67 66 66 66 65 65 65 66 66 66 67 67 67 68 68 68 69 69 69 68 68 68 67 67 67 68 68 68 69 69 69 70 70 70 71 71 71 70 70 70 69 69 69 70 70 70 71 71 71 72 72 72 73 73 73 72 72 72 71 71 71 72 72 72 73 73 73 74 74 74 75 75 75 74 74 74 73 73 73 74 74 74 75 75 75 76 76 76 77 77 77 76 76 76 75 75 75 76 76 76 77 77 77 78 78 78 79 79 79 78 78 78 77 77 77 78 78 78 79 79 79 80 80 80 81 81 81 80 80 80 79 79 79 80 80 80 81 81 81 82 82 82 83 83 83 82 82 82 81 81 81 82 82 82 83 83 83 84 84 84 85 85 85 84 84 84 83 83 83 84 84 84 85 85 85 86 86 86 87 87 87 86 86 86 85 85 85 86 86 86 87 87 87 88 88 88 89 89 89 88 88 88 87 87 87 88 88 88 89 89 89 90 90 90 91 91 91 90 90 90 89 89 89 90 90 90 91 91 91 92 92 92 93 93 93 92 92 92 91 91 91 92 92 92 93 93 93 94 94 94 95 95 95 94 94 94 93 93 93 94 94 94 95 95 95 48 48 48 49 49 49 48 48 48 95 95 95 96 96 96 97 97 97 98 98 98 99 99 99 98 98 98 97 97 97 98 98 98 99 99 99 100 100 100 101 101 101 100 100 100 99 99 99 100 100 100 101 101 101 102 102 102 103 103 103 102 102 102 101 101 101 102 102 102 103 103 103 104 104 104 105 105 105 104 104 104 103 103 103 104 104 104 105 105 105 106 106 106 107 107 107 106 106 106 105 105 105 106 106 106 107 107 107 108 108 108 109 109 109 108 108 108 107 107 107 108 108 108 109 109 109 110 110 110 111 111 111 110 110 110 109 109 109 110 110 110 111 111 111 112 112 112 113 113 113 112 112 112 111 111 111 112 112 112 113 113 113 114 114 114 115 115 115 114 114 114 113 113 113 114 114 114 115 115 115 116 116 116 117 117 117 116 116 116 115 115 115 116 116 116 117 117 117 118 118 118 119 119 119 118 118 118 117 117 117 118 118 118 119 119 119 120 120 120 121 121 121 120 120 120 119 119 119 120 120 120 121 121 121 122 122 122 123 123 123 122 122 122 121 121 121 122 122 122 123 123 123 124 124 124 125 125 125 124 124 124 123 123 123 124 124 124 125 125 125 126 126 126 127 127 127 126 126 126 125 125 125 126 126 126 127 127 127 128 128 128 129 129 129 128 128 128 127 127 127 128 128 128 129 129 129 130 130 130 131 131 131 130 130 130 129 129 129 130 130 130 131 131 131 132 132 132 133 133 133 132 132 132 131 131 131 132 132 132 133 133 133 134 134 134 135 135 135 134 134 134 133 133 133 134 134 134 135 135 135 136 136 136 137 137 137 136 136 136 135 135 135 136 136 136 137 137 137 138 138 138 139 139 139 138 138 138 137 137 137 138 138 138 139 139 139 140 140 140 141 141 141 140 140 140 139 139 139 140 140 140 141 141 141 142 142 142 143 143 143 142 142 142 141 141 141 142 142 142 143 143 143 96 96 96 97 97 97 96 96 96 143 143 143 144 144 144 145 145 145 146 146 146 147 147 147 146 146 146 145 145 145 146 146 146 147 147 147 148 148 148 149 149 149 148 148 148 147 147 147 148 148 148 149 149 149 150 150 150 151 151 151 150 150 150 149 149 149 150 150 150 151 151 151 152 152 152 153 153 153 152 152 152 151 151 151 152 152 152 153 153 153 154 154 154 155 155 155 154 154 154 153 153 153 154 154 154 155 155 155 156 156 156 157 157 157 156 156 156 155 155 155 156 156 156 157 157 157 158 158 158 159 159 159 158 158 158 157 157 157 158 158 158 159 159 159 160 160 160 161 161 161 160 160 160 159 159 159 160 160 160 161 161 161 162 162 162 163 163 163 162 162 162 161 161 161 162 162 162 163 163 163 164 164 164 165 165 165 164 164 164 163 163 163 164 164 164 165 165 165 166 166 166 167 167 167 166 166 166 165 165 165 166 166 166 167 167 167 168 168 168 169 169 169 168 168 168 167 167 167 168 168 168 169 169 169 170 170 170 171 171 171 170 170 170 169 169 169 170 170 170 171 171 171 172 172 172 173 173 173 172 172 172 171 171 171 172 172 172 173 173 173 174 174 174 175 175 175 174 174 174 173 173 173 174 174 174 175 175 175 176 176 176 177 177 177 176 176 176 175 175 175 176 176 176 177 177 177 178 178 178 179 179 179 178 178 178 177 177 177 178 178 178 179 179 179 180 180 180 181 181 181 180 180 180 179 179 179 180 180 180 181 181 181 182 182 182 183 183 183 182 182 182 181 181 181 182 182 182 183 183 183 184 184 184 185 185 185 184 184 184 183 183 183 184 184 184 185 185 185 186 186 186 187 187 187 186 186 186 185 185 185 186 186 186 187 187 187 188 188 188 189 189 189 188 188 188 187 187 187 188 188 188 189 189 189 190 190 190 191 191 191 190 190 190 189 189 189 190 190 190 191 191 191 144 144 144 145 145 145 144 144 144 191 191 191 192 192 192 193 193 193 194 194 194 195 195 195 194 194 194 193 193 193 196 196 196 197 197 197 193 193 193 198 198 198 193 193 193 197 197 197 193 193 193 198 198 198 199 199 199 200 200 200 195 195 195 201 201 201 193 193 193 201 201 201 195 195 195 201 201 201 193 193 193 202 202 202 199 199 199 202 202 202 193 193 193 200 200 200 203 203 203 195 195 195 204 204 204 195 195 195 203 203 203 195 195 195 204 204 204 205 205 205 206 206 206 207 207 207 208 208 208 209 209 209 208 208 208 207 207 207 208 208 208 209 209 209 210 210 210 205 205 205 211 211 211 195 195 195 212 212 212 195 195 195 211 211 211 195 195 195 212 212 212 213 213 213 210 210 210 214 214 214 208 208 208 215 215 215 208 208 208 214 214 214 208 208 208 215 215 215 216 216 216 217 217 217 216 216 216 215 215 215 216 216 216 217 217 217 218 218 218 218 218 218 219 219 219 216 216 216 220 220 220 216 216 216 219 219 219 216 216 216 220 220 220 193 193 193 221 221 221 193 193 193 220 220 220 193 193 193 221 221 221 196 196 196 222 222 222 223 223 223 208 208 208 224 224 224 208 208 208 223 223 223 208 208 208 224 224 224 225 225 225 226 226 226 227 227 227 228 228 228 227 227 227 229 229 229 228 228 228 230 230 230 228 228 228 229 229 229 228 228 228 230 230 230 231 231 231 232 232 232 233 233 233 234 234 234 235 235 235 234 234 234 233 233 233 231 231 231 236 236 236 228 228 228 237 237 237 228 228 228 236 236 236 228 228 228 237 237 237 232 232 232 238 238 238 239 239 239 216 216 216 240 240 240 216 216 216 239 239 239 216 216 216 240 240 240 208 208 208 241 241 241 208 208 208 240 240 240 208 208 208 241 241 241 222 222 222 235 235 235 242 242 242 234 234 234 243 243 243 234 234 234 242 242 242 234 234 234 243 243 243 244 244 244 244 244 244 245 245 245 234 234 234 246 246 246 234 234 234 245 245 245 234 234 234 246 246 246 216 216 216 247 247 247 216 216 216 246 246 246 216 216 216 247 247 247 238 238 238 232 232 232 234 234 234 228 228 228 248 248 248 228 228 228 234 234 234 228 228 228 248 248 248 249 249 249 250 250 250 251 251 251 252 252 252 194 194 194 252 252 252 251 251 251 252 252 252 194 194 194 253 253 253 254 254 254 255 255 255 194 194 194 256 256 256 257 257 257 258 258 258 259 259 259 258 258 258 257 257 257 260 260 260 261 261 261 195 195 195 255 255 255 262 262 262 194 194 194 263 263 263 194 194 194 262 262 262 194 194 194 263 263 263 253 253 253 250 250 250 264 264 264 251 251 251 265 265 265 251 251 251 264 264 264 251 251 251 265 265 265 266 266 266 266 266 266 267 267 267 251 251 251 268 268 268 251 251 251 267 267 267 251 251 251 268 268 268 258 258 258 269 269 269 258 258 258 268 268 268 258 258 258 269 269 269 256 256 256 259 259 259 270 270 270 258 258 258 271 271 271 258 258 258 270 270 270 258 258 258 271 271 271 195 195 195 272 272 272 195 195 195 271 271 271 195 195 195 272 272 272 260 260 260 261 261 261 273 273 273 195 195 195 274 274 274 195 195 195 273 273 273 195 195 195 274 274 274 194 194 194 275 275 275 194 194 194 274 274 274 194 194 194 275 275 275 254 254 254 276 276 276 228 228 228 277 277 277 278 278 278 277 277 277 228 228 228 276 276 276 279 279 279 228 228 228 280 280 280 228 228 228 279 279 279 228 228 228 280 280 280 281 281 281 280 280 280 282 282 282 281 281 281 283 283 283 281 281 281 282 282 282 281 281 281 283 283 283 284 284 284 285 285 285 286 286 286 287 287 287 288 288 288 287 287 287 286 286 286 287 287 287 288 288 288 289 289 289 284 284 284 290 290 290 281 281 281 291 291 291 281 281 281 290 290 290 281 281 281 291 291 291 287 287 287 292 292 292 287 287 287 291 291 291 287 287 287 292 292 292 285 285 285 289 289 289 293 293 293 287 287 287 294 294 294 287 287 287 293 293 293 287 287 287 294 294 294 249 249 249 295 295 295 249 249 249 294 294 294 295 295 295 296 296 296 249 249 249 297 297 297 249 249 249 296 296 296 249 249 249 297 297 297 298 298 298 298 298 298 299 299 299 249 249 249 300 300 300 249 249 249 299 299 299 249 249 249 300 300 300 228 228 228 301 301 301 228 228 228 300 300 300 228 228 228 301 301 301 278 278 278 251 251 251 302 302 302 303 303 303 304 304 304 303 303 303 302 302 302 303 303 303 304 304 304 305 305 305 306 306 306 307 307 307 308 308 308 305 305 305 309 309 309 303 303 303 310 310 310 303 303 303 309 309 309 303 303 303 310 310 310 311 311 311 307 307 307 312 312 312 308 308 308 313 313 313 308 308 308 312 312 312 308 308 308 313 313 313 314 314 314 315 315 315 316 316 316 258 258 258 317 317 317 318 318 318 251 251 251 319 319 319 251 251 251 318 318 318 319 319 319 320 320 320 251 251 251 321 321 321 251 251 251 320 320 320 251 251 251 321 321 321 302 302 302 314 314 314 322 322 322 308 308 308 323 323 323 308 308 308 322 322 322 308 308 308 323 323 323 258 258 258 324 324 324 258 258 258 323 323 323 258 258 258 324 324 324 315 315 315 316 316 316 325 325 325 258 258 258 326 326 326 258 258 258 325 325 325 258 258 258 326 326 326 251 251 251 327 327 327 251 251 251 326 326 326 251 251 251 327 327 327 317 317 317 225 225 225 226 226 226 208 208 208 228 228 228 208 208 208 226 226 226 208 208 208 228 228 228 328 328 328 281 281 281 328 328 328 228 228 228 328 328 328 281 281 281 329 329 329 330 330 330 329 329 329 281 281 281 331 331 331 332 332 332 330 330 330 333 333 333 330 330 330 332 332 332 334 334 334 335 335 335 336 336 336 337 337 337 336 336 336 335 335 335 338 338 338 339 339 339 336 336 336 340 340 340 336 336 336 339 339 339 336 336 336 340 340 340 334 334 334 341 341 341 287 287 287 342 342 342 336 336 336 342 342 342 287 287 287 342 342 342 336 336 336 343 343 343 337 337 337 343 343 343 336 336 336 344 344 344 281 281 281 345 345 345 346 346 346 345 345 345 281 281 281 341 341 341 347 347 347 287 287 287 348 348 348 287 287 287 347 347 347 287 287 287 348 348 348 349 349 349 344 344 344 350 350 350 281 281 281 351 351 351 281 281 281 350 350 350 281 281 281 351 351 351 330 330 330 352 352 352 330 330 330 351 351 351 330 330 330 352 352 352 331 331 331 349 349 349 353 353 353 287 287 287 354 354 354 287 287 287 353 353 353 287 287 287 354 354 354 281 281 281 355 355 355 281 281 281 354 354 354 281 281 281 355 355 355 346 346 346 311 311 311 306 306 306 303 303 303 308 308 308 303 303 303 306 306 306 303 303 303 308 308 308 356 356 356 357 357 357 356 356 356 308 308 308 356 356 356 357 357 357 358 358 358 359 359 359 360 360 360 308 308 308 361 361 361 357 357 357 362 362 362 363 363 363 362 362 362 357 357 357 364 364 364 365 365 365 366 366 366 359 359 359 308 308 308 367 367 367 360 360 360 368 368 368 308 308 308 369 369 369 308 308 308 368 368 368 308 308 308 369 369 369 357 357 357 370 370 370 357 357 357 369 369 369 357 357 357 370 370 370 363 363 363 361 361 361 371 371 371 357 357 357 372 372 372 357 357 357 371 371 371 357 357 357 372 372 372 366 366 366 373 373 373 366 366 366 372 372 372 366 366 366 373 373 373 364 364 364 374 374 374 375 375 375 329 329 329 376 376 376 329 329 329 375 375 375 329 329 329 376 376 376 377 377 377 378 378 378 379 379 379 308 308 308 380 380 380 308 308 308 379 379 379 308 308 308 380 380 380 367 367 367 365 365 365 381 381 381 366 366 366 382 382 382 366 366 366 381 381 381 366 366 366 382 382 382 329 329 329 383 383 383 329 329 329 382 382 382 329 329 329 383 383 383 374 374 374 377 377 377 378 378 378 329 329 329 308 308 308 329 329 329 378 378 378 329 329 329 308 308 308 328 328 328 258 258 258 328 328 328 308 308 308 328 328 328 258 258 258 208 208 208 195 195 195 208 208 208 258 258 258 208 208 208 195 195 195 206 206 206 213 213 213 206 206 206 195 195 195 384 384 384 385 385 385 329 329 329 385 385 385 386 386 386 329 329 329 387 387 387 329 329 329 386 386 386 329 329 329 387 387 387 366 366 366 387 387 387 388 388 388 366 366 366 389 389 389 366 366 366 388 388 388 366 366 366 389 389 389 390 390 390 330 330 330 391 391 391 392 392 392 393 393 393 394 394 394 330 330 330 395 395 395 330 330 330 394 394 394 330 330 330 395 395 395 329 329 329 396 396 396 329 329 329 395 395 395 329 329 329 396 396 396 384 384 384 397 397 397 398 398 398 399 399 399 400 400 400 399 399 399 398 398 398 392 392 392 401 401 401 330 330 330 402 402 402 330 330 330 401 401 401 330 330 330 402 402 402 393 393 393 390 390 390 403 403 403 366 366 366 404 404 404 366 366 366 403 403 403 366 366 366 404 404 404 399 399 399 405 405 405 399 399 399 404 404 404 399 399 399 405 405 405 397 397 397 400 400 400 406 406 406 399 399 399 407 407 407 399 399 399 406 406 406 399 399 399 407 407 407 330 330 330 408 408 408 330 330 330 407 407 407 330 330 330 408 408 408 391 391 391 333 333 333 338 338 338 330 330 330 336 336 336 330 330 330 338 338 338 330 330 330 336 336 336 399 399 399 409 409 409 399 399 399 336 336 336 358 358 358 357 357 357 410 410 410 366 366 366 410 410 410 357 357 357 410 410 410 366 366 366 411 411 411 399 399 399 411 411 411 366 366 366 411 411 411 399 399 399 412 412 412 409 409 409 412 412 412 399 399 399 412 412 412 409 409 409 413 413 413 248 248 248 414 414 414 249 249 249 415 415 415 249 249 249 414 414 414 249 249 249 415 415 415 287 287 287 416 416 416 287 287 287 415 415 415 287 287 287 416 416 416 336 336 336 417 417 417 336 336 336 416 416 416 336 336 336 417 417 417 409 409 409 418 418 418 409 409 409 417 417 417 409 409 409 418 418 418 413 413 413 419 419 419 413 413 413 418 418 418 420 420 420 421 421 421 422 422 422 423 423 423 424 424 424 425 425 425 426 426 426 425 425 425 424 424 424 425 425 425 426 426 426 422 422 422 427 427 427 422 422 422 426 426 426 422 422 422 427 427 427 420 420 420 428 428 428 429 429 429 430 430 430 431 431 431 430 430 430 429 429 429 432 432 432 433 433 433 434 434 434 434 434 434 435 435 435 432 432 432 436 436 436 432 432 432 435 435 435 432 432 432 436 436 436 437 437 437 438 438 438 437 437 437 436 436 436 438 438 438 439 439 439 437 437 437 440 440 440 437 437 437 439 439 439 437 437 437 440 440 440 441 441 441 431 431 431 429 429 429 442 442 442 443 443 443 442 442 442 429 429 429 442 442 442 443 443 443 444 444 444 443 443 443 445 445 445 446 446 446 447 447 447 448 448 448 429 429 429 449 449 449 450 450 450 432 432 432 451 451 451 432 432 432 450 450 450 451 451 451 452 452 452 432 432 432 453 453 453 432 432 432 452 452 452 432 432 432 453 453 453 454 454 454 446 446 446 455 455 455 443 443 443 456 456 456 443 443 443 455 455 455 443 443 443 456 456 456 444 444 444 457 457 457 458 458 458 454 454 454 459 459 459 454 454 454 458 458 458 454 454 454 459 459 459 432 432 432 460 460 460 432 432 432 459 459 459 432 432 432 460 460 460 433 433 433 441 441 441 461 461 461 437 437 437 462 462 462 437 437 437 461 461 461 437 437 437 462 462 462 443 443 443 463 463 463 443 443 443 462 462 462 443 443 443 463 463 463 445 445 445 457 457 457 464 464 464 458 458 458 465 465 465 458 458 458 464 464 464 458 458 458 465 465 465 466 466 466 429 429 429 467 467 467 432 432 432 468 468 468 432 432 432 467 467 467 432 432 432 468 468 468 449 449 449 469 469 469 470 470 470 428 428 428 471 471 471 428 428 428 470 470 470 471 471 471 472 472 472 428 428 428 473 473 473 428 428 428 472 472 472 428 428 428 473 473 473 429 429 429 474 474 474 429 429 429 473 473 473 429 429 429 474 474 474 447 447 447 448 448 448 475 475 475 429 429 429 476 476 476 429 429 429 475 475 475 429 429 429 476 476 476 467 467 467 466 466 466 477 477 477 458 458 458 478 478 478 458 458 458 477 477 477 458 458 458 478 478 478 469 469 469 479 479 479 469 469 469 478 478 478 469 469 469 479 479 479 470 470 470 480 480 480 481 481 481 482 482 482 482 482 482 483 483 483 480 480 480 484 484 484 480 480 480 483 483 483 480 480 480 484 484 484 485 485 485 486 486 486 485 485 485 484 484 484 485 485 485 486 486 486 487 487 487 488 488 488 487 487 487 486 486 486 487 487 487 488 488 488 489 489 489 490 490 490 489 489 489 488 488 488 489 489 489 490 490 490 491 491 491 492 492 492 493 493 493 494 494 494 494 494 494 495 495 495 492 492 492 496 496 496 492 492 492 495 495 495 492 492 492 496 496 496 497 497 497 498 498 498 497 497 497 496 496 496 497 497 497 498 498 498 499 499 499 500 500 500 501 501 501 502 502 502 503 503 503 504 504 504 505 505 505 506 506 506 505 505 505 504 504 504 500 500 500 502 502 502 507 507 507 505 505 505 507 507 507 502 502 502 507 507 507 505 505 505 508 508 508 506 506 506 508 508 508 505 505 505 508 508 508 506 506 506 509 509 509 510 510 510 511 511 511 512 512 512 513 513 513 512 512 512 511 511 511 514 514 514 515 515 515 513 513 513 509 509 509 513 513 513 515 515 515 513 513 513 509 509 509 512 512 512 506 506 506 512 512 512 509 509 509 516 516 516 517 517 517 518 518 518 519 519 519 518 518 518 520 520 520 521 521 521 520 520 520 518 518 518 518 518 518 517 517 517 522 522 522 523 523 523 524 524 524 525 525 525 522 522 522 525 525 525 524 524 524 525 525 525 522 522 522 526 526 526 527 527 527 526 526 526 522 522 522 523 523 523 528 528 528 524 524 524 529 529 529 524 524 524 528 528 528 524 524 524 529 529 529 530 530 530 531 531 531 532 532 532 518 518 518 533 533 533 518 518 518 532 532 532 518 518 518 533 533 533 521 521 521 534 534 534 535 535 535 531 531 531 536 536 536 531 531 531 535 535 535 537 537 537 538 538 538 518 518 518 517 517 517 539 539 539 522 522 522 540 540 540 522 522 522 539 539 539 522 522 522 540 540 540 541 541 541 541 541 541 542 542 542 522 522 522 543 543 543 522 522 522 542 542 542 522 522 522 543 543 543 544 544 544 536 536 536 545 545 545 531 531 531 546 546 546 531 531 531 545 545 545 531 531 531 546 546 546 532 532 532 547 547 547 548 548 548 544 544 544 549 549 549 544 544 544 548 548 548 544 544 544 549 549 549 522 522 522 550 550 550 522 522 522 549 549 549 522 522 522 550 550 550 527 527 527 530 530 530 551 551 551 524 524 524 552 552 552 524 524 524 551 551 551 524 524 524 552 552 552 531 531 531 553 553 553 531 531 531 552 552 552 531 531 531 553 553 553 534 534 534 547 547 547 554 554 554 548 548 548 555 555 555 548 548 548 554 554 554 548 548 548 555 555 555 556 556 556 557 557 557 558 558 558 519 519 519 559 559 559 519 519 519 558 558 558 559 559 559 560 560 560 519 519 519 561 561 561 519 519 519 560 560 560 519 519 519 561 561 561 518 518 518 562 562 562 518 518 518 561 561 561 518 518 518 562 562 562 537 537 537 538 538 538 563 563 563 518 518 518 564 564 564 518 518 518 563 563 563 518 518 518 564 564 564 516 516 516 556 556 556 565 565 565 548 548 548 566 566 566 548 548 548 565 565 565 548 548 548 566 566 566 557 557 557 567 567 567 557 557 557 566 566 566 557 557 557 567 567 567 558 558 558 568 568 568 569 569 569 570 570 570 571 571 571 570 570 570 569 569 569 572 572 572 573 573 573 574 574 574 575 575 575 574 574 574 573 573 573 576 576 576 577 577 577 578 578 578 579 579 579 578 578 578 577 577 577 580 580 580 581 581 581 582 582 582 583 583 583 582 582 582 581 581 581 582 582 582 583 583 583 584 584 584 585 585 585 586 586 586 587 587 587 588 588 588 587 587 587 586 586 586 587 587 587 588 588 588 589 589 589 590 590 590 591 591 591 592 592 592 593 593 593 592 592 592 591 591 591 594 594 594 595 595 595 596 596 596 597 597 597 596 596 596 595 595 595 598 598 598 599 599 599 600 600 600 601 601 601 602 602 602 603 603 603 604 604 604 605 605 605 606 606 606 607 607 607 606 606 606 605 605 605 606 606 606 607 607 607 608 608 608 609 609 609 610 610 610 603 603 603 611 611 611 603 603 603 610 610 610 603 603 603 611 611 611 612 612 612 612 612 612 613 613 613 603 603 603 614 614 614 603 603 603 613 613 613 603 603 603 614 614 614 615 615 615 602 602 602 616 616 616 603 603 603 617 617 617 603 603 603 616 616 616 603 603 603 617 617 617 606 606 606 618 618 618 606 606 606 617 617 617 606 606 606 618 618 618 604 604 604 608 608 608 619 619 619 606 606 606 620 620 620 606 606 606 619 619 619 606 606 606 620 620 620 621 621 621 622 622 622 621 621 621 620 620 620 621 621 621 622 622 622 623 623 623 623 623 623 624 624 624 621 621 621 625 625 625 621 621 621 624 624 624 621 621 621 625 625 625 626 626 626 627 627 627 628 628 628 629 629 629 626 626 626 630 630 630 621 621 621 631 631 631 621 621 621 630 630 630 621 621 621 631 631 631 632 632 632 633 633 633 632 632 632 631 631 631 632 632 632 633 633 633 634 634 634 627 627 627 629 629 629 635 635 635 634 634 634 636 636 636 637 637 637 632 632 632 638 638 638 639 639 639 609 609 609 603 603 603 640 640 640 632 632 632 640 640 640 603 603 603 640 640 640 632 632 632 641 641 641 601 601 601 603 603 603 642 642 642 615 615 615 642 642 642 603 603 603 642 642 642 615 615 615 629 629 629 643 643 643 629 629 629 615 615 615 629 629 629 643 643 643 635 635 635 639 639 639 644 644 644 632 632 632 645 645 645 632 632 632 644 644 644 632 632 632 645 645 645 641 641 641 634 634 634 646 646 646 636 636 636 647 647 647 636 636 636 646 646 646 636 636 636 647 647 647 648 648 648 629 629 629 648 648 648 647 647 647 648 648 648 629 629 629 649 649 649 628 628 628 649 649 649 629 629 629 637 637 637 650 650 650 634 634 634 651 651 651 634 634 634 650 650 650 634 634 634 651 651 651 632 632 632 652 652 652 632 632 632 651 651 651 632 632 632 652 652 652 638 638 638 653 653 653 654 654 654 655 655 655 656 656 656 655 655 655 654 654 654 655 655 655 656 656 656 657 657 657 658 658 658 659 659 659 660 660 660 661 661 661 660 660 660 659 659 659 662 662 662 663 663 663 664 664 664 665 665 665 655 655 655 666 666 666 667 667 667 666 666 666 655 655 655 665 665 665 668 668 668 655 655 655 669 669 669 655 655 655 668 668 668 655 655 655 669 669 669 660 660 660 670 670 670 660 660 660 669 669 669 660 660 660 670 670 670 658 658 658 664 664 664 671 671 671 662 662 662 672 672 672 662 662 662 671 671 671 662 662 662 672 672 672 673 673 673 673 673 673 674 674 674 662 662 662 675 675 675 662 662 662 674 674 674 662 662 662 675 675 675 676 676 676 677 677 677 676 676 676 675 675 675 676 676 676 677 677 677 678 678 678 678 678 678 679 679 679 680 680 680 681 681 681 680 680 680 679 679 679 680 680 680 681 681 681 682 682 682 683 683 683 684 684 684 676 676 676 685 685 685 676 676 676 684 684 684 676 676 676 685 685 685 655 655 655 686 686 686 655 655 655 685 685 685 655 655 655 686 686 686 653 653 653 657 657 657 687 687 687 655 655 655 688 688 688 655 655 655 687 687 687 655 655 655 688 688 688 667 667 667 689 689 689 667 667 667 688 688 688 667 667 667 689 689 689 690 690 690 661 661 661 691 691 691 660 660 660 692 692 692 660 660 660 691 691 691 660 660 660 692 692 692 662 662 662 693 693 693 662 662 662 692 692 692 662 662 662 693 693 693 663 663 663 690 690 690 694 694 694 667 667 667 695 695 695 667 667 667 694 694 694 667 667 667 695 695 695 696 696 696 697 697 697 696 696 696 695 695 695 696 696 696 697 697 697 681 681 681 698 698 698 681 681 681 697 697 697 681 681 681 698 698 698 682 682 682 680 680 680 699 699 699 678 678 678 700 700 700 678 678 678 699 699 699 678 678 678 700 700 700 676 676 676 701 701 701 676 676 676 700 700 700 676 676 676 701 701 701 702 702 702 702 702 702 703 703 703 676 676 676 704 704 704 676 676 676 703 703 703 676 676 676 704 704 704 683 683 683 705 705 705 706 706 706 707 707 707 708 708 708 709 709 709 710 710 710 711 711 711 710 710 710 709 709 709 710 710 710 711 711 711 712 712 712 713 713 713 712 712 712 711 711 711 712 712 712 713 713 713 714 714 714 715 715 715 714 714 714 713 713 713 714 714 714 715 715 715 716 716 716 717 717 717 716 716 716 715 715 715 716 716 716 717 717 717 718 718 718 719 719 719 718 718 718 717 717 717 718 718 718 719 719 719 720 720 720 721 721 721 720 720 720 719 719 719 720 720 720 721 721 721 722 722 722 723 723 723 722 722 722 721 721 721 722 722 722 723 723 723 724 724 724 725 725 725 724 724 724 723 723 723 724 724 724 725 725 725 726 726 726 727 727 727 726 726 726 725 725 725 726 726 726 727 727 727 728 728 728 729 729 729 728 728 728 727 727 727 728 728 728 729 729 729 730 730 730 731 731 731 730 730 730 729 729 729 730 730 730 731 731 731 732 732 732 733 733 733 732 732 732 731 731 731 732 732 732 733 733 733 734 734 734 735 735 735 734 734 734 733 733 733 734 734 734 735 735 735 736 736 736 737 737 737 736 736 736 735 735 735 736 736 736 737 737 737 738 738 738 739 739 739 738 738 738 737 737 737 738 738 738 739 739 739 740 740 740 741 741 741 740 740 740 739 739 739 740 740 740 741 741 741 742 742 742 743 743 743 742 742 742 741 741 741 742 742 742 743 743 743 744 744 744 745 745 745 744 744 744 743 743 743 744 744 744 745 745 745 746 746 746 747 747 747 746 746 746 745 745 745 746 746 746 747 747 747 748 748 748 749 749 749 748 748 748 747 747 747 748 748 748 749 749 749 750 750 750 751 751 751 750 750 750 749 749 749 750 750 750 751 751 751 752 752 752 753 753 753 752 752 752 751 751 751 752 752 752 753 753 753 754 754 754 755 755 755 754 754 754 753 753 753 754 754 754 755 755 755 708 708 708 709 709 709 708 708 708 755 755 755 756 756 756 757 757 757 758 758 758 759 759 759 758 758 758 757 757 757 758 758 758 759 759 759 760 760 760 761 761 761 760 760 760 759 759 759 760 760 760 761 761 761 762 762 762 763 763 763 762 762 762 761 761 761 762 762 762 763 763 763 764 764 764 765 765 765 764 764 764 763 763 763 764 764 764 765 765 765 766 766 766 767 767 767 766 766 766 765 765 765 766 766 766 767 767 767 768 768 768 769 769 769 768 768 768 767 767 767 768 768 768 769 769 769 770 770 770 771 771 771 770 770 770 769 769 769 770 770 770 771 771 771 772 772 772 773 773 773 772 772 772 771 771 771 772 772 772 773 773 773 774 774 774 775 775 775 774 774 774 773 773 773 774 774 774 775 775 775 776 776 776 777 777 777 776 776 776 775 775 775 776 776 776 777 777 777 778 778 778 779 779 779 778 778 778 777 777 777 778 778 778 779 779 779 780 780 780 781 781 781 780 780 780 779 779 779 780 780 780 781 781 781 782 782 782 783 783 783 782 782 782 781 781 781 782 782 782 783 783 783 784 784 784 785 785 785 784 784 784 783 783 783 784 784 784 785 785 785 786 786 786 787 787 787 786 786 786 785 785 785 786 786 786 787 787 787 788 788 788 789 789 789 788 788 788 787 787 787 788 788 788 789 789 789 790 790 790 791 791 791 790 790 790 789 789 789 790 790 790 791 791 791 792 792 792 793 793 793 792 792 792 791 791 791 792 792 792 793 793 793 794 794 794 795 795 795 794 794 794 793 793 793 794 794 794 795 795 795 796 796 796 797 797 797 796 796 796 795 795 795 796 796 796 797 797 797 798 798 798 799 799 799 798 798 798 797 797 797 798 798 798 799 799 799 800 800 800 801 801 801 800 800 800 799 799 799 800 800 800 801 801 801 802 802 802 803 803 803 802 802 802 801 801 801 802 802 802 803 803 803 756 756 756 757 757 757 756 756 756 803 803 803 804 804 804 805 805 805 806 806 806 807 807 807 806 806 806 805 805 805 806 806 806 807 807 807 808 808 808 809 809 809 808 808 808 807 807 807 808 808 808 809 809 809 810 810 810 811 811 811 810 810 810 809 809 809 810 810 810 811 811 811 812 812 812 813 813 813 812 812 812 811 811 811 812 812 812 813 813 813 814 814 814 815 815 815 814 814 814 813 813 813 814 814 814 815 815 815 816 816 816 817 817 817 816 816 816 815 815 815 816 816 816 817 817 817 818 818 818 819 819 819 818 818 818 817 817 817 818 818 818 819 819 819 820 820 820 821 821 821 820 820 820 819 819 819 820 820 820 821 821 821 822 822 822 823 823 823 822 822 822 821 821 821 822 822 822 823 823 823 824 824 824 825 825 825 824 824 824 823 823 823 824 824 824 825 825 825 826 826 826 827 827 827 826 826 826 825 825 825 826 826 826 827 827 827 828 828 828 829 829 829 828 828 828 827 827 827 828 828 828 829 829 829 830 830 830 831 831 831 830 830 830 829 829 829 830 830 830 831 831 831 832 832 832 833 833 833 832 832 832 831 831 831 832 832 832 833 833 833 834 834 834 835 835 835 834 834 834 833 833 833 834 834 834 835 835 835 836 836 836 837 837 837 836 836 836 835 835 835 836 836 836 837 837 837 838 838 838 839 839 839 838 838 838 837 837 837 838 838 838 839 839 839 840 840 840 841 841 841 840 840 840 839 839 839 840 840 840 841 841 841 842 842 842 843 843 843 842 842 842 841 841 841 842 842 842 843 843 843 844 844 844 845 845 845 844 844 844 843 843 843 844 844 844 845 845 845 846 846 846 847 847 847 846 846 846 845 845 845 846 846 846 847 847 847 848 848 848 849 849 849 848 848 848 847 847 847 848 848 848 849 849 849 850 850 850 851 851 851 850 850 850 849 849 849 850 850 850 851 851 851 804 804 804 805 805 805 804 804 804 851 851 851 852 852 852 853 853 853 854 854 854 855 855 855 854 854 854 853 853 853 854 854 854 855 855 855 856 856 856 857 857 857 856 856 856 855 855 855 856 856 856 857 857 857 858 858 858 859 859 859 858 858 858 857 857 857 858 858 858 859 859 859 860 860 860 861 861 861 860 860 860 859 859 859 860 860 860 861 861 861 862 862 862 863 863 863 862 862 862 861 861 861 862 862 862 863 863 863 864 864 864 865 865 865 864 864 864 863 863 863 864 864 864 865 865 865 866 866 866 867 867 867 866 866 866 865 865 865 866 866 866 867 867 867 868 868 868 869 869 869 868 868 868 867 867 867 868 868 868 869 869 869 870 870 870 871 871 871 870 870 870 869 869 869 870 870 870 871 871 871 872 872 872 873 873 873 872 872 872 871 871 871 872 872 872 873 873 873 874 874 874 875 875 875 874 874 874 873 873 873 874 874 874 875 875 875 876 876 876 877 877 877 876 876 876 875 875 875 876 876 876 877 877 877 878 878 878 879 879 879 878 878 878 877 877 877 878 878 878 879 879 879 880 880 880 881 881 881 880 880 880 879 879 879 880 880 880 881 881 881 882 882 882 883 883 883 882 882 882 881 881 881 882 882 882 883 883 883 884 884 884 885 885 885 884 884 884 883 883 883 884 884 884 885 885 885 886 886 886 887 887 887 886 886 886 885 885 885 886 886 886 887 887 887 888 888 888 889 889 889 888 888 888 887 887 887 888 888 888 889 889 889 890 890 890 891 891 891 890 890 890 889 889 889 890 890 890 891 891 891 892 892 892 893 893 893 892 892 892 891 891 891 892 892 892 893 893 893 894 894 894 895 895 895 894 894 894 893 893 893 894 894 894 895 895 895 896 896 896 897 897 897 896 896 896 895 895 895 896 896 896 897 897 897 898 898 898 899 899 899 898 898 898 897 897 897 898 898 898 899 899 899 852 852 852 853 853 853 852 852 852 899 899 899 900 900 900 901 901 901 902 902 902 903 903 903 902 902 902 901 901 901 902 902 902 903 903 903 904 904 904 905 905 905 904 904 904 903 903 903 904 904 904 905 905 905 906 906 906 907 907 907 906 906 906 905 905 905 906 906 906 907 907 907 908 908 908 909 909 909 908 908 908 907 907 907 908 908 908 909 909 909 910 910 910 911 911 911 910 910 910 909 909 909 910 910 910 911 911 911 912 912 912 913 913 913 912 912 912 911 911 911 912 912 912 913 913 913 914 914 914 915 915 915 914 914 914 913 913 913 914 914 914 915 915 915 916 916 916 917 917 917 916 916 916 915 915 915 916 916 916 917 917 917 918 918 918 919 919 919 918 918 918 917 917 917 918 918 918 919 919 919 920 920 920 921 921 921 920 920 920 919 919 919 920 920 920 921 921 921 922 922 922 923 923 923 922 922 922 921 921 921 922 922 922 923 923 923 924 924 924 925 925 925 924 924 924 923 923 923 924 924 924 925 925 925 926 926 926 927 927 927 926 926 926 925 925 925 926 926 926 927 927 927 928 928 928 929 929 929 928 928 928 927 927 927 928 928 928 929 929 929 930 930 930 931 931 931 930 930 930 929 929 929 930 930 930 931 931 931 932 932 932 933 933 933 932 932 932 931 931 931 932 932 932 933 933 933 934 934 934 935 935 935 934 934 934 933 933 933 934 934 934 935 935 935 936 936 936 937 937 937 936 936 936 935 935 935 936 936 936 937 937 937 938 938 938 939 939 939 938 938 938 937 937 937 938 938 938 939 939 939 940 940 940 941 941 941 940 940 940 939 939 939 940 940 940 941 941 941 942 942 942 943 943 943 942 942 942 941 941 941 942 942 942 943 943 943 944 944 944 945 945 945 944 944 944 943 943 943 944 944 944 945 945 945 946 946 946 947 947 947 946 946 946 945 945 945 946 946 946 947 947 947 900 900 900 901 901 901 900 900 900 947 947 947 948 948 948 949 949 949 950 950 950 951 951 951 950 950 950 949 949 949 950 950 950 951 951 951 952 952 952 953 953 953 952 952 952 951 951 951 952 952 952 953 953 953 954 954 954 955 955 955 954 954 954 953 953 953 954 954 954 955 955 955 956 956 956 957 957 957 956 956 956 955 955 955 956 956 956 957 957 957 958 958 958 959 959 959 958 958 958 957 957 957 958 958 958 959 959 959 960 960 960 961 961 961 960 960 960 959 959 959 960 960 960 961 961 961 962 962 962 963 963 963 962 962 962 961 961 961 962 962 962 963 963 963 964 964 964 965 965 965 964 964 964 963 963 963 964 964 964 965 965 965 966 966 966 967 967 967 966 966 966 965 965 965 966 966 966 967 967 967 968 968 968 969 969 969 968 968 968 967 967 967 968 968 968 969 969 969 970 970 970 971 971 971 970 970 970 969 969 969 970 970 970 971 971 971 972 972 972 973 973 973 972 972 972 971 971 971 972 972 972 973 973 973 974 974 974 975 975 975 974 974 974 973 973 973 974 974 974 975 975 975 976 976 976 977 977 977 976 976 976 975 975 975 976 976 976 977 977 977 978 978 978 979 979 979 978 978 978 977 977 977 978 978 978 979 979 979 980 980 980 981 981 981 980 980 980 979 979 979 980 980 980 981 981 981 982 982 982 983 983 983 982 982 982 981 981 981 982 982 982 983 983 983 984 984 984 985 985 985 984 984 984 983 983 983 984 984 984 985 985 985 986 986 986 987 987 987 986 986 986 985 985 985 986 986 986 987 987 987 988 988 988 989 989 989 988 988 988 987 987 987 988 988 988 989 989 989 990 990 990 991 991 991 990 990 990 989 989 989 990 990 990 991 991 991 992 992 992 993 993 993 992 992 992 991 991 991 992 992 992 993 993 993 994 994 994 995 995 995 994 994 994 993 993 993 994 994 994 995 995 995 948 948 948 949 949 949 948 948 948 995 995 995 996 996 996 997 997 997 998 998 998 999 999 999 998 998 998 997 997 997 998 998 998 999 999 999 1000 1000 1000 1001 1001 1001 1000 1000 1000 999 999 999 1000 1000 1000 1001 1001 1001 1002 1002 1002 1003 1003 1003 1002 1002 1002 1001 1001 1001 1002 1002 1002 1003 1003 1003 1004 1004 1004 1005 1005 1005 1004 1004 1004 1003 1003 1003 1004 1004 1004 1005 1005 1005 1006 1006 1006 1007 1007 1007 1006 1006 1006 1005 1005 1005 1006 1006 1006 1007 1007 1007 1008 1008 1008 1009 1009 1009 1008 1008 1008 1007 1007 1007 1008 1008 1008 1009 1009 1009 1010 1010 1010 1011 1011 1011 1010 1010 1010 1009 1009 1009 1010 1010 1010 1011 1011 1011 1012 1012 1012 1013 1013 1013 1012 1012 1012 1011 1011 1011 1012 1012 1012 1013 1013 1013 1014 1014 1014 1015 1015 1015 1014 1014 1014 1013 1013 1013 1014 1014 1014 1015 1015 1015 1016 1016 1016 1017 1017 1017 1016 1016 1016 1015 1015 1015 1016 1016 1016 1017 1017 1017 1018 1018 1018 1019 1019 1019 1018 1018 1018 1017 1017 1017 1018 1018 1018 1019 1019 1019 1020 1020 1020 1021 1021 1021 1020 1020 1020 1019 1019 1019 1020 1020 1020 1021 1021 1021 1022 1022 1022 1023 1023 1023 1022 1022 1022 1021 1021 1021 1022 1022 1022 1023 1023 1023 1024 1024 1024 1025 1025 1025 1024 1024 1024 1023 1023 1023 1024 1024 1024 1025 1025 1025 1026 1026 1026 1027 1027 1027 1026 1026 1026 1025 1025 1025 1026 1026 1026 1027 1027 1027 1028 1028 1028 1029 1029 1029 1028 1028 1028 1027 1027 1027 1028 1028 1028 1029 1029 1029 1030 1030 1030 1031 1031 1031 1030 1030 1030 1029 1029 1029 1030 1030 1030 1031 1031 1031 1032 1032 1032 1033 1033 1033 1032 1032 1032 1031 1031 1031 1032 1032 1032 1033 1033 1033 1034 1034 1034 1035 1035 1035 1034 1034 1034 1033 1033 1033 1034 1034 1034 1035 1035 1035 1036 1036 1036 1037 1037 1037 1036 1036 1036 1035 1035 1035 1036 1036 1036 1037 1037 1037 1038 1038 1038 1039 1039 1039 1038 1038 1038 1037 1037 1037 1038 1038 1038 1039 1039 1039 1040 1040 1040 1041 1041 1041 1040 1040 1040 1039 1039 1039 1040 1040 1040 1041 1041 1041 1042 1042 1042 1043 1043 1043 1042 1042 1042 1041 1041 1041 1042 1042 1042 1043 1043 1043 996 996 996 997 997 997 996 996 996 1043 1043 1043 1044 1044 1044 1045 1045 1045 1046 1046 1046 1047 1047 1047 1046 1046 1046 1045 1045 1045 1046 1046 1046 1047 1047 1047 1048 1048 1048 1049 1049 1049 1048 1048 1048 1047 1047 1047 1048 1048 1048 1049 1049 1049 1050 1050 1050 1051 1051 1051 1050 1050 1050 1049 1049 1049 1050 1050 1050 1051 1051 1051 1052 1052 1052 1053 1053 1053 1052 1052 1052 1051 1051 1051 1052 1052 1052 1053 1053 1053 1054 1054 1054 1055 1055 1055 1054 1054 1054 1053 1053 1053 1054 1054 1054 1055 1055 1055 1056 1056 1056 1057 1057 1057 1056 1056 1056 1055 1055 1055 1056 1056 1056 1057 1057 1057 1058 1058 1058 1059 1059 1059 1058 1058 1058 1057 1057 1057 1058 1058 1058 1059 1059 1059 1060 1060 1060 1061 1061 1061 1060 1060 1060 1059 1059 1059 1060 1060 1060 1061 1061 1061 1062 1062 1062 1063 1063 1063 1062 1062 1062 1061 1061 1061 1062 1062 1062 1063 1063 1063 1064 1064 1064 1065 1065 1065 1064 1064 1064 1063 1063 1063 1064 1064 1064 1065 1065 1065 1066 1066 1066 1067 1067 1067 1066 1066 1066 1065 1065 1065 1066 1066 1066 1067 1067 1067 1068 1068 1068 1069 1069 1069 1068 1068 1068 1067 1067 1067 1068 1068 1068 1069 1069 1069 1070 1070 1070 1071 1071 1071 1070 1070 1070 1069 1069 1069 1070 1070 1070 1071 1071 1071 1072 1072 1072 1073 1073 1073 1072 1072 1072 1071 1071 1071 1072 1072 1072 1073 1073 1073 1074 1074 1074 1075 1075 1075 1074 1074 1074 1073 1073 1073 1074 1074 1074 1075 1075 1075 1076 1076 1076 1077 1077 1077 1076 1076 1076 1075 1075 1075 1076 1076 1076 1077 1077 1077 1078 1078 1078 1079 1079 1079 1078 1078 1078 1077 1077 1077 1078 1078 1078 1079 1079 1079 1080 1080 1080 1081 1081 1081 1080 1080 1080 1079 1079 1079 1080 1080 1080 1081 1081 1081 1082 1082 1082 1083 1083 1083 1082 1082 1082 1081 1081 1081 1082 1082 1082 1083 1083 1083 1084 1084 1084 1085 1085 1085 1084 1084 1084 1083 1083 1083 1084 1084 1084 1085 1085 1085 1086 1086 1086 1087 1087 1087 1086 1086 1086 1085 1085 1085 1086 1086 1086 1087 1087 1087 1088 1088 1088 1089 1089 1089 1088 1088 1088 1087 1087 1087 1088 1088 1088 1089 1089 1089 1090 1090 1090 1091 1091 1091 1090 1090 1090 1089 1089 1089 1090 1090 1090 1091 1091 1091 1044 1044 1044 1045 1045 1045 1044 1044 1044 1091 1091 1091 1092 1092 1092 1093 1093 1093 1094 1094 1094 1095 1095 1095 1094 1094 1094 1093 1093 1093 1094 1094 1094 1095 1095 1095 1096 1096 1096 1097 1097 1097 1096 1096 1096 1095 1095 1095 1096 1096 1096 1097 1097 1097 1098 1098 1098 1099 1099 1099 1098 1098 1098 1097 1097 1097 1098 1098 1098 1099 1099 1099 1100 1100 1100 1101 1101 1101 1100 1100 1100 1099 1099 1099 1100 1100 1100 1101 1101 1101 1102 1102 1102 1103 1103 1103 1102 1102 1102 1101 1101 1101 1102 1102 1102 1103 1103 1103 1104 1104 1104 1105 1105 1105 1104 1104 1104 1103 1103 1103 1104 1104 1104 1105 1105 1105 1106 1106 1106 1107 1107 1107 1106 1106 1106 1105 1105 1105 1106 1106 1106 1107 1107 1107 1108 1108 1108 1109 1109 1109 1108 1108 1108 1107 1107 1107 1108 1108 1108 1109 1109 1109 1110 1110 1110 1111 1111 1111 1110 1110 1110 1109 1109 1109 1110 1110 1110 1111 1111 1111 1112 1112 1112 1113 1113 1113 1112 1112 1112 1111 1111 1111 1112 1112 1112 1113 1113 1113 1114 1114 1114 1115 1115 1115 1114 1114 1114 1113 1113 1113 1114 1114 1114 1115 1115 1115 1116 1116 1116 1117 1117 1117 1116 1116 1116 1115 1115 1115 1116 1116 1116 1117 1117 1117 1118 1118 1118 1119 1119 1119 1118 1118 1118 1117 1117 1117 1118 1118 1118 1119 1119 1119 1120 1120 1120 1121 1121 1121 1120 1120 1120 1119 1119 1119 1120 1120 1120 1121 1121 1121 1122 1122 1122 1123 1123 1123 1122 1122 1122 1121 1121 1121 1122 1122 1122 1123 1123 1123 1124 1124 1124 1125 1125 1125 1124 1124 1124 1123 1123 1123 1124 1124 1124 1125 1125 1125 1126 1126 1126 1127 1127 1127 1126 1126 1126 1125 1125 1125 1126 1126 1126 1127 1127 1127 1128 1128 1128 1129 1129 1129 1128 1128 1128 1127 1127 1127 1128 1128 1128 1129 1129 1129 1130 1130 1130 1131 1131 1131 1130 1130 1130 1129 1129 1129 1130 1130 1130 1131 1131 1131 1132 1132 1132 1133 1133 1133 1132 1132 1132 1131 1131 1131 1132 1132 1132 1133 1133 1133 1134 1134 1134 1135 1135 1135 1134 1134 1134 1133 1133 1133 1134 1134 1134 1135 1135 1135 1136 1136 1136 1137 1137 1137 1136 1136 1136 1135 1135 1135 1136 1136 1136 1137 1137 1137 1138 1138 1138 1139 1139 1139 1138 1138 1138 1137 1137 1137 1138 1138 1138 1139 1139 1139 1092 1092 1092 1093 1093 1093 1092 1092 1092 1139 1139 1139 1140 1140 1140 1141 1141 1141 1142 1142 1142 1143 1143 1143 1142 1142 1142 1141 1141 1141 1142 1142 1142 1143 1143 1143 1144 1144 1144 1145 1145 1145 1144 1144 1144 1143 1143 1143 1144 1144 1144 1145 1145 1145 1146 1146 1146 1147 1147 1147 1146 1146 1146 1145 1145 1145 1146 1146 1146 1147 1147 1147 1148 1148 1148 1149 1149 1149 1148 1148 1148 1147 1147 1147 1148 1148 1148 1149 1149 1149 1150 1150 1150 1151 1151 1151 1150 1150 1150 1149 1149 1149 1150 1150 1150 1151 1151 1151 1152 1152 1152 1153 1153 1153 1152 1152 1152 1151 1151 1151 1152 1152 1152 1153 1153 1153 1154 1154 1154 1155 1155 1155 1154 1154 1154 1153 1153 1153 1154 1154 1154 1155 1155 1155 1156 1156 1156 1157 1157 1157 1156 1156 1156 1155 1155 1155 1156 1156 1156 1157 1157 1157 1158 1158 1158 1159 1159 1159 1158 1158 1158 1157 1157 1157 1158 1158 1158 1159 1159 1159 1160 1160 1160 1161 1161 1161 1160 1160 1160 1159 1159 1159 1160 1160 1160 1161 1161 1161 1162 1162 1162 1163 1163 1163 1162 1162 1162 1161 1161 1161 1162 1162 1162 1163 1163 1163 1164 1164 1164 1165 1165 1165 1164 1164 1164 1163 1163 1163 1164 1164 1164 1165 1165 1165 1166 1166 1166 1167 1167 1167 1166 1166 1166 1165 1165 1165 1166 1166 1166 1167 1167 1167 1168 1168 1168 1169 1169 1169 1168 1168 1168 1167 1167 1167 1168 1168 1168 1169 1169 1169 1170 1170 1170 1171 1171 1171 1170 1170 1170 1169 1169 1169 1170 1170 1170 1171 1171 1171 1172 1172 1172 1173 1173 1173 1172 1172 1172 1171 1171 1171 1172 1172 1172 1173 1173 1173 1174 1174 1174 1175 1175 1175 1174 1174 1174 1173 1173 1173 1174 1174 1174 1175 1175 1175 1176 1176 1176 1177 1177 1177 1176 1176 1176 1175 1175 1175 1176 1176 1176 1177 1177 1177 1178 1178 1178 1179 1179 1179 1178 1178 1178 1177 1177 1177 1178 1178 1178 1179 1179 1179 1180 1180 1180 1181 1181 1181 1180 1180 1180 1179 1179 1179 1180 1180 1180 1181 1181 1181 1182 1182 1182 1183 1183 1183 1182 1182 1182 1181 1181 1181 1182 1182 1182 1183 1183 1183 1184 1184 1184 1185 1185 1185 1184 1184 1184 1183 1183 1183 1184 1184 1184 1185 1185 1185 1186 1186 1186 1187 1187 1187 1186 1186 1186 1185 1185 1185 1186 1186 1186 1187 1187 1187 1140 1140 1140 1141 1141 1141 1140 1140 1140 1187 1187 1187 1188 1188 1188 1189 1189 1189 1190 1190 1190 1191 1191 1191 1190 1190 1190 1189 1189 1189 1190 1190 1190 1191 1191 1191 1192 1192 1192 1193 1193 1193 1192 1192 1192 1191 1191 1191 1192 1192 1192 1193 1193 1193 1194 1194 1194 1195 1195 1195 1194 1194 1194 1193 1193 1193 1194 1194 1194 1195 1195 1195 1196 1196 1196 1197 1197 1197 1196 1196 1196 1195 1195 1195 1196 1196 1196 1197 1197 1197 1198 1198 1198 1199 1199 1199 1198 1198 1198 1197 1197 1197 1198 1198 1198 1199 1199 1199 1200 1200 1200 1201 1201 1201 1200 1200 1200 1199 1199 1199 1200 1200 1200 1201 1201 1201 1202 1202 1202 1203 1203 1203 1202 1202 1202 1201 1201 1201 1202 1202 1202 1203 1203 1203 1204 1204 1204 1205 1205 1205 1204 1204 1204 1203 1203 1203 1204 1204 1204 1205 1205 1205 1206 1206 1206 1207 1207 1207 1206 1206 1206 1205 1205 1205 1206 1206 1206 1207 1207 1207 1208 1208 1208 1209 1209 1209 1208 1208 1208 1207 1207 1207 1208 1208 1208 1209 1209 1209 1210 1210 1210 1211 1211 1211 1210 1210 1210 1209 1209 1209 1210 1210 1210 1211 1211 1211 1212 1212 1212 1213 1213 1213 1212 1212 1212 1211 1211 1211 1212 1212 1212 1213 1213 1213 1214 1214 1214 1215 1215 1215 1214 1214 1214 1213 1213 1213 1214 1214 1214 1215 1215 1215 1216 1216 1216 1217 1217 1217 1216 1216 1216 1215 1215 1215 1216 1216 1216 1217 1217 1217 1218 1218 1218 1219 1219 1219 1218 1218 1218 1217 1217 1217 1218 1218 1218 1219 1219 1219 1220 1220 1220 1221 1221 1221 1220 1220 1220 1219 1219 1219 1220 1220 1220 1221 1221 1221 1222 1222 1222 1223 1223 1223 1222 1222 1222 1221 1221 1221 1222 1222 1222 1223 1223 1223 1224 1224 1224 1225 1225 1225 1224 1224 1224 1223 1223 1223 1224 1224 1224 1225 1225 1225 1226 1226 1226 1227 1227 1227 1226 1226 1226 1225 1225 1225 1226 1226 1226 1227 1227 1227 1228 1228 1228 1229 1229 1229 1228 1228 1228 1227 1227 1227 1228 1228 1228 1229 1229 1229 1230 1230 1230 1231 1231 1231 1230 1230 1230 1229 1229 1229 1230 1230 1230 1231 1231 1231 1232 1232 1232 1233 1233 1233 1232 1232 1232 1231 1231 1231 1232 1232 1232 1233 1233 1233 1234 1234 1234 1235 1235 1235 1234 1234 1234 1233 1233 1233 1234 1234 1234 1235 1235 1235 1188 1188 1188 1189 1189 1189 1188 1188 1188 1235 1235 1235 1236 1236 1236 1237 1237 1237 1238 1238 1238 1239 1239 1239 1238 1238 1238 1237 1237 1237 1238 1238 1238 1239 1239 1239 1240 1240 1240 1241 1241 1241 1240 1240 1240 1239 1239 1239 1240 1240 1240 1241 1241 1241 1242 1242 1242 1243 1243 1243 1242 1242 1242 1241 1241 1241 1242 1242 1242 1243 1243 1243 1244 1244 1244 1245 1245 1245 1244 1244 1244 1243 1243 1243 1244 1244 1244 1245 1245 1245 1246 1246 1246 1247 1247 1247 1246 1246 1246 1245 1245 1245 1246 1246 1246 1247 1247 1247 1248 1248 1248 1249 1249 1249 1248 1248 1248 1247 1247 1247 1248 1248 1248 1249 1249 1249 1250 1250 1250 1251 1251 1251 1250 1250 1250 1249 1249 1249 1250 1250 1250 1251 1251 1251 1252 1252 1252 1253 1253 1253 1252 1252 1252 1251 1251 1251 1252 1252 1252 1253 1253 1253 1254 1254 1254 1255 1255 1255 1254 1254 1254 1253 1253 1253 1254 1254 1254 1255 1255 1255 1256 1256 1256 1257 1257 1257 1256 1256 1256 1255 1255 1255 1256 1256 1256 1257 1257 1257 1258 1258 1258 1259 1259 1259 1258 1258 1258 1257 1257 1257 1258 1258 1258 1259 1259 1259 1260 1260 1260 1261 1261 1261 1260 1260 1260 1259 1259 1259 1260 1260 1260 1261 1261 1261 1262 1262 1262 1263 1263 1263 1262 1262 1262 1261 1261 1261 1262 1262 1262 1263 1263 1263 1264 1264 1264 1265 1265 1265 1264 1264 1264 1263 1263 1263 1264 1264 1264 1265 1265 1265 1266 1266 1266 1267 1267 1267 1266 1266 1266 1265 1265 1265 1266 1266 1266 1267 1267 1267 1268 1268 1268 1269 1269 1269 1268 1268 1268 1267 1267 1267 1268 1268 1268 1269 1269 1269 1270 1270 1270 1271 1271 1271 1270 1270 1270 1269 1269 1269 1270 1270 1270 1271 1271 1271 1272 1272 1272 1273 1273 1273 1272 1272 1272 1271 1271 1271 1272 1272 1272 1273 1273 1273 1274 1274 1274 1275 1275 1275 1274 1274 1274 1273 1273 1273 1274 1274 1274 1275 1275 1275 1276 1276 1276 1277 1277 1277 1276 1276 1276 1275 1275 1275 1276 1276 1276 1277 1277 1277 1278 1278 1278 1279 1279 1279 1278 1278 1278 1277 1277 1277 1278 1278 1278 1279 1279 1279 1280 1280 1280 1281 1281 1281 1280 1280 1280 1279 1279 1279 1280 1280 1280 1281 1281 1281 1282 1282 1282 1283 1283 1283 1282 1282 1282 1281 1281 1281 1282 1282 1282 1283 1283 1283 1236 1236 1236 1237 1237 1237 1236 1236 1236 1283 1283 1283</p>
        </triangles>
      </mesh>
    </geometry>
  </library_geometries>
  <library_materials>
    <material id="2fb51b6d7284489abcfb47bf089797d2" name="defaultmaterial">
      <instance_effect url="#e87462bc616642ad9a581b4c23b32184"/>
    </material>
  </library_materials>
  <library_visual_scenes>
    <visual_scene id="scene">
      <node id="node0" name="node0">
        <instance_geometry url="#6164bf7f18234501bc7cf23c1adda687">
          <bind_material>
            <technique_common>
              <instance_material symbol="material0" target="#2fb51b6d7284489abcfb47bf089797d2"/>
            </technique_common>
          </bind_material>
        </instance_geometry>
      </node>
    </visual_scene>
  </library_visual_scenes>
  <scene>
    <instance_visual_scene url="#scene"/>
  </scene>
</COLLADA>
