<COLLADA xmlns="http://www.collada.org/2005/11/COLLADASchema" version="1.4.1">
  <asset>
    <created>2026-09-15T20:06:39.575844</created>
    <modified>2026-09-15T20:06:39.575844</modified>
    <up_axis>Y_UP</up_axis>
  </asset>
  <library_effects>
    <effect id="b14327b408a24361bd74952de573d325" name="b14327b408a24361bd74952de573d325">
      <profile_COMMON>
        <technique sid="common">
          <phong>
            <emission>
              <color>0.0 0.0 0.0 1.0</color>
            </emission>
            <ambient>
              <color>0.0 0.0 0.0 1.0</color>
            </ambient>
            <diffuse>
              <color>0.5019607843137255 0.5019607843137255 0.5019607843137255 1.0</color>
            </diffuse>
            <specular>
              <color>0.0 0.0 0.0 1.0</color>
            </specular>
            <shininess>
              <float>0.0</float>
            </shininess>
            <reflective>
              <color>0.0 0.0 0.0 1.0</color>
            </reflective>
            <reflectivity>
              <float>0.0</float>
            </reflectivity>
            <transparent>
              <color>0.0 0.0 0.0 1.0</color>
            </transparent>
            <transparency>
              <float>1.0</float>
            </transparency>
          </phong>
        </technique>
        <extra>
          <technique profile="GOOGLEEARTH">
            <double_sided>0</double_sided>
          </technique>
        </extra>
      </profile_COMMON>
    </effect>
  </library_effects>
  <library_geometries>
    <geometry id="223604035b97409e9bcf4a11a9268bbf" name="549e48baaecd413596bd59fdd646dd8e">
      <mesh>
        <source id="verts-array">
          <float_array count="10521" id="verts-array-array">0.0072714 0.018 0.00295252 0.00733691 0.018 0.00287924 0.00735051 0.018 0.00286293 0.00742333 0.018 0.00276815 0.00477809 0.0952345 0.001319564 0.0133966 0.0952266 -0.00133511 0.01374 0.0896741 -0.00163089 0.00731963 0.0191469 0.00065142 0.0068734 0.0191449 0.00039966 0.00661112 0.0204737 0.00046584 0.0087558 0.0269668 -0.00098724 0.00907643 0.0295437 -0.00185331 0.010336 0.0295275 -0.00253875 0.00824599 0.0193173 0.001441094 0.00821396 0.0191341 0.001488412 0.00806575 0.0191373 0.001316151 -0.0132814 0.0980159 0.00468999 -0.0133966 0.0952266 0.00483511 -0.0131831 0.100813 0.00458567 -0.0132391 0.0992386 0.00463643 -0.0132333 0.0994134 0.00462895 -0.013254 0.0988018 0.00465531 -0.013251 0.0988891 0.00465152 -0.0132728 0.0982778 0.00467831 -0.0132696 0.0983651 0.00467445 -0.0142567 0.0827893 0.00511228 -0.0143067 0.0814202 0.00517627 -0.0144449 0.0814202 0.00531402 -0.0141523 0.085536 0.00493789 -0.0141693 0.085536 0.00498836 -0.0141315 0.0869134 0.00492836 -0.0135303 0.0677857 0.00617615 -0.0137119 0.0786893 0.00508668 -0.0121907 0.0786891 0.00479149 -0.0137473 0.100826 0.00302847 -0.0136969 0.100827 0.0029898 -0.0134489 0.0952361 0.00329371 -0.01158 0.0347284 0.0080277 -0.0115684 0.0347287 0.00808789 -0.0122166 0.0373748 0.00884029 -0.0129439 0.040065 0.00908638 -0.0129219 0.0400653 0.00901566 -0.0122626 0.0373751 0.00855003 -0.0135441 0.0427916 0.00923163 -0.012175 0.0373756 0.00824514 -0.0114289 0.034723 0.0074329 -0.0115349 0.0347247 0.00762978 -0.0110913 0.0327666 0.00730557 -0.0109405 0.0321172 0.00712729 -0.0112572 0.033419 0.0075687 -0.010931 0.0321161 0.00704962 -0.0106145 0.030819 0.00651455 -0.0103041 0.0295258 0.00595707 -0.01032 0.0295265 0.00597755 -0.010681 0.0314629 0.0067315 -0.0108553 0.0321125 0.00699229 -0.0108557 0.0321124 0.00698818 -0.0103374 0.0301671 0.00618929 -0.0105086 0.0308145 0.00646444 -0.0105081 0.0308144 0.00646297 -0.00817157 0.0191337 0.0019455 -0.00812057 0.0191331 0.001875261 -0.00771836 0.0164658 0.001343528 -0.00892729 0.0230653 0.00325064 -0.00919136 0.0243625 0.00376479 -0.00916881 0.0243618 0.00373423 -0.00893883 0.0230656 0.00326454 -0.00868433 0.0217628 0.00278961 -0.00869383 0.0217629 0.00280869 -0.00824329 0.0217546 0.00216356 -0.00884934 0.0243526 0.00329703 -0.00874212 0.0243498 0.00308778 -0.00885703 0.0269229 0.00386097 -0.00800262 0.0243384 0.002575456 -0.00853006 0.0243454 0.00285634 -0.0112363 0.0347231 0.00717582 -0.0109677 0.0347234 0.00694461 -0.00921493 0.0295092 0.0047799 -0.00517134 0.0732413 0.00406112 -0.00758771 0.0786884 0.00397441 -0.00447158 0.0786883 0.00344102 -0.0111961 0.0952457 0.00446244 -0.00972392 0.0896834 0.00428624 -0.0113679 0.0896821 0.00381162 -0.00749954 0.0841627 0.00394946 -0.00242717 0.0650428 0.00443725 -0.00312209 0.0677854 0.0042632 0.00175936 0.0677858 0.002504949 -0.00110175 0.0732415 0.00288439 0.00273031 0.0650432 0.002452912 0.00325149 0.0622845 0.00253065 -0.00205446 0.0622844 0.00467584 -0.00430237 0.0347264 0.00514271 -0.00297065 0.0347277 0.00457052 -0.00141858 0.0295241 0.00327339 -0.00315071 0.0455472 0.00573527 -0.00126413 0.0455453 0.00474654 -0.00288481 0.0400641 0.00506844 -0.00317065 0.0373749 0.00494095 -0.012439 0.151722 0.00329012 -0.0124393 0.151722 0.00331826 -0.0119473 0.157351 0.00318212 -0.012884 0.143244 0.00352143 -0.0127664 0.146074 0.00346521 -0.0127812 0.146074 0.00344339 -0.0130047 0.137575 0.00365043 -0.0130036 0.137575 0.00365265 -0.0129434 0.14041 0.00360351 -0.0130737 0.130481 0.00377444 -0.0130766 0.129062 0.00380049 -0.0130755 0.129062 0.00380108 -0.0130758 0.127643 0.00382764 -0.0130734 0.126225 0.00385548 -0.0130654 0.123388 0.00391227 -0.0130646 0.123388 0.00391336 -0.0131254 0.129063 0.00379632 -0.0131245 0.123388 0.00391559 -0.0130967 0.123388 0.00391084 -0.0136842 0.117738 0.00277315 -0.0138363 0.11208 0.0029106 -0.0139075 0.112076 0.00334899 -0.0131532 0.102214 0.0045146 -0.0131228 0.103617 0.0044611 -0.0131242 0.103617 0.00446118 -0.0130992 0.105021 0.00441001 -0.0131077 0.105021 0.00440698 -0.0131325 0.103617 0.00445792 0.00748523 0.16295 0.0007616399 0.0112879 0.162954 0.0003758299 0.0123099 0.153244 0.0001312999 0.00477163 0.123426 0.00168981 0.01306 0.123388 -0.0004271301 0.0130379 0.11772 -0.0005533001 0.00431641 0.117754 0.001788208 0.0130322 0.112065 -0.0007009801 0.00725831 0.0150763 0.00024571 0.0072596 0.015 0.00024351 0.00720228 0.015 0.00013737 -0.007499 0.0148227 0.000844449 -0.00749819 0.0148 0.000845605 -0.0075215 0.0150645 0.000885395 0.00766815 0.0176111 0.001221047 0.00762287 0.0178027 0.001088826 0.00778803 0.0178036 0.001413433 0.0075496 0.0179559 0.000936826 0.00742141 0.0156402 0.00072917 0.00740091 0.01507 0.00070121 0.00738949 0.0148 0.00068613 0.00738981 0.0148308 0.00068263 0.00738813 0.0148588 0.00066989 0.00738581 0.0148774 0.00065598 0.00738199 0.0148976 0.00063544 0.00736414 0.0149469 0.00055392 0.00732806 0.0149863 0.00042321 0.00727261 0.015 0.00027252 0.00739797 0.0178024 0.00069126 0.00745423 0.0178538 0.000776495 0.00745414 0.0174511 0.000776353 0.00745103 0.0179798 0.000771732 0.00745297 0.0179545 0.000774609 0.00744069 0.0179756 0.000756423 0.00744937 0.0179861 0.000769272 0.00742809 0.0179966 0.00073853 0.00743846 0.0179949 0.000753338 0.00744413 0.0179927 0.000761576 0.00744728 0.0179899 0.000766197 0.00737701 0.018 0.00067002 0.00753414 0.0179841 0.000908034 0.00752381 0.0179963 0.00088947 0.00765315 0.0191452 0.000956518 0.00751549 0.018 0.000874897 0.00787568 0.0178042 0.00158134 0.00780267 0.0166536 0.001987878 0.00772262 0.0161401 0.002058366 0.00773961 0.0164553 0.00194037 0.00777294 0.0164642 0.002015148 0.00774003 0.0164637 0.001936583 0.00774927 0.0167604 0.001800556 0.00774118 0.0171494 0.001574535 0.00770303 0.0174597 0.001347279 -0.00770001 0.0163066 0.001334712 -0.00770303 0.016301 0.001347253 -0.00777294 0.0164642 0.001484852 -0.0077091 0.0162766 0.001373859 -0.00771695 0.0162146 0.001411488 -0.0077219 0.0161571 0.001437633 -0.00772262 0.0161401 0.001441634 -0.00763469 0.0159972 0.001125276 -0.00767874 0.0162463 0.001255696 -0.00765721 0.0164683 0.001111208 -0.00768972 0.0162934 0.001294636 -0.00769439 0.0163046 0.001312352 -0.00745802 0.0149136 0.00071954 -0.00748673 0.0148804 0.000795315 -0.00748678 0.0164689 0.000790535 -0.0074933 0.0148637 0.000817755 -0.00749767 0.0148423 0.000836026 -0.00722266 0.0164696 0.00041698 -0.00717766 0.0149777 0.00031262 -0.00738618 0.0149441 0.00058416 -0.00643916 0.015 -0.00040169 -0.00713981 0.018 0.00042209 -0.00722218 0.0191286 0.0006621 -0.00722239 0.018 0.00049788 -0.00752215 0.0191299 0.000932728 -0.00729961 0.018 0.00057803 -0.00769645 0.0191308 0.001179335 -0.00722227 0.0179982 0.00049758 -0.00694547 0.015 4.454e-05 -0.0069597 0.0149999 6.096e-05 -0.00699627 0.0149984 0.00010352 -0.00634155 0.018 3.364999e-05 -0.00646245 0.018 6.241999e-05 -0.00650343 0.0191264 0.00037261 -0.00653284 0.018 8.308999e-05 -0.00685383 0.0179985 0.00022243 -0.00674893 0.018 0.00016835 -0.00695485 0.018 0.00028345 -0.00685374 0.018 0.00022265 -0.0063692 0.015 -0.00044278 -0.00566553 0.015 -0.00066923 -0.00552942 0.015 -0.00067662 0.0130768 0.105995 -0.0008911801 0.0131803 0.100913 -0.00108159 0.00419771 0.100827 0.001604898 0.0131831 0.100813 -0.00108567 0.00396816 0.106448 0.001765171 0.0130711 0.106427 -0.0008763601 0.00292667 0.151768 0.001546514 0.00740721 0.15175 0.0008754049 0.00703645 0.14611 0.001016545 0.00329265 0.179498 0.001219435 0.00786639 0.179593 0.0009569299 0.00819591 0.178421 0.0009110339 0.0107203 0.166748 0.0004920999 0.0104156 0.168528 0.0005504899 0.00425794 0.168486 0.001006659 0.00182448 0.146135 0.001934764 0.00593783 0.134782 0.001370274 -0.0063294 0.123462 0.00427649 -0.0033319 0.123453 0.00369139 -0.00431685 0.117777 0.00401946 0.00402816 0.112092 0.001819802 -0.00523428 0.106463 0.00431551 -0.00498371 0.112112 0.0042383 -0.00856235 0.106469 0.0050761 -0.00825453 0.112119 0.00495108 -0.0103906 0.106472 0.00521625 -0.0100791 0.112122 0.00505771 -0.0114524 0.106472 0.00497088 -0.0111595 0.112121 0.00479078 -0.00813895 0.123465 0.00434927 -0.00933408 0.123464 0.00411308 -0.00080061 0.13481 0.00283715 -0.00338264 0.13482 0.00327156 -0.00515393 0.134823 0.00334072 -0.00770751 0.134818 0.00290284 0.00757721 0.157365 0.0007839739 0.00375768 0.157375 0.001243424 0.000537775 0.157379 0.00148752 -0.000283412 0.146142 0.002219165 0.00159134 0.16848 0.001159696 0.00123159 0.179485 0.00132253 -0.0012016 0.168483 0.001358215 -0.00089267 0.179492 0.001466928 0.00139605 0.1905 0.001677836 0.00398478 0.1905 0.001401377 0.00463744 0.188941 0.001336757 -0.0133159 0.112103 0.00276238 -0.0134441 0.112099 0.002628383 -0.0130927 0.11776 0.002472425 -0.0132551 0.117755 0.002410435 -0.0128003 0.123427 0.00229946 -0.0133446 0.100834 0.00316126 -0.013475 0.100832 0.00304152 -0.0135831 0.106454 0.00281669 -0.0136318 0.106452 0.00277187 -0.0135563 0.112094 0.002556586 -0.0103023 0.123461 0.00364443 -0.0119647 0.112119 0.00423033 -0.012993 0.112109 0.0031708 -0.011752 0.123447 0.00277155 -0.0123131 0.123438 0.00244522 -0.0106804 0.134792 0.002197905 -0.0115361 0.13478 0.002157815 -0.0129147 0.117765 0.002594327 -0.012564 0.123432 0.00234464 -0.0130255 0.123421 0.002323359 -0.012914 0.123424 0.002301747 -0.0134062 0.11775 0.002423089 -0.0133318 0.117752 0.002406325 -0.013242 0.123414 0.002437416 -0.0131347 0.123417 0.00236741 -0.0135487 0.117744 0.002533133 -0.0134784 0.117747 0.002464093 -0.01375 0.112085 0.002668995 -0.0137045 0.112088 0.00260106 -0.0137603 0.106447 0.002748563 -0.0139069 0.112072 0.00391636 -0.0137454 0.123395 0.00361069 -0.0137464 0.123396 0.003567 -0.0137357 0.123395 0.00365097 -0.0138882 0.112071 0.00395939 -0.0139638 0.100817 0.0043208 -0.0130744 0.112065 0.00418944 -0.013107 0.112066 0.00419891 -0.0131455 0.106428 0.00437342 -0.0131349 0.103617 0.00445823 -0.0131101 0.105021 0.00440735 -0.0130903 0.106427 0.00435863 -0.0130636 0.109244 0.00426734 -0.0130684 0.109244 0.00426894 -0.0130749 0.107835 0.00431199 -0.0130611 0.109244 0.00426691 -0.0130724 0.107835 0.00431157 -0.0131395 0.103617 0.00445971 -0.0130584 0.109244 0.00426727 -0.0130778 0.106427 0.00436097 -0.0130624 0.107835 0.00431415 -0.0130639 0.107835 0.00431423 -0.0130525 0.109244 0.00426942 -0.0130449 0.110654 0.00422655 -0.013051 0.109244 0.00426935 -0.0130434 0.110654 0.00422649 -0.0130793 0.106427 0.00436106 -0.0130978 0.105021 0.00440993 -0.0130381 0.112065 0.0041858 -0.0131545 0.102214 0.00451466 -0.0130373 0.112065 0.00418667 -0.0130506 0.108398 0.00431145 -0.0130322 0.112065 0.00420098 -0.0130379 0.114891 0.00410854 -0.0130389 0.112065 0.00418547 -0.0130394 0.114891 0.0041085 -0.0130404 0.112065 0.0041855 -0.0130451 0.114891 0.00410661 -0.0130463 0.112065 0.0041835 -0.0130477 0.114891 0.00410629 -0.0130489 0.112065 0.00418318 -0.0130502 0.114891 0.00410662 -0.0130514 0.112065 0.00418359 -0.0130549 0.114891 0.00410792 -0.0130562 0.112065 0.00418509 -0.0130445 0.11772 0.00403779 -0.0130459 0.11772 0.00403767 -0.0130514 0.11772 0.00403583 -0.013054 0.11772 0.00403547 -0.0130564 0.11772 0.00403569 -0.0130609 0.11772 0.00403671 -0.0134563 0.100814 0.00459363 -0.0131741 0.112066 0.00421454 -0.0119485 0.134773 0.002211172 -0.0131881 0.106462 0.00335845 -0.01223 0.10647 0.00441421 -0.0128398 0.12909 0.002373535 -0.0132996 0.134748 0.00315579 -0.0137218 0.123397 0.00338927 -0.0135921 0.12907 0.00343248 -0.0135975 0.12907 0.00347326 -0.0135949 0.129069 0.00351092 -0.0135856 0.129069 0.00354555 -0.0136966 0.123394 0.00372153 -0.0135317 0.129068 0.00363106 -0.0135711 0.129069 0.00357718 -0.0133638 0.134743 0.00348857 -0.0133854 0.134744 0.00343827 -0.0139114 0.100817 0.0043927 -0.0135803 0.123393 0.00382184 -0.0134857 0.129067 0.00367309 -0.0133351 0.134743 0.00352868 -0.013308 0.12339 0.00392509 -0.0131811 0.123389 0.00392364 -0.0131729 0.129063 0.00379762 -0.0130674 0.123388 0.00391139 -0.0130661 0.123388 0.00391173 -0.0130753 0.126225 0.00385441 -0.0130741 0.126225 0.00385487 -0.013077 0.127643 0.00382711 -0.0130748 0.129062 0.00380176 -0.0130726 0.126225 0.00385662 -0.0130809 0.129062 0.00379841 -0.0130724 0.123388 0.00390951 -0.013081 0.123388 0.00390914 -0.0130769 0.123388 0.0039089 -0.0130747 0.123388 0.003909 -0.0130717 0.1319 0.00374666 -0.0130741 0.129062 0.00380295 -0.0130655 0.1319 0.00375159 -0.0130726 0.130481 0.0037751 -0.0130443 0.134738 0.00369964 -0.0130453 0.134738 0.00369876 -0.0130575 0.133319 0.00372447 -0.0130585 0.133319 0.00372367 -0.0130668 0.1319 0.0037496 -0.0130678 0.1319 0.00374886 -0.0130432 0.134738 0.00370175 -0.01306 0.123388 0.00392713 -0.0130603 0.123464 0.00392555 -0.0130701 0.129062 0.00381624 -0.0130549 0.134738 0.00369259 -0.0130606 0.134738 0.00369003 -0.0130785 0.1319 0.00374377 -0.0130849 0.131901 0.00374195 -0.0130884 0.129062 0.00379642 -0.0130954 0.129062 0.00379533 -0.0130709 0.137576 0.00362026 -0.0131525 0.134739 0.00366854 -0.0131213 0.134739 0.00367857 -0.0131908 0.131902 0.00373082 -0.0132147 0.129064 0.00379415 -0.0132771 0.134742 0.00358618 -0.0134658 0.123392 0.00387897 -0.0132752 0.129064 0.00378498 -0.0132628 0.137582 0.00331209 -0.013392 0.134745 0.00337724 -0.0133911 0.134745 0.00340907 -0.0130795 0.140417 0.00318345 -0.0133741 0.134746 0.00330554 -0.0133868 0.134745 0.00334277 -0.0139925 0.0952298 0.00456194 -0.0139719 0.0952297 0.00459378 -0.0137721 0.100816 0.00449459 -0.0132331 0.137579 0.00345758 -0.0132528 0.13758 0.00341856 -0.013265 0.137581 0.00337025 -0.0131238 0.140416 0.00330284 -0.0131208 0.140415 0.00334908 -0.0130447 0.141832 0.00326929 -0.01304 0.141831 0.00335169 -0.0129526 0.143246 0.00337327 -0.0129638 0.143247 0.00331649 -0.0129596 0.143248 0.00323581 -0.0131101 0.140414 0.00338692 -0.0130834 0.140413 0.00344408 -0.012992 0.141829 0.00348357 -0.01313 0.137577 0.00358327 -0.0130898 0.138995 0.00355006 -0.0130439 0.140412 0.00351684 -0.01294 0.143249 0.0031837 -0.0131127 0.140417 0.00324767 -0.0132426 0.131902 0.00371698 -0.0131953 0.13474 0.00364987 -0.0130966 0.137576 0.00360684 -0.013061 0.138994 0.00357606 -0.0130198 0.140411 0.00354523 -0.013014 0.137575 0.00364215 -0.0130657 0.134738 0.00368914 -0.0130907 0.131901 0.00374172 -0.0131018 0.129062 0.00379572 -0.0130056 0.137575 0.00364941 -0.0130278 0.136157 0.00367404 -0.0130269 0.136157 0.00367499 -0.0129739 0.140411 0.00357636 -0.0130844 0.134739 0.00368499 -0.0130235 0.137575 0.00363728 -0.0129996 0.140411 0.00356199 -0.0129042 0.143244 0.00350322 -0.0129725 0.141828 0.00351432 -0.0129188 0.143244 0.00348324 -0.0129338 0.143245 0.00345021 -0.012758 0.146074 0.00347884 -0.0128731 0.143244 0.00353284 -0.0129604 0.140411 0.00358541 -0.0127905 0.146074 0.00342037 -0.0127967 0.146075 0.00338301 -0.0128775 0.144661 0.00333783 -0.0127955 0.146076 0.00330232 -0.0128812 0.144662 0.00328129 -0.0127706 0.146078 0.00316891 -0.0128683 0.144664 0.00320236 -0.0130397 0.134738 0.00371443 -0.00976797 0.134803 0.002374742 -0.00997736 0.146108 0.002081203 -0.0117894 0.140437 0.002308035 -0.0123523 0.134766 0.002333178 -0.0131382 0.129083 0.002599413 -0.0134509 0.123408 0.002672003 -0.0136437 0.123401 0.0030835 -0.00197726 0.146144 0.002298115 -0.00487238 0.14614 0.002167786 -0.00248903 0.157377 0.001601474 -0.00751047 0.146127 0.002021631 -0.00544896 0.157372 0.00175347 0.00421943 0.162948 0.001057845 0.0012807 0.162947 0.001252324 -0.00168292 0.162948 0.001432263 -0.00401441 0.168492 0.001611708 0.0130603 0.123464 -0.0004255501 0.0130393 0.134775 -0.0002137901 0.0127418 0.146124 -1.225007e-05 -0.00513681 0.179535 0.001855992 -0.0119394 0.157351 0.00315061 -0.0124293 0.151723 0.00324545 -0.0119173 0.157351 0.00310127 -0.0123921 0.151724 0.00315903 -0.0118523 0.157351 0.00301232 -0.0123101 0.151725 0.00303452 -0.0117266 0.157352 0.0028977 -0.0122083 0.151726 0.00294292 -0.0112785 0.162954 0.00303048 -0.0103564 0.168527 0.00278302 -0.0102717 0.168526 0.002702325 -0.0127418 0.146124 0.00351225 -0.0124221 0.151722 0.00340135 -0.0124344 0.151722 0.0033463 -0.0120953 0.15579 0.00331111 -0.0134202 0.129076 0.00298431 -0.0127477 0.134759 0.00254765 -0.0122811 0.14043 0.002508978 -0.011161 0.146097 0.002289795 -0.00974818 0.15736 0.00224078 -0.0083374 0.157364 0.002019175 -0.00680298 0.168505 0.001927268 -0.0131266 0.134752 0.00290002 -0.0127565 0.140423 0.00282502 -0.0123031 0.146084 0.0027537 -0.01112 0.157355 0.002599698 -0.00951021 0.168521 0.002397391 -0.0112865 0.162954 0.00306425 -0.0104111 0.168502 0.00287495 -0.010402 0.168527 0.00286116 -0.00927667 0.17407 0.002677632 -0.00923482 0.174069 0.002610241 -0.0119508 0.157319 0.00318471 -0.0101176 0.168525 0.002610416 -0.0114481 0.157353 0.002736501 -0.012064 0.151727 0.00284473 -0.0125707 0.146081 0.00294819 -0.00596403 0.185054 0.002177705 -0.006087 0.185057 0.002252542 -0.00507887 0.187783 0.00216289 -0.00610951 0.185057 0.00228508 -0.00509573 0.187783 0.002184759 -0.00611416 0.185058 0.002298646 -0.00509912 0.187783 0.002193965 -0.0061156 0.185058 0.002307215 -0.00510012 0.187783 0.002199846 -0.0104449 0.168363 0.00295501 -0.00787719 0.179555 0.002544549 -0.00928603 0.17407 0.002705508 -0.0129789 0.140419 0.00305063 -0.0128995 0.14325 0.00312337 -0.0126953 0.146079 0.00306348 -0.0125548 0.148904 0.0031019 -0.0126096 0.148902 0.00323099 -0.0126296 0.148901 0.00331487 -0.0126317 0.1489 0.00335616 -0.0126274 0.1489 0.00338192 -0.0129985 0.137688 0.00366302 -0.0129404 0.14041 0.00361548 -0.012744 0.146073 0.0035132 -0.0127527 0.146073 0.00348779 -0.0128664 0.143243 0.0035405 -0.0129524 0.140411 0.0035917 -0.0130487 0.134738 0.00369641 -0.0130086 0.137575 0.00364691 -0.0129476 0.14041 0.00359737 -0.0129451 0.14041 0.00360004 -0.00458594 0.0373751 0.00562374 -0.00442848 0.0400652 0.00586026 -0.00604363 0.0373752 0.0060532 -0.00602284 0.040066 0.00639357 -0.00511174 0.0455485 0.00648748 -0.00365536 0.0511174 0.00603981 -0.0056721 0.0347256 0.00547976 -0.00401133 0.0295168 0.00381925 -0.00179556 0.0243498 0.001907701 0.000862371 0.0243589 0.001657714 0.000172573 0.0191299 0.00026578 0.00290318 0.0191328 0.00023138 0.00104672 0.015 -0.00050927 0.00373894 0.015 -0.00043864 -0.00839883 0.0347247 0.00595838 -0.00666184 0.0295137 0.00407742 -0.00457584 0.0243458 0.002017346 -0.00274098 0.0191287 0.00028074 -0.00185085 0.015 -0.00054185 -0.00206043 0.059507 0.0049851 0.00324292 0.0595065 0.0027576 -0.00239063 0.0567153 0.00533959 0.00277494 0.0567141 0.00310379 0.000946103 0.0511148 0.00396704 -0.00827469 0.0677856 0.00569392 -0.00771375 0.0622844 0.00634978 -0.0124342 0.0952427 0.00368402 -0.0120547 0.089681 0.00365374 -0.012886 0.0952404 0.00339506 -0.0135344 0.100831 0.00300252 -0.0130846 0.095239 0.00330704 -0.013179 0.0952383 0.00328112 -0.0123772 0.0896804 0.00361744 -0.0126904 0.0896797 0.00361908 -0.0118229 0.084162 0.0040357 -0.00936408 0.0732418 0.00508144 -0.00912121 0.0786886 0.00425279 -0.00976359 0.0841625 0.0039089 -0.00789645 0.0567156 0.00700921 -0.00851507 0.0511184 0.00750422 -0.00910946 0.0455497 0.00762944 -0.00921943 0.0400668 0.0071795 -0.00894896 0.0373753 0.00667466 -0.00972048 0.0347242 0.0063365 -0.00796488 0.029512 0.00433101 -0.00597347 0.0243437 0.002141303 -0.00423232 0.019128 0.00029791 -0.00334555 0.015 -0.00057536 -0.0048501 0.015 -0.00063568 -0.00572224 0.0191269 0.00032989 -0.00734542 0.0243402 0.002371466 -0.0101341 0.0295169 0.00556275 -0.0107882 0.0321079 0.00659547 -0.0100244 0.0295134 0.00539988 -0.0106044 0.0321041 0.00637477 -0.00973569 0.0295078 0.00515577 -0.0094956 0.0295081 0.00495617 -0.00749794 0.0179821 0.000845187 -0.00750179 0.0179912 0.000851599 -0.00749417 0.0179652 0.000838987 -0.00750703 0.0179972 0.00086042 -0.0079933 0.0191316 0.001728481 -0.00751451 0.018 0.000873218 -0.00751548 0.018 0.000874897 -0.00751752 0.0179992 0.000878425 -0.00751927 0.0179971 0.000881484 -0.00752166 0.0179916 0.000885678 -0.00750472 0.017565 0.000856519 -0.00753066 0.0178917 0.000901714 -0.00752573 0.0179723 0.000892876 -0.00748652 0.0175327 0.000826551 -0.00748437 0.0175364 0.000823103 -0.00749559 0.0175369 0.000841316 -0.00749206 0.0175321 0.000835532 -0.00749016 0.0175311 0.000832438 -0.00748817 0.0175314 0.000829212 -0.00748143 0.0175455 0.000818415 -0.00747631 0.0175829 0.000810313 -0.00837741 0.0217559 0.002545869 -0.0089106 0.0243542 0.00360937 -0.00890434 0.0243541 0.00360014 -0.0083572 0.0217557 0.002511451 -0.00889285 0.0243539 0.00355623 -0.00833944 0.0217557 0.002465917 -0.0088994 0.024354 0.00358844 -0.00858686 0.0217604 0.002679994 -0.00864812 0.021762 0.002742557 -0.00867261 0.0217625 0.00277489 -0.00910876 0.0243599 0.00367954 -0.00902325 0.0243571 0.00364616 -0.00843038 0.0217566 0.002593086 -0.00769719 0.0163074 0.001323348 -0.00821635 0.0191477 0.002015073 -0.00920231 0.0243629 0.00377778 -0.00919974 0.0256472 0.00416953 -0.00926454 0.0269298 0.00412588 -0.00942485 0.0269341 0.0043249 -0.00950017 0.0269368 0.00450394 -0.00950888 0.0269381 0.00471868 -0.00950838 0.0269382 0.00474179 -0.00951 0.0269382 0.00474939 -0.00891431 0.0243542 0.0036132 -0.00920717 0.0256473 0.00417927 -0.00920429 0.0256473 0.00417652 -0.00951308 0.0269383 0.00475481 -0.00951135 0.0269383 0.00475235 -0.00983367 0.0282288 0.0053329 -0.00983293 0.0282288 0.00533047 -0.0101663 0.0295203 0.00590347 -0.0101667 0.0295203 0.00589784 -0.00952441 0.0269387 0.00476075 -0.00951784 0.0269385 0.00475846 -0.00921856 0.0256476 0.0041852 -0.00921051 0.0256474 0.0041816 -0.008928 0.0243545 0.00362222 -0.00891844 0.0243543 0.00361658 -0.00840148 0.0217561 0.002572037 -0.0089525 0.0243551 0.00363049 -0.00954312 0.0269393 0.00476293 -0.0101695 0.0295205 0.00590992 -0.00983823 0.028229 0.00533771 -0.00984339 0.0282292 0.00533934 -0.0101813 0.0295191 0.00570848 -0.0101708 0.0295202 0.0058803 -0.0102286 0.0295228 0.00591652 -0.00793114 0.0191313 0.001639112 -0.00786539 0.0191312 0.001520712 -0.0092067 0.024363 0.00378654 -0.00947802 0.0256562 0.00432813 -0.00947431 0.0256561 0.00431929 -0.00975434 0.0269468 0.00487904 -0.00974552 0.0269465 0.00486803 -0.00951524 0.0269384 0.00475683 -0.0098363 0.0282289 0.00533647 -0.00983479 0.0282289 0.00533488 -0.0101672 0.0295204 0.00590738 -0.0101666 0.0295204 0.00590562 -0.0103363 0.030167 0.00618614 -0.0103363 0.0301669 0.00618405 -0.010508 0.0308144 0.00645914 -0.010509 0.0308143 0.00645386 -0.0105137 0.0308143 0.00643799 -0.0108619 0.0321124 0.00696812 -0.0108784 0.0321116 0.00683488 -0.0106813 0.0314629 0.00673306 -0.0101733 0.0295207 0.00591142 -0.0103399 0.0301672 0.00619134 -0.0103417 0.0301673 0.00619205 -0.010512 0.0308147 0.00646749 -0.010516 0.0308149 0.00646875 -0.0101857 0.0295212 0.00591267 -0.0105212 0.0308151 0.00646972 -0.0101681 0.0295205 0.0059088 -0.0103367 0.030167 0.00618788 -0.0105079 0.0308144 0.00646122 -0.0106812 0.0314628 0.00672757 -0.010857 0.0321124 0.00698292 -0.0108879 0.0321141 0.00701111 -0.0106351 0.0308204 0.00659399 -0.010336 0.0295275 0.00603875 -0.0108636 0.032113 0.00700195 -0.0108599 0.0321128 0.00700008 -0.0106873 0.0314632 0.00673816 -0.0108574 0.0321127 0.006998 -0.010684 0.0314631 0.00673653 -0.0106828 0.031463 0.00673554 -0.0105106 0.0308146 0.00646666 -0.0105094 0.0308145 0.00646565 -0.0103385 0.0301671 0.00619044 -0.0106819 0.031463 0.0067344 -0.0108564 0.0321126 0.00699681 -0.0108558 0.0321126 0.00699548 -0.0110312 0.0327636 0.00724927 -0.0110318 0.0327637 0.00725069 -0.0109445 0.032438 0.00712552 -0.0109467 0.0324381 0.00712785 -0.0108554 0.0321125 0.00699398 -0.0110305 0.0327635 0.00724417 -0.0112131 0.033416 0.00746155 -0.011577 0.0347263 0.00780731 -0.0112284 0.0334155 0.00734507 -0.0115654 0.0347266 0.00790917 -0.0110338 0.0327638 0.00725329 -0.0112085 0.0334163 0.00749659 -0.0112106 0.0334164 0.00749961 -0.0113852 0.0340707 0.00773245 -0.0110774 0.0327658 0.00728073 -0.0109052 0.0321148 0.00701854 -0.0109134 0.0321152 0.00702428 -0.0105783 0.0308174 0.00648216 -0.0105895 0.0308179 0.00648791 -0.0102579 0.0295239 0.00592278 -0.0102844 0.029525 0.00593693 -0.0112424 0.033418 0.00752766 -0.0112371 0.0334177 0.00752176 -0.0110706 0.0327655 0.00727493 -0.0110563 0.0327648 0.00726691 -0.0112468 0.0334182 0.00753496 -0.0110831 0.0327661 0.00728808 -0.0109205 0.0321155 0.00703172 -0.0105993 0.0308183 0.00649565 -0.0110366 0.0327639 0.00725571 -0.0112259 0.0334172 0.00751306 -0.0112517 0.0334194 0.0076286 -0.0114181 0.0340727 0.00780413 -0.0114116 0.0340721 0.00777109 -0.0112071 0.0334162 0.00749343 -0.0113838 0.0340706 0.00772879 -0.0115603 0.0347269 0.00795301 -0.0115772 0.034728 0.00799519 -0.00975793 0.026947 0.00490259 -0.00938058 0.0251862 0.00414174 -0.00920952 0.024363 0.00379913 -0.00894739 0.0230658 0.00328477 -0.0115661 0.0347257 0.00772373 -0.0122568 0.0400679 0.00828252 -0.012243 0.0373753 0.00842001 -0.0128691 0.0400677 0.00884589 -0.0128186 0.0400683 0.00875796 -0.01344 0.0427952 0.00908094 -0.0140138 0.0455496 0.00914668 -0.0134872 0.0427939 0.00914213 -0.0128957 0.0400668 0.00891424 -0.0144572 0.0511202 0.00854435 -0.0133555 0.0511198 0.00838697 -0.0134394 0.045552 0.00883027 -0.013004 0.0455515 0.00867438 -0.0130637 0.0427961 0.00877587 -0.0125794 0.0400682 0.00850593 -0.0110307 0.0327636 0.00724772 -0.0112066 0.0334161 0.00748599 -0.0115597 0.0347267 0.00793472 -0.0141926 0.0455465 0.00931623 -0.0135906 0.0427912 0.00930247 -0.0136024 0.0427911 0.00934204 -0.0129445 0.0400647 0.00915789 -0.0129481 0.0400649 0.00912061 -0.0115591 0.0347268 0.00794425 -0.011383 0.0340705 0.00772501 -0.0112065 0.0334161 0.00748995 -0.0129152 0.0400637 0.00923126 -0.0128782 0.040063 0.00933258 -0.0129812 0.0404848 0.00938697 -0.0136022 0.0427908 0.00938711 -0.0135702 0.0427893 0.00947549 -0.0138872 0.0441636 0.00951859 -0.0142187 0.0455461 0.00941286 -0.0139359 0.044379 0.009521 -0.0139456 0.044422 0.00952135 -0.0142128 0.0455464 0.00936131 -0.0139261 0.0443359 0.00952061 -0.0150858 0.0511159 0.00877837 -0.0152138 0.0511155 0.00888644 -0.0159101 0.0567141 0.00809637 -0.014119 0.045547 0.00923763 -0.0147377 0.0483237 0.00916508 -0.0147667 0.0483236 0.00921549 -0.0147803 0.0483233 0.0092722 -0.0141943 0.0455444 0.00951512 -0.015284 0.0511137 0.00912699 -0.0159988 0.0567139 0.00822229 -0.0152511 0.0511154 0.00894168 -0.0152732 0.0511151 0.00900219 -0.0145476 0.0472763 0.00958756 -0.0140421 0.0448532 0.00952239 -0.013965 0.0445082 0.00952191 -0.013931 0.0443574 0.00952081 -0.0139286 0.0443466 0.00952071 -0.0152972 0.0511127 0.00928295 -0.0160992 0.0566439 0.00855029 -0.0153947 0.0567153 0.00779097 -0.014808 0.0567164 0.00768408 -0.0134641 0.0567162 0.00769881 -0.0114408 0.0342028 0.00790943 -0.0107788 0.0400672 0.00765017 -0.0110934 0.0455504 0.00815109 -0.0109634 0.0511189 0.00804013 -0.0106986 0.0567158 0.00752794 -0.0106084 0.0622844 0.00682519 -0.0109089 0.0677857 0.0061062 -0.0106547 0.0786888 0.00452465 -0.0108078 0.0841623 0.00393879 -0.0137198 0.106449 0.002735653 -0.0136771 0.106451 0.00274422 -0.0136449 0.100829 0.00297465 -0.0135909 0.10083 0.00297964 -0.0133606 0.0952369 0.0032727 -0.0132709 0.0952376 0.00326916 -0.0128446 0.0896794 0.00363692 -0.0138907 0.100822 0.00332532 -0.0137963 0.100825 0.0030944 -0.0136213 0.0952346 0.00340057 -0.0135357 0.0952354 0.00333522 -0.0134799 0.0924518 0.00358065 -0.0129977 0.089679 0.00366804 -0.0128251 0.0841617 0.00424138 -0.0138082 0.0841614 0.00466587 -0.0137616 0.0814202 0.00486816 -0.0140551 0.0814202 0.00500697 -0.0133009 0.0896783 0.00378012 -0.0149175 0.0622844 0.00678278 -0.0155965 0.0622844 0.00689049 -0.0159998 0.0622845 0.00708556 -0.0146602 0.0786897 0.00544386 -0.0144177 0.0786894 0.00531101 -0.0151071 0.073243 0.00576166 -0.0146518 0.0732424 0.005639 -0.0154638 0.0677863 0.00621904 -0.0148424 0.0677857 0.00610541 -0.0162861 0.0622845 0.00736958 -0.0157401 0.0567143 0.00795523 -0.0148569 0.0511181 0.00865764 -0.0138118 0.0455521 0.00901764 -0.013362 0.0427962 0.00900105 -0.016233 0.0679222 0.00695032 -0.0154736 0.0746658 0.00623742 -0.0156344 0.0732442 0.0062887 -0.0147951 0.0786899 0.00557677 -0.0153731 0.0732435 0.00593093 -0.0158322 0.0677868 0.00641334 -0.0140247 0.0869136 0.00468907 -0.0140373 0.0841613 0.00484299 -0.0141201 0.0855361 0.00488071 -0.0141005 0.0869135 0.00481392 -0.0140675 0.0896762 0.00468555 -0.014016 0.0896764 0.00454472 -0.0138882 0.0896767 0.00430543 -0.0138508 0.0869138 0.00447853 -0.0142109 0.0841613 0.00504966 -0.014142 0.0841613 0.00494929 -0.0140454 0.0827893 0.00492369 -0.0142412 0.0841612 0.00512876 -0.0141771 0.0855359 0.00507034 -0.0141185 0.0869132 0.00501303 -0.0140651 0.0882932 0.00495679 -0.0140973 0.0882934 0.00486962 -0.0140166 0.0896757 0.0049016 -0.0140049 0.0952305 0.00428289 -0.0139448 0.0952313 0.00399912 -0.0139199 0.0924494 0.00414586 -0.0141244 0.0869135 0.00487497 -0.0140994 0.0882935 0.00481352 -0.0140752 0.0896761 0.00472071 -0.0140184 0.09523 0.00448927 -0.0139805 0.100817 0.00427972 -0.0140208 0.0952301 0.00444844 -0.0140665 0.089676 0.00481211 -0.0139334 0.0924479 0.00479425 -0.0137634 0.0952286 0.00474903 -0.0138519 0.0924474 0.00485337 -0.0139617 0.0896754 0.0049618 -0.0140254 0.0882929 0.00501762 -0.0140954 0.086913 0.00507456 -0.014172 0.0855357 0.00513263 -0.0142556 0.0841611 0.00519188 -0.0143464 0.0827893 0.00525233 -0.0140769 0.0896761 0.00475351 -0.0140737 0.089676 0.00478397 -0.0140139 0.0924483 0.00470066 -0.0138665 0.0952291 0.00469078 -0.0136394 0.100815 0.0045517 -0.0140085 0.0952299 0.00452709 -0.0142687 0.0841609 0.00534329 -0.0142682 0.0841609 0.00528989 -0.0143869 0.0827892 0.00535831 -0.0141588 0.0855355 0.00522324 -0.0141478 0.0855354 0.00526936 -0.0140582 0.0869127 0.00515832 -0.0140366 0.0869126 0.00519768 -0.0139661 0.0882925 0.00509506 -0.0139348 0.0882924 0.00512818 -0.0138821 0.0896748 0.00503344 -0.0160526 0.0567132 0.00835958 -0.0163688 0.0622845 0.00750559 -0.0161671 0.0677874 0.0067937 -0.0160852 0.0677871 0.00667442 -0.0156086 0.0732441 0.0062329 -0.01555 0.0732438 0.00614059 -0.0149028 0.0786902 0.00578512 -0.0148781 0.07869 0.00572333 -0.0145601 0.0814203 0.00559172 -0.0145527 0.0814203 0.00554443 -0.0142567 0.0841608 0.00541263 -0.0142516 0.0841607 0.00543353 -0.014122 0.0855352 0.0053278 -0.0149127 0.0786902 0.00582275 -0.0149205 0.0786903 0.00588714 -0.0149038 0.0788121 0.00587726 -0.0137803 0.0896743 0.00509118 -0.0139979 0.0869123 0.00524601 -0.0137635 0.0896742 0.00509938 -0.0139865 0.0869123 0.00526005 -0.0138616 0.0882919 0.00518637 -0.0139796 0.0869122 0.0052701 -0.0138594 0.0882919 0.00518822 -0.0139757 0.0869122 0.0052768 -0.0138569 0.0882919 0.00519195 -0.0145605 0.0814204 0.00567504 -0.0142416 0.0841607 0.00547922 -0.0139692 0.0869122 0.0052981 -0.0138133 0.0896746 0.00507768 -0.0140195 0.0869125 0.00522291 -0.0141371 0.0855354 0.0052993 -0.0142648 0.0841609 0.0053783 -0.0145412 0.0814203 0.00549814 -0.0145152 0.0814203 0.00542854 -0.0135508 0.0952275 0.00481142 -0.0136196 0.0952277 0.00480232 -0.0136809 0.0924466 0.00493222 -0.0137369 0.0924467 0.00491489 -0.0138418 0.0896747 0.00506081 -0.0135051 0.0952274 0.00481549 -0.0137499 0.0896741 0.00510838 -0.0136529 0.0910588 0.00502944 -0.0137512 0.0896741 0.00510722 -0.0136557 0.0910588 0.00502858 -0.0137538 0.0896742 0.00510589 -0.0136513 0.0910588 0.00503036 -0.0137484 0.0896741 0.00511045 -0.0135603 0.0924458 0.00495712 -0.0135582 0.0924458 0.00495984 -0.0136477 0.0910588 0.00503513 -0.0137466 0.0896741 0.00511358 -0.0136458 0.0910588 0.0050374 -0.013745 0.0896756 0.00511577 -0.0137442 0.0896749 0.00511639 -0.0132633 0.0985397 0.00466677 -0.0132665 0.0984524 0.0046706 -0.0132602 0.0986271 0.00466294 -0.013232 0.0994134 0.00462895 -0.013245 0.0990639 0.00464395 -0.013248 0.0989765 0.00464773 -0.0132761 0.0981905 0.00468218 -0.0132793 0.0981032 0.00468606 -0.0132922 0.0980159 0.00468536 -0.0132826 0.0980159 0.00468995 -0.0133391 0.0966202 0.00475366 -0.0132571 0.0987144 0.00465912 -0.0132276 0.0995883 0.00462151 -0.0135513 0.0924461 0.00497222 -0.0137437 0.0896748 0.00511687 -0.0137431 0.0896751 0.00511785 -0.01374 0.0896741 0.00513089 -0.0136505 0.0909126 0.0050604 -0.0139931 0.100818 0.00405376 -0.0139713 0.10082 0.00374135 -0.0137895 0.0952329 0.00361806 -0.0137062 0.0924506 0.00378916 -0.0136006 0.0896775 0.00397804 -0.0134727 0.0869142 0.00418566 -0.0133223 0.0841616 0.00441299 -0.016385 0.0655594 0.00724413 -0.0139888 0.100818 0.00423523 0.00844922 0.0204529 0.001119047 0.00835139 0.0204561 0.001044408 0.00857345 0.0217672 0.00064195 0.00885921 0.0243735 -0.00025788 0.0088021 0.0230708 0.00019406 0.00865402 0.0230755 0.00019525 0.008454 0.0217713 0.00061442 0.00825822 0.0204591 0.00099095 0.00793144 0.0191404 0.0011885 0.00806899 0.0204649 0.000912153 0.00820317 0.0217791 0.00059163 0.00847133 0.0243833 -0.00015294 0.00975793 0.026947 -0.00140259 0.00920952 0.024363 -0.00029913 0.00894739 0.0230658 0.00021523 0.00876777 0.0221483 0.00055534 0.00869383 0.0217629 0.00069131 0.00765833 0.0204741 0.000791603 0.00764458 0.0217915 0.00059809 0.00758509 0.0243987 0.00014135 0.00751146 0.0295561 -0.00093858 0.00782847 0.0347369 -0.00202627 0.0124236 0.0511024 -0.00353974 0.0140169 0.0448593 -0.00614477 0.0106122 0.0455307 -0.00337342 0.0129182 0.0402265 -0.00585434 0.00890323 0.0400555 -0.00287319 0.0123381 0.0378675 -0.00545053 0.00825722 0.0373736 -0.00249274 0.0116084 0.0348931 -0.0046419 0.0107854 0.0314614 -0.00336121 0.0157168 0.0536799 -0.00547307 0.0131977 0.0539049 -0.00350279 0.015751 0.0539126 -0.00544194 0.0137932 0.056708 -0.00338851 0.0101174 0.0539054 -0.00127157 0.00897063 0.051103 -0.0009657 0.00638412 0.0455312 -0.00021723 0.00421764 0.0400557 0.00048757 0.00359592 0.0373736 0.00073884 0.00719775 0.0204774 0.00059835 0.00629932 0.0217909 0.00053605 0.005581 0.024398 0.00067814 0.00414254 0.0295554 0.000895366 0.00341975 0.0347367 0.000883325 0.00742638 0.0164429 0.00071729 0.00720009 0.0164461 0.00028906 0.00707271 0.0178028 0.00034017 0.00712357 0.0164478 0.00019665 0.00686441 0.0178032 0.00019691 0.00736484 0.0184765 0.00067304 0.00698176 0.0184757 0.00036892 0.00661192 0.0191429 0.00030068 0.00631708 0.0191406 0.00021893 0.00703568 0.0164496 0.00011125 0.00681961 0.0164534 -3.694001e-05 0.0065157 0.0164568 -0.00014581 0.00595576 0.0191385 0.00016394 0.00551043 0.0217797 0.00056398 0.00744204 0.0164428 0.000758529 0.00713204 0.015 3.917999e-05 0.00699784 0.015 -9.467001e-05 0.00671552 0.015 -0.00024478 0.00598008 0.015 -0.00032538 0.00540965 0.0191371 0.00016834 0.00340462 0.0243728 0.001202916 0.0045238 0.024384 0.000957675 0.00117207 0.0295352 0.0023265 0.0074816 0.0567121 0.00062658 0.00522241 0.0511107 0.001507444 0.00243666 0.0455404 0.0024854 0.000257086 0.0400611 0.00315216 -0.000251404 0.0373745 0.00324125 -0.000212765 0.0347309 0.00311049 0.0132444 0.0677894 -0.00222108 0.016451 0.0626669 -0.00413868 0.0138595 0.0650455 -0.00260533 0.0164484 0.0622845 -0.00419384 0.0141767 0.0622847 -0.00293615 0.0163454 0.0595058 -0.00461217 0.0141422 0.0595039 -0.00319895 0.0161226 0.0568628 -0.00501734 0.0161067 0.0567127 -0.00503994 0.0114023 0.0732454 -0.00135741 0.0158195 0.0719687 -0.00300181 0.016233 0.0679222 -0.00345032 0.00315658 0.0786896 0.001455227 0.00679577 0.0732444 0.00021496 0.00989048 0.0677888 -0.00087086 0.0109436 0.0650452 -0.00126422 0.0115126 0.0622847 -0.00150903 0.0115099 0.0595041 -0.00157713 0.0110044 0.0567084 -0.00148668 0.0142416 0.0841607 -0.00197922 0.0149038 0.0788121 -0.00237726 0.00921391 0.0786903 -0.00047544 0.0149205 0.0786903 -0.00238714 0.0156607 0.0732443 -0.00287355 0.013857 0.0882015 -0.00171828 0.00723649 0.0841612 0.00029604 -0.00010942 0.0841619 0.002560076 -0.00113945 0.0786886 0.002735271 0.00289065 0.0732423 0.001584615 0.00630918 0.0677867 0.00064594 0.00746579 0.0650438 0.00035979 0.00808156 0.0622845 0.00025108 0.00805976 0.0595057 0.00035015 0.00577058 0.0896773 0.000889749 -0.00250613 0.0896807 0.00337337 -0.0040937 0.0952413 0.00391545 -0.00556314 0.0896824 0.0041777 -0.00732531 0.0952444 0.00472477 -0.00741142 0.0896833 0.00451001 -0.00916346 0.0952459 0.00497565 -0.0047582 0.0841626 0.00376979 -0.00867868 0.0896835 0.00454155 -0.0103098 0.0952462 0.00487416 -0.00621055 0.0841627 0.00398226 -0.00497035 0.100838 0.00421869 -0.00828883 0.100842 0.00501245 -0.010121 0.100844 0.00519998 -0.0112018 0.100844 0.00500797 -0.0120026 0.100843 0.00449834 -0.0130214 0.100838 0.00353124 -0.0136079 0.112092 0.002548586 -0.0136573 0.11209 0.00256224 -0.00765039 0.179576 0.00231725 -0.00782664 0.179579 0.002432362 -0.00786004 0.17958 0.002484175 -0.00786665 0.179583 0.002505376 -0.00786847 0.179584 0.002515687 -0.00611296 0.185064 0.002322968 -0.00718806 0.179567 0.002173474 -0.00398478 0.1905 0.002098623 -0.00398552 0.1905 0.002092627 -0.00398324 0.1905 0.002085787 -0.00398251 0.1905 0.002084637 -0.00397104 0.1905 0.002073936 -0.00390532 0.1905 0.002047891 -0.00343775 0.1905 0.001980309 -0.00253524 0.1905 0.001919547 -0.000835514 0.1905 0.001856192 0.000185213 0.1905 0.001789576 0.0072596 0.015 0.00024351 0.00727261 0.015 0.00027252 0.00686838 0.015 4.02999e-06 0.00699784 0.015 -9.467001e-05 0.00713204 0.015 3.917999e-05 0.00720228 0.015 0.00013737 -0.00694547 0.015 4.454e-05 -0.00643916 0.015 -0.00040169 -0.006 0.015 -0.0002 -0.0063692 0.015 -0.00044278 -0.00566553 0.015 -0.00066923 0.006 0.015 -0.0002 0.00598008 0.015 -0.00032538 0.00671552 0.015 -0.00024478 -0.00552942 0.015 -0.00067662 -0.0048501 0.015 -0.00063568 -0.00334555 0.015 -0.00057536 -0.00185085 0.015 -0.00054185 0.00104672 0.015 -0.00050927 0.00373894 0.015 -0.00043864 0.00264813 0.1905 0.001570094 0.000983231 0.1905 0.001800103 -0.000830292 0.179547 0.002550695 -0.00994012 0.0679202 0.00845241 -0.0100615 0.0788111 0.0072176 -0.0128961 0.0788117 0.00732497 -0.0154736 0.0746658 0.00623742 -0.016233 0.0679222 0.00695032 -0.0157782 0.0679225 0.00757543 -0.016385 0.0655594 0.00724413 -0.0098332 0.0402301 0.01106461 -0.0109802 0.0402283 0.01078423 -0.00956618 0.0348914 0.00963173 -0.0152972 0.0511127 0.00928295 -0.0145476 0.0472763 0.00958756 -0.014354 0.0512685 0.01015346 -0.0133207 0.0457034 0.01042895 0.00869383 0.0217629 0.00069131 0.00876777 0.0221483 0.00055534 0.00584485 0.0245673 0.0029074 0.010336 0.0295275 -0.00253875 0.0107854 0.0314614 -0.00336121 0.0045385 0.0297188 0.0027745 0.00141193 0.0348962 0.00449416 0.00360043 0.0348996 0.002571557 0.00344521 0.0402198 0.00234476 0.00324405 0.0245175 0.00484587 0.00406449 0.0245324 0.00436976 0.00162064 0.0296916 0.00529793 0.000522694 0.0296799 0.00613522 -0.000631147 0.0296755 0.00675203 0.00206871 0.0245119 0.00515516 -0.00397643 0.1905 0.002125932 -0.00398478 0.1905 0.002098623 -0.00611296 0.185064 0.002322968 -0.00780224 0.179592 0.002652318 -0.00772074 0.17959 0.002740609 0.00771524 0.0161811 0.002097063 0.00772262 0.0161401 0.002058366 0.00777294 0.0164642 0.002015148 -0.00714174 0.018 0.00307625 -0.00680326 0.018 0.00330476 -0.0070298 0.0193189 0.00363243 0.00821396 0.0191341 0.001488412 0.00734292 0.0180417 0.00286468 0.00734672 0.0180209 0.0028638 0.00734957 0.0180052 0.00286315 0.00742333 0.018 0.00276815 0.00733691 0.018 0.00287924 0.00734862 0.0180104 0.00286337 0.0072714 0.018 0.00295252 0.00735051 0.018 0.00286293 0.00733526 0.0180835 0.00286643 0.00731974 0.0181668 0.00286996 0.0072879 0.0183334 0.0028771 0.0061962 0.018 0.00348897 0.006347 0.018 0.00346525 0.00624675 0.0193159 0.00353077 0.00648594 0.018 0.00343118 0.00657799 0.018 0.0034018 0.00660656 0.018 0.00339152 0.00662042 0.0179939 0.00338633 0.00689222 0.0171725 0.00328055 0.00671574 0.0175568 0.00334694 0.00704989 0.015 0.00315008 0.00662973 0.0179851 0.00338277 0.00663817 0.0179688 0.00337949 0.00665779 0.0178868 0.00337167 0.00441716 0.0193086 0.00376224 0.0048605 0.018 0.0035 0.006 0.018 0.0035 -0.00657804 0.0179974 0.00340194 -0.00648984 0.0193181 0.00379921 -0.00643442 0.018 0.00344522 -0.006 0.018 0.0035 -0.00760121 0.019319 0.00316775 -0.00729171 0.0179985 0.00293067 -0.00769095 0.0177613 0.002200781 -0.00821635 0.0191477 0.002015073 -0.00770068 0.0177177 0.002162544 -0.00777294 0.0164642 0.001484852 -0.00772262 0.0161401 0.001441634 -0.00763362 0.0179164 0.002377537 -0.00757202 0.0179838 0.002518935 -0.00746408 0.0179993 0.002708632 0.00752293 0.0166399 0.00287234 0.00772425 0.01527 0.002611511 0.00771317 0.0152706 0.002515724 0.00770832 0.015 0.002494121 0.00768547 0.0152735 0.002449819 0.00769115 0.0161492 0.002200013 0.00769918 0.0161879 0.002168663 0.00780267 0.0166536 0.001987878 0.00770295 0.0161965 0.002153056 0.00770706 0.0161987 0.002135304 0.00771031 0.0161952 0.002120583 0.00762948 0.015 0.002388209 0.00765639 0.0157181 0.002314694 0.00768041 0.0160576 0.00223861 0.00769096 0.0152756 0.00283067 0.00771896 0.015 0.00282628 0.00773542 0.015 0.002583279 0.00767242 0.0152786 0.00287407 0.00764765 0.0152822 0.00291449 0.00767129 0.015 0.00292103 0.00684905 0.018 0.00328024 0.00668406 0.0193226 0.00326234 0.00678596 0.018 0.00331352 0.00672131 0.018 0.00334443 0.00678588 0.0179986 0.00331362 0.00733216 0.016647 0.0030706 0.00735878 0.015 0.0030982 0.00740229 0.015 0.0030846 0.00759362 0.015 0.00299256 -0.0130603 0.123464 0.00392555 -0.01306 0.123388 0.00392713 -0.0127376 0.123468 0.00449768 -0.0130322 0.112065 0.00420098 -0.0128849 0.100915 0.00518146 -0.0130506 0.108398 0.00431145 -0.0124221 0.151722 0.00340135 -0.0127418 0.146124 0.00351225 -0.0122591 0.146128 0.0041177 -0.012744 0.146073 0.0035132 -0.0129404 0.14041 0.00361548 -0.0129985 0.137688 0.00366302 -0.0130397 0.134738 0.00371443 -0.0130701 0.129062 0.00381624 -0.0104449 0.168363 0.00295501 -0.0120953 0.15579 0.00331111 -0.0117176 0.157389 0.00360263 -0.0114221 0.15739 0.00385462 -0.0102069 0.168551 0.00323316 -0.00600935 0.185062 0.002461329 -0.00750524 0.179588 0.00288515 -0.00992884 0.16855 0.00344698 -0.0066211 0.179583 0.00309235 -0.00892784 0.168547 0.00376972 -0.0103913 0.157391 0.00425351 -0.00237757 0.1905 0.002200569 -0.00334355 0.1905 0.002245259 -0.0038138 0.1905 0.002208181 -0.00389737 0.1905 0.002183442 -0.00394198 0.1905 0.002160551 -0.0119466 0.123473 0.00499336 -0.0120975 0.100917 0.00569665 -0.0103518 0.112168 0.00538454 -0.010336 0.100922 0.00576661 -0.00867146 0.112175 0.00502446 -0.00857009 0.100926 0.00532837 -0.0102059 0.123482 0.00512845 -0.00843872 0.123492 0.00481015 -0.00789536 0.134831 0.00462148 -0.00983803 0.134821 0.00492114 -0.00706488 0.146148 0.00439447 -0.00918774 0.14614 0.0046854 -0.00597076 0.157397 0.00406516 -0.00819463 0.157394 0.00434403 -0.00461958 0.168537 0.00357072 -0.00678603 0.168542 0.00382222 -0.00275274 0.179562 0.00286645 -0.00469626 0.179573 0.00308269 9.899051e-05 0.1905 0.001922033 -0.00150645 0.1905 0.002117957 -0.0112814 0.146132 0.00456635 -0.00670787 0.112184 0.00441913 0.0130768 0.105995 -0.0008911801 0.0130711 0.106427 -0.0008763601 0.0130322 0.112065 -0.0007009801 0.0130379 0.11772 -0.0005533001 -0.00639204 0.123504 0.00425106 0.0104156 0.168528 0.0005504899 0.00819591 0.178421 0.0009110339 -0.00237076 0.168529 0.00315348 -0.00359182 0.157402 0.00357972 0.0112879 0.162954 0.0003758299 0.0107203 0.166748 0.0004920999 0.01306 0.123388 -0.0004271301 0.0130603 0.123464 -0.0004255501 -0.00569736 0.134844 0.00408446 0.0130393 0.134775 -0.0002137901 -0.00472892 0.146159 0.00387535 0.0127418 0.146124 -1.225007e-05 0.0123099 0.153244 0.0001312999 0.00452472 0.0219253 0.00423613 0.00523283 0.0219375 0.00392168 0.00489328 0.0245513 0.0037253 0.007389 0.016645 0.00302495 0.00678543 0.0193242 0.00318359 0.00743918 0.016643 0.00297699 0.00688445 0.0193258 0.00310056 0.00761973 0.015 0.00297287 0.00707444 0.0193282 0.00292307 0.00536184 0.0245603 0.00333035 0.00293634 0.0297063 0.00418151 0.00722101 0.018666 0.00289174 0.00562342 0.0193106 0.00371237 -0.00294718 0.0348879 0.00810463 -0.000372536 0.0348922 0.0060363 -0.00418791 0.040232 0.00878969 -0.0012474 0.0402275 0.00632248 -0.00431337 0.0457132 0.00875553 -0.00100058 0.045706 0.00614055 -0.00378361 0.0512768 0.00823564 -0.000138482 0.0512709 0.00566382 -0.00307143 0.0568666 0.0074708 0.000819468 0.0568639 0.00507039 0.0013539 0.0624267 0.00453836 0.00403308 0.0456936 0.002125697 0.00497563 0.0512607 0.001934736 0.00894739 0.0230658 0.00021523 0.00920952 0.024363 -0.00029913 0.00975793 0.026947 -0.00140259 0.00824599 0.0193173 0.001441094 0.00844922 0.0204529 0.001119047 0.0157168 0.0536799 -0.00547307 0.0140169 0.0448593 -0.00614477 0.0129182 0.0402265 -0.00585434 0.0123381 0.0378675 -0.00545053 0.0116084 0.0348931 -0.0046419 0.00587554 0.0568591 0.001791954 0.0163454 0.0595058 -0.00461217 0.00633556 0.062427 0.001717429 0.0164484 0.0622845 -0.00419384 0.016451 0.0626669 -0.00413868 0.00967714 0.0788118 -0.00025656 0.0149038 0.0788121 -0.00237726 0.0142416 0.0841607 -0.00197922 0.013857 0.0882015 -0.00171828 0.00279141 0.0897921 0.002045457 0.00439856 0.0788114 0.001872835 0.00609958 0.0679231 0.001721326 0.0111718 0.0679236 -0.00084877 0.016233 0.0679222 -0.00345032 0.0158195 0.0719687 -0.00300181 0.0156607 0.0732443 -0.00287355 0.0149205 0.0786903 -0.00238714 0.015751 0.0539126 -0.00544194 0.0161067 0.0567127 -0.00503994 0.0161226 0.0568628 -0.00501734 0.00194549 0.100938 0.002165404 -0.00653975 0.100931 0.00463267 -0.00578257 0.0897915 0.00493567 -0.00434001 0.0788105 0.00537353 -0.0028403 0.0679195 0.00610913 -0.00264958 0.0624266 0.00670175 -0.00938058 0.0251862 0.00414174 -0.00920952 0.024363 0.00379913 -0.0086859 0.0245412 0.0048595 -0.00894739 0.0230658 0.00328477 -0.00869383 0.0217629 0.00280869 -0.00821563 0.0245411 0.00527571 -0.00952782 0.0296984 0.00720216 -0.00988082 0.0296985 0.00687851 -0.0109405 0.0321172 0.00712729 -0.0112517 0.0334194 0.0076286 -0.0114408 0.0342028 0.00790943 -0.0106351 0.0308204 0.00659399 -0.010336 0.0295275 0.00603875 -0.00975793 0.026947 0.00490259 -0.00776094 0.0245386 0.00545532 -0.00917804 0.0296965 0.0073856 -0.0106419 0.0348936 0.00910313 -0.0111544 0.0348941 0.00868804 -0.0115684 0.0347287 0.00808789 -0.0122166 0.0373748 0.00884029 -0.0120538 0.040226 0.01014626 -0.0128782 0.040063 0.00933258 -0.0129812 0.0404848 0.00938697 -0.0107903 0.0457099 0.01136705 -0.00947842 0.0457121 0.0113016 -0.00984311 0.0512757 0.01090265 -0.00453814 0.018 0.0035 -0.00112168 0.018 0.0035 -0.00484763 0.0193145 0.00384005 -0.0014809 0.0193096 0.00385793 -0.00630283 0.0245285 0.00564489 -0.00328182 0.0245146 0.0057603 -0.00794255 0.0296886 0.00775159 -0.00534746 0.0296776 0.00797176 -0.00727329 0.0348885 0.00991903 -0.00867547 0.0402314 0.0110592 -0.0149205 0.0786903 0.00588714 -0.0145943 0.0788122 0.00638733 -0.0142097 0.0788121 0.00676684 -0.01374 0.0896741 0.00513089 -0.0139692 0.0869122 0.0052981 -0.0133079 0.0897858 0.00582428 -0.0142416 0.0841607 0.00547922 -0.0145605 0.0814204 0.00567504 -0.0149038 0.0788121 0.00587726 -0.0128638 0.0897864 0.00615537 -0.0125263 0.100916 0.00549856 -0.0123721 0.12347 0.00480011 -0.0117957 0.14613 0.00439393 -0.0131831 0.100813 0.00458567 -0.0133966 0.0952266 0.00483511 -0.0136505 0.0909126 0.0050604 -0.00787719 0.179555 0.002544549 -0.013532 0.0679214 0.00863555 -0.0136211 0.0624267 0.00939978 -0.00993655 0.056866 0.01012763 -0.0134215 0.056864 0.01019632 -0.0129125 0.0512715 0.01084375 -0.0120976 0.045707 0.01111531 0.0020905 0.018 0.0035 0.0016876 0.0193075 0.00383646 -0.00041254 0.0245086 0.00562514 -0.00284 0.029673 0.00769068 -0.00501016 0.0348872 0.00947495 -0.00637129 0.0402327 0.01045022 -0.00686206 0.0457143 0.01054082 -0.00679749 0.0512776 0.01001801 -0.00650217 0.0568669 0.00916192 -0.00727565 0.0788107 0.00646189 -0.0064221 0.0679196 0.00750417 -0.00630068 0.0624265 0.00825267 -0.0150653 0.0568625 0.0095294 -0.0153662 0.0624268 0.00876638 -0.0152235 0.0679222 0.00803233 -0.0135927 0.0788119 0.00712213 -0.0123446 0.0897869 0.00635484 -0.0102191 0.0897887 0.00635185 -0.00811113 0.0897902 0.00578586 -0.0160992 0.0566439 0.00855029 0.00398478 0.1905 0.001401377 0.00463744 0.188941 0.001336757 0.00786639 0.179593 0.0009569299 0.01374 0.0896741 -0.00163089 0.0133966 0.0952266 -0.00133511 0.0131831 0.100813 -0.00108567 0.0131803 0.100913 -0.00108159 -0.00253524 0.1905 0.001919547 -0.00150645 0.1905 0.002117957 -0.000835514 0.1905 0.001856192 9.899051e-05 0.1905 0.001922033 0.000185213 0.1905 0.001789576 0.000983231 0.1905 0.001800103 0.00139605 0.1905 0.001677836 0.00264813 0.1905 0.001570094 0.00398478 0.1905 0.001401377 -0.00398324 0.1905 0.002085787 -0.00398552 0.1905 0.002092627 -0.00398478 0.1905 0.002098623 -0.00394198 0.1905 0.002160551 -0.00389737 0.1905 0.002183442 -0.00343775 0.1905 0.001980309 -0.0038138 0.1905 0.002208181 -0.00334355 0.1905 0.002245259 -0.00237757 0.1905 0.002200569 -0.00390532 0.1905 0.002047891 -0.00397104 0.1905 0.002073936 -0.00398251 0.1905 0.002084637 -0.00397643 0.1905 0.002125932 -0.00674893 0.018 0.00016835 -0.00685383 0.018 0.00022243 -0.00685374 0.018 0.00022265 -0.00695485 0.018 0.00028345 -0.00674893 0.018 0.00016835 -0.00685383 0.0179985 0.00022243 -0.00685383 0.018 0.00022243 -0.00695485 0.018 0.00028345 -0.00713981 0.018 0.00042209 -0.0072222 0.018 0.00049751 -0.00722239 0.018 0.00049788 -0.00729961 0.018 0.00057803 -0.00713981 0.018 0.00042209 -0.00722227 0.0179982 0.00049758 -0.0072222 0.018 0.00049751 -0.00729961 0.018 0.00057803 -0.00750964 0.0177825 0.000864855 -0.00753066 0.0178917 0.000901714 -0.00752573 0.0179723 0.000892876 -0.00751752 0.0179992 0.000878425 -0.00751548 0.018 0.000874897 -0.00751927 0.0179971 0.000881484 -0.00752166 0.0179916 0.000885678 -0.00748437 0.0175364 0.000823103 -0.00748652 0.0175327 0.000826551 -0.0074932 0.0175553 0.000837393 -0.00748817 0.0175314 0.000829212 -0.00749016 0.0175311 0.000832438 -0.00750472 0.017565 0.000856519 -0.00749559 0.0175369 0.000841316 -0.00749206 0.0175321 0.000835532 -0.00749794 0.0179821 0.000845187 -0.00749417 0.0179652 0.000838987 -0.00747631 0.0175829 0.000810313 -0.00748143 0.0175455 0.000818415 -0.00751451 0.018 0.000873218 0.00672131 0.018 0.00334443 0.00678583 0.018 0.00331364 0.00678596 0.018 0.00331352 0.00684905 0.018 0.00328024 0.00672131 0.018 0.00334443 0.00678588 0.0179986 0.00331362 0.00678583 0.018 0.00331364 0.00684905 0.018 0.00328024 0.00735878 0.015 0.0030982 0.00704989 0.015 0.00315008 0.00729171 0.015 0.00293067 0.00767129 0.015 0.00292103 0.00761973 0.015 0.00297287 0.00759362 0.015 0.00299256 0.00740229 0.015 0.0030846 0.00771896 0.015 0.00282628 0.00773542 0.015 0.002583279 0.00770832 0.015 0.002494121 0.00762948 0.015 0.002388209 -0.006 0.0149848 -0.00012346 -0.00699627 0.0149984 0.00010352 -0.0069597 0.0149999 6.096e-05 -0.00692646 0.0149848 0.00012164 -0.00717766 0.0149777 0.00031262 -0.00689437 0.0149414 0.00017804 -0.00738618 0.0149441 0.00058416 -0.00745802 0.0149136 0.00071954 -0.00687293 0.0148765 0.00021572 -0.00748673 0.0148804 0.000795315 -0.00657799 0.0148 9.82e-05 -0.0068654 0.0148 0.00022896 -0.00729171 0.0148 0.00056933 -0.0074933 0.0148637 0.000817755 -0.00749819 0.0148 0.000845605 -0.007499 0.0148227 0.000844449 -0.00749767 0.0148423 0.000836026 -0.006 0.0149732 -0.0001 -0.006 0.0149414 -5.858e-05 -0.006 0.0149 -2.679e-05 -0.006 0.0148765 -1.522e-05 -0.006 0.0148 -3.986629e-12 0.006 0.0149848 -0.00012346 0.006 0.0149732 -0.0001 0.006 0.0149414 -5.858001e-05 0.006 0.0149 -2.679001e-05 0.006 0.0148765 -1.522001e-05 0.006 0.0148 -9.540372e-12 0.00729171 0.0148 0.00056933 0.00677932 0.0148 0.0001831 0.0067861 0.0148765 0.00016947 0.00738981 0.0148308 0.00068263 0.00738949 0.0148 0.00068613 0.00736414 0.0149469 0.00055392 0.00738199 0.0148976 0.00063544 0.00738581 0.0148774 0.00065598 0.00738813 0.0148588 0.00066989 0.00732806 0.0149863 0.00042321 0.0068343 0.0149848 7.255999e-05 0.0068054 0.0149414 0.00013065 -0.00419771 -0.100827 0.001604898 -0.0131831 -0.100813 -0.00108567 -0.0133966 -0.0952266 -0.00133511 -0.00477809 -0.0952345 0.001319564 -0.01374 -0.0896741 -0.00163089 -0.013857 -0.0882015 -0.00171828 -0.0142416 -0.0841607 -0.00197922 -0.00723649 -0.0841612 0.00029604 -0.00921391 -0.0786903 -0.00047544 -0.0149205 -0.0786903 -0.00238714 -0.0156607 -0.0732443 -0.00287355 -0.00731963 -0.0191469 0.00065142 -0.0068734 -0.0191449 0.00039966 -0.00661112 -0.0204737 0.00046584 -0.0087558 -0.0269668 -0.00098724 -0.00907643 -0.0295437 -0.00185331 -0.010336 -0.0295275 -0.00253875 0.0132814 -0.0980159 0.00468999 0.0133966 -0.0952266 0.00483511 0.0131831 -0.100813 0.00458567 0.0132391 -0.0992386 0.00463643 0.0132333 -0.0994134 0.00462895 0.013254 -0.0988018 0.00465531 0.013251 -0.0988891 0.00465152 0.0132728 -0.0982778 0.00467831 0.0132696 -0.0983651 0.00467445 0.0136477 -0.0910588 0.00503513 0.0137466 -0.0896741 0.00511358 0.013745 -0.0896756 0.00511577 0.0136529 -0.0910588 0.00502944 0.0136557 -0.0910588 0.00502858 0.0137499 -0.0896741 0.00510838 0.0137512 -0.0896741 0.00510722 0.0138594 -0.0882919 0.00518822 0.0149127 -0.0786902 0.00582275 0.0149205 -0.0786903 0.00588714 0.0145605 -0.0814204 0.00567504 0.0142567 -0.0827893 0.00511228 0.0143067 -0.0814202 0.00517627 0.0144449 -0.0814202 0.00531402 0.0144177 -0.0786894 0.00531101 0.0153947 -0.0567153 0.00779097 0.0157401 -0.0567143 0.00795523 0.0159998 -0.0622845 0.00708556 0.0155965 -0.0622844 0.00689049 0.0149175 -0.0622844 0.00678278 0.014808 -0.0567164 0.00768408 0.0118229 -0.084162 0.0040357 0.0106547 -0.0786888 0.00452465 0.0121907 -0.0786891 0.00479149 0.0137473 -0.100826 0.00302847 0.0136969 -0.100827 0.0029898 0.0134489 -0.0952361 0.00329371 0.0129439 -0.040065 0.00908638 0.0129219 -0.0400653 0.00901566 0.0122626 -0.0373751 0.00855003 0.0135441 -0.0427916 0.00923163 0.01344 -0.0427952 0.00908094 0.0134872 -0.0427939 0.00914213 0.0140138 -0.0455496 0.00914668 0.0110913 -0.0327666 0.00730557 0.0109405 -0.0321172 0.00712729 0.0112572 -0.033419 0.0075687 0.010931 -0.0321161 0.00704962 0.0106145 -0.030819 0.00651455 0.0103041 -0.0295258 0.00595707 0.01032 -0.0295265 0.00597755 0.010681 -0.0314629 0.0067315 0.0108553 -0.0321125 0.00699229 0.0108557 -0.0321124 0.00698818 0.0103374 -0.0301671 0.00618929 0.0105086 -0.0308145 0.00646444 0.0105081 -0.0308144 0.00646297 0.00817157 -0.0191337 0.0019455 0.00812057 -0.0191331 0.001875261 0.00771836 -0.0164658 0.001343528 0.00892729 -0.0230653 0.00325064 0.00919136 -0.0243625 0.00376479 0.00916881 -0.0243618 0.00373423 0.00893883 -0.0230656 0.00326454 0.00868433 -0.0217628 0.00278961 0.00869383 -0.0217629 0.00280869 0.00824329 -0.0217546 0.00216356 0.00884934 -0.0243526 0.00329703 0.00874212 -0.0243498 0.00308778 0.00885703 -0.0269229 0.00386097 0.00800262 -0.0243384 0.002575456 0.00853006 -0.0243454 0.00285634 0.0112363 -0.0347231 0.00717582 0.0109677 -0.0347234 0.00694461 0.00921493 -0.0295092 0.0047799 0.0111961 -0.0952457 0.00446244 0.00972392 -0.0896834 0.00428624 0.0113679 -0.0896821 0.00381162 -0.00324292 -0.0595065 0.0027576 -0.00277494 -0.0567141 0.00310379 0.00239063 -0.0567153 0.00533959 0.00365536 -0.0511174 0.00603981 0.00430237 -0.0347264 0.00514271 0.00297065 -0.0347277 0.00457052 0.00141858 -0.0295241 0.00327339 0.012439 -0.151722 0.00329012 0.0124393 -0.151722 0.00331826 0.0119473 -0.157351 0.00318212 0.012884 -0.143244 0.00352143 0.0127664 -0.146074 0.00346521 0.0127812 -0.146074 0.00344339 0.0130047 -0.137575 0.00365043 0.0130036 -0.137575 0.00365265 0.0129434 -0.14041 0.00360351 0.0130737 -0.130481 0.00377444 0.0130766 -0.129062 0.00380049 0.0130755 -0.129062 0.00380108 0.0130758 -0.127643 0.00382764 0.0130734 -0.126225 0.00385548 0.0130654 -0.123388 0.00391227 0.0130646 -0.123388 0.00391336 0.0131254 -0.129063 0.00379632 0.0131245 -0.123388 0.00391559 0.0130967 -0.123388 0.00391084 0.0136842 -0.117738 0.00277315 0.0138363 -0.11208 0.0029106 0.0139075 -0.112076 0.00334899 0.0131532 -0.102214 0.0045146 0.0131228 -0.103617 0.0044611 0.0131242 -0.103617 0.00446118 0.0130992 -0.105021 0.00441001 0.0131077 -0.105021 0.00440698 0.0131325 -0.103617 0.00445792 -0.00748523 -0.16295 0.0007616401 -0.0112879 -0.162954 0.0003758301 -0.0123099 -0.153244 0.0001313001 -0.00431641 -0.117754 0.001788208 -0.0130379 -0.11772 -0.0005532999 -0.0130322 -0.112065 -0.0007009799 -0.0130768 -0.105995 -0.0008911799 -0.00725831 -0.0150763 0.00024571 -0.0072596 -0.015 0.00024351 -0.00720228 -0.015 0.00013737 0.007499 -0.0148227 0.000844449 0.00749819 -0.0148 0.000845605 0.0075215 -0.0150645 0.000885395 -0.00766815 -0.0176111 0.001221047 -0.00762287 -0.0178027 0.001088826 -0.00778803 -0.0178036 0.001413433 -0.0075496 -0.0179559 0.000936826 -0.00742141 -0.0156402 0.00072917 -0.00740091 -0.01507 0.00070121 -0.00738949 -0.0148 0.00068613 -0.00738981 -0.0148308 0.00068263 -0.00738813 -0.0148588 0.00066989 -0.00738581 -0.0148774 0.00065598 -0.00738199 -0.0148976 0.00063544 -0.00736414 -0.0149469 0.00055392 -0.00732806 -0.0149863 0.00042321 -0.00727261 -0.015 0.00027252 -0.00739797 -0.0178024 0.00069126 -0.00745423 -0.0178538 0.000776495 -0.00745414 -0.0174511 0.000776353 -0.00745103 -0.0179798 0.000771732 -0.00745297 -0.0179545 0.000774609 -0.00744069 -0.0179756 0.000756423 -0.00744937 -0.0179861 0.000769272 -0.00742809 -0.0179966 0.00073853 -0.00743846 -0.0179949 0.000753338 -0.00744413 -0.0179927 0.000761576 -0.00744728 -0.0179899 0.000766197 -0.00737701 -0.018 0.00067002 -0.00753414 -0.0179841 0.000908034 -0.00752381 -0.0179963 0.00088947 -0.00765315 -0.0191452 0.000956518 -0.00751549 -0.018 0.000874897 -0.00787568 -0.0178042 0.00158134 -0.00821396 -0.0191341 0.001488412 -0.00780267 -0.0166536 0.001987878 -0.00772262 -0.0161401 0.002058366 -0.00773961 -0.0164553 0.00194037 -0.00777294 -0.0164642 0.002015148 -0.00774003 -0.0164637 0.001936583 -0.00774927 -0.0167604 0.001800556 -0.00774118 -0.0171494 0.001574535 -0.00770303 -0.0174597 0.001347279 0.00770001 -0.0163066 0.001334712 0.00770303 -0.016301 0.001347253 0.00777294 -0.0164642 0.001484852 0.0077091 -0.0162766 0.001373859 0.00771695 -0.0162146 0.001411488 0.0077219 -0.0161571 0.001437633 0.00772262 -0.0161401 0.001441634 0.00765721 -0.0164683 0.001111208 0.00763469 -0.0159972 0.001125276 0.00767874 -0.0162463 0.001255696 0.00768972 -0.0162934 0.001294636 0.00769439 -0.0163046 0.001312352 0.00749767 -0.0148423 0.000836026 0.00748678 -0.0164689 0.000790535 0.00745802 -0.0149136 0.00071954 0.00747032 -0.0149031 0.00074913 0.0074933 -0.0148637 0.000817755 0.00729961 -0.018 0.00057803 0.00722227 -0.0179982 0.00049758 0.00722266 -0.0164696 0.00041698 0.00713981 -0.018 0.00042209 0.00694547 -0.015 4.454e-05 0.00699627 -0.0149984 0.00010352 0.00725291 -0.0149678 0.00040093 0.00734462 -0.0149534 0.00052098 0.00769645 -0.0191308 0.001179335 0.00752215 -0.0191299 0.000932728 0.00722239 -0.018 0.00049788 0.00722218 -0.0191286 0.0006621 0.00643916 -0.015 -0.00040169 0.00685383 -0.0179985 0.00022243 0.00674893 -0.018 0.00016835 0.00634155 -0.018 3.365001e-05 0.00646245 -0.018 6.242001e-05 0.00650343 -0.0191264 0.00037261 0.00653284 -0.018 8.309001e-05 0.00695485 -0.018 0.00028345 0.00685374 -0.018 0.00022265 0.0063692 -0.015 -0.00044278 0.00566553 -0.015 -0.00066923 0.00552942 -0.015 -0.00067662 -0.00396816 -0.106448 0.001765171 -0.0130711 -0.106427 -0.0008763599 -0.00292667 -0.151768 0.001546514 -0.00740721 -0.15175 0.0008754051 -0.00703645 -0.14611 0.001016545 -0.00329265 -0.179498 0.001219435 -0.00786992 -0.179581 0.0009564471 -0.00819591 -0.178421 0.0009110341 -0.0107203 -0.166748 0.0004921001 -0.0104156 -0.168528 0.0005504901 -0.00425794 -0.168486 0.001006659 -0.00182448 -0.146135 0.001934764 -0.00593783 -0.134782 0.001370274 0.0063294 -0.123462 0.00427649 0.0033319 -0.123453 0.00369139 0.00431685 -0.117777 0.00401946 -0.00402816 -0.112092 0.001819802 0.00523428 -0.106463 0.00431551 0.00498371 -0.112112 0.0042383 0.00856235 -0.106469 0.0050761 0.00825453 -0.112119 0.00495108 0.0103906 -0.106472 0.00521625 0.0100791 -0.112122 0.00505771 0.0114524 -0.106472 0.00497088 0.0111595 -0.112121 0.00479078 0.00813895 -0.123465 0.00434927 0.00933408 -0.123464 0.00411308 -0.00477163 -0.123426 0.00168981 0.00080061 -0.13481 0.00283715 0.00338264 -0.13482 0.00327156 0.00515393 -0.134823 0.00334072 0.00770751 -0.134818 0.00290284 -0.00757721 -0.157365 0.0007839741 -0.00375768 -0.157375 0.001243424 -0.000537775 -0.157379 0.00148752 0.000283412 -0.146142 0.002219165 -0.00159134 -0.16848 0.001159696 -0.00123159 -0.179485 0.00132253 0.0012016 -0.168483 0.001358215 0.00089267 -0.179492 0.001466928 -0.00139605 -0.1905 0.001677836 -0.00398478 -0.1905 0.001401377 -0.00463744 -0.188941 0.001336757 0.0133159 -0.112103 0.00276238 0.0134441 -0.112099 0.002628383 0.0130927 -0.11776 0.002472425 0.0132551 -0.117755 0.002410435 0.0128003 -0.123427 0.00229946 0.0133446 -0.100834 0.00316126 0.013475 -0.100832 0.00304152 0.0135831 -0.106454 0.00281669 0.0136318 -0.106452 0.00277187 0.0135563 -0.112094 0.002556586 0.0103023 -0.123461 0.00364443 0.0119647 -0.112119 0.00423033 0.012993 -0.112109 0.0031708 0.011752 -0.123447 0.00277155 0.0123131 -0.123438 0.00244522 0.0106804 -0.134792 0.002197905 0.0115361 -0.13478 0.002157815 0.0129147 -0.117765 0.002594327 0.012564 -0.123432 0.00234464 0.0130255 -0.123421 0.002323359 0.012914 -0.123424 0.002301747 0.0134062 -0.11775 0.002423089 0.0133318 -0.117752 0.002406325 0.013242 -0.123414 0.002437416 0.0131347 -0.123417 0.00236741 0.0135487 -0.117744 0.002533133 0.0134784 -0.117747 0.002464093 0.01375 -0.112085 0.002668995 0.0137045 -0.112088 0.00260106 0.0137603 -0.106447 0.002748563 0.0139069 -0.112072 0.00391636 0.0137454 -0.123395 0.00361069 0.0137464 -0.123396 0.003567 0.0137357 -0.123395 0.00365097 0.0138882 -0.112071 0.00395939 0.0139638 -0.100817 0.0043208 0.0130744 -0.112065 0.00418944 0.013107 -0.112066 0.00419891 0.0131455 -0.106428 0.00437342 0.0131349 -0.103617 0.00445823 0.0131101 -0.105021 0.00440735 0.0130903 -0.106427 0.00435863 0.0130636 -0.109244 0.00426734 0.0130684 -0.109244 0.00426894 0.0130749 -0.107835 0.00431199 0.0130611 -0.109244 0.00426691 0.0130724 -0.107835 0.00431157 0.0131395 -0.103617 0.00445971 0.0130584 -0.109244 0.00426727 0.0130778 -0.106427 0.00436097 0.0130624 -0.107835 0.00431415 0.0130639 -0.107835 0.00431423 0.0130525 -0.109244 0.00426942 0.0130449 -0.110654 0.00422655 0.013051 -0.109244 0.00426935 0.0130434 -0.110654 0.00422649 0.0130793 -0.106427 0.00436106 0.0130978 -0.105021 0.00440993 0.0130381 -0.112065 0.0041858 0.0131545 -0.102214 0.00451466 0.0130373 -0.112065 0.00418667 0.0130506 -0.108398 0.00431145 0.0130322 -0.112065 0.00420098 0.0130379 -0.114891 0.00410854 0.0130389 -0.112065 0.00418547 0.0130394 -0.114891 0.0041085 0.0130404 -0.112065 0.0041855 0.0130451 -0.114891 0.00410661 0.0130463 -0.112065 0.0041835 0.0130477 -0.114891 0.00410629 0.0130489 -0.112065 0.00418318 0.0130502 -0.114891 0.00410662 0.0130514 -0.112065 0.00418359 0.0130549 -0.114891 0.00410792 0.0130562 -0.112065 0.00418509 0.0130445 -0.11772 0.00403779 0.0130459 -0.11772 0.00403767 0.0130514 -0.11772 0.00403583 0.013054 -0.11772 0.00403547 0.0130564 -0.11772 0.00403569 0.0130609 -0.11772 0.00403671 0.0134563 -0.100814 0.00459363 0.0131741 -0.112066 0.00421454 0.0119485 -0.134773 0.002211172 0.0131881 -0.106462 0.00335845 0.01223 -0.10647 0.00441421 0.0128398 -0.12909 0.002373535 0.0132996 -0.134748 0.00315579 0.0137218 -0.123397 0.00338927 0.0135921 -0.12907 0.00343248 0.0135975 -0.12907 0.00347326 0.0135949 -0.129069 0.00351092 0.0135856 -0.129069 0.00354555 0.0136966 -0.123394 0.00372153 0.0135317 -0.129068 0.00363106 0.0135711 -0.129069 0.00357718 0.0133638 -0.134743 0.00348857 0.0133854 -0.134744 0.00343827 0.0139114 -0.100817 0.0043927 0.0135803 -0.123393 0.00382184 0.0134857 -0.129067 0.00367309 0.0133351 -0.134743 0.00352868 0.013308 -0.12339 0.00392509 0.0131811 -0.123389 0.00392364 0.0131729 -0.129063 0.00379762 0.0130674 -0.123388 0.00391139 0.0130661 -0.123388 0.00391173 0.0130753 -0.126225 0.00385441 0.0130741 -0.126225 0.00385487 0.013077 -0.127643 0.00382711 0.0130748 -0.129062 0.00380176 0.0130726 -0.126225 0.00385662 0.0130809 -0.129062 0.00379841 0.0130724 -0.123388 0.00390951 0.013081 -0.123388 0.00390914 0.0130769 -0.123388 0.0039089 0.0130747 -0.123388 0.003909 0.0130717 -0.1319 0.00374666 0.0130741 -0.129062 0.00380295 0.0130655 -0.1319 0.00375159 0.0130726 -0.130481 0.0037751 0.0130443 -0.134738 0.00369964 0.0130453 -0.134738 0.00369876 0.0130575 -0.133319 0.00372447 0.0130585 -0.133319 0.00372367 0.0130668 -0.1319 0.0037496 0.0130678 -0.1319 0.00374886 0.0130432 -0.134738 0.00370175 0.01306 -0.123388 0.00392713 0.0130701 -0.129062 0.00381624 0.0130549 -0.134738 0.00369259 0.0130606 -0.134738 0.00369003 0.0130785 -0.1319 0.00374377 0.0130849 -0.131901 0.00374195 0.0130884 -0.129062 0.00379642 0.0130954 -0.129062 0.00379533 0.0130709 -0.137576 0.00362026 0.0131525 -0.134739 0.00366854 0.0131213 -0.134739 0.00367857 0.0131908 -0.131902 0.00373082 0.0132147 -0.129064 0.00379415 0.0132771 -0.134742 0.00358618 0.0134658 -0.123392 0.00387897 0.0132752 -0.129064 0.00378498 0.0132628 -0.137582 0.00331209 0.013392 -0.134745 0.00337724 0.0133911 -0.134745 0.00340907 0.0130795 -0.140417 0.00318345 0.0133741 -0.134746 0.00330554 0.0133868 -0.134745 0.00334277 0.0139925 -0.0952298 0.00456194 0.0139719 -0.0952297 0.00459378 0.0137721 -0.100816 0.00449459 0.0132331 -0.137579 0.00345758 0.0132528 -0.13758 0.00341856 0.013265 -0.137581 0.00337025 0.0131238 -0.140416 0.00330284 0.0131208 -0.140415 0.00334908 0.0130447 -0.141832 0.00326929 0.01304 -0.141831 0.00335169 0.0129526 -0.143246 0.00337327 0.0129638 -0.143247 0.00331649 0.0129596 -0.143248 0.00323581 0.0131101 -0.140414 0.00338692 0.0130834 -0.140413 0.00344408 0.012992 -0.141829 0.00348357 0.01313 -0.137577 0.00358327 0.0130898 -0.138995 0.00355006 0.0130439 -0.140412 0.00351684 0.01294 -0.143249 0.0031837 0.0131127 -0.140417 0.00324767 0.0132426 -0.131902 0.00371698 0.0131953 -0.13474 0.00364987 0.0130966 -0.137576 0.00360684 0.013061 -0.138994 0.00357606 0.0130198 -0.140411 0.00354523 0.013014 -0.137575 0.00364215 0.0130657 -0.134738 0.00368914 0.0130907 -0.131901 0.00374172 0.0131018 -0.129062 0.00379572 0.0130056 -0.137575 0.00364941 0.0130278 -0.136157 0.00367404 0.0130269 -0.136157 0.00367499 0.0129739 -0.140411 0.00357636 0.0130844 -0.134739 0.00368499 0.0130235 -0.137575 0.00363728 0.0129996 -0.140411 0.00356199 0.0129042 -0.143244 0.00350322 0.0129725 -0.141828 0.00351432 0.0129188 -0.143244 0.00348324 0.0129338 -0.143245 0.00345021 0.012758 -0.146074 0.00347884 0.0128731 -0.143244 0.00353284 0.0129604 -0.140411 0.00358541 0.0127905 -0.146074 0.00342037 0.0127967 -0.146075 0.00338301 0.0128775 -0.144661 0.00333783 0.0127955 -0.146076 0.00330232 0.0128812 -0.144662 0.00328129 0.0127706 -0.146078 0.00316891 0.0128683 -0.144664 0.00320236 0.0130397 -0.134738 0.00371443 0.00976797 -0.134803 0.002374742 0.00997736 -0.146108 0.002081203 0.0117894 -0.140437 0.002308035 0.0123523 -0.134766 0.002333178 0.0131382 -0.129083 0.002599413 0.0134509 -0.123408 0.002672003 0.0136437 -0.123401 0.0030835 0.00197726 -0.146144 0.002298115 0.00487238 -0.14614 0.002167786 0.00248903 -0.157377 0.001601474 0.00751047 -0.146127 0.002021631 0.00544896 -0.157372 0.00175347 -0.00421943 -0.162948 0.001057845 -0.0012807 -0.162947 0.001252324 0.00168292 -0.162948 0.001432263 0.00401441 -0.168492 0.001611708 -0.01306 -0.123388 -0.0004271299 -0.0130393 -0.134775 -0.0002137899 -0.0127418 -0.146124 -1.224993e-05 0.00513681 -0.179535 0.001855992 0.0119394 -0.157351 0.00315061 0.0124293 -0.151723 0.00324545 0.0119173 -0.157351 0.00310127 0.0123921 -0.151724 0.00315903 0.0118523 -0.157351 0.00301232 0.0123101 -0.151725 0.00303452 0.0117266 -0.157352 0.0028977 0.0122083 -0.151726 0.00294292 0.0112785 -0.162954 0.00303048 0.0103564 -0.168527 0.00278302 0.0102717 -0.168526 0.002702325 0.0124344 -0.151722 0.0033463 0.0124221 -0.151722 0.00340135 0.0120953 -0.15579 0.00331111 0.0134202 -0.129076 0.00298431 0.0127477 -0.134759 0.00254765 0.0122811 -0.14043 0.002508978 0.011161 -0.146097 0.002289795 0.00974818 -0.15736 0.00224078 0.0083374 -0.157364 0.002019175 0.00680298 -0.168505 0.001927268 0.0131266 -0.134752 0.00290002 0.0127565 -0.140423 0.00282502 0.0123031 -0.146084 0.0027537 0.01112 -0.157355 0.002599698 0.00951021 -0.168521 0.002397391 0.0112865 -0.162954 0.00306425 0.0104111 -0.168502 0.00287495 0.010402 -0.168527 0.00286116 0.00927667 -0.17407 0.002677632 0.00923482 -0.174069 0.002610241 0.0119508 -0.157319 0.00318471 0.0101176 -0.168525 0.002610416 0.0114481 -0.157353 0.002736501 0.012064 -0.151727 0.00284473 0.0125707 -0.146081 0.00294819 0.00596403 -0.185054 0.002177705 0.006087 -0.185057 0.002252542 0.00507887 -0.187783 0.00216289 0.00610951 -0.185057 0.00228508 0.00509573 -0.187783 0.002184759 0.00611416 -0.185058 0.002298646 0.00509912 -0.187783 0.002193965 0.0061156 -0.185058 0.002307215 0.00510012 -0.187783 0.002199846 0.0104449 -0.168363 0.00295501 0.00787719 -0.179555 0.002544549 0.00928603 -0.17407 0.002705508 0.0129789 -0.140419 0.00305063 0.0128995 -0.14325 0.00312337 0.0126953 -0.146079 0.00306348 0.0125548 -0.148904 0.0031019 0.0126096 -0.148902 0.00323099 0.0126296 -0.148901 0.00331487 0.0126317 -0.1489 0.00335616 0.0126274 -0.1489 0.00338192 0.0129985 -0.137688 0.00366302 0.0129404 -0.14041 0.00361548 0.012744 -0.146073 0.0035132 0.0127527 -0.146073 0.00348779 0.0128664 -0.143243 0.0035405 0.0129524 -0.140411 0.0035917 0.0130487 -0.134738 0.00369641 0.0130086 -0.137575 0.00364691 0.0129476 -0.14041 0.00359737 0.0129451 -0.14041 0.00360004 0.00288481 -0.0400641 0.00506844 0.00317065 -0.0373749 0.00494095 0.00458594 -0.0373751 0.00562374 0.00315071 -0.0455472 0.00573527 0.00511174 -0.0455485 0.00648748 0.00442848 -0.0400652 0.00586026 0.00602284 -0.040066 0.00639357 0.00604363 -0.0373752 0.0060532 0.0056721 -0.0347256 0.00547976 0.00401133 -0.0295168 0.00381925 0.00179556 -0.0243498 0.001907701 -0.000862371 -0.0243589 0.001657714 -0.000172573 -0.0191299 0.00026578 -0.00290318 -0.0191328 0.00023138 -0.00104672 -0.015 -0.00050927 -0.00373894 -0.015 -0.00043864 0.00839883 -0.0347247 0.00595838 0.00666184 -0.0295137 0.00407742 0.00457584 -0.0243458 0.002017346 0.00274098 -0.0191287 0.00028074 0.00185085 -0.015 -0.00054185 -0.000946103 -0.0511148 0.00396704 0.00126413 -0.0455453 0.00474654 -0.00325149 -0.0622845 0.00253065 0.00206043 -0.059507 0.0049851 0.00447158 -0.0786883 0.00344102 0.00758771 -0.0786884 0.00397441 0.00749954 -0.0841627 0.00394946 0.00976359 -0.0841625 0.0039089 -0.00273031 -0.0650432 0.002452912 0.00205446 -0.0622844 0.00467584 0.00771375 -0.0622844 0.00634978 0.00827469 -0.0677856 0.00569392 0.00312209 -0.0677854 0.0042632 0.00242717 -0.0650428 0.00443725 -0.00175936 -0.0677858 0.002504949 0.0108078 -0.0841623 0.00393879 0.00912121 -0.0786886 0.00425279 0.00517134 -0.0732413 0.00406112 0.00110175 -0.0732415 0.00288439 0.0124342 -0.0952427 0.00368402 0.0120547 -0.089681 0.00365374 0.012886 -0.0952404 0.00339506 0.0123772 -0.0896804 0.00361744 0.013179 -0.0952383 0.00328112 0.0130846 -0.095239 0.00330704 0.0135344 -0.100831 0.00300252 0.00936408 -0.0732418 0.00508144 0.0126904 -0.0896797 0.00361908 0.00789645 -0.0567156 0.00700921 0.00851507 -0.0511184 0.00750422 0.00910946 -0.0455497 0.00762944 0.00921943 -0.0400668 0.0071795 0.00894896 -0.0373753 0.00667466 0.00972048 -0.0347242 0.0063365 0.00796488 -0.029512 0.00433101 0.00597347 -0.0243437 0.002141303 0.00423232 -0.019128 0.00029791 0.00334555 -0.015 -0.00057536 0.0106986 -0.0567158 0.00752794 0.0109634 -0.0511189 0.00804013 0.0110934 -0.0455504 0.00815109 0.0107788 -0.0400672 0.00765017 0.0048501 -0.015 -0.00063568 0.00572224 -0.0191269 0.00032989 0.00734542 -0.0243402 0.002371466 0.0101341 -0.0295169 0.00556275 0.0107882 -0.0321079 0.00659547 0.0100244 -0.0295134 0.00539988 0.0106044 -0.0321041 0.00637477 0.00973569 -0.0295078 0.00515577 0.0094956 -0.0295081 0.00495617 0.00748817 -0.0175314 0.000829212 0.00749016 -0.0175311 0.000832438 0.00749206 -0.0175321 0.000835532 0.00749559 -0.0175369 0.000841316 0.00748652 -0.0175327 0.000826551 0.00748437 -0.0175364 0.000823103 0.00748143 -0.0175455 0.000818415 0.00747631 -0.0175829 0.000810313 0.00749417 -0.0179652 0.000838987 0.00749794 -0.0179821 0.000845187 0.00750179 -0.0179912 0.000851599 0.00750703 -0.0179972 0.00086042 0.0079933 -0.0191316 0.001728481 0.00751451 -0.018 0.000873218 0.00751548 -0.018 0.000874897 0.00751752 -0.0179992 0.000878425 0.00751927 -0.0179971 0.000881484 0.00752166 -0.0179916 0.000885678 0.00752573 -0.0179723 0.000892876 0.00753066 -0.0178917 0.000901714 0.00750472 -0.017565 0.000856519 0.00837741 -0.0217559 0.002545869 0.0089106 -0.0243542 0.00360937 0.00890434 -0.0243541 0.00360014 0.0083572 -0.0217557 0.002511451 0.00889285 -0.0243539 0.00355623 0.00833944 -0.0217557 0.002465917 0.0088994 -0.024354 0.00358844 0.00858686 -0.0217604 0.002679994 0.00864812 -0.021762 0.002742557 0.00867261 -0.0217625 0.00277489 0.00910876 -0.0243599 0.00367954 0.00902325 -0.0243571 0.00364616 0.00843038 -0.0217566 0.002593086 0.00769719 -0.0163074 0.001323348 0.00821635 -0.0191477 0.002015073 0.00920231 -0.0243629 0.00377778 0.00919974 -0.0256472 0.00416953 0.00926454 -0.0269298 0.00412588 0.00942485 -0.0269341 0.0043249 0.00950017 -0.0269368 0.00450394 0.00950888 -0.0269381 0.00471868 0.00950838 -0.0269382 0.00474179 0.00951 -0.0269382 0.00474939 0.00891431 -0.0243542 0.0036132 0.00920717 -0.0256473 0.00417927 0.00920429 -0.0256473 0.00417652 0.00951308 -0.0269383 0.00475481 0.00951135 -0.0269383 0.00475235 0.00983367 -0.0282288 0.0053329 0.00983293 -0.0282288 0.00533047 0.0101663 -0.0295203 0.00590347 0.0101667 -0.0295203 0.00589784 0.00952441 -0.0269387 0.00476075 0.00951784 -0.0269385 0.00475846 0.00921856 -0.0256476 0.0041852 0.00921051 -0.0256474 0.0041816 0.008928 -0.0243545 0.00362222 0.00891844 -0.0243543 0.00361658 0.00840148 -0.0217561 0.002572037 0.0089525 -0.0243551 0.00363049 0.00954312 -0.0269393 0.00476293 0.0101695 -0.0295205 0.00590992 0.00983823 -0.028229 0.00533771 0.00984339 -0.0282292 0.00533934 0.0101813 -0.0295191 0.00570848 0.0101708 -0.0295202 0.0058803 0.0102286 -0.0295228 0.00591652 0.00793114 -0.0191313 0.001639112 0.00786539 -0.0191312 0.001520712 0.0092067 -0.024363 0.00378654 0.00947802 -0.0256562 0.00432813 0.00947431 -0.0256561 0.00431929 0.00975434 -0.0269468 0.00487904 0.00974552 -0.0269465 0.00486803 0.00951524 -0.0269384 0.00475683 0.0098363 -0.0282289 0.00533647 0.00983479 -0.0282289 0.00533488 0.0101672 -0.0295204 0.00590738 0.0101666 -0.0295204 0.00590562 0.0103363 -0.030167 0.00618614 0.0103363 -0.0301669 0.00618405 0.010508 -0.0308144 0.00645914 0.010509 -0.0308143 0.00645386 0.0105137 -0.0308143 0.00643799 0.0108619 -0.0321124 0.00696812 0.0108784 -0.0321116 0.00683488 0.0106813 -0.0314629 0.00673306 0.0101733 -0.0295207 0.00591142 0.0103399 -0.0301672 0.00619134 0.0103417 -0.0301673 0.00619205 0.010512 -0.0308147 0.00646749 0.010516 -0.0308149 0.00646875 0.0101857 -0.0295212 0.00591267 0.0105212 -0.0308151 0.00646972 0.0101681 -0.0295205 0.0059088 0.0103367 -0.030167 0.00618788 0.0105079 -0.0308144 0.00646122 0.0106812 -0.0314628 0.00672757 0.010857 -0.0321124 0.00698292 0.0108879 -0.0321141 0.00701111 0.0106351 -0.0308204 0.00659399 0.010336 -0.0295275 0.00603875 0.0108636 -0.032113 0.00700195 0.0108599 -0.0321128 0.00700008 0.0106873 -0.0314632 0.00673816 0.0108574 -0.0321127 0.006998 0.010684 -0.0314631 0.00673653 0.0106828 -0.031463 0.00673554 0.0105106 -0.0308146 0.00646666 0.0105094 -0.0308145 0.00646565 0.0103385 -0.0301671 0.00619044 0.0106819 -0.031463 0.0067344 0.0108564 -0.0321126 0.00699681 0.0108558 -0.0321126 0.00699548 0.0110312 -0.0327636 0.00724927 0.0110318 -0.0327637 0.00725069 0.0109445 -0.032438 0.00712552 0.0109467 -0.0324381 0.00712785 0.0108554 -0.0321125 0.00699398 0.0110305 -0.0327635 0.00724417 0.0112131 -0.033416 0.00746155 0.011577 -0.0347263 0.00780731 0.0112284 -0.0334155 0.00734507 0.0115654 -0.0347266 0.00790917 0.0110338 -0.0327638 0.00725329 0.0112085 -0.0334163 0.00749659 0.0112106 -0.0334164 0.00749961 0.0113852 -0.0340707 0.00773245 0.0110774 -0.0327658 0.00728073 0.0109052 -0.0321148 0.00701854 0.0109134 -0.0321152 0.00702428 0.0105783 -0.0308174 0.00648216 0.0105895 -0.0308179 0.00648791 0.0102579 -0.0295239 0.00592278 0.0102844 -0.029525 0.00593693 0.0112424 -0.033418 0.00752766 0.0112371 -0.0334177 0.00752176 0.0110706 -0.0327655 0.00727493 0.0110563 -0.0327648 0.00726691 0.0112468 -0.0334182 0.00753496 0.0110831 -0.0327661 0.00728808 0.0109205 -0.0321155 0.00703172 0.0105993 -0.0308183 0.00649565 0.0110366 -0.0327639 0.00725571 0.0112259 -0.0334172 0.00751306 0.0112517 -0.0334194 0.0076286 0.0114181 -0.0340727 0.00780413 0.0114116 -0.0340721 0.00777109 0.0112071 -0.0334162 0.00749343 0.0113838 -0.0340706 0.00772879 0.0115603 -0.0347269 0.00795301 0.0115772 -0.034728 0.00799519 0.00975793 -0.026947 0.00490259 0.00938058 -0.0251862 0.00414174 0.00920952 -0.024363 0.00379913 0.00894739 -0.0230658 0.00328477 0.0115661 -0.0347257 0.00772373 0.0122568 -0.0400679 0.00828252 0.0114289 -0.034723 0.0074329 0.012175 -0.0373756 0.00824514 0.0115349 -0.0347247 0.00762978 0.012243 -0.0373753 0.00842001 0.0128691 -0.0400677 0.00884589 0.0128957 -0.0400668 0.00891424 0.0148569 -0.0511181 0.00865764 0.0144572 -0.0511202 0.00854435 0.0138118 -0.0455521 0.00901764 0.0134394 -0.045552 0.00883027 0.013362 -0.0427962 0.00900105 0.0130637 -0.0427961 0.00877587 0.0150858 -0.0511159 0.00877837 0.0128186 -0.0400683 0.00875796 0.0125794 -0.0400682 0.00850593 0.013004 -0.0455515 0.00867438 0.0133555 -0.0511198 0.00838697 0.0134641 -0.0567162 0.00769881 0.0110307 -0.0327636 0.00724772 0.0112066 -0.0334161 0.00748599 0.0115597 -0.0347267 0.00793472 0.0141926 -0.0455465 0.00931623 0.0135906 -0.0427912 0.00930247 0.0136024 -0.0427911 0.00934204 0.0122166 -0.0373748 0.00884029 0.0129445 -0.0400647 0.00915789 0.0129481 -0.0400649 0.00912061 0.0115591 -0.0347268 0.00794425 0.011383 -0.0340705 0.00772501 0.0112065 -0.0334161 0.00748995 0.0129152 -0.0400637 0.00923126 0.0128782 -0.040063 0.00933258 0.0129812 -0.0404848 0.00938697 0.0136022 -0.0427908 0.00938711 0.0135702 -0.0427893 0.00947549 0.0138872 -0.0441636 0.00951859 0.0142187 -0.0455461 0.00941286 0.0139359 -0.044379 0.009521 0.0139456 -0.044422 0.00952135 0.0142128 -0.0455464 0.00936131 0.0139261 -0.0443359 0.00952061 0.014119 -0.045547 0.00923763 0.0147377 -0.0483237 0.00916508 0.0147667 -0.0483236 0.00921549 0.0147803 -0.0483233 0.0092722 0.0141943 -0.0455444 0.00951512 0.015284 -0.0511137 0.00912699 0.0145476 -0.0472763 0.00958756 0.0140421 -0.0448532 0.00952239 0.013965 -0.0445082 0.00952191 0.013931 -0.0443574 0.00952081 0.0139286 -0.0443466 0.00952071 0.0152972 -0.0511127 0.00928295 0.0160992 -0.0566439 0.00855029 0.0114408 -0.0342028 0.00790943 0.0115684 -0.0347287 0.00808789 0.01158 -0.0347284 0.0080277 0.0116084 -0.0348931 0.0081419 0.0106084 -0.0622844 0.00682519 0.0109089 -0.0677857 0.0061062 0.0137198 -0.106449 0.002735653 0.0136771 -0.106451 0.00274422 0.0136449 -0.100829 0.00297465 0.0135909 -0.10083 0.00297964 0.0133606 -0.0952369 0.0032727 0.0132709 -0.0952376 0.00326916 0.0128446 -0.0896794 0.00363692 0.0138907 -0.100822 0.00332532 0.0137963 -0.100825 0.0030944 0.0136213 -0.0952346 0.00340057 0.0135357 -0.0952354 0.00333522 0.0134799 -0.0924518 0.00358065 0.0129977 -0.089679 0.00366804 0.0128251 -0.0841617 0.00424138 0.0133009 -0.0896783 0.00378012 0.0135303 -0.0677857 0.00617615 0.0148424 -0.0677857 0.00610541 0.0154638 -0.0677863 0.00621904 0.0158322 -0.0677868 0.00641334 0.0162861 -0.0622845 0.00736958 0.0159101 -0.0567141 0.00809637 0.0159988 -0.0567139 0.00822229 0.0152732 -0.0511151 0.00900219 0.0160526 -0.0567132 0.00835958 0.0163688 -0.0622845 0.00750559 0.0161671 -0.0677874 0.0067937 0.0160852 -0.0677871 0.00667442 0.0156086 -0.0732441 0.0062329 0.016233 -0.0679222 0.00695032 0.0154736 -0.0746658 0.00623742 0.0156344 -0.0732442 0.0062887 0.0147951 -0.0786899 0.00557677 0.0146602 -0.0786897 0.00544386 0.0153731 -0.0732435 0.00593093 0.0151071 -0.073243 0.00576166 0.0137119 -0.0786893 0.00508668 0.0140551 -0.0814202 0.00500697 0.0137616 -0.0814202 0.00486816 0.0140454 -0.0827893 0.00492369 0.0140247 -0.0869136 0.00468907 0.0140373 -0.0841613 0.00484299 0.0141201 -0.0855361 0.00488071 0.0141005 -0.0869135 0.00481392 0.0140675 -0.0896762 0.00468555 0.014016 -0.0896764 0.00454472 0.0138882 -0.0896767 0.00430543 0.0138508 -0.0869138 0.00447853 0.0138082 -0.0841614 0.00466587 0.0146518 -0.0732424 0.005639 0.014142 -0.0841613 0.00494929 0.0142109 -0.0841613 0.00504966 0.0141523 -0.085536 0.00493789 0.0141693 -0.085536 0.00498836 0.0141315 -0.0869134 0.00492836 0.0142412 -0.0841612 0.00512876 0.0141771 -0.0855359 0.00507034 0.0141185 -0.0869132 0.00501303 0.0140651 -0.0882932 0.00495679 0.0140973 -0.0882934 0.00486962 0.0140166 -0.0896757 0.0049016 0.0138519 -0.0924474 0.00485337 0.0139617 -0.0896754 0.0049618 0.0140254 -0.0882929 0.00501762 0.0140954 -0.086913 0.00507456 0.014172 -0.0855357 0.00513263 0.0142556 -0.0841611 0.00519188 0.0143464 -0.0827893 0.00525233 0.0140049 -0.0952305 0.00428289 0.0139448 -0.0952313 0.00399912 0.0139199 -0.0924494 0.00414586 0.0141244 -0.0869135 0.00487497 0.0140994 -0.0882935 0.00481352 0.0140752 -0.0896761 0.00472071 0.0140184 -0.09523 0.00448927 0.0139805 -0.100817 0.00427972 0.0140208 -0.0952301 0.00444844 0.0140665 -0.089676 0.00481211 0.0139334 -0.0924479 0.00479425 0.0137634 -0.0952286 0.00474903 0.0140769 -0.0896761 0.00475351 0.0140737 -0.089676 0.00478397 0.0140139 -0.0924483 0.00470066 0.0138665 -0.0952291 0.00469078 0.0136394 -0.100815 0.0045517 0.0140085 -0.0952299 0.00452709 0.0142687 -0.0841609 0.00534329 0.0142682 -0.0841609 0.00528989 0.0143869 -0.0827892 0.00535831 0.0141588 -0.0855355 0.00522324 0.0141478 -0.0855354 0.00526936 0.0140582 -0.0869127 0.00515832 0.0140366 -0.0869126 0.00519768 0.0139661 -0.0882925 0.00509506 0.0139348 -0.0882924 0.00512818 0.0138821 -0.0896748 0.00503344 0.01555 -0.0732438 0.00614059 0.0149028 -0.0786902 0.00578512 0.0148781 -0.07869 0.00572333 0.0145601 -0.0814203 0.00559172 0.0139757 -0.0869122 0.0052768 0.0138569 -0.0882919 0.00519195 0.0137538 -0.0896742 0.00510589 0.0137635 -0.0896742 0.00509938 0.0138616 -0.0882919 0.00518637 0.0139865 -0.0869123 0.00526005 0.0139796 -0.0869122 0.0052701 0.0142516 -0.0841607 0.00543353 0.0145527 -0.0814203 0.00554443 0.0142567 -0.0841608 0.00541263 0.014122 -0.0855352 0.0053278 0.0139979 -0.0869123 0.00524601 0.0137803 -0.0896743 0.00509118 0.0138133 -0.0896746 0.00507768 0.0140195 -0.0869125 0.00522291 0.0141371 -0.0855354 0.0052993 0.0142648 -0.0841609 0.0053783 0.0145412 -0.0814203 0.00549814 0.0145152 -0.0814203 0.00542854 0.0135508 -0.0952275 0.00481142 0.0136196 -0.0952277 0.00480232 0.0136809 -0.0924466 0.00493222 0.0137369 -0.0924467 0.00491489 0.0138418 -0.0896747 0.00506081 0.0135051 -0.0952274 0.00481549 0.0136513 -0.0910588 0.00503036 0.0137484 -0.0896741 0.00511045 0.0135603 -0.0924458 0.00495712 0.0135582 -0.0924458 0.00495984 0.0136458 -0.0910588 0.0050374 0.0137442 -0.0896749 0.00511639 0.0137437 -0.0896748 0.00511687 0.0135513 -0.0924461 0.00497222 0.0137431 -0.0896751 0.00511785 0.01374 -0.0896741 0.00513089 0.0136505 -0.0909126 0.0050604 0.0132633 -0.0985397 0.00466677 0.0132665 -0.0984524 0.0046706 0.0132602 -0.0986271 0.00466294 0.013232 -0.0994134 0.00462895 0.013245 -0.0990639 0.00464395 0.013248 -0.0989765 0.00464773 0.0132761 -0.0981905 0.00468218 0.0132793 -0.0981032 0.00468606 0.0132922 -0.0980159 0.00468536 0.0132826 -0.0980159 0.00468995 0.0133391 -0.0966202 0.00475366 0.0132571 -0.0987144 0.00465912 0.0132276 -0.0995883 0.00462151 0.0139692 -0.0869122 0.0052981 0.0142416 -0.0841607 0.00547922 0.0152138 -0.0511155 0.00888644 0.0152511 -0.0511154 0.00894168 0.0139931 -0.100818 0.00405376 0.0139713 -0.10082 0.00374135 0.0137895 -0.0952329 0.00361806 0.0137062 -0.0924506 0.00378916 0.0136006 -0.0896775 0.00397804 0.0134727 -0.0869142 0.00418566 0.0133223 -0.0841616 0.00441299 0.016385 -0.0655594 0.00724413 0.0139888 -0.100818 0.00423523 -0.00844922 -0.0204529 0.001119047 -0.00835139 -0.0204561 0.001044408 -0.00857345 -0.0217672 0.00064195 -0.00885921 -0.0243735 -0.00025788 -0.0088021 -0.0230708 0.00019406 -0.00865402 -0.0230755 0.00019525 -0.008454 -0.0217713 0.00061442 -0.00825822 -0.0204591 0.00099095 -0.00806575 -0.0191373 0.001316151 -0.00793144 -0.0191404 0.0011885 -0.00806899 -0.0204649 0.000912153 -0.00820317 -0.0217791 0.00059163 -0.00847133 -0.0243833 -0.00015294 -0.00975793 -0.026947 -0.00140259 -0.00920952 -0.024363 -0.00029913 -0.00894739 -0.0230658 0.00021523 -0.00876777 -0.0221483 0.00055534 -0.00869383 -0.0217629 0.00069131 -0.00765833 -0.0204741 0.000791603 -0.00764458 -0.0217915 0.00059809 -0.00758509 -0.0243987 0.00014135 -0.00751146 -0.0295561 -0.00093858 -0.00782847 -0.0347369 -0.00202627 -0.0124236 -0.0511024 -0.00353974 -0.0140169 -0.0448593 -0.00614477 -0.0106122 -0.0455307 -0.00337342 -0.0128782 -0.040063 -0.00583258 -0.00890323 -0.0400555 -0.00287319 -0.0123381 -0.0378675 -0.00545053 -0.00825722 -0.0373736 -0.00249274 -0.0116084 -0.0348931 -0.0046419 -0.0107854 -0.0314614 -0.00336121 -0.0101174 -0.0539054 -0.00127157 -0.00897063 -0.051103 -0.0009657 -0.00638412 -0.0455312 -0.00021723 -0.00421764 -0.0400557 0.00048757 -0.00359592 -0.0373736 0.00073884 -0.00719775 -0.0204774 0.00059835 -0.00629932 -0.0217909 0.00053605 -0.005581 -0.024398 0.00067814 -0.00414254 -0.0295554 0.000895366 -0.00341975 -0.0347367 0.000883325 -0.00742638 -0.0164429 0.00071729 -0.00720009 -0.0164461 0.00028906 -0.00707271 -0.0178028 0.00034017 -0.00712357 -0.0164478 0.00019665 -0.00686441 -0.0178032 0.00019691 -0.00736484 -0.0184765 0.00067304 -0.00698176 -0.0184757 0.00036892 -0.00661192 -0.0191429 0.00030068 -0.00631708 -0.0191406 0.00021893 -0.00703568 -0.0164496 0.00011125 -0.00681961 -0.0164534 -3.693999e-05 -0.0065157 -0.0164568 -0.00014581 -0.00595576 -0.0191385 0.00016394 -0.00551043 -0.0217797 0.00056398 -0.00744204 -0.0164428 0.000758529 -0.00713204 -0.015 3.918001e-05 -0.00699784 -0.015 -9.466999e-05 -0.00671552 -0.015 -0.00024478 -0.00598008 -0.015 -0.00032538 -0.00540965 -0.0191371 0.00016834 -0.00340462 -0.0243728 0.001202916 -0.0045238 -0.024384 0.000957675 -0.00117207 -0.0295352 0.0023265 -0.0074816 -0.0567121 0.00062658 -0.00522241 -0.0511107 0.001507444 -0.00243666 -0.0455404 0.0024854 -0.000257086 -0.0400611 0.00315216 0.000251404 -0.0373745 0.00324125 0.000212765 -0.0347309 0.00311049 -0.0157168 -0.0536799 -0.00547307 -0.0131977 -0.0539049 -0.00350279 -0.015751 -0.0539126 -0.00544194 -0.0137932 -0.056708 -0.00338851 -0.0161067 -0.0567127 -0.00503994 -0.0141422 -0.0595039 -0.00319895 -0.0163454 -0.0595058 -0.00461217 -0.0141767 -0.0622847 -0.00293615 -0.0164484 -0.0622845 -0.00419384 -0.0138595 -0.0650455 -0.00260533 -0.016451 -0.0626669 -0.00413868 -0.0132444 -0.0677894 -0.00222108 -0.0114023 -0.0732454 -0.00135741 -0.0158195 -0.0719687 -0.00300181 -0.0162437 -0.0677876 -0.00346639 -0.00315658 -0.0786896 0.001455227 -0.00679577 -0.0732444 0.00021496 -0.00989048 -0.0677888 -0.00087086 -0.0109436 -0.0650452 -0.00126422 -0.0115126 -0.0622847 -0.00150903 -0.0115099 -0.0595041 -0.00157713 -0.0110044 -0.0567084 -0.00148668 0.00010942 -0.0841619 0.002560076 0.00113945 -0.0786886 0.002735271 -0.00289065 -0.0732423 0.001584615 -0.00630918 -0.0677867 0.00064594 -0.00746579 -0.0650438 0.00035979 -0.00808156 -0.0622845 0.00025108 -0.00805976 -0.0595057 0.00035015 -0.00577058 -0.0896773 0.000889749 0.00250613 -0.0896807 0.00337337 0.0040937 -0.0952413 0.00391545 0.00556314 -0.0896824 0.0041777 0.00732531 -0.0952444 0.00472477 0.00741142 -0.0896833 0.00451001 0.00916346 -0.0952459 0.00497565 0.0047582 -0.0841626 0.00376979 0.00867868 -0.0896835 0.00454155 0.0103098 -0.0952462 0.00487416 0.00621055 -0.0841627 0.00398226 0.00497035 -0.100838 0.00421869 0.00828883 -0.100842 0.00501245 0.010121 -0.100844 0.00519998 0.0112018 -0.100844 0.00500797 0.0120026 -0.100843 0.00449834 0.0130214 -0.100838 0.00353124 0.0136079 -0.112092 0.002548586 0.0136573 -0.11209 0.00256224 0.00765039 -0.179576 0.00231725 0.00782664 -0.179579 0.002432362 0.00786004 -0.17958 0.002484175 0.00786665 -0.179583 0.002505376 0.00786847 -0.179584 0.002515687 0.00611296 -0.185064 0.002322968 0.00718806 -0.179567 0.002173474 0.00398478 -0.1905 0.002098623 0.00398552 -0.1905 0.002092627 0.00398324 -0.1905 0.002085787 0.00398251 -0.1905 0.002084637 0.00397104 -0.1905 0.002073936 0.00390532 -0.1905 0.002047891 0.00343775 -0.1905 0.001980309 0.00253524 -0.1905 0.001919547 0.000835514 -0.1905 0.001856192 -0.000185213 -0.1905 0.001789576 -0.00264813 -0.1905 0.001570094 -0.000983231 -0.1905 0.001800103 0.000830292 -0.179547 0.002550695 0.00994012 -0.0679202 0.00845241 0.0100615 -0.0788111 0.0072176 0.0128961 -0.0788117 0.00732497 0.0157782 -0.0679225 0.00757543 0.016233 -0.0679222 0.00695032 0.016385 -0.0655594 0.00724413 0.0098332 -0.0402301 0.01106461 0.0109802 -0.0402283 0.01078423 0.00956618 -0.0348914 0.00963173 -0.010336 -0.0295275 -0.00253875 -0.0107854 -0.0314614 -0.00336121 -0.0045385 -0.0297188 0.0027745 -0.00141193 -0.0348962 0.00449416 -0.00360043 -0.0348996 0.002571557 -0.00344521 -0.0402198 0.00234476 -0.00324405 -0.0245175 0.00484587 -0.00406449 -0.0245324 0.00436976 -0.00162064 -0.0296916 0.00529793 -0.000522694 -0.0296799 0.00613522 0.000631147 -0.0296755 0.00675203 -0.00206871 -0.0245119 0.00515516 0.00397643 -0.1905 0.002125932 0.00398478 -0.1905 0.002098623 0.00611296 -0.185064 0.002322968 0.00780224 -0.179592 0.002652318 0.00772074 -0.17959 0.002740609 -0.00771524 -0.0161811 0.002097063 -0.00772262 -0.0161401 0.002058366 -0.00777294 -0.0164642 0.002015148 0.00714174 -0.018 0.00307625 0.00680326 -0.018 0.00330476 0.0070298 -0.0193189 0.00363243 0.00643442 -0.018 0.00344522 0.006 -0.018 0.0035 0.00648984 -0.0193181 0.00379921 -0.00821396 -0.0191341 0.001488412 -0.00734292 -0.0180417 0.00286468 -0.00734672 -0.0180209 0.0028638 -0.00734957 -0.0180052 0.00286315 -0.00742333 -0.018 0.00276815 -0.00733691 -0.018 0.00287924 -0.00734862 -0.0180104 0.00286337 -0.0072714 -0.018 0.00295252 -0.00735051 -0.018 0.00286293 -0.00733526 -0.0180835 0.00286643 -0.00731974 -0.0181668 0.00286996 -0.0072879 -0.0183334 0.0028771 -0.0061962 -0.018 0.00348897 -0.006347 -0.018 0.00346525 -0.00624675 -0.0193159 0.00353077 -0.00648594 -0.018 0.00343118 -0.00657799 -0.018 0.0034018 -0.00660656 -0.018 0.00339152 -0.00662042 -0.0179939 0.00338633 -0.00689222 -0.0171725 0.00328055 -0.00671574 -0.0175568 0.00334694 -0.00704989 -0.015 0.00315008 -0.00662973 -0.0179851 0.00338277 -0.00663817 -0.0179688 0.00337949 -0.00665779 -0.0178868 0.00337167 -0.00441716 -0.0193086 0.00376224 -0.0048605 -0.018 0.0035 -0.006 -0.018 0.0035 0.00657804 -0.0179974 0.00340194 0.00760121 -0.019319 0.00316775 0.00729171 -0.0179985 0.00293067 0.00769095 -0.0177613 0.002200781 0.00821635 -0.0191477 0.002015073 0.00770068 -0.0177177 0.002162544 0.00777294 -0.0164642 0.001484852 0.00772262 -0.0161401 0.001441634 0.00763362 -0.0179164 0.002377537 0.00757202 -0.0179838 0.002518935 0.00746408 -0.0179993 0.002708632 -0.00752293 -0.0166399 0.00287234 -0.00772425 -0.01527 0.002611511 -0.00771317 -0.0152706 0.002515724 -0.00770832 -0.015 0.002494121 -0.00768547 -0.0152735 0.002449819 -0.00769115 -0.0161492 0.002200013 -0.00769918 -0.0161879 0.002168663 -0.00780267 -0.0166536 0.001987878 -0.00770295 -0.0161965 0.002153056 -0.00770706 -0.0161987 0.002135304 -0.00771031 -0.0161952 0.002120583 -0.00762948 -0.015 0.002388209 -0.00765639 -0.0157181 0.002314694 -0.00768041 -0.0160576 0.00223861 -0.00769096 -0.0152756 0.00283067 -0.00771896 -0.015 0.00282628 -0.00773542 -0.015 0.002583279 -0.00767242 -0.0152786 0.00287407 -0.00764765 -0.0152822 0.00291449 -0.00767129 -0.015 0.00292103 -0.00735878 -0.015 0.0030982 -0.00740229 -0.015 0.0030846 -0.00733216 -0.016647 0.0030706 -0.00759362 -0.015 0.00299256 -0.00684905 -0.018 0.00328024 -0.00668406 -0.0193226 0.00326234 -0.00678596 -0.018 0.00331352 -0.00672131 -0.018 0.00334443 -0.00678588 -0.0179986 0.00331362 0.0130506 -0.108398 0.00431145 0.0128849 -0.100915 0.00518146 0.0130322 -0.112065 0.00420098 0.0127376 -0.123468 0.00449768 0.01306 -0.123388 0.00392713 0.0124221 -0.151722 0.00340135 0.012744 -0.146073 0.0035132 0.0122591 -0.146128 0.0041177 0.0129404 -0.14041 0.00361548 0.0129985 -0.137688 0.00366302 0.0130397 -0.134738 0.00371443 0.0130701 -0.129062 0.00381624 0.0104449 -0.168363 0.00295501 0.0120953 -0.15579 0.00331111 0.0117176 -0.157389 0.00360263 0.0114221 -0.15739 0.00385462 0.0102069 -0.168551 0.00323316 0.00600935 -0.185062 0.002461329 0.00750524 -0.179588 0.00288515 0.00992884 -0.16855 0.00344698 0.0066211 -0.179583 0.00309235 0.00892784 -0.168547 0.00376972 0.0103913 -0.157391 0.00425351 0.00237757 -0.1905 0.002200569 0.00334355 -0.1905 0.002245259 0.0038138 -0.1905 0.002208181 0.00389737 -0.1905 0.002183442 0.00394198 -0.1905 0.002160551 0.0119466 -0.123473 0.00499336 0.0120975 -0.100917 0.00569665 0.0103518 -0.112168 0.00538454 0.010336 -0.100922 0.00576661 0.00867146 -0.112175 0.00502446 0.00857009 -0.100926 0.00532837 0.0102059 -0.123482 0.00512845 0.00843872 -0.123492 0.00481015 0.00789536 -0.134831 0.00462148 0.00983803 -0.134821 0.00492114 0.00706488 -0.146148 0.00439447 0.00918774 -0.14614 0.0046854 0.00597076 -0.157397 0.00406516 0.00819463 -0.157394 0.00434403 0.00461958 -0.168537 0.00357072 0.00678603 -0.168542 0.00382222 0.00275274 -0.179562 0.00286645 0.00469626 -0.179573 0.00308269 -9.899051e-05 -0.1905 0.001922033 0.00150645 -0.1905 0.002117957 0.0112814 -0.146132 0.00456635 -0.00194549 -0.100938 0.002165404 -0.0130768 -0.105995 -0.0008911799 0.00653975 -0.100931 0.00463267 -0.0130711 -0.106427 -0.0008763599 -0.0104156 -0.168528 0.0005504901 -0.00819591 -0.178421 0.0009110341 0.00237076 -0.168529 0.00315348 -0.0127418 -0.146124 -1.224993e-05 -0.0123099 -0.153244 0.0001313001 0.00359182 -0.157402 0.00357972 -0.0112879 -0.162954 0.0003758301 -0.0107203 -0.166748 0.0004921001 -0.0130322 -0.112065 -0.0007009799 -0.0130379 -0.11772 -0.0005532999 0.00670787 -0.112184 0.00441913 -0.01306 -0.123388 -0.0004271299 0.00639204 -0.123504 0.00425106 -0.0130393 -0.134775 -0.0002137899 0.00569736 -0.134844 0.00408446 0.00472892 -0.146159 0.00387535 -0.00452472 -0.0219253 0.00423613 -0.00523283 -0.0219375 0.00392168 -0.00489328 -0.0245513 0.0037253 -0.007389 -0.016645 0.00302495 -0.00678543 -0.0193242 0.00318359 -0.00743918 -0.016643 0.00297699 -0.00688445 -0.0193258 0.00310056 -0.00761973 -0.015 0.00297287 -0.00707444 -0.0193282 0.00292307 -0.00584485 -0.0245673 0.0029074 -0.00536184 -0.0245603 0.00333035 -0.00293634 -0.0297063 0.00418151 -0.00722101 -0.018666 0.00289174 -0.00562342 -0.0193106 0.00371237 0.00294718 -0.0348879 0.00810463 0.000372536 -0.0348922 0.0060363 0.00418791 -0.040232 0.00878969 0.0012474 -0.0402275 0.00632248 0.00431337 -0.0457132 0.00875553 0.00100058 -0.045706 0.00614055 0.00378361 -0.0512768 0.00823564 0.000138482 -0.0512709 0.00566382 0.00307143 -0.0568666 0.0074708 -0.000819468 -0.0568639 0.00507039 -0.0013539 -0.0624267 0.00453836 -0.00403308 -0.0456936 0.002125697 -0.00497563 -0.0512607 0.001934736 -0.00876777 -0.0221483 0.00055534 -0.00894739 -0.0230658 0.00021523 -0.00920952 -0.024363 -0.00029913 -0.00975793 -0.026947 -0.00140259 -0.00844922 -0.0204529 0.001119047 -0.00869383 -0.0217629 0.00069131 -0.0157168 -0.0536799 -0.00547307 -0.0140169 -0.0448593 -0.00614477 -0.0128782 -0.040063 -0.00583258 -0.0123381 -0.0378675 -0.00545053 -0.0116084 -0.0348931 -0.0046419 -0.015751 -0.0539126 -0.00544194 -0.0161067 -0.0567127 -0.00503994 -0.00587554 -0.0568591 0.001791954 -0.0163454 -0.0595058 -0.00461217 -0.00633556 -0.062427 0.001717429 -0.0164484 -0.0622845 -0.00419384 -0.016451 -0.0626669 -0.00413868 -0.0162437 -0.0677876 -0.00346639 -0.0111718 -0.0679236 -0.00084877 -0.00609958 -0.0679231 0.001721326 -0.00967714 -0.0788118 -0.00025656 -0.00439856 -0.0788114 0.001872835 -0.0142416 -0.0841607 -0.00197922 -0.00279141 -0.0897921 0.002045457 -0.013857 -0.0882015 -0.00171828 -0.0158195 -0.0719687 -0.00300181 -0.0156607 -0.0732443 -0.00287355 -0.0149205 -0.0786903 -0.00238714 0.00578257 -0.0897915 0.00493567 0.00434001 -0.0788105 0.00537353 0.0028403 -0.0679195 0.00610913 0.00264958 -0.0624266 0.00670175 0.00938058 -0.0251862 0.00414174 0.00920952 -0.024363 0.00379913 0.0086859 -0.0245412 0.0048595 0.00894739 -0.0230658 0.00328477 0.00869383 -0.0217629 0.00280869 0.0111544 -0.0348941 0.00868804 0.0116084 -0.0348931 0.0081419 0.0115684 -0.0347287 0.00808789 0.0109405 -0.0321172 0.00712729 0.00988082 -0.0296985 0.00687851 0.0112517 -0.0334194 0.0076286 0.0114408 -0.0342028 0.00790943 0.0106351 -0.0308204 0.00659399 0.010336 -0.0295275 0.00603875 0.00975793 -0.026947 0.00490259 0.0106419 -0.0348936 0.00910313 0.00952782 -0.0296984 0.00720216 0.00917804 -0.0296965 0.0073856 0.00821563 -0.0245411 0.00527571 0.00776094 -0.0245386 0.00545532 0.0122166 -0.0373748 0.00884029 0.0128782 -0.040063 0.00933258 0.0120538 -0.040226 0.01014626 0.0129812 -0.0404848 0.00938697 0.0107903 -0.0457099 0.01136705 0.00947842 -0.0457121 0.0113016 0.00984311 -0.0512757 0.01090265 0.00453814 -0.018 0.0035 0.00112168 -0.018 0.0035 0.00484763 -0.0193145 0.00384005 0.0014809 -0.0193096 0.00385793 0.00630283 -0.0245285 0.00564489 0.00328182 -0.0245146 0.0057603 0.00794255 -0.0296886 0.00775159 0.00534746 -0.0296776 0.00797176 0.00727329 -0.0348885 0.00991903 0.00867547 -0.0402314 0.0110592 0.0142416 -0.0841607 0.00547922 0.0145605 -0.0814204 0.00567504 0.0145943 -0.0788122 0.00638733 0.0149205 -0.0786903 0.00588714 0.0154736 -0.0746658 0.00623742 0.01374 -0.0896741 0.00513089 0.0139692 -0.0869122 0.0052981 0.0133079 -0.0897858 0.00582428 0.0142097 -0.0788121 0.00676684 0.0128638 -0.0897864 0.00615537 0.0125263 -0.100916 0.00549856 0.0123721 -0.12347 0.00480011 0.0117957 -0.14613 0.00439393 0.0131831 -0.100813 0.00458567 0.0133966 -0.0952266 0.00483511 0.0136505 -0.0909126 0.0050604 0.00787719 -0.179555 0.002544549 0.013532 -0.0679214 0.00863555 0.0136211 -0.0624267 0.00939978 0.00993655 -0.056866 0.01012763 0.0134215 -0.056864 0.01019632 0.0129125 -0.0512715 0.01084375 0.0120976 -0.045707 0.01111531 -0.0020905 -0.018 0.0035 -0.0016876 -0.0193075 0.00383646 0.00041254 -0.0245086 0.00562514 0.00284 -0.029673 0.00769068 0.00501016 -0.0348872 0.00947495 0.00637129 -0.0402327 0.01045022 0.00686206 -0.0457143 0.01054082 0.00679749 -0.0512776 0.01001801 0.00650217 -0.0568669 0.00916192 0.00727565 -0.0788107 0.00646189 0.0064221 -0.0679196 0.00750417 0.00630068 -0.0624265 0.00825267 0.0133207 -0.0457034 0.01042895 0.014354 -0.0512685 0.01015346 0.0150653 -0.0568625 0.0095294 0.0153662 -0.0624268 0.00876638 0.0152235 -0.0679222 0.00803233 0.0135927 -0.0788119 0.00712213 0.0123446 -0.0897869 0.00635484 0.0102191 -0.0897887 0.00635185 0.00811113 -0.0897902 0.00578586 0.0145476 -0.0472763 0.00958756 0.0152972 -0.0511127 0.00928295 0.0160992 -0.0566439 0.00855029 -0.00398478 -0.1905 0.001401377 -0.00463744 -0.188941 0.001336757 -0.00786992 -0.179581 0.0009564471 -0.01374 -0.0896741 -0.00163089 -0.0133966 -0.0952266 -0.00133511 -0.0131831 -0.100813 -0.00108567 0.00253524 -0.1905 0.001919547 0.00150645 -0.1905 0.002117957 0.000835514 -0.1905 0.001856192 -9.899051e-05 -0.1905 0.001922033 -0.000185213 -0.1905 0.001789576 -0.000983231 -0.1905 0.001800103 -0.00139605 -0.1905 0.001677836 -0.00264813 -0.1905 0.001570094 -0.00398478 -0.1905 0.001401377 0.00398324 -0.1905 0.002085787 0.00398552 -0.1905 0.002092627 0.00398478 -0.1905 0.002098623 0.00394198 -0.1905 0.002160551 0.00389737 -0.1905 0.002183442 0.00343775 -0.1905 0.001980309 0.0038138 -0.1905 0.002208181 0.00334355 -0.1905 0.002245259 0.00237757 -0.1905 0.002200569 0.00390532 -0.1905 0.002047891 0.00397104 -0.1905 0.002073936 0.00398251 -0.1905 0.002084637 0.00397643 -0.1905 0.002125932 -0.0061962 -0.018 0.00348897 -0.006 -0.018 0.0035 -0.006 0.018 0.0035 -0.00770303 0.016301 0.001347253 -0.00770001 0.0163066 0.001334712 -0.00769719 0.0163074 0.001323348 -0.00770303 -0.0174597 0.001347279 -0.00774118 -0.0171494 0.001574535 -0.00772262 0.0161401 0.001441634 -0.00774927 -0.0167604 0.001800556 -0.00774003 -0.0164637 0.001936583 -0.00773961 -0.0164553 0.00194037 -0.00772262 -0.0161401 0.002058366 -0.00770068 0.0177177 0.002162544 -0.00771524 -0.0161811 0.002097063 -0.00770295 -0.0161965 0.002153056 -0.00769918 -0.0161879 0.002168663 -0.00770706 -0.0161987 0.002135304 -0.00771031 -0.0161952 0.002120583 -0.0077219 0.0161571 0.001437633 -0.00771695 0.0162146 0.001411488 -0.0077091 0.0162766 0.001373859 -0.00769115 -0.0161492 0.002200013 -0.00768041 -0.0160576 0.00223861 -0.00766795 -0.015594 0.002279584 -0.00765639 -0.0157181 0.002314694 -0.00762948 -0.015 0.002388209 -0.00729171 -0.015 0.00293067 -0.00746408 0.0179993 0.002708632 -0.00757202 0.0179838 0.002518935 -0.00763362 0.0179164 0.002377537 -0.00769095 0.0177613 0.002200781 -0.00657804 0.0179974 0.00340194 -0.00680326 0.018 0.00330476 -0.00704989 -0.015 0.00315008 -0.00714174 0.018 0.00307625 -0.00729171 0.0179985 0.00293067 -0.00671574 -0.0175568 0.00334694 -0.00665779 -0.0178868 0.00337167 -0.00657799 -0.018 0.0034018 -0.00662973 -0.0179851 0.00338277 -0.00662042 -0.0179939 0.00338633 -0.00660656 -0.018 0.00339152 -0.00643442 0.018 0.00344522 -0.00648594 -0.018 0.00343118 -0.006347 -0.018 0.00346525 -0.00738949 -0.0148 0.00068613 -0.00767874 0.0162463 0.001255696 -0.00763469 0.0159972 0.001125276 -0.0075215 0.0150645 0.000885395 -0.00729171 -0.0148 0.00056933 -0.00740091 -0.01507 0.00070121 -0.00742141 -0.0156402 0.00072917 -0.00768972 0.0162934 0.001294636 -0.00769439 0.0163046 0.001312352 -0.00744204 -0.0164428 0.000758529 -0.00745414 -0.0174511 0.000776353 -0.00766815 -0.0176111 0.001221047 -0.00745423 -0.0178538 0.000776495 -0.0075496 -0.0179559 0.000936826 -0.00745297 -0.0179545 0.000774609 -0.00753414 -0.0179841 0.000908034 -0.00751549 -0.018 0.000874897 -0.00752381 -0.0179963 0.00088947 -0.00742809 -0.0179966 0.00073853 -0.00737701 -0.018 0.00067002 -0.00677932 -0.0148 0.0001831 -0.006 -0.0148 9.540365e-12 0.00750964 -0.0177825 0.000864855 0.00753066 -0.0178917 0.000901714 0.00752573 -0.0179723 0.000892876 0.00751752 -0.0179992 0.000878425 0.00751548 -0.018 0.000874897 0.00751927 -0.0179971 0.000881484 0.00752166 -0.0179916 0.000885678 0.00748437 -0.0175364 0.000823103 0.00748652 -0.0175327 0.000826551 0.0074932 -0.0175553 0.000837393 0.00748817 -0.0175314 0.000829212 0.00749016 -0.0175311 0.000832438 0.00750472 -0.017565 0.000856519 0.00749559 -0.0175369 0.000841316 0.00749206 -0.0175321 0.000835532 0.00749794 -0.0179821 0.000845187 0.00749417 -0.0179652 0.000838987 0.00747631 -0.0175829 0.000810313 0.00748143 -0.0175455 0.000818415 0.00751451 -0.018 0.000873218 -0.00672131 -0.018 0.00334443 -0.00678583 -0.018 0.00331364 -0.00678596 -0.018 0.00331352 -0.00684905 -0.018 0.00328024 -0.00672131 -0.018 0.00334443 -0.00678588 -0.0179986 0.00331362 -0.00678583 -0.018 0.00331364 -0.00684905 -0.018 0.00328024 -0.0072714 -0.018 0.00295252 -0.00733691 -0.018 0.00287924 -0.00735051 -0.018 0.00286293 -0.00742333 -0.018 0.00276815 0.00713981 -0.018 0.00042209 0.00722227 -0.0179982 0.00049758 0.0072222 -0.018 0.00049751 0.00729961 -0.018 0.00057803 0.00713981 -0.018 0.00042209 0.0072222 -0.018 0.00049751 0.00722239 -0.018 0.00049788 0.00729961 -0.018 0.00057803 0.00674893 -0.018 0.00016835 0.00685383 -0.0179985 0.00022243 0.00685383 -0.018 0.00022243 0.00695485 -0.018 0.00028345 0.00674893 -0.018 0.00016835 0.00685383 -0.018 0.00022243 0.00685374 -0.018 0.00022265 0.00695485 -0.018 0.00028345 0.00138564 0.0068 -3.748847e-12 0.0008 0.00738564 -3.745439e-12 0.00138564 -0.0068 2.466259e-12 0.0016 -0.006 2.001456e-12 0.006 -0.0148 3.986622e-12 -0.0008 0.00738564 -3.00494e-12 -0.00138564 0.0068 -2.466265e-12 -0.001 -0.00173205 1.254343e-12 -1.321282e-13 -0.002 9.139826e-13 5.020846e-13 0.0076 -3.473151e-12 0.00138564 -0.0052 1.73507e-12 0.0008 -0.00461436 1.738477e-12 0.00173205 -0.001 -3.446239e-13 -0.001 0.00173205 -3.287264e-13 -0.00173205 0.001 3.446169e-13 -0.002 -5.857659e-13 9.256205e-13 -0.00173205 -0.001 1.258603e-12 0.00173205 0.001 -1.25861e-12 0.001 0.00173205 -1.25435e-12 0.00138564 0.0052 -3.017658e-12 0.0016 0.006 -3.482461e-12 -2.906792e-13 -0.0044 2.010766e-12 0.001 -0.00173205 3.287195e-13 -0.0008 -0.00461436 2.478977e-12 -0.00138564 -0.0052 3.017651e-12 -0.0016 -0.006 3.482454e-12 -0.00138564 -0.0068 3.74884e-12 0.002 -8.500205e-13 -9.256274e-13 -0.0016 0.006 -2.001463e-12 -0.00138564 0.0052 -1.735077e-12 -0.0008 0.00461436 -1.738484e-12 1.32129e-13 0.002 -9.139896e-13 2.906792e-13 0.0044 -2.010773e-12 0.0008 0.00461436 -2.478984e-12 -0.0008 -0.00738564 3.745432e-12 -5.020846e-13 -0.0076 3.473144e-12 0.0008 -0.00738564 3.004933e-12 0.0061962 0.018 0.00348897 0.006 0.018 0.0035 0.006 -0.018 0.0035 0.00770303 -0.016301 0.001347253 0.00770001 -0.0163066 0.001334712 0.00769719 -0.0163074 0.001323348 0.00657799 -0.0148 9.82e-05 0.00767874 -0.0162463 0.001255696 0.00763469 -0.0159972 0.001125276 0.0075215 -0.0150645 0.000885395 0.00749819 -0.0148 0.000845605 0.00729171 -0.0148 0.00056933 0.00740091 0.01507 0.00070121 0.00742141 0.0156402 0.00072917 0.00770303 0.0174597 0.001347279 0.00744204 0.0164428 0.000758529 0.00745414 0.0174511 0.000776353 0.00766815 0.0176111 0.001221047 0.00745423 0.0178538 0.000776495 0.0075496 0.0179559 0.000936826 0.00745297 0.0179545 0.000774609 0.00753414 0.0179841 0.000908034 0.00751549 0.018 0.000874897 0.00752381 0.0179963 0.00088947 0.00742809 0.0179966 0.00073853 0.00737701 0.018 0.00067002 0.00774118 0.0171494 0.001574535 0.00772262 -0.0161401 0.001441634 0.00774927 0.0167604 0.001800556 0.00774003 0.0164637 0.001936583 0.00773961 0.0164553 0.00194037 0.00772262 0.0161401 0.002058366 0.00770068 -0.0177177 0.002162544 0.00771524 0.0161811 0.002097063 0.00770295 0.0161965 0.002153056 0.00769918 0.0161879 0.002168663 0.00770706 0.0161987 0.002135304 0.00771031 0.0161952 0.002120583 0.0077219 -0.0161571 0.001437633 0.00771695 -0.0162146 0.001411488 0.0077091 -0.0162766 0.001373859 0.00769439 -0.0163046 0.001312352 0.00768972 -0.0162934 0.001294636 0.00769115 0.0161492 0.002200013 0.00768041 0.0160576 0.00223861 0.00766795 0.015594 0.002279584 0.00765639 0.0157181 0.002314694 0.00762948 0.015 0.002388209 0.00729171 0.015 0.00293067 0.00746408 -0.0179993 0.002708632 0.00757202 -0.0179838 0.002518935 0.00763362 -0.0179164 0.002377537 0.00769095 -0.0177613 0.002200781 0.00657804 -0.0179974 0.00340194 0.00680326 -0.018 0.00330476 0.00704989 0.015 0.00315008 0.00714174 -0.018 0.00307625 0.00729171 -0.0179985 0.00293067 0.00671574 0.0175568 0.00334694 0.00665779 0.0178868 0.00337167 0.00657799 0.018 0.0034018 0.00662973 0.0179851 0.00338277 0.00662042 0.0179939 0.00338633 0.00660656 0.018 0.00339152 0.00643442 -0.018 0.00344522 0.00648594 0.018 0.00343118 0.006347 0.018 0.00346525 -0.00173205 0.001 0.0035 -0.00138564 0.0052 0.0035 -0.002 1.013711e-12 0.0035 -0.0016 0.006 0.0035 0.00138564 0.0052 0.0035 0.0008 0.00461436 0.0035 -0.001 0.00173205 0.0035 1.910521e-12 0.0044 0.0035 -0.0008 0.00461436 0.0035 -0.0008 -0.00738564 0.0035 -0.00138564 -0.0068 0.0035 -0.0016 -0.006 0.0035 -0.00138564 -0.0052 0.0035 0.0016 -0.006 0.0035 0.00138564 -0.0068 0.0035 0.0008 -0.00738564 0.0035 0.00453814 -0.018 0.0035 1.117757e-12 -0.0076 0.0035 -0.00138564 0.0068 0.0035 -0.0008 0.00738564 0.0035 -0.00453814 0.018 0.0035 2.121926e-12 0.0076 0.0035 0.001 0.00173205 0.0035 0.00173205 0.001 0.0035 0.002 7.494559e-13 0.0035 0.00173205 -0.001 0.0035 0.00138564 -0.0052 0.0035 0.0048605 0.018 0.0035 0.0008 0.00738564 0.0035 0.0020905 0.018 0.0035 -0.00112168 0.018 0.0035 0.0008 -0.00461436 0.0035 0.001 -0.00173205 0.0035 1.329163e-12 -0.0044 0.0035 1.487714e-12 -0.002 0.0035 -0.0008 -0.00461436 0.0035 -0.001 -0.00173205 0.0035 -0.00173205 -0.001 0.0035 1.751971e-12 0.002 0.0035 0.0016 0.006 0.0035 0.00138564 0.0068 0.0035 -0.0048605 -0.018 0.0035 -0.0020905 -0.018 0.0035 0.00112168 -0.018 0.0035 0.00664404 -0.015 -9.057e-05 0.00694547 -0.015 4.454e-05 0.00643916 -0.015 -0.00040169 -0.0072596 -0.015 0.00024351 -0.00727261 -0.015 0.00027252 -0.00686838 -0.015 4.03001e-06 -0.00699784 -0.015 -9.466999e-05 -0.00713204 -0.015 3.918001e-05 -0.00720228 -0.015 0.00013737 -0.006 -0.015 -0.0002 -0.00598008 -0.015 -0.00032538 -0.00671552 -0.015 -0.00024478 0.00566553 -0.015 -0.00066923 0.00552942 -0.015 -0.00067662 0.006 -0.015 -0.0002 0.0048501 -0.015 -0.00063568 0.00334555 -0.015 -0.00057536 0.0063692 -0.015 -0.00044278 0.00185085 -0.015 -0.00054185 -0.00104672 -0.015 -0.00050927 -0.00373894 -0.015 -0.00043864 -0.00735878 -0.015 0.0030982 -0.00704989 -0.015 0.00315008 -0.00729171 -0.015 0.00293067 -0.00767129 -0.015 0.00292103 -0.00761973 -0.015 0.00297287 -0.00759362 -0.015 0.00299256 -0.00740229 -0.015 0.0030846 -0.00771896 -0.015 0.00282628 -0.00773542 -0.015 0.002583279 -0.00770832 -0.015 0.002494121 -0.00762948 -0.015 0.002388209 -0.0067861 -0.0148765 0.00016947 -0.00738981 -0.0148308 0.00068263 -0.00736414 -0.0149469 0.00055392 -0.00738199 -0.0148976 0.00063544 -0.00738581 -0.0148774 0.00065598 -0.00738813 -0.0148588 0.00066989 -0.00732806 -0.0149863 0.00042321 -0.0068343 -0.0149848 7.256001e-05 -0.006 -0.0149848 -0.00012346 -0.006 -0.0148765 -1.521999e-05 -0.006 -0.0149 -2.678999e-05 -0.0068054 -0.0149414 0.00013065 -0.006 -0.0149414 -5.857999e-05 -0.006 -0.0149732 -9.999999e-05 0.006 -0.0149732 -0.0001 0.006 -0.0149 -2.679e-05 0.00699627 -0.0149984 0.00010352 0.0074933 -0.0148637 0.000817755 0.00747032 -0.0149031 0.00074913 0.00731149 -0.0149 0.00055125 0.00745802 -0.0149136 0.00071954 0.007499 -0.0148227 0.000844449 0.00749767 -0.0148423 0.000836026 0.00661102 -0.0149732 3.820004e-06 0.00725291 -0.0149678 0.00040093 0.00658684 -0.0149 7.291e-05 0.00734462 -0.0149534 0.00052098 -0.002 -5.857659e-13 9.256205e-13 -0.002 1.013711e-12 0.0035 -0.00173205 -0.001 1.258603e-12 -0.00173205 -0.001 0.0035 -0.001 -0.00173205 1.254343e-12 -0.001 -0.00173205 0.0035 -1.321284e-13 -0.002 9.139826e-13 1.487713e-12 -0.002 0.0035 0.001 -0.00173205 3.287195e-13 0.001 -0.00173205 0.0035 0.00173205 -0.001 -3.446239e-13 0.00173205 -0.001 0.0035 0.002 -8.500217e-13 -9.256274e-13 0.002 7.494548e-13 0.0035 0.00173205 0.001 -1.25861e-12 0.00173205 0.001 0.0035 0.001 0.00173205 -1.25435e-12 0.001 0.00173205 0.0035 1.321289e-13 0.002 -9.139896e-13 1.751971e-12 0.002 0.0035 -0.001 0.00173205 -3.287264e-13 -0.001 0.00173205 0.0035 -0.00173205 0.001 3.446169e-13 -0.00173205 0.001 0.0035 -0.0016 0.006 -2.001463e-12 -0.0016 0.006 0.0035 -0.00138564 0.0052 -1.735077e-12 -0.00138564 0.0052 0.0035 -0.0008 0.00461436 -1.738484e-12 -0.0008 0.00461436 0.0035 2.906791e-13 0.0044 -2.010773e-12 1.910521e-12 0.0044 0.0035 0.0008 0.00461436 -2.478984e-12 0.0008 0.00461436 0.0035 0.00138564 0.0052 -3.017658e-12 0.00138564 0.0052 0.0035 0.0016 0.006 -3.482461e-12 0.0016 0.006 0.0035 0.00138564 0.0068 -3.748847e-12 0.00138564 0.0068 0.0035 0.0008 0.00738564 -3.745439e-12 0.0008 0.00738564 0.0035 5.020849e-13 0.0076 -3.473151e-12 2.121927e-12 0.0076 0.0035 -0.0008 0.00738564 -3.00494e-12 -0.0008 0.00738564 0.0035 -0.00138564 0.0068 -2.466265e-12 -0.00138564 0.0068 0.0035 -0.0016 -0.006 3.482454e-12 -0.0016 -0.006 0.0035 -0.00138564 -0.0068 3.74884e-12 -0.00138564 -0.0068 0.0035 -0.0008 -0.00738564 3.745432e-12 -0.0008 -0.00738564 0.0035 -5.020847e-13 -0.0076 3.473144e-12 1.117757e-12 -0.0076 0.0035 0.0008 -0.00738564 3.004933e-12 0.0008 -0.00738564 0.0035 0.00138564 -0.0068 2.466259e-12 0.00138564 -0.0068 0.0035 0.0016 -0.006 2.001456e-12 0.0016 -0.006 0.0035 0.00138564 -0.0052 1.73507e-12 0.00138564 -0.0052 0.0035 0.0008 -0.00461436 1.738477e-12 0.0008 -0.00461436 0.0035 -2.906789e-13 -0.0044 2.010766e-12 1.329163e-12 -0.0044 0.0035 -0.0008 -0.00461436 2.478977e-12 -0.0008 -0.00461436 0.0035 -0.00138564 -0.0052 3.017651e-12 -0.00138564 -0.0052 0.0035</float_array>
          <technique_common>
            <accessor count="3507" source="#verts-array-array" stride="3">
              <param type="float" name="X"/>
              <param type="float" name="Y"/>
              <param type="float" name="Z"/>
            </accessor>
          </technique_common>
        </source>
        <source id="normals-array">
          <float_array count="10521" id="normals-array-array">6.29796e-11 1 -4.597122e-10 6.2921e-11 1 -4.59761e-10 -6.834048e-11 -1 4.55242e-10 -6.829154e-11 -1 4.552829e-10 -0.2873265 0.02085557 -0.9576056 -0.2918477 0.03000978 -0.9559939 -0.2992187 0.03048829 -0.9536973 0.5849331 0.05765285 -0.8090299 0.4208945 0.1187082 -0.8993087 0.1808566 0.1018152 -0.9782252 -0.4016931 -0.2464958 -0.8819765 -0.482484 -0.1855714 -0.8560213 -0.4913217 -0.1990783 -0.8479215 0.7179996 -0.2880572 -0.63364 0.7334948 -0.2593992 -0.6282495 0.701584 -0.2461364 -0.6687277 -0.8403787 0.05659607 0.5390367 -0.2356935 0.06092377 0.9699159 0.02848552 0.03573135 0.9989554 0.7508795 0.003070855 0.6604321 0.7812625 0.0006904734 0.6242022 0.3768335 0.02699965 0.9258874 0.6740884 0.008900623 0.738597 0.4669246 0.02197091 0.8840241 0.357915 0.0284494 0.9333207 -0.7629057 0.00560313 -0.6464855 -0.6381708 -0.01827817 -0.7696778 -0.7840218 0.01750219 -0.6204865 -0.9130105 0.002586149 -0.4079279 -0.9782867 0.02294029 -0.2059825 -0.9995772 0.02644578 0.01208333 0.01000841 -0.1178647 -0.9929792 -0.2403408 -0.07529985 -0.9677635 -0.1803093 -0.1135122 -0.9770382 -0.7128499 -0.04849841 -0.6996377 -0.4512785 -0.0558767 -0.8906321 -0.3320456 -0.07571885 -0.9402193 -0.966486 -0.2514435 0.0517778 -0.9407385 -0.2856963 0.182726 -0.9492216 -0.2766947 0.1497276 -0.9562243 -0.2131981 -0.2004535 -0.9439234 -0.1857668 -0.2729456 -0.9689654 -0.2471613 0.004161571 -0.8277314 -0.1572632 -0.5386362 -0.8524523 -0.08374624 -0.5160539 -0.8403435 -0.04928486 -0.539809 -0.9131389 -0.1209484 -0.3892928 -0.9470883 -0.1207719 -0.2973853 -0.9743703 -0.1922167 -0.1168556 -0.9738527 -0.2032588 -0.1014732 -0.9422353 -0.1037788 -0.3184693 -0.8611055 0.009835213 -0.5083312 -0.7471694 0.1096908 -0.6555195 -0.8968744 -0.01556514 -0.4420114 -0.9703544 -0.2325203 -0.06592877 -0.963497 -0.2669046 0.02086892 -0.9349426 -0.3151938 0.1628963 -0.8190682 0.03053257 -0.5728832 -0.8978246 -0.05474787 -0.4369368 -0.9627675 -0.1659357 -0.2134108 -0.8266905 -0.0005258043 -0.5626566 -0.784871 0.03525626 -0.6186554 -0.9479288 -0.08853932 -0.3059277 -0.6465037 0.1545534 -0.7470918 -0.780605 0.09085135 -0.6183866 -0.7346633 0.1202848 -0.6676836 -0.8530314 0.02895512 -0.5210557 -0.8419577 0.02147483 -0.539116 -0.8951851 -0.01859395 -0.4453066 -0.8920721 -0.01416805 -0.4516709 -0.9451907 -0.08838826 -0.3143279 -0.8173532 0.0538326 -0.5736164 -0.476556 0.2490341 -0.8431349 -0.367026 0.2927152 -0.8829551 -0.5996452 0.1880666 -0.7778538 -0.7347815 0.01765068 -0.6780742 -0.5495594 0.117704 -0.8271217 -0.4289948 0.2353725 -0.8721028 -0.2487312 -0.1199296 -0.961119 -0.161839 -0.06298895 -0.9848048 -0.1929103 -0.02099321 -0.9809918 0.4685033 0.09717008 -0.8781017 0.2399136 0.1139087 -0.9640883 0.2536948 0.0452198 -0.9662268 0.00583411 0.05173952 -0.9986436 -0.3125639 -0.1300528 -0.9409517 -0.2950048 -0.1310843 -0.9464613 -0.3540809 -0.1056372 -0.9292295 -0.2927612 -0.07961409 -0.9528654 -0.378615 -0.10439 -0.9196485 -0.3989743 -0.08467942 -0.9130437 -0.3265509 -0.1117491 -0.9385503 -0.3061861 0.1579574 -0.9387755 -0.4330688 0.08926475 -0.8969299 -0.280648 0.1703482 -0.944573 -0.4164602 0.04365336 -0.9081053 -0.4816895 0.07176058 -0.8733989 -0.4832798 0.09500875 -0.8702953 -0.4643811 0.09213022 -0.8808304 -0.9910635 0.0742885 -0.1107896 -0.9936486 0.07832764 0.08079083 -0.9925611 0.1079275 -0.05633964 -0.6963156 0.03983388 0.7166295 -0.8381041 0.05206216 0.5430202 -0.8809613 0.05364321 0.4701379 -0.8297514 0.02491378 0.5575768 -0.9327512 0.02141167 0.3598843 -0.9386231 0.03228633 0.3434301 -0.5531547 0.01691681 0.8329068 -0.4540715 0.01704286 0.8908022 -0.5903196 0.01561818 0.8070185 -0.4541646 0.01667077 0.8907618 -0.7430664 0.01173503 0.6691147 -0.7156397 0.01294946 0.6983496 -0.8879754 0.007639167 0.4598276 0.02662145 0.02022752 0.9994409 0.1546925 0.02303066 0.9876942 0.1382723 0.02208004 0.9901481 -0.9347044 0.02166511 -0.3547652 -0.9679793 0.0093199 -0.2508569 -0.9997494 0.01314575 -0.01811878 -0.6792366 0.04707545 0.7324081 -0.8267089 0.03589264 0.5614838 0.5255934 0.02272246 0.8504324 0.2359344 0.03084105 0.9712795 -0.8464946 0.02943026 0.5315833 -0.6741559 0.04214232 0.7373858 -0.09508313 0.002117054 -0.9954671 -0.1009438 0.01486626 -0.9947811 -0.1436219 0.001682082 -0.9896312 -0.243124 -0.001005245 -0.9699947 -0.2473138 0.02182376 -0.9686896 -0.2554746 0.02058017 -0.9665967 -0.2547392 0.005557968 -0.9669938 -0.2661666 0.0237613 -0.9636341 0.9093308 0.04108562 -0.4140404 0.8962346 0.02791723 -0.442701 0.8417545 0.05645252 -0.5369009 -0.9663174 -0.04707335 -0.2530114 -0.9666308 -0.04731334 -0.2517664 -0.9346075 -0.007036202 -0.3556112 0.8889732 -0.1263012 -0.4401984 0.819551 -0.177757 -0.5447372 0.8773357 -0.170955 -0.4483931 0.8619993 -0.07298796 -0.5016272 0.9515022 -0.0124589 -0.3073895 0.9621767 0.001089379 -0.272424 0.9822589 -0.03121816 -0.1849133 0.9819573 -0.03107849 -0.1865313 0.9798705 -0.03002518 -0.1973636 0.9784608 -0.02870459 -0.2044275 0.97608 -0.02471557 -0.2160023 0.9688202 0.006948968 -0.2476674 0.9484415 0.1205621 -0.2931271 0.9295023 0.04560689 -0.3659857 0.7865984 0.003849816 -0.6174529 0.8339629 0.001067545 -0.5518194 0.8488834 0.006748083 -0.5285371 0.8389245 0.00563496 -0.5442186 0.8286949 -0.0001108838 -0.5597005 0.8262041 0.004261666 -0.5633548 0.8381462 0.0151627 -0.5452349 0.813395 0.01333797 -0.5815588 0.8177268 0.1706174 -0.5497387 0.832365 0.07452389 -0.5491945 0.836657 0.03266518 -0.5467523 0.7646465 0.002251035 -0.644446 0.8516601 -0.06558056 -0.5199752 0.8555384 -0.06634882 -0.5134705 0.6386041 -0.07643605 -0.76573 0.8432888 -0.06332925 -0.5337166 0.8422468 -0.2168656 -0.493548 0.9029692 -0.1982376 -0.381246 0.9047862 -0.1912195 -0.380522 0.9028768 -0.2046287 -0.3780749 0.9046995 -0.1945073 -0.3790589 0.9039877 -0.2039408 -0.375785 0.9111109 -0.1894538 -0.3660384 0.9144297 -0.1803617 -0.3623368 0.9114638 -0.1517261 -0.3823779 -0.9510626 -0.1148333 -0.2868681 -0.9400873 -0.140981 -0.3104194 -0.928791 -0.08543111 -0.3606228 -0.9310827 -0.1112986 -0.3474156 -0.9216688 -0.09627794 -0.3758419 -0.8873041 -0.07756939 -0.4546145 -0.8789912 -0.0736506 -0.4711157 -0.9681393 -0.05358459 -0.2446121 -0.9734188 -0.05092896 -0.2232984 -0.9284011 -0.03632778 -0.3697995 -0.9740678 -0.05029432 -0.2205957 -0.9691156 -0.08184466 -0.2326293 -0.9145593 0.00102106 -0.4044506 -0.9442447 -0.01746213 -0.3287812 -0.8532294 0.01071788 -0.5214256 -0.9570779 -0.03760532 -0.2873809 -0.963404 -0.04459407 -0.264318 -0.7686312 0.02884326 -0.6390416 -0.7780833 0.02506188 -0.6276609 -0.8420776 0.0174047 -0.5390755 -0.5643999 0.09793112 -0.819672 -0.5325347 0.1188773 -0.8380185 -0.5192206 0.1961055 -0.8318369 -0.688645 0.09560507 -0.7187682 -0.7439774 0.08305408 -0.6630231 -0.7668429 0.04086579 -0.6405326 -0.8586923 0.009556523 -0.5124024 -0.6984593 0.03786013 -0.7146477 -0.7054788 0.04332607 -0.7074055 -0.754759 0.02909867 -0.6553565 -0.7576388 0.02239325 -0.6522899 0.1930305 0.2783229 -0.9408908 -0.2523493 0.1992715 -0.9468953 -0.198456 0.2827981 -0.9384245 -0.319005 0.1925539 -0.9279864 -0.4887369 0.112487 -0.8651491 -0.4106583 0.1881333 -0.8921691 -0.6999334 0.06052004 -0.7116394 -0.4521804 0.2170225 -0.8651209 -0.3978456 0.1419282 -0.9064079 -0.1531148 0.2030121 -0.9671308 0.004420807 0.2371781 -0.9714561 -0.2814613 0.02717314 -0.9591878 -0.2866714 0.03054763 -0.9575418 -0.278958 0.01909764 -0.9601134 -0.2866673 0.03143011 -0.9575145 -0.2715826 0.01315973 -0.9623252 -0.2756057 0.02597322 -0.9609198 -0.1305348 -0.03978825 -0.990645 -0.1498599 -0.01195107 -0.988635 -0.1765494 -0.01176394 -0.9842215 -0.05641768 0.02045823 -0.9981976 -0.05774003 0.02193797 -0.9980906 -0.06179545 0.01822949 -0.9979223 -0.1009215 0.01536496 -0.9947757 -0.07968368 0.01228679 -0.9967445 -0.06690368 0.004598824 -0.9977488 -0.1586449 -0.0359163 -0.9866822 -0.2156598 -0.007410544 -0.9764404 -0.1141141 -0.04850785 -0.9922827 -0.2172704 -0.02029542 -0.9759004 -0.2252706 -0.01494962 -0.9741815 -0.2643172 0.01005396 -0.9643834 -0.2463258 0.001302385 -0.9691862 -0.2377516 -0.00603562 -0.9713072 -0.1480051 -0.005810991 -0.9889695 -0.1328499 -0.02570168 -0.9908029 0.07931133 -0.01409246 -0.9967503 0.09668711 -0.05643646 -0.9937135 0.4149895 -0.02050551 -0.9095951 0.4149692 -0.08612315 -0.9057502 0.0806284 -0.09205453 -0.9924843 0.3149087 -0.1239838 -0.9409891 -0.1933045 -0.02969029 -0.9806895 -0.101604 -0.0619948 -0.9928914 0.06549763 -0.1073341 -0.9920632 0.2138496 -0.1185358 -0.9696482 -0.1291204 -0.01127671 -0.9915648 -0.1013626 -0.02786433 -0.9944592 -0.05528443 -0.04093103 -0.9976313 -0.09096336 -0.05981233 -0.9940564 -0.06290165 0.0009462143 -0.9980193 -0.05958687 0.02337583 -0.9979494 -0.08004974 0.002974374 -0.9967864 -0.07918825 0.02396017 -0.9965717 -0.09161367 0.0258292 -0.9954596 -0.1061889 -0.003239874 -0.9943407 -0.09035965 0.01799002 -0.9957467 0.7534055 -0.05617694 -0.6551522 0.6338805 -0.04938231 -0.7718529 0.4634289 -0.05779992 -0.884247 0.2080799 -0.03694053 -0.977414 0.08411399 -0.02396622 -0.9961679 0.715382 0.007371485 -0.6986947 0.6140173 -0.007733664 -0.7892547 0.5945292 -0.02949368 -0.8035329 0.6013689 -0.02991018 -0.7984114 0.3531253 -0.04103554 -0.9346757 0.4779078 -0.1331072 -0.8682664 0.6454986 -0.09552388 -0.7577643 0.7433851 -0.07608884 -0.6645217 0.4982024 -0.1022145 -0.8610148 0.4343006 -0.06919664 -0.8981062 0.1238809 -0.03396621 -0.9917156 -0.04139328 -0.004795412 -0.9991314 0.5683984 -0.07894868 -0.8189569 0.2831338 -0.04684761 -0.9579356 -0.2838453 0.007913907 -0.9588374 -0.105802 -0.00480006 -0.9943756 -0.3617831 0.0003163556 -0.9322622 -0.08470291 -0.01687108 -0.9962634 -0.6540238 0.02780698 -0.7559628 -0.4628454 0.01810911 -0.886254 -0.79414 0.02238454 -0.6073225 -0.6030449 0.01382975 -0.7975874 -0.8928851 0.004455247 -0.4502626 -0.7424845 -0.0005140012 -0.669863 -0.9223833 -0.01138415 -0.3861081 -0.9193461 -0.001901147 -0.3934452 -0.9913531 0.0227852 0.1292276 -0.9981686 0.01830664 -0.05765611 -0.931727 0.02673012 0.3621744 -0.8488751 0.02415875 0.528041 -0.873745 0.02327677 0.4858269 0.2563586 0.02667088 0.9662137 0.253299 0.02648975 0.9670253 -0.01597213 0.03785025 0.9991558 0.2179559 0.03597502 0.9752954 0.2810205 0.02955446 0.9592466 -0.5439371 0.04280713 0.8380334 0.2433706 0.02826195 0.9695215 0.4164849 0.02637818 0.9087599 0.4024374 0.02662721 0.9150602 0.01870555 0.03055354 0.9993581 -0.856932 0.02609956 0.5147682 0.8661546 0.005950765 0.4997407 -0.2385177 0.03155547 0.9706254 -0.9259789 0.02372444 0.3768293 -0.9392646 0.01960887 0.3426331 0.02154242 0.03267153 0.999234 -0.1505997 0.03174939 0.9880849 -0.05671259 0.02990348 0.9979426 -0.9471859 0.01599514 0.3202859 -0.9438623 0.01457087 0.3300178 0.2976683 0.02978356 0.9542046 -0.897778 0.02897992 0.4394938 -0.5736859 0.02491685 0.8186963 0.753655 0.01341291 0.6571333 -0.8552594 0.01760713 0.517901 0.1503844 0.03307657 0.9880741 -0.9419168 0.0104071 0.335685 -0.9154591 0.00995353 0.402288 -0.1852644 0.02697814 0.9823183 -0.1723889 0.02557323 0.9846969 -0.1526131 0.02809388 0.9878866 -0.2195141 0.02527499 0.9752819 -0.222632 0.02801666 0.9744999 0.00427576 0.02612168 0.9996496 0.01985391 0.02838723 0.9993998 0.1990656 0.02580945 0.9796462 0.2304378 0.02715072 0.9727082 0.322185 0.02483585 0.9463509 0.2654794 0.02683769 0.9637429 -0.8667583 0.009205967 0.4986435 -0.2026755 0.02254751 0.9789863 -0.228158 0.02235106 0.9733675 -0.0231361 0.02359957 0.9994537 0.1564141 0.02389598 0.9874025 0.3551123 0.0233927 0.9345309 -0.09706326 0.03557821 0.9946421 0.2203928 0.02720642 0.9750317 -0.2078206 0.01604586 -0.9780353 0.8524909 -0.02138662 -0.5223043 0.6638358 -0.02449012 -0.7474773 -0.4566066 0.02731355 -0.8892494 -0.86431 0.0331767 -0.501864 -0.9810744 0.02051152 -0.1925418 -0.9551527 0.02673743 -0.2949042 -0.999045 0.03082538 -0.03096722 -0.9856971 0.03375513 0.1651117 -0.9401554 0.03544996 0.3388969 -0.77593 0.02945438 0.630131 -0.7437885 0.03505174 0.6674953 -0.861987 0.03599148 0.5056511 -0.870202 0.04216761 0.4908874 -0.9544762 0.04265552 0.2952215 -0.7074722 0.0299499 0.7061063 -0.5538554 0.03042311 0.8320569 -0.5731759 0.03255073 0.8187856 -0.7604362 0.0407104 0.6481353 -0.135417 0.02629675 0.9904397 0.07660196 0.02370676 0.9967799 -0.02725903 0.02228184 0.99938 -0.302858 0.01917691 0.9528427 -0.4405983 0.01752681 0.8975332 -0.3371345 0.01786537 0.941287 -0.5152198 0.01578794 0.8569126 -0.4690458 0.01646399 0.8830204 -0.7861961 0.01238151 0.617853 -0.859498 0.008492969 0.5110686 -0.3474197 0.01811123 0.9375348 -0.2848014 0.01931671 0.9583919 0.08296804 0.02125047 0.9963256 0.006578698 0.02091501 0.9997596 -0.131323 0.02039457 0.9911298 -0.4419672 0.01860729 0.8968382 -0.9162402 0.008561299 0.4005378 -0.8152459 0.01470552 0.5789282 -0.5277287 0.01690628 0.8492447 -0.7868036 0.01926361 0.6169028 -0.6154854 0.02042645 0.7878835 -0.5990563 0.01881346 0.8004859 -0.7076205 0.01815842 0.7063593 -0.7272905 0.01612146 0.6861403 -0.5439845 0.01789986 0.8389043 -0.930214 0.01649167 0.3666468 -0.9484685 0.004106398 0.3168449 -0.9496607 0.003539352 0.3132602 -0.9572563 0.006533028 0.2891672 -0.4678585 0.02104292 0.8835528 -0.2926649 0.02038385 0.9559978 -0.3314536 0.01916967 0.9432768 -0.1560272 0.01929092 0.9875644 -0.2053675 0.01909043 0.9784987 -0.04657706 0.01951661 0.998724 -0.3549198 0.02665336 0.9345167 -0.3533421 0.02586527 0.9351366 -0.2388099 0.02351706 0.9707815 -0.2116399 0.0238406 0.9770569 -0.1162901 0.02449105 0.9929133 -0.6598543 0.03543856 0.7505574 -0.3653879 0.02947596 0.9303886 -0.3182833 0.02836106 0.9475713 -0.9649649 0.0429926 -0.2588326 -0.9973915 0.03948946 -0.06042227 -0.9929779 0.04190633 0.1106291 -0.8455958 0.0381666 -0.5324576 -0.922449 0.03213651 -0.3847792 -0.9709883 0.03555676 -0.2364689 -0.8760316 0.02834391 0.4814201 -0.7635697 0.034764 0.644789 -0.4958149 0.03367354 0.8677752 -0.8213434 0.04545175 0.5686203 -0.9353232 0.04878187 0.3504151 -0.993297 0.04893305 0.1047216 -0.9965277 0.05108057 -0.06575231 -0.9839966 0.05381378 0.1698668 -0.9893689 0.05572101 -0.1343293 -0.9758549 0.05614487 0.2110807 -0.9744438 0.05440694 0.2179432 -0.9958708 0.05633408 0.07118849 -0.977673 0.05303572 -0.2033293 -0.9353652 0.05286228 0.3497105 -0.8916744 0.04705944 0.4502246 -0.8987118 0.04789632 0.4359163 -0.6984146 0.03856396 0.7146537 -0.8032976 0.03658027 0.5944535 -0.8235797 0.04081687 0.56573 -0.8880779 0.0478349 -0.4571974 -0.9426215 0.04408444 -0.3309401 -0.4844084 0.02619185 0.8744498 -0.5105642 0.02894999 0.8593522 -0.5203359 0.03181873 0.8533687 -0.5905136 0.03337117 0.8063374 -0.7026792 0.03826882 0.710477 -0.5626421 0.02509356 0.8263197 -0.1939426 0.01999828 0.980809 -0.05721525 0.01949932 0.9981714 0.04350771 0.01957667 0.9988613 -0.6968138 0.0253005 0.7168057 -0.8527566 0.02106801 0.5218834 -0.6339646 0.02224924 0.7730419 -0.5223451 0.03152863 0.8521511 -0.1937746 0.02124805 0.9808159 -0.6191151 0.02648152 0.7848536 -0.5650978 0.03464664 0.8242961 -0.741183 0.04305647 0.6699209 -0.7611118 0.04107145 0.647319 -0.8624474 0.04646064 0.5040099 -0.943867 0.04939614 0.3266115 -0.8638945 0.03367352 0.502546 -0.7362291 0.03929451 0.6755906 -0.5875972 0.0306109 0.8085744 -0.9609194 0.05640956 0.27102 -0.9953296 0.05930427 0.07617114 -0.9923343 0.05567722 0.11033 -0.9930766 0.06394456 -0.09853958 -0.9969897 0.06112711 -0.0476968 -0.9189941 0.0572785 -0.3900885 -0.9315623 0.05666395 -0.3591391 -0.9636427 0.01513276 0.2667652 0.2056142 -0.06736515 -0.9763118 -0.09803798 -0.001854264 -0.9951809 -0.2814617 0.02748496 -0.9591788 -0.3855198 0.02555443 -0.9223456 -0.7131808 0.03563178 -0.7000739 -0.8336877 0.03461836 -0.5511501 -0.9412077 0.03088812 -0.3364134 0.00233389 -0.07738086 -0.9969989 0.05220556 -0.06689326 -0.9963934 -0.04233872 -0.03030482 -0.9986436 0.01192485 -0.03497749 -0.999317 -0.07121292 -0.007115339 -0.9974358 -0.0821613 -0.01491621 -0.9965074 -0.06107162 -0.02100945 -0.9979123 -0.07018154 -0.01139258 -0.9974692 -0.0988573 0.005934617 -0.9950839 -0.2419507 0.01320218 -0.9701987 -0.2117048 0.007732804 -0.9773031 -0.1719929 0.005625584 -0.9850821 -0.1229239 0.02551238 -0.9920881 -0.9412268 0.09011107 -0.3255335 -0.9504833 0.068268 -0.3031848 -0.8612365 0.08222004 -0.5015092 -0.8790074 0.06146467 -0.4728298 -0.74365 0.07155059 -0.6647294 -0.7578194 0.05245823 -0.6503521 -0.591204 0.0536301 -0.804737 -0.6168623 0.04320339 -0.7858844 -0.8095645 0.09617656 -0.5790987 -0.7783592 0.1185219 -0.6165303 -0.6033057 0.08230821 -0.7932513 -0.9311182 0.05361189 0.3607557 -0.9734443 0.07141389 0.2174998 -0.9778877 0.07552635 0.1950164 -0.9877182 0.08198803 -0.1330066 -0.890022 0.03247006 -0.4547599 -0.5838443 0.02997734 -0.811312 -0.4667356 0.03664123 -0.8836375 -0.2746134 0.02470659 -0.9612373 -0.2036934 0.01923092 -0.9788458 -0.1241733 0.009751353 -0.9922126 -0.1415511 0.01360522 -0.9898374 -0.7585349 0.03265672 -0.6508136 -0.6370784 0.03759376 -0.7698817 -0.487455 0.03541951 -0.8724294 -0.3231729 0.02807467 -0.9459234 -0.254346 0.02920869 -0.9666721 -0.8676417 0.1315499 0.4794711 -0.9606302 0.1658774 -0.2228773 -0.9017598 0.156391 -0.402953 -0.8881036 0.1898271 -0.418614 -0.6445213 0.1257536 -0.754174 -0.9948334 0.1014692 -0.003255771 -0.424143 0.05323556 -0.9040292 -0.4435862 0.03725196 -0.8954572 -0.4988108 0.0368872 -0.8659256 -0.6355131 0.03801083 -0.7711539 -0.3421612 0.09530941 -0.9347951 -0.6699783 0.2069262 -0.7129591 -0.5703607 0.1990742 -0.7969053 -0.8526655 0.2776911 -0.4425485 -0.8322406 0.3080703 -0.4609428 -0.9192788 0.3090338 -0.2437716 -0.9067783 0.3452318 -0.2420085 -0.944033 0.3243896 -0.05977585 -0.7068137 0.3011445 0.6400988 -0.9795687 0.1568783 -0.1258348 -0.9656809 0.2533374 -0.05727632 -0.8601661 0.2140039 0.4629433 -0.7562937 0.03698694 -0.6531859 -0.771748 0.04181272 -0.6345524 -0.7495707 0.04202655 -0.6605888 -0.8236643 0.05385939 -0.5645142 -0.9483073 0.06053626 -0.3115263 -0.9880983 0.06151475 -0.1409884 -0.996313 0.06342642 0.05777116 -0.8730062 0.06295338 0.4836291 -0.9760617 0.02422214 0.2161408 -0.9695201 0.03143066 0.2429875 -0.9445533 0.04537966 0.3252072 -0.9015031 0.01293069 0.4325794 -0.6756034 0.03625418 0.7363733 -0.6922232 0.0311902 0.7210092 -0.5468744 0.02077806 0.8369568 -0.6507495 0.02517101 0.7588752 -0.7450814 0.03100572 0.6662525 -0.8221991 0.03224408 0.568286 -0.3515185 0.1194743 -0.9285261 -0.3815129 0.09257976 -0.9197157 -0.2396948 0.1507342 -0.9590754 -0.270773 0.0963336 -0.9578109 -0.3101816 0.03644482 -0.9499785 -0.3480641 -0.01065534 -0.9374102 -0.19804 0.2150986 -0.9563016 -0.1423025 0.279229 -0.9496216 -0.07024746 0.2886643 -0.9548498 -0.1409196 0.211325 -0.9672039 -0.01323098 0.2317448 -0.9726866 -0.02632615 0.1910958 -0.9812183 0.01179936 0.1778432 -0.9839881 0.02563486 0.1482504 -0.9886176 -0.222144 0.2383581 -0.9454298 -0.1405119 0.3046193 -0.9420528 -0.06166013 0.3209792 -0.9450769 -0.00878484 0.2525308 -0.967549 0.01241677 0.1940453 -0.980914 -0.3352193 -0.09012271 -0.9378198 -0.4163633 -0.05532625 -0.9075134 -0.3436436 -0.05680654 -0.9373805 -0.4316999 -0.01646653 -0.901867 -0.4524535 0.03670209 -0.8910324 -0.2091328 -0.13924 -0.9679234 -0.2234975 -0.1226069 -0.9669625 0.5355244 0.05794922 -0.8425292 0.1719487 -0.008078935 -0.9850728 0.4729281 0.01697535 -0.8809375 0.4627461 -0.02074051 -0.8862482 0.3368264 -0.01396762 -0.9414632 0.1950802 -0.03671441 -0.9800999 0.05075418 -0.04982322 -0.9974676 -0.0603383 -0.0763018 -0.9952574 -0.1457135 -0.1053558 -0.983701 -0.1946751 -0.1416005 -0.9705931 -0.1778562 -0.1092431 -0.977974 8.439565e-05 -0.007478039 -0.999972 -0.2375457 -0.08403309 -0.9677347 -0.2533897 -0.02905787 -0.9669278 -0.2670031 0.04170177 -0.962793 -0.2626338 0.1213399 -0.9572357 -0.1907829 0.1735744 -0.9661645 -0.3482388 0.2045838 -0.9148089 -0.2525477 0.2889838 -0.9234219 -0.1180463 0.3252947 -0.9382156 -0.01536657 0.2664896 -0.9637153 0.02574768 0.2069747 -0.9780074 0.04095124 0.2265445 -0.9731396 -0.03869117 0.2832256 -0.9582725 -0.2241169 0.32237 -0.9197006 -0.8988944 -0.04636775 -0.435705 -0.6848602 0.1014514 -0.7215775 -0.7423315 0.09428046 -0.6633665 -0.7756311 0.02743176 -0.6305901 -0.6307535 0.1626743 -0.7587405 -0.5804115 0.1749729 -0.7953031 -0.8362468 0.01493845 -0.5481498 -0.8597485 -4.188218e-05 -0.5107177 0.6712466 0.3119005 -0.6724181 -0.8544847 0.02231735 -0.518997 -0.7904993 0.06000463 -0.6095165 -0.8625171 0.01729382 -0.5057324 -0.8660889 0.01127173 -0.4997629 -0.8678286 0.0083075 -0.4967942 -0.8701303 0.00434946 -0.4928025 -0.8714246 0.002120407 -0.4905249 -0.8605421 0.001359748 -0.5093775 -0.8695906 0.003303836 -0.4937624 -0.8724899 0.0003048035 -0.4886321 -0.8472348 -0.005636235 -0.5311887 -0.8450609 -0.003772499 -0.5346567 -0.8563908 -0.0008822485 -0.5163275 -0.8554636 0.006920579 -0.5178167 -0.8462809 0.009028205 -0.5326604 -0.8496852 -0.00777698 -0.527233 -0.8428748 -0.001948201 -0.5381062 -0.8389123 0.001156409 -0.5442654 -0.8027837 0.07190548 -0.5919188 -0.7726665 0.09838432 -0.627142 -0.8789705 0.011186 -0.4767449 -0.9002732 -0.006631838 -0.4352749 -0.9724974 -0.1471772 -0.1805208 -0.9405501 -0.05838618 -0.334599 -0.9521271 -0.08624324 -0.2932851 -0.5966221 0.1651397 -0.7853476 -0.7532637 0.08015289 -0.6528165 -0.7884409 0.05533179 -0.6126168 -0.5082039 0.2326406 -0.8292208 -0.2685006 0.3188039 -0.9089948 -0.5240447 0.2032213 -0.8270902 -0.967602 -0.09977122 -0.2319312 -0.8413319 -0.004758335 -0.5404979 -0.833061 0.05241174 -0.5506926 -0.9612052 -0.2629204 0.08341161 -0.6613189 0.1659858 -0.7315094 -0.8583403 0.01466896 -0.5128711 -0.9652367 -0.1452361 -0.2173124 -0.9712163 -0.2380816 -0.007485825 -0.9756921 -0.1991294 -0.09150041 -0.9456077 -0.09153706 -0.3121652 -0.6673039 0.1630008 -0.7267299 -0.6199329 0.1922479 -0.7607391 -0.7659779 0.102436 -0.6346533 -0.7486562 0.110289 -0.6537203 -0.867954 0.01038254 -0.4965361 -0.9173686 -0.05669673 -0.3939801 -0.9650721 -0.2598511 0.03336434 -0.970449 -0.2394712 -0.0297031 -0.9407148 -0.3076349 0.1428863 -0.1997516 0.3591481 -0.9116534 -0.4082169 0.288285 -0.8661701 -0.3672856 0.3025044 -0.879541 -0.4709542 0.2624969 -0.842198 -0.3954906 0.2823818 -0.8739838 -0.556408 0.2179135 -0.8018253 -0.659235 0.1494303 -0.7369395 -0.2468018 0.3289493 -0.9115269 -0.1473924 0.3716012 -0.9166177 -0.4820416 0.2441213 -0.8414515 -0.3984132 0.2875423 -0.8709686 -0.0951696 0.3845219 -0.918197 -0.9717965 -0.2008413 -0.1235895 -0.9416767 -0.3064222 0.1391056 -0.1262555 0.3709204 -0.9200422 -0.8449561 0.04808017 -0.5326701 -0.8849348 0.0009778128 -0.4657139 -0.9400857 -0.05628711 -0.3362598 -0.9535211 -0.07952457 -0.2906429 -0.6996014 0.1488035 -0.6988672 -0.9144761 -0.02259413 -0.4040085 -0.9321903 -0.04921773 -0.3586068 -0.5925611 0.2045794 -0.779114 -0.6239456 0.1812418 -0.76016 -0.8025845 0.0614035 -0.5933699 -0.9005376 -0.04399522 -0.4325465 -0.9624588 -0.1514782 -0.2252277 -0.9718155 -0.2107989 -0.1055385 -0.9533959 -0.2889676 0.0867983 -0.9471315 -0.2998411 0.1141805 -0.9143949 -0.3372419 0.2239415 -0.9287393 -0.3244466 0.1793814 -0.9209512 -0.3295036 0.2080294 -0.9668865 -0.2546478 -0.01688163 -0.9458886 -0.131371 -0.2967095 -0.2087367 0.3468821 -0.914386 -0.4285706 0.2594028 -0.8654695 -0.1245694 0.3637562 -0.9231272 -0.3807036 0.2707604 -0.8841683 -0.2156499 0.3295384 -0.9191842 -0.07195039 0.3850036 -0.9201062 0.0090693 0.3893608 -0.9210407 -0.7417681 0.09839704 -0.6633989 -0.9367872 -0.103007 -0.3343939 -0.969256 -0.2438676 -0.03273052 -0.9479303 -0.2988414 0.1101002 -0.9021901 -0.344378 0.2597246 -0.349156 0.2717306 -0.8968013 -0.9761532 -0.1796888 -0.1218068 -0.9617472 -0.1121399 -0.2499339 -0.3783178 0.2559418 -0.8895895 -0.53371 0.185873 -0.8249878 0.00309424 0.3785286 -0.9255844 -0.6995237 0.09473946 -0.7083015 -0.526403 0.1980408 -0.8268493 -0.7081415 0.0971638 -0.6993531 -0.558982 0.1909552 -0.8068923 -0.7413276 0.0832558 -0.6659594 -0.6231896 0.1646527 -0.7645418 -0.8564214 -0.01785154 -0.5159687 -0.8454366 -0.01478391 -0.5338711 -0.9365793 -0.1212055 -0.328829 -0.9316323 -0.120454 -0.3428586 -0.8643962 -0.04173698 -0.501076 -0.8662482 -0.03823144 -0.4981491 -0.5027843 0.1932227 -0.8425396 -0.9680179 -0.1995744 -0.1520243 -0.9569245 -0.2830464 0.06465476 -0.9301938 -0.3169627 0.185133 -0.9674847 -0.2528707 -0.00545346 -0.9647481 -0.2628545 0.01298264 -0.941226 -0.2971768 0.1605604 -0.7243069 0.06663374 -0.6862503 -0.8707596 -0.05514056 -0.4886074 -0.7439296 0.04478498 -0.6667556 -0.8830149 -0.06990906 -0.4641094 -0.7193091 0.08465971 -0.6895122 -0.4673867 0.2269457 -0.8544269 -0.6416733 0.1432136 -0.7534888 -0.5566965 0.2014602 -0.8059174 -0.5215434 0.2198765 -0.824407 -0.3169544 0.3138013 -0.8950244 -0.583275 0.2040064 -0.7862389 -0.8039612 0.01415079 -0.5945134 -0.6769981 0.09151836 -0.7302725 -0.5584111 0.1709901 -0.8117509 -0.4733321 0.2065827 -0.8563178 -0.9105498 -0.07958279 -0.4056668 -0.8536246 -0.01183557 -0.5207543 -0.7972822 0.04466015 -0.6019523 -0.6963125 0.1278218 -0.7062651 -0.5655583 0.1587927 -0.8092766 -0.6287714 0.1147353 -0.7690789 -0.9593589 -0.2670363 0.09122582 -0.9724284 -0.2321537 -0.02208475 -0.9186401 -0.1009079 -0.381992 -0.9469511 -0.1510765 -0.2836539 -0.9479238 -0.1585895 -0.2762063 -0.9546372 -0.1561836 -0.2535243 -0.9605219 -0.1610345 -0.2268604 -0.977402 -0.1510678 -0.147864 -0.9809659 -0.1593531 -0.1109613 -0.969829 -0.1106482 -0.2172294 -0.9206914 -0.03496439 -0.388722 -0.9585052 -0.1850393 -0.2168598 -0.4913957 0.03610131 -0.8701879 -0.9508461 -0.1810856 -0.2511963 -0.8926993 -0.1452458 -0.4266048 -0.7975169 -0.08897019 -0.5967002 -0.7484587 -0.113585 -0.653382 -0.5928875 -0.1394675 -0.7931161 -0.8109752 -0.1431276 -0.567304 -0.9367907 -0.176636 -0.3020312 -0.2033679 -0.123681 -0.9712592 -0.1386164 -0.08886938 -0.9863507 -0.3904029 -0.07304616 -0.9177417 -0.3015741 -0.02326005 -0.953159 -0.5814154 -0.03844298 -0.8126982 -0.6498746 -0.03202632 -0.7593664 -0.9650838 -0.1919932 -0.1781904 -0.9438431 -0.3020177 0.1339606 -0.9473931 -0.2907208 0.1338943 -0.8197031 -0.184321 -0.5423214 -0.8916482 -0.185173 -0.4131276 -0.9665302 -0.2168961 -0.1370233 -0.9382252 -0.2620719 0.2259467 -0.9691984 -0.2459117 -0.01348475 -0.9696239 -0.2424661 -0.03224395 -0.9688969 -0.2248979 -0.1032457 -0.9693369 -0.2358689 -0.06893362 -0.9017171 -0.2685019 0.3388408 -0.9043632 -0.2725788 0.3283718 -0.9244277 -0.2489055 0.288928 -0.9576679 -0.2332744 0.1686866 -0.4456893 -0.1404875 0.8840952 -0.4664738 -0.1255751 0.8755759 -0.9772085 -0.2040883 0.05840883 -0.8616342 -0.1995414 0.4666581 -0.8733907 -0.2006147 0.4437821 -0.9445003 -0.2046528 -0.2569756 -0.8411373 -0.195943 0.5040777 -0.5538584 -0.1757624 -0.8138479 -0.7323886 -0.1873222 -0.6546124 -0.7259308 -0.1599532 -0.6689091 -0.6845028 -0.1602968 -0.7111687 -0.7991308 -0.1892521 -0.5705906 -0.9115054 -0.1972117 -0.360923 -0.9581344 -0.1678415 0.2319647 -0.9466559 -0.1992875 0.2532334 -0.9818543 -0.1700296 -0.08397627 -0.8716783 -0.1471476 -0.467466 -0.8759326 -0.1852763 -0.4454377 -0.9613809 -0.173821 -0.2133847 -0.9783241 -0.1967521 -0.06457922 -0.9155548 -0.204912 0.3460788 -0.8866343 -0.2021874 0.4159326 -0.8870752 -0.2010548 0.4155412 -0.8302765 -0.1986387 0.520753 -0.9805895 -0.1771058 -0.08412982 -0.9511508 -0.141781 -0.2742451 -0.3056952 -0.166805 -0.9374042 -0.08411326 -0.1593852 -0.9836266 -0.02419242 -0.1386149 -0.9900508 -0.9475631 -0.2836811 0.1471368 -0.3423406 0.1121298 -0.9328611 -0.2627064 0.02413485 -0.9645739 -0.182363 -0.0540237 -0.981746 -0.1255708 -0.1076783 -0.9862238 -0.105252 -0.1292688 -0.9860079 -0.09278484 -0.1341702 -0.986605 -0.1688245 -0.1273359 -0.9773862 -0.05914182 -0.07037887 -0.9957656 -0.05617471 -0.03743069 -0.9977191 0.3629625 -0.03589346 -0.9311122 -0.0958367 -0.05020753 -0.99413 0.233807 -0.03662589 -0.9715929 -0.1360435 -0.06795931 -0.9883692 0.04375685 -0.05433012 -0.9975638 -0.1573911 -0.08954497 -0.9834682 -0.9574149 -0.02223222 -0.2878583 -0.8699487 -0.03560344 -0.4918554 -0.7026776 -0.0638747 -0.7086355 -0.519615 -0.0748763 -0.8511133 -0.5255443 -0.08696298 -0.84631 -0.2711976 -0.0969695 -0.9576266 -0.265911 -0.1146923 -0.9571505 -0.5266842 -0.08740276 -0.8455557 -0.3094962 -0.07244178 -0.9481373 -0.4859978 -0.05033132 -0.8725096 -0.4460051 -0.09606376 -0.8898602 -0.03279941 -0.1381611 -0.9898665 -0.2994244 -0.1340754 -0.9446527 -0.5757932 -0.1166162 -0.809236 -0.5964431 0.01125145 -0.8025765 -0.3976759 -0.031057 -0.9170002 -0.4040586 -0.03645777 -0.9140063 -0.1375481 -0.07655886 -0.9875319 -0.3278866 -0.08413402 -0.9409633 -0.06391773 -0.1017927 -0.9927501 -0.7828649 -0.09158119 -0.6154148 -0.5336887 -0.166971 -0.8290338 -0.3696804 -0.1551746 -0.9161098 -0.4904805 -0.1103851 -0.8644328 -0.6567338 -0.07719917 -0.7501607 -0.9106341 0.0365808 -0.4115913 -0.9303356 0.09252171 -0.3548456 -0.9721094 0.09081575 -0.2162308 -0.7921885 0.05071841 -0.6081653 -0.6584745 0.004267147 -0.7525909 -0.6001359 -0.05078523 -0.7982843 -0.8163259 -0.02715482 -0.5769529 -0.6669876 -0.04123102 -0.7439271 -0.8330558 -0.01878988 -0.5528698 -0.8967153 -0.007660816 -0.4425416 -0.9600724 -0.006326996 -0.2796801 -0.9136683 -0.02164258 -0.4058839 -0.8218452 -0.0459066 -0.5678583 -0.69548 -0.05824237 -0.7161811 -0.8871606 0.008920421 -0.4613745 -0.7687113 -0.01819582 -0.639337 -0.5897109 -0.04681071 -0.8062566 -0.9574802 0.02689598 -0.2872424 -0.9990325 0.04340443 -0.007085061 -0.9664253 0.04885322 0.2522608 -0.89237 0.05027528 0.4484955 -0.9799996 0.03413018 0.1960509 -0.8107355 0.04862842 0.5833894 -0.988121 -0.007826148 -0.1534788 -0.955696 -0.02106164 -0.2936009 -0.9085691 -0.03061735 -0.416611 -0.9679538 0.005568263 -0.2510664 -0.9949069 0.01295531 -0.09996171 -0.9910072 0.006977262 -0.1336262 -0.9875717 0.014404 0.1565075 -0.9595094 0.01596642 0.2812239 -0.9998247 0.005673644 -0.01784192 -0.9282453 0.03436505 0.3703777 -0.6766272 0.04555141 0.7349154 -0.4210864 0.04600421 0.9058531 -0.5316669 0.05220484 0.8453431 -0.7057069 0.05935765 0.7060131 -0.8167943 0.06411107 0.5733558 -0.9251759 0.0659633 0.3737626 -0.9921774 0.06331497 0.107588 -0.9816473 0.04881878 -0.1843511 -0.8905065 0.04539281 -0.4527004 -0.9995144 0.01597672 0.02675367 -0.9838128 0.02289487 0.1777305 -0.788845 0.03821705 0.6134028 -0.5879709 0.04068481 0.8078582 -0.3102315 0.0349096 0.9500199 -0.9415458 0.02216416 0.336155 -0.9946288 0.09076054 0.04976095 -0.9950045 0.07529782 -0.06554586 -0.9468017 0.069199 -0.3142897 -0.9785455 0.08176362 0.1891122 -0.9541493 0.09488255 0.2838949 -0.8924964 0.08133516 0.4436607 -0.8492192 0.0916427 0.5200273 -0.7583923 0.07627868 0.6473197 -0.7450867 0.08596779 0.661404 -0.6145943 0.06813194 0.7858956 -0.9388158 -0.1313337 -0.3183966 -0.9951394 -0.03339182 -0.09264194 -0.8713786 0.005351057 -0.490582 -0.7745619 -0.01920226 -0.6322066 -0.8763222 0.057436 -0.4782891 -0.8061976 0.03703631 -0.5904861 -0.9471019 0.1086573 -0.3019795 -0.8986393 0.07931521 -0.4314587 -0.9903898 0.1119494 -0.08121192 -0.9754726 0.09384472 -0.1991137 -0.9661456 0.112488 0.2321832 -0.9676876 0.1171101 0.2233067 -0.9438372 0.1075521 0.3124161 -0.9706195 0.1371861 -0.1976811 -0.9849155 0.1251414 -0.1195039 -0.9801848 0.119571 -0.1579259 -0.4066589 0.07553359 0.9104522 -0.748991 0.1004233 0.6549257 -0.4961863 0.08339158 0.8642019 -0.796409 0.10615 0.5953695 -0.5431699 0.09336732 0.8344154 -0.8395799 0.1095213 0.5320814 -0.7408519 0.1005717 0.6640962 -0.9112507 0.108678 0.3972547 -0.9629987 0.09331857 0.2528341 -0.9925978 0.1213897 -0.003747897 -0.969896 0.1189581 0.212487 -0.9513078 0.1065754 0.2892321 -0.4450798 0.07317009 0.8924965 -0.7778701 0.09684683 0.6209177 -0.9099845 0.1040398 0.4013776 -0.9799954 0.104219 0.1695506 -0.9526713 0.07955306 -0.2934087 -0.8969775 0.05716295 -0.4383649 -0.1086077 0.04577946 0.99303 -0.2404683 0.04722046 0.9695077 -0.4310387 0.06375453 0.9000783 -0.3840575 0.05600636 0.921609 -0.5334413 0.07197513 0.8427692 -0.4331927 0.06231953 0.8991442 -0.7388777 0.09358523 0.6673092 -0.3976169 0.07338673 0.9146121 -0.5619164 0.08893729 0.822399 -0.004637176 0.04987498 0.9987447 -0.5039906 0.08649083 0.8593677 -0.9847584 0.07224541 0.1582137 -0.8357582 0.09382125 0.5410229 0.005562176 0.04795823 0.9988339 -0.9911412 0.06593609 0.1152893 -0.5054443 0.08197605 0.8589564 -0.8293726 0.0814701 0.5527239 -0.9885442 0.06043399 -0.1383045 -0.7190103 -0.01398886 0.6948586 -0.6925659 0.05056274 0.7195803 -0.437736 0.0548797 0.8974271 0.4261309 0.02405688 0.9043416 -0.2312938 0.04636831 0.9717783 -0.7173905 0.05493803 0.6945018 0.7044282 0.006517876 0.7097453 0.6864593 0.007968204 0.7271246 0.540946 0.01683016 0.8408889 0.4863433 0.0209948 0.8735156 -0.1037735 0.0469167 0.9934938 0.5430935 0.01724158 0.8394952 -0.02481418 0.05929664 0.9979319 0.3890189 0.0262784 0.9208549 0.4686957 0.008893696 0.8833149 -0.889431 0.07179725 0.4513953 -0.7785443 0.0950418 0.6203513 -0.9234775 0.09179537 0.3725089 -0.9674253 0.08940831 0.2368425 -0.7376995 0.08624891 0.6695973 -0.9997256 0.0051502 -0.02285123 -0.9909928 -0.006824295 -0.1337414 -0.8650711 -0.04055933 -0.500007 -0.7728282 -0.06474694 -0.6313037 -0.6532462 -0.07833753 -0.7530821 -0.500659 -0.09364057 -0.8605649 -0.3950788 -0.1208256 -0.9106668 -0.7823326 -0.05220445 -0.6206693 -0.9946023 0.0107497 0.1032027 0.5614468 -0.3232282 -0.7617749 0.5222634 -0.3078881 -0.7952646 0.2714444 -0.3418746 -0.8996887 -0.1794301 -0.2949365 -0.9385187 0.05974043 -0.3378573 -0.9392995 -0.04898792 -0.2983578 -0.9531961 0.1503615 -0.3048027 -0.9404716 0.4238361 -0.2808453 -0.8610975 0.6559474 -0.1965303 -0.7287721 0.3263649 -0.230998 -0.9165838 0.03939352 -0.2500806 -0.9674233 -0.2689239 -0.252265 -0.9295388 -0.3701865 -0.3010924 -0.878809 -0.151563 -0.3085 -0.9390721 0.1042542 -0.3488079 -0.9313775 0.301672 -0.3589849 -0.8832462 0.3429598 -0.359702 -0.8677517 0.3111691 -0.1504844 -0.9383647 0.0187875 -0.1545652 -0.9878039 -0.2713317 -0.170765 -0.9472161 -0.4684122 -0.1607868 -0.8687563 -0.5483946 -0.09491258 -0.8308159 -0.5917839 0.1700566 -0.7879547 -0.6085482 0.1354733 -0.7818671 -0.5980431 0.1406686 -0.7890227 -0.6019492 0.06710637 -0.7957097 -0.5892304 0.06976626 -0.8049473 -0.5891701 -0.01962084 -0.8077707 -0.5769084 -0.01510906 -0.8166691 -0.5686941 -0.1080616 -0.8154199 -0.5709538 -0.1899044 -0.7987165 -0.5953279 0.1833375 -0.7822864 -0.5851937 0.1606953 -0.7948115 -0.5890869 0.1823442 -0.7872275 -0.5648007 0.1383605 -0.8135456 -0.5563183 0.1227705 -0.82185 -0.5693838 0.1490742 -0.8084424 -0.5729154 0.1375774 -0.8079854 -0.5634465 0.08486014 -0.8217827 -0.5498986 0.02078421 -0.8349728 0.2844353 -0.03767029 -0.9579549 -0.02025722 -0.007070709 -0.9997698 -0.2722087 -0.04424617 -0.9612204 -0.4583018 -0.07790417 -0.8853758 -0.52756 -0.03120735 -0.8489444 0.9084016 0.02537391 -0.417328 0.8311665 0.07916271 -0.5503594 0.654297 0.07495855 -0.7525135 0.7298797 0.09404116 -0.677076 0.4513029 0.1320309 -0.8825494 0.6590592 0.03583513 -0.7512369 0.5196822 0.1136037 -0.8467731 0.3104809 0.118198 -0.9432024 0.2010269 0.1427661 -0.9691264 0.634573 0.109828 -0.7650196 0.4503389 0.1221495 -0.8844628 0.1832104 0.1236599 -0.9752652 0.06952139 0.1456176 -0.9868953 -0.07492392 0.1010232 -0.9920588 0.9348292 -0.007934305 -0.3550091 0.7573216 0.07548255 -0.6486651 0.5893206 0.08885668 -0.802998 0.2962935 0.09031138 -0.9508175 0.06610751 0.1074881 -0.9920061 -0.01650289 0.1478987 -0.9888648 -0.1789357 0.139624 -0.9739031 -0.2526797 0.03670436 -0.9668535 -0.3809417 0.03970146 -0.9237463 -0.4930511 0.04379901 -0.8688972 -0.5218382 0.09626514 -0.8475954 -0.537629 0.1183104 -0.8348399 -0.5343612 0.09346308 -0.840073 -0.5191707 0.05641049 -0.8528069 -0.4872807 0.03308971 -0.8726183 -0.3749615 0.04564278 -0.9259161 -0.4150631 0.1171646 -0.9022167 -0.454307 0.02949344 -0.8903568 -0.4640975 0.121029 -0.8774768 -0.4774469 0.07066873 -0.8758141 -0.5216419 0.1444205 -0.8408522 -0.5284203 0.1039652 -0.8425931 -0.5628178 0.1642375 -0.8101001 -0.571301 0.184147 -0.7998156 -0.3280856 0.02852195 -0.9442173 -0.3477138 0.04756075 -0.9363936 -0.38224 0.08473792 -0.9201696 -0.3005506 0.007530811 -0.9537362 -0.3359801 -0.01267865 -0.9417838 -0.3917609 -0.0288139 -0.9196158 -0.4321761 -0.02057896 -0.9015544 -0.4767087 0.00503047 -0.8790469 -0.5164178 0.04754125 -0.8550161 -0.541812 0.09436005 -0.8351861 -0.3112596 0.02935383 -0.9498715 -0.3174634 0.03237142 -0.9477178 -0.3092783 0.02806734 -0.9505573 -0.3174214 0.03781395 -0.9475303 -0.3308924 0.04269191 -0.9427023 -0.3044935 0.03002068 -0.9520412 -0.2993505 0.02474369 -0.9538223 -0.2771971 0.01981319 -0.9606088 -0.2508018 0.002167317 -0.968036 -0.3241675 -0.04411943 -0.9449703 -0.3829138 -0.06616262 -0.9214117 -0.4117256 -0.06397299 -0.9090597 -0.4401641 -0.04206248 -0.8969316 -0.466833 -0.00629988 -0.8843231 -0.2936063 0.02252418 -0.955661 -0.2709203 0.0213824 -0.9623643 -0.2629559 0.01451996 -0.9646986 -0.2163955 0.03472134 -0.9756882 -0.188059 0.02559706 -0.9818241 -0.09543983 0.07494447 -0.99261 -0.0210613 0.05312463 -0.9983658 -0.1892119 0.05444688 -0.9804256 0.1105612 0.1324525 -0.9850038 0.260147 0.09395164 -0.9609873 -0.06228865 0.07358074 -0.9953422 -0.2545828 0.008324403 -0.9670152 -0.165788 0.01127024 -0.986097 0.04060774 0.02350141 -0.9988987 0.3659118 0.04204328 -0.9296994 0.6113243 0.04318454 -0.790201 0.7208691 0.02562211 -0.6925974 -0.05904567 -0.02728413 -0.9978824 -0.4615361 -0.01084728 -0.8870551 -0.4237358 0.09303603 -0.9009952 -0.6966464 0.1770733 -0.6952185 -0.8725965 0.2346906 -0.428364 -0.938584 0.24667 -0.2412757 -0.9661495 0.2339954 -0.1086335 -0.9391431 0.3424705 0.026912 -0.2238474 0.04022102 -0.9737939 -0.9236249 0.3660088 0.1138185 -0.9250551 0.3671571 -0.09730746 -0.8458897 0.3306069 -0.4185327 -0.7260285 0.2739246 -0.6307519 -0.4918906 0.1719795 -0.8535026 -0.2305643 0.06501261 -0.9708828 -0.09748988 0.01546244 -0.9951164 -0.05466173 0.01269389 -0.9984242 -0.05752444 0.02762131 -0.9979619 -0.07779522 0.03462226 -0.996368 -6.60695e-11 -1 4.569997e-10 0.06468289 -0.9931427 -0.09738449 0.03582204 -0.9963301 -0.07773704 -6.606471e-11 -1 4.569983e-10 -6.60628e-11 -1 4.569928e-10 -6.606017e-11 -1 4.56985e-10 -0.07916571 -0.98633 -0.1445194 -6.606206e-11 -1 4.569952e-10 -0.01063648 -0.9958827 -0.09002543 -6.606265e-11 -1 4.569963e-10 -6.60706e-11 -1 4.569921e-10 0.009824581 -0.9958281 -0.09071881 -6.606284e-11 -1 4.569891e-10 -6.606494e-11 -1 4.569955e-10 -6.606351e-11 -1 4.569996e-10 -6.606389e-11 -1 4.569937e-10 -6.606379e-11 -1 4.569967e-10 -6.606339e-11 -1 4.570015e-10 -6.606376e-11 -1 4.56993e-10 -6.606418e-11 -1 4.569995e-10 0.1388325 0.03656171 0.9896407 0.1379564 0.04677857 0.989333 0.1701353 0.03268053 0.9848787 0.1546909 0.1280458 0.97963 0.1492283 0.09822105 0.9839124 -0.1206995 0.1087743 0.9867116 -0.8072085 0.150654 0.5707169 -0.8008997 0.138211 0.5826298 -0.7213273 0.1340434 0.6794993 -0.740525 0.09124382 0.6658057 -0.1156211 -0.1552523 0.9810854 -0.3659374 -0.2064151 0.9074594 -0.2723736 -0.3396781 0.9002396 -0.6746832 -0.03496441 0.7372789 -0.6490129 -0.0999877 0.7541782 -0.560164 -0.01226583 0.8282909 -0.6003072 -0.1370861 0.7879331 0.6785996 0.1162844 0.7252452 0.6834742 0.1268839 0.7188627 0.6703054 0.1678459 0.7228543 0.669909 0.1588799 0.7252442 0.6677844 0.1332751 0.7323262 0.661171 0.1642623 0.732032 0.6513967 0.1027339 0.75175 0.6624455 0.09752472 0.7427347 0.6508528 0.00965738 0.7591425 0.383382 -0.01262215 0.9235036 0.5542663 0.1108127 0.82493 0.6165852 0.1334249 0.7758998 0.5379798 0.04831207 0.8415722 0.4383222 -0.05524385 0.8971186 0.2314122 -0.1523933 0.9608458 -0.7962674 0.3335402 0.5046872 -0.8920046 0.3604735 0.2727393 -0.7639687 0.2918296 0.5754888 -0.7783181 0.2410435 0.5797578 -0.6358232 0.2070443 0.7435466 0.9518946 -0.1114144 0.2854532 0.9492387 -0.1079831 0.2954412 0.9533288 -0.1095741 0.2813499 -0.606455 -0.2819841 0.7434361 -0.4493293 -0.2709295 0.8512934 -0.4435169 -0.3213571 0.8366734 0.8092931 0.04788365 0.5854501 0.7696564 0.114362 0.6281325 0.7698997 0.1138034 0.6279357 0.7625593 0.1675164 0.6248532 0.026443 0.9990667 -0.03415486 0.7517292 0.1122937 0.649841 0.7698317 0.1138753 0.628006 0.6791164 0.1004019 0.7271316 0.7688347 0.1123489 0.6295005 0.7690098 0.1156313 0.6286917 0.7670397 0.1181238 0.6306321 0.7465389 0.1251662 0.6534624 0.104721 -0.03559327 0.9938645 0.1990563 -0.03360108 0.9794118 0.4034503 0.007701978 0.9149692 0.2752474 -0.02270693 0.9611052 0.3242424 -0.01108887 0.945909 0.3453747 -0.004871358 0.9384522 0.3542299 -0.002049074 0.9351561 0.3674504 -0.00623833 0.9300222 0.3215518 -0.01589341 0.9467586 0.1694714 -0.04682026 0.9844223 0.3631024 0.0008732539 0.9317488 0.3659595 0.0006010987 0.9306306 0.3397726 -0.008459597 0.9404696 0.04777043 -0.1988374 0.9788675 0.007231414 -0.2009165 0.9795817 0.07532296 -0.09823334 0.9923088 -0.3369246 -0.2505061 0.9075949 -0.1516801 -0.2961153 0.9430317 -0.1991924 -0.2619755 0.944294 -0.04780495 -0.2379777 0.9700934 -0.7304854 -0.3026828 0.612188 -0.713743 -0.2823659 0.6409683 -0.8329676 -0.2495134 0.4938705 -0.8290295 -0.2699854 0.4897121 -0.8205956 -0.2408895 0.5182617 -0.8630856 -0.2007935 0.4634277 -0.8691166 -0.1955223 0.4543208 -0.8356598 -0.2517939 0.4881317 -0.8349312 -0.2549037 0.4877644 -0.801336 -0.2691319 0.5342552 0.8789027 0.04368795 0.4749962 0.9967366 0.08058135 0.004781104 0.9618861 0.09917856 -0.2548309 0.9057949 0.01318459 -0.4235112 0.9207597 0.02589478 -0.3892698 0.9690476 -0.005947963 0.2468023 0.966031 -0.07037714 0.2486588 0.9501899 -0.09795875 0.2958772 0.9742378 -0.1524988 0.1661468 0.9656568 -0.1325781 0.2234503 0.9587589 -0.1227471 0.2563484 0.8228211 -0.04075655 -0.5668371 0.9941875 0.05626418 0.09179118 0.9680537 -0.01082942 0.250509 0.9614261 0.09240897 0.2590759 0.9617022 0.0930272 0.2578272 0.991664 0.07028848 -0.1079911 0.8851562 0.0854072 0.4573884 0.787036 0.08146204 0.611505 0.8090799 0.08383863 0.5816878 0.52205 0.06415066 0.850499 0.5705241 0.09923927 0.815263 0.4595916 0.0548633 0.8864342 0.4095299 0.01675767 0.9121428 0.4460438 0.02342146 0.8947046 0.5489495 0.055427 0.8340157 0.2419106 -0.02945298 0.9698514 0.379064 0.008416685 0.9253322 0.5282982 0.04368917 0.8479341 -0.8710027 0.007425893 0.4912221 -0.8710888 0.008348541 0.4910545 -0.7666256 0.01935714 0.6418026 -0.9449556 0.01585254 0.3268143 -0.7957376 0.04563279 0.60392 -0.9523021 0.01435242 0.3048191 -0.7136519 0.06879233 0.6971145 -0.7810591 0.05102973 0.6223686 -0.6552867 0.04533125 0.7540188 -0.7812191 0.04164349 0.6228664 -0.7345901 0.02798256 0.6779339 -0.6965951 0.02239391 0.7171149 -0.7410666 0.0265436 0.6709066 -0.8492624 0.01381438 0.5277903 -0.8006699 0.1522397 0.5794401 -0.7356643 0.07393314 0.6732993 -0.7745642 0.09331129 0.6255743 -0.5202222 0.07271623 0.8509296 -0.7131922 0.1607534 0.6822867 -0.529759 0.2314163 0.8159669 -0.3954884 0.156989 0.9049549 -0.4651062 0.1215606 0.876869 -0.1134774 0.09844344 0.9886515 -0.1691172 0.07954645 0.9823806 -0.2050454 0.05626863 0.9771337 0.07138768 0.06247843 0.99549 -0.004653394 0.078749 0.9968836 -0.1641781 0.1234275 0.9786783 -0.3469121 0.1796079 0.9205395 -0.5496396 0.2529937 0.7961724 -0.2494495 0.02678954 0.9680172 -0.2312538 0.04688783 0.9717629 0.09071851 0.02785871 0.9954868 0.1009149 0.04170132 0.9940207 0.2516897 0.02066772 0.9675873 0.2819453 0.03754705 0.9586955 0.04879703 0.01840683 0.9986391 0.2201344 0.00982373 0.9754201 0.1946418 0.006189536 0.9808549 0.03598672 0.01638571 0.9992179 0.176029 0.009167213 0.9843423 0.03880204 0.02160913 0.9990132 0.1617232 0.01843073 0.986664 0.04096456 0.0330811 0.9986128 0.1481882 0.03172338 0.9884502 0.04492096 0.04841947 0.9978164 0.1356312 0.04511545 0.9897317 0.05777881 0.0620695 0.996398 0.1294835 0.05106839 0.9902656 0.1100899 0.055478 0.9923721 -0.191819 0.03363329 0.9808538 0.2761776 0.01075137 0.9610465 0.2631353 -0.02161232 0.9645168 0.2505545 -0.02927267 0.9676598 0.2508249 -0.02696093 0.9676569 0.2423197 -0.01854168 0.9700193 0.2514532 0.003025493 0.9678647 0.1994817 0.005073665 0.9798884 0.1873014 0.01561266 0.9821784 0.1907402 0.01979782 0.9814409 0.2060115 0.008831633 0.9785097 0.2058099 0.002436663 0.978589 0.1993104 0.0006749982 0.9799362 0.2336524 -0.02184351 0.9720748 0.2303421 -0.01647505 0.9729702 0.2330586 -0.001450403 0.9724616 0.2215245 -0.01290752 0.9750694 0.2188082 0.001311724 0.975767 0.2151302 -0.007345285 0.9765577 0.2106398 -0.005163181 0.9775501 0.2851946 -0.09020579 0.9542154 0.512938 0.0764835 0.8550116 0.6219457 0.1565565 0.7672507 0.6588419 0.08518264 0.7474431 0.6232169 0.1198117 0.7728168 0.7334522 0.09307695 0.6733384 0.6553922 0.131379 0.7437745 0.6612274 0.07113776 0.7468051 0.7279946 0.1498493 0.6690061 0.6405263 0.1677831 0.749383 0.6443898 0.1605169 0.7476604 0.7269263 0.1203117 0.6760941 0.1661066 -0.1168334 0.9791622 0.5863826 0.04112936 0.8089894 0.6366429 0.09511697 0.7652703 0.6186544 0.0364644 0.7848166 0.6422011 0.03353703 0.7658022 0.5921589 0.02492807 0.8054356 0.6197756 -0.01178388 0.7846906 0.5407421 0.03954074 0.8402586 0.5820335 -0.01493311 0.8130277 0.4800017 0.06361781 0.8749578 0.5358732 -0.002129519 0.8442958 0.4784679 0.06070868 0.8760039 0.6268015 -0.05554256 0.7771968 0.5882676 -0.0766672 0.8050238 0.6862988 0.137555 0.7141936 0.6794106 0.1638201 0.7152372 0.6688314 0.1681555 0.7241466 0.7528726 0.09684936 0.6510015 0.6648931 0.09907676 0.7403384 0.5857859 -0.1838441 0.7893391 0.613211 -0.126532 0.7797191 0.643696 -0.06349481 0.7626427 0.6609532 0.002304086 0.7504236 0.6677942 0.06741979 0.7412864 0.5482127 -0.06026062 0.8341651 0.523747 -0.1413814 0.8400597 0.5011165 -0.01173106 0.8653003 0.4984024 -0.1375233 0.8559687 0.4999269 -0.1102362 0.8590233 0.3844877 -0.003505829 0.9231234 0.3758778 -0.02306306 0.9263822 0.3489864 -0.008308557 0.9370909 0.3178672 -0.03095754 0.9476297 0.3154783 0.01993781 0.9487233 0.3622005 0.0423985 0.9311354 0.4399657 0.04317149 0.8969763 0.4477494 0.004747778 0.8941465 0.4742669 -0.05800356 0.8784683 0.4486929 -0.0403476 0.8927748 0.4101919 -0.01419516 0.9118887 0.37574 -0.02809859 0.926299 0.5668473 -0.172742 0.8055087 0.5440489 -0.1837638 0.8186829 0.544824 -0.176383 0.8197901 0.2769763 0.006101359 0.9608574 0.3061245 0.03009586 0.9515157 0.3357532 0.05987143 0.9400453 0.3658266 0.09066396 0.9262564 0.404317 0.1105715 0.9079106 0.430184 0.1044533 0.8966779 -0.8111501 -0.3661208 0.4560603 -0.8141802 -0.3525782 0.4613017 -0.7252767 -0.3719736 0.579318 -0.8389461 -0.3220243 0.4387138 -0.846349 -0.3153183 0.4292642 -0.4834092 -0.3880129 0.7847047 -0.5285018 -0.3997962 0.7488985 -0.698908 -0.3931809 0.5974415 -0.7556908 -0.3855381 0.529426 -0.7206596 -0.3821239 0.5784731 -0.7074155 -0.3796117 0.5962032 -0.7704338 -0.3901049 0.504232 -0.7803076 -0.3823918 0.4948703 -0.8200051 -0.3731691 0.4339776 -0.2281001 -0.3740317 0.8989275 -0.3397527 -0.399372 0.8515105 -0.4983761 -0.3475498 0.7942483 -0.6510064 -0.3529094 0.6720459 -0.7170538 -0.3633928 0.5947937 -0.6179113 -0.3059399 0.7242834 -0.5717454 -0.234614 0.7861701 -0.6485536 -0.2708394 0.7113538 -0.6536174 -0.203768 0.7288778 -0.0699334 -0.009370383 0.9975077 0.1589738 0.02920857 0.9868506 0.1336309 0.1083751 0.9850876 -0.005803901 -0.2461364 0.9692178 -0.00168743 -0.2626078 0.9649012 -0.01770426 -0.2895374 0.9570029 -0.002540353 -0.3013841 0.9534994 -0.08183344 -0.3698793 0.9254688 -0.001274025 -0.3638838 0.9314435 -0.1731594 -0.3972655 0.9012191 0.006945283 -0.3635499 0.9315489 0.03132509 -0.2708038 0.9621247 0.1226988 -0.09810281 0.9875833 -0.8442423 0.1591332 0.5117925 -0.7680369 0.1680778 0.6179556 -0.6088948 0.1490253 0.7791268 -0.8516346 0.09680142 0.5151193 -0.876379 0.1160919 0.4674212 -0.7412443 0.09443719 0.6645589 -0.8605852 0.1148294 0.4961928 -0.8001184 0.140071 0.5832586 -0.8447191 0.1541578 0.512528 -0.4794943 0.08866196 0.8730546 -0.5453864 0.04889966 0.8367571 -0.5306276 0.02970077 0.8470845 -0.4180573 0.04023675 0.9075291 -0.8963638 0.04368853 0.4411612 -0.9116858 0.05864929 0.4066807 -0.860377 0.07966539 0.5033934 -0.8337546 0.2384988 0.4979674 -0.1459959 0.1317927 0.9804672 -0.1585253 0.1390207 0.9775188 0.1459048 0.1412225 0.979167 -0.1853765 0.1150233 0.9759125 -0.2365819 0.05523787 0.9700401 -0.3405075 -0.06807844 0.937774 0.001869668 -0.2503427 0.9681555 0.01500544 -0.2814261 0.9594656 0.1076534 -0.2980784 0.9484514 0.2414685 -0.2357572 0.9413349 0.3649193 -0.1185812 0.9234567 0.4254446 -0.01757045 0.9048139 0.4277706 0.0482278 0.9025998 0.3984931 0.0934091 0.9124023 0.362578 0.1213243 0.9240225 0.3044451 0.09706463 0.9475714 0.3137496 0.1214948 0.9417007 0.3358716 0.1323588 0.9325618 -0.5500497 0.06322522 0.8327352 -0.5857576 0.09039376 0.8054297 -0.4936551 0.1342078 0.8592397 -0.3884031 0.1216945 0.9134186 -0.1775149 0.07811067 0.9810133 0.1302071 0.06800566 0.9891518 0.3000999 0.06685542 0.9515621 -0.6907254 0.0387036 0.7220807 0.1252221 0.01130228 0.9920644 0.15351 0.03097079 0.9876616 0.1801526 0.01621523 0.983505 0.3178653 -0.03090623 0.947632 0.2985738 -0.01906661 0.9541961 0.2774387 -0.03185501 0.9602151 0.2774529 -0.03088071 0.9602428 6.605781e-11 1 -4.570075e-10 6.608214e-11 1 -4.569694e-10 6.603838e-11 1 -4.570644e-10 6.604565e-11 1 -4.569847e-10 6.60743e-11 1 -4.569532e-10 6.609238e-11 1 -4.567465e-10 6.610851e-11 1 -4.5668e-10 6.61396e-11 1 -4.56328e-10 6.61401e-11 1 -4.563222e-10 6.80334e-11 1 -4.525482e-10 6.526512e-11 1 -4.570692e-10 6.593708e-11 1 -4.570688e-10 6.604934e-11 1 -4.570587e-10 6.603499e-11 1 -4.571192e-10 6.606469e-11 1 -4.569722e-10 6.613911e-11 1 -4.568729e-10 6.605596e-11 1 -4.569775e-10 6.607776e-11 1 -4.570289e-10 6.61315e-11 1 -4.566599e-10 6.496839e-11 1 -4.594851e-10 7.595697e-11 1 -4.364021e-10 6.603531e-11 1 -4.571298e-10 6.784399e-11 1 -4.535501e-10 6.795341e-11 1 -4.535949e-10 6.797179e-11 1 -4.536024e-10 6.808158e-11 1 -4.536473e-10 -0.4582285 -3.756863e-10 -0.8888344 -0.4879089 -3.664288e-10 -0.8728946 -0.4879089 -3.664288e-10 -0.8728946 -0.5170355 -3.567554e-10 -0.855964 5.559233e-11 1 -4.684274e-10 5.530294e-11 1 -4.68576e-10 5.28726e-11 1 -4.69824e-10 5.253484e-11 1 -4.699975e-10 -0.6752157 -0.00242669 -0.7376163 -0.6992165 -0.0006102934 -0.7149097 -0.697611 -0.0007336561 -0.7164764 -0.7208911 0.001082809 -0.6930475 -0.8624001 -0.0007575041 -0.5062268 -0.8697994 -0.0008862153 -0.4934048 -0.8695793 -0.0008164759 -0.4937926 -0.8644987 -0.01156243 -0.5025021 -0.8661648 -0.0008521204 -0.4997577 -0.8671012 -0.001026519 -0.498131 -0.8687018 -0.0006094442 -0.495335 -0.8494042 0.002176791 -0.5277383 -0.8498485 0.001637742 -0.5270246 -0.8528565 0.001336346 -0.5221436 -0.8505915 0.0009752304 -0.5258261 -0.8517455 0.0007860234 -0.5239551 -0.8570434 0.0005175053 -0.515244 -0.8540531 0.0003285025 -0.5201858 -0.851214 0.006363076 -0.5247801 -0.8583936 -0.0007312886 -0.5129911 -0.8554504 -0.0008910916 -0.5178839 -0.849936 0.001952502 -0.5268823 -0.8493244 0.002174103 -0.5278667 -0.8647366 -5.128549e-05 -0.5022256 7.408884e-11 1 -4.401541e-10 7.425674e-11 1 -4.399722e-10 7.590706e-11 1 -4.381844e-10 7.609599e-11 1 -4.379797e-10 0.4306868 0.002488844 0.902498 0.4494494 0.003290338 0.8932997 0.4485553 0.003251987 0.8937492 0.4671255 0.004051884 0.8841818 -6.606583e-11 -1 4.569978e-10 -6.605946e-11 -1 4.569952e-10 -6.606366e-11 -1 4.569941e-10 -6.60617e-11 -1 4.569919e-10 -6.60623e-11 -1 4.569789e-10 -6.606142e-11 -1 4.569669e-10 -6.606909e-11 -1 4.569984e-10 -6.604896e-11 -1 4.569963e-10 -6.605936e-11 -1 4.569977e-10 -6.606728e-11 -1 4.56991e-10 -6.607252e-11 -1 4.56986e-10 -0.03965052 -0.9493939 -0.311575 -0.1388969 -0.9711615 -0.1937859 -0.1598275 -0.9748927 -0.1550464 -0.1641445 -0.929461 -0.3303919 -0.2634181 -0.909183 -0.3224858 -0.3086317 -0.7295906 -0.6102819 -0.2984141 -0.885763 -0.3554897 -0.459308 -0.7424244 -0.4876907 -0.4635023 -0.3581816 -0.8104761 -0.726736 -0.4082906 -0.552407 -0.2746777 0.189931 -0.9425913 -0.5206943 -0.09876328 -0.8480113 -0.6997976 0.1438825 -0.6997008 -0.7715374 -0.3367942 -0.5397219 -0.8331236 -0.01527389 -0.552876 -0.7975514 -0.1214517 -0.5908987 -0.7865999 -0.2381401 -0.5696928 -0.06814652 -0.8504857 -0.5215651 -0.09163088 -0.7095638 -0.6986579 -0.1104181 -0.5283387 -0.841823 -0.104548 -0.3089859 -0.9453028 -0.08434452 -0.09861951 -0.9915443 0.03579176 -0.9491269 -0.3128532 0.05959746 -0.8500771 -0.5232754 0.07991298 -0.7103743 -0.6992726 0.09572172 -0.5270846 -0.8444047 0.1068006 -0.3241537 -0.9399564 0.1153998 -0.09808438 -0.9884646 0.673634 0.01870515 -0.7388284 0.4222968 -0.09976338 -0.900951 0.3928756 -0.3910827 -0.8322879 0.7673083 -0.1536692 -0.6225943 0.8429685 -0.02049182 -0.5375725 0.4059861 -0.7639762 -0.5015134 0.5026583 -0.6072288 -0.6153111 0.6902057 -0.3314042 -0.643263 0.7690502 -0.271276 -0.5787668 0.2145607 -0.9294725 -0.3000742 0.1525912 -0.933412 -0.3247429 0.2976914 -0.7197299 -0.6271911 0.2789588 -0.01909749 -0.9601131 0.2866723 -0.03095084 -0.9575286 0.2918477 -0.03000978 -0.9559939 0.2873265 -0.02085557 -0.9576056 0.2992187 -0.03048829 -0.9536973 0.3044935 -0.03002068 -0.9520412 0.3087507 -0.03230561 -0.9505942 0.3001965 -0.02535137 -0.9535404 0.3108802 -0.02583476 -0.9500979 0.3151385 -0.03487997 -0.9484045 0.3308924 -0.04269192 -0.9427023 -0.5849331 -0.05765285 -0.8090299 -0.4208945 -0.1187082 -0.8993087 -0.1808566 -0.1018152 -0.9782252 0.4016931 0.2464958 -0.8819765 0.482484 0.1855714 -0.8560213 0.4913217 0.1990783 -0.8479215 0.8403787 -0.05659607 0.5390367 0.2356935 -0.06092377 0.9699159 -0.02848552 -0.03573135 0.9989554 -0.7508795 -0.003070854 0.6604321 -0.7812625 -0.0006904729 0.6242022 -0.3768334 -0.02699965 0.9258875 -0.6740884 -0.008900623 0.738597 -0.4669246 -0.0219709 0.8840242 -0.357915 -0.0284494 0.9333207 0.5054443 -0.08197605 0.8589564 0.8293726 -0.0814701 0.5527239 0.7190103 0.01398886 0.6948586 0.3976169 -0.07338673 0.9146121 0.004637177 -0.04987498 0.9987447 0.7388777 -0.09358523 0.6673092 0.5619164 -0.08893729 0.822399 0.7408519 -0.1005717 0.6640962 0.975767 -0.113207 -0.1872507 0.985189 -0.1229405 -0.1195336 0.9927551 -0.120067 -0.00460098 0.7629057 -0.00560313 -0.6464855 0.6381708 0.01827817 -0.7696778 0.7840218 -0.01750219 -0.6204865 0.3976759 0.031057 -0.9170002 0.3056952 0.166805 -0.9374042 0.5336887 0.166971 -0.8290338 0.5757932 0.1166162 -0.809236 0.2994244 0.1340754 -0.9446527 0.03279941 0.1381611 -0.9898665 0.08411326 0.1593852 -0.9836266 0.1457135 0.1053558 -0.983701 0.1688245 0.1273359 -0.9773862 0.1803093 0.1135122 -0.9770382 0.7128499 0.0484984 -0.6996377 0.4512785 0.0558767 -0.8906321 0.3320456 0.07571885 -0.9402193 0.9562243 0.2131981 -0.2004535 0.9439234 0.1857668 -0.2729456 0.9689654 0.2471613 0.00416157 0.8277314 0.1572632 -0.5386362 0.7484587 0.113585 -0.653382 0.8109752 0.1431276 -0.567304 0.5928875 0.1394675 -0.7931161 0.9470882 0.1207719 -0.2973853 0.9743703 0.1922167 -0.1168556 0.9738527 0.2032588 -0.1014732 0.9422353 0.1037788 -0.3184693 0.8611055 -0.009835213 -0.5083312 0.7471694 -0.1096908 -0.6555195 0.8968744 0.01556514 -0.4420114 0.9703544 0.2325203 -0.06592877 0.963497 0.2669046 0.02086892 0.9349426 0.3151938 0.1628963 0.8190681 -0.03053257 -0.5728832 0.8978246 0.05474787 -0.4369368 0.9627675 0.1659357 -0.2134108 0.8266905 0.0005258038 -0.5626566 0.784871 -0.03525626 -0.6186554 0.9479288 0.08853932 -0.3059277 0.6465037 -0.1545534 -0.7470918 0.780605 -0.09085135 -0.6183866 0.7346633 -0.1202848 -0.6676836 0.8530314 -0.02895512 -0.5210557 0.8419577 -0.02147484 -0.539116 0.8951851 0.01859394 -0.4453066 0.8920721 0.01416804 -0.4516709 0.9451907 0.08838826 -0.3143279 0.8173532 -0.0538326 -0.5736164 0.476556 -0.2490341 -0.8431349 0.367026 -0.2927152 -0.8829551 0.5996452 -0.1880666 -0.7778538 0.7347815 -0.01765068 -0.6780742 0.5495594 -0.117704 -0.8271217 0.4289948 -0.2353725 -0.8721028 -0.4685033 -0.09717008 -0.8781017 -0.2399136 -0.1139087 -0.9640883 -0.2536948 -0.0452198 -0.9662268 0.4163633 0.05532625 -0.9075134 0.4316999 0.01646653 -0.901867 0.3436435 0.05680654 -0.9373805 0.3480641 0.01065534 -0.9374102 0.3061861 -0.1579574 -0.9387755 0.4330688 -0.08926475 -0.8969299 0.280648 -0.1703482 -0.944573 0.9910635 -0.0742885 -0.1107896 0.9936486 -0.07832764 0.08079083 0.9925611 -0.1079275 -0.05633964 0.6963156 -0.03983388 0.7166295 0.8381041 -0.05206216 0.5430202 0.8809613 -0.05364321 0.4701379 0.8297514 -0.02491378 0.5575768 0.9327512 -0.02141167 0.3598843 0.9386231 -0.03228633 0.3434301 0.5531547 -0.0169168 0.8329068 0.4540715 -0.01704286 0.8908022 0.5903196 -0.01561818 0.8070185 0.4541646 -0.01667077 0.8907618 0.7430664 -0.01173503 0.6691147 0.7156397 -0.01294945 0.6983496 0.8879146 -0.007826702 0.4599418 -0.02662145 -0.02022752 0.9994409 -0.1546925 -0.02303066 0.9876942 -0.1382723 -0.02208004 0.9901481 0.9347044 -0.02166511 -0.3547652 0.9679793 -0.0093199 -0.2508569 0.9997494 -0.01314575 -0.01811878 0.6792366 -0.04707545 0.7324081 0.8267089 -0.03589264 0.5614838 -0.5255934 -0.02272246 0.8504324 -0.2359344 -0.03084104 0.9712795 0.8464946 -0.02943026 0.5315833 0.6741559 -0.04214231 0.7373858 0.09508313 -0.002117055 -0.9954671 0.1009438 -0.01486626 -0.9947811 0.1436219 -0.001682083 -0.9896312 0.2547392 -0.005557969 -0.9669938 0.2554746 -0.02058017 -0.9665967 0.2661666 -0.0237613 -0.9636341 0.281465 -0.02717987 -0.9591865 -0.9093308 -0.04108562 -0.4140404 -0.8962346 -0.02791723 -0.442701 -0.8417545 -0.05645252 -0.5369009 0.9663174 0.04707335 -0.2530114 0.9666308 0.04731334 -0.2517664 0.9513047 0.04049856 -0.3055801 -0.8889732 0.1263012 -0.4401984 -0.819551 0.177757 -0.5447372 -0.8773357 0.170955 -0.4483931 -0.8619993 0.07298796 -0.5016272 -0.9515022 0.0124589 -0.3073895 -0.9621767 -0.001089379 -0.272424 -0.9822589 0.03121816 -0.1849133 -0.9819573 0.03107849 -0.1865313 -0.9798705 0.03002518 -0.1973636 -0.9784608 0.02870458 -0.2044275 -0.97608 0.02471557 -0.2160023 -0.9688202 -0.006948968 -0.2476674 -0.9484415 -0.1205621 -0.2931271 -0.9295023 -0.0456069 -0.3659857 -0.7865985 -0.003849817 -0.6174529 -0.8339629 -0.001067546 -0.5518194 -0.8488834 -0.006748084 -0.5285371 -0.8389245 -0.005634961 -0.5442186 -0.8286949 0.0001108833 -0.5597005 -0.8262041 -0.004261667 -0.5633548 -0.8381462 -0.0151627 -0.5452349 -0.813395 -0.01333797 -0.5815588 -0.8177268 -0.1706174 -0.5497387 -0.832365 -0.07452389 -0.5491945 -0.836657 -0.03266518 -0.5467523 -0.7646465 -0.002251035 -0.644446 -0.8516601 0.06558056 -0.5199752 -0.8555384 0.06634882 -0.5134705 -0.6386041 0.07643605 -0.76573 -0.8432888 0.06332925 -0.5337166 -0.8422468 0.2168656 -0.493548 -0.7298583 0.259126 -0.6325825 -0.9029692 0.1982376 -0.381246 -0.9047862 0.1912195 -0.380522 -0.9028768 0.2046287 -0.3780749 -0.9046995 0.1945073 -0.3790589 -0.9039877 0.2039408 -0.375785 -0.9111109 0.1894538 -0.3660384 -0.9144297 0.1803617 -0.3623368 -0.9114638 0.1517261 -0.3823779 0.9510626 0.1148333 -0.2868681 0.9400873 0.140981 -0.3104194 0.928791 0.08543111 -0.3606228 0.9310827 0.1112986 -0.3474156 0.9216688 0.09627794 -0.3758419 0.8873041 0.07756939 -0.4546145 0.8789912 0.0736506 -0.4711157 0.9293268 0.03361467 -0.3677252 0.9681393 0.05358459 -0.2446121 0.9734188 0.05092896 -0.2232984 0.9740678 0.05029432 -0.2205957 0.9691156 0.08184466 -0.2326293 0.963404 0.04459407 -0.264318 0.8524683 -0.0155384 -0.5225479 0.8968409 0.0064921 -0.4423056 0.935149 0.02393714 -0.353445 0.9537868 0.03335482 -0.2986271 0.7668429 -0.04086579 -0.6405326 0.6984593 -0.03786013 -0.7146477 0.768688 -0.03061484 -0.6388909 0.5325346 -0.1188884 -0.838017 0.7046916 -0.03915735 -0.7084323 0.7579056 -0.02228689 -0.6519834 0.7805496 -0.02688096 -0.6245156 0.8329469 -0.0202228 -0.5529832 0.8586923 -0.009556523 -0.5124024 0.7439774 -0.08305408 -0.6630231 0.688645 -0.09560507 -0.7187682 0.5192206 -0.1961055 -0.8318369 0.5643999 -0.09793112 -0.819672 0.4887369 -0.112487 -0.8651491 0.4106583 -0.1881333 -0.8921691 -0.1930305 -0.2783229 -0.9408908 0.2523493 -0.1992715 -0.9468953 0.198456 -0.2827981 -0.9384245 0.319005 -0.1925539 -0.9279864 0.6999334 -0.06052004 -0.7116394 0.4521804 -0.2170225 -0.8651209 0.3978456 -0.1419282 -0.9064079 0.1531148 -0.2030121 -0.9671308 -0.004420808 -0.2371781 -0.9714561 0.2715826 -0.01315973 -0.9623252 0.2756057 -0.02597322 -0.9609198 0.1305348 0.03978825 -0.990645 0.1498599 0.01195107 -0.988635 0.1765494 0.01176394 -0.9842215 0.05641921 -0.02045737 -0.9981976 0.05774329 -0.021938 -0.9980904 0.06179557 -0.01822838 -0.9979224 0.1009214 -0.01536496 -0.9947757 0.07968368 -0.01228679 -0.9967445 0.06690368 -0.004598825 -0.9977488 0.1586449 0.0359163 -0.9866822 0.215667 0.007395146 -0.976439 0.1141141 0.04850785 -0.9922827 0.2172704 0.02029542 -0.9759004 0.2252706 0.01494962 -0.9741815 0.2643172 -0.01005396 -0.9643834 0.2463258 -0.001302386 -0.9691862 0.2377516 0.006035619 -0.9713072 0.1480051 0.00581099 -0.9889695 0.1328499 0.02570168 -0.9908029 -0.07931133 0.01409246 -0.9967503 -0.09668711 0.05643646 -0.9937135 -0.4149895 0.02050551 -0.9095951 -0.4149692 0.08612314 -0.9057502 -0.0806284 0.09205453 -0.9924843 -0.3149087 0.1239838 -0.9409891 0.2431701 0.001032672 -0.9699831 0.1933045 0.02969029 -0.9806895 0.101604 0.0619948 -0.9928914 -0.06549763 0.1073341 -0.9920632 -0.2138496 0.1185358 -0.9696482 0.1291204 0.01127671 -0.9915648 0.1013626 0.02786433 -0.9944592 0.05528443 0.04093103 -0.9976313 0.09096336 0.05981233 -0.9940564 0.06290165 -0.0009462152 -0.9980193 0.05958687 -0.02337583 -0.9979494 0.08004973 -0.002974375 -0.9967864 0.07918825 -0.02396017 -0.9965717 0.09161367 -0.0258292 -0.9954596 0.1061889 0.003239873 -0.9943407 0.09036131 -0.01799012 -0.9957465 -0.7534055 0.05617694 -0.6551522 -0.6338805 0.04938231 -0.7718529 -0.4634289 0.05779992 -0.884247 -0.2080799 0.03694053 -0.977414 -0.08411399 0.02396622 -0.9961679 -0.715382 -0.007371486 -0.6986947 -0.6140173 0.007733663 -0.7892547 -0.5945292 0.02949368 -0.8035329 -0.6013689 0.02991018 -0.7984114 -0.3531253 0.04103554 -0.9346757 -0.4779078 0.1331072 -0.8682664 -0.6454986 0.09552388 -0.7577643 -0.7433851 0.07608884 -0.6645217 -0.4982024 0.1022145 -0.8610148 -0.4343006 0.06919664 -0.8981062 -0.1238809 0.03396621 -0.9917156 0.04139328 0.004795412 -0.9991314 -0.5683984 0.07894868 -0.8189569 -0.2831338 0.04684761 -0.9579356 0.2838453 -0.007913908 -0.9588374 0.105802 0.004800059 -0.9943756 0.3617831 -0.0003163564 -0.9322622 0.08470291 0.01687108 -0.9962634 0.6540238 -0.02780698 -0.7559628 0.4628454 -0.01810911 -0.886254 0.79414 -0.02238454 -0.6073225 0.6030449 -0.01382975 -0.7975874 0.8928851 -0.004455248 -0.4502626 0.7424845 0.0005140006 -0.669863 0.9223833 0.01138415 -0.3861081 0.9193461 0.001901147 -0.3934452 0.9913531 -0.0227852 0.1292276 0.9981686 -0.01830664 -0.05765611 0.931727 -0.02673012 0.3621744 0.8488751 -0.02415875 0.528041 0.873745 -0.02327677 0.4858269 -0.2563586 -0.02667088 0.9662137 -0.253299 -0.02648975 0.9670253 0.01597213 -0.03785025 0.9991558 -0.2179559 -0.03597502 0.9752954 -0.2810205 -0.02955446 0.9592466 0.5439371 -0.04280713 0.8380334 -0.2433706 -0.02826195 0.9695215 -0.4164849 -0.02637818 0.9087599 -0.4024374 -0.02662721 0.9150602 -0.01870555 -0.03055354 0.9993581 0.856932 -0.02609956 0.5147682 -0.8661546 -0.005950765 0.4997407 0.2385177 -0.03155547 0.9706254 0.9259789 -0.02372444 0.3768293 0.9392646 -0.01960887 0.3426331 -0.02154242 -0.03267153 0.999234 0.1505997 -0.03174939 0.9880849 0.05671259 -0.02990348 0.9979426 0.9471859 -0.01599514 0.3202859 0.9438623 -0.01457087 0.3300178 -0.2976683 -0.02978356 0.9542046 0.897778 -0.02897992 0.4394938 0.5736859 -0.02491685 0.8186963 -0.753655 -0.0134129 0.6571333 0.8552594 -0.01760713 0.517901 -0.1503844 -0.03307657 0.9880741 0.9419168 -0.0104071 0.335685 0.9154591 -0.00995353 0.402288 0.1852644 -0.02697814 0.9823183 0.1723889 -0.02557323 0.9846969 0.1526131 -0.02809388 0.9878866 0.2195141 -0.02527499 0.9752819 0.222632 -0.02801666 0.9744999 -0.004275759 -0.02612168 0.9996496 -0.01985391 -0.02838723 0.9993998 -0.1990656 -0.02580945 0.9796462 -0.2304378 -0.02715072 0.9727082 -0.322185 -0.02483585 0.9463509 -0.2654794 -0.02683769 0.9637429 0.8667583 -0.009205967 0.4986435 0.2026755 -0.02254751 0.9789863 0.228158 -0.02235106 0.9733675 0.0231361 -0.02359957 0.9994537 -0.1564141 -0.02389597 0.9874025 -0.3551123 -0.0233927 0.9345309 0.09706326 -0.03557821 0.9946421 -0.2203928 -0.02720642 0.9750317 0.2078206 -0.01604586 -0.9780353 -0.8524909 0.02138662 -0.5223043 -0.6638358 0.02449012 -0.7474773 0.4566066 -0.02731355 -0.8892494 0.86431 -0.0331767 -0.501864 0.9810744 -0.02051152 -0.1925418 0.9551527 -0.02673743 -0.2949042 0.999045 -0.03082538 -0.03096723 0.9856971 -0.03375513 0.1651117 0.9401554 -0.03544996 0.3388969 0.77593 -0.02945438 0.630131 0.7437885 -0.03505174 0.6674953 0.861987 -0.03599148 0.5056511 0.870202 -0.04216761 0.4908874 0.9544762 -0.04265552 0.2952215 0.7074722 -0.0299499 0.7061063 0.5538554 -0.0304231 0.8320569 0.573176 -0.03255073 0.8187856 0.7604362 -0.0407104 0.6481353 0.135417 -0.02629675 0.9904397 -0.07660196 -0.02370676 0.9967799 0.02725903 -0.02228184 0.99938 0.302858 -0.01917691 0.9528427 0.4405983 -0.01752681 0.8975332 0.3371345 -0.01786537 0.941287 0.5152198 -0.01578794 0.8569126 0.4690458 -0.01646399 0.8830204 0.7861961 -0.01238151 0.617853 0.8586873 -0.008511621 0.5124293 0.3474197 -0.01811123 0.9375348 0.2848014 -0.01931671 0.9583919 -0.08296804 -0.02125047 0.9963256 -0.006578697 -0.02091501 0.9997596 0.131323 -0.02039457 0.9911298 0.4419672 -0.01860729 0.8968382 0.9162402 -0.008561298 0.4005378 0.8152459 -0.01470552 0.5789282 0.5277287 -0.01690628 0.8492447 0.7868036 -0.01926361 0.6169028 0.6154854 -0.02042645 0.7878835 0.5990563 -0.01881346 0.8004859 0.7076205 -0.01815842 0.7063593 0.7272905 -0.01612146 0.6861403 0.5439845 -0.01789985 0.8389043 0.930214 -0.01649167 0.3666468 0.948382 -0.004516371 0.317098 0.9572542 -0.006533114 0.2891743 0.4678585 -0.02104292 0.8835528 0.2926649 -0.02038385 0.9559978 0.3314536 -0.01916967 0.9432768 0.1560273 -0.01929092 0.9875644 0.2053675 -0.01909043 0.9784987 0.04657706 -0.01951661 0.998724 0.3549198 -0.02665336 0.9345167 0.3533421 -0.02586527 0.9351366 0.2388099 -0.02351706 0.9707815 0.2116399 -0.0238406 0.9770569 0.1162901 -0.02449105 0.9929133 0.6598543 -0.03543856 0.7505574 0.3653879 -0.02947596 0.9303886 0.3182833 -0.02836106 0.9475713 0.9649649 -0.0429926 -0.2588326 0.9973915 -0.03948946 -0.06042227 0.9929779 -0.04190633 0.1106291 0.8455958 -0.0381666 -0.5324576 0.922449 -0.03213651 -0.3847792 0.9709883 -0.03555676 -0.2364689 0.8760316 -0.02834391 0.4814201 0.7635697 -0.034764 0.644789 0.4958149 -0.03367354 0.8677751 0.8213434 -0.04545175 0.5686203 0.9353232 -0.04878187 0.3504151 0.993297 -0.04893305 0.1047216 0.9965277 -0.05108057 -0.06575231 0.9839966 -0.05381378 0.1698668 0.9893689 -0.05572101 -0.1343293 0.9758549 -0.05614487 0.2110807 0.9744438 -0.05440694 0.2179432 0.9958708 -0.05633408 0.07118848 0.977673 -0.05303572 -0.2033293 0.9353652 -0.05286228 0.3497105 0.8916744 -0.04705944 0.4502246 0.8987118 -0.04789632 0.4359163 0.6984146 -0.03856396 0.7146537 0.8032976 -0.03658027 0.5944535 0.8235797 -0.04081687 0.56573 0.8880779 -0.0478349 -0.4571974 0.9426215 -0.04408444 -0.3309401 0.4844084 -0.02619185 0.8744498 0.5105642 -0.02894999 0.8593522 0.5203359 -0.03181873 0.8533687 0.5905136 -0.03337117 0.8063374 0.7026792 -0.03826882 0.710477 0.5626421 -0.02509356 0.8263197 0.1939426 -0.01999828 0.980809 0.05721525 -0.01949931 0.9981714 -0.04350771 -0.01957667 0.9988613 0.6968138 -0.0253005 0.7168057 0.8527566 -0.02106801 0.5218834 0.6339646 -0.02224924 0.7730419 0.5223451 -0.03152863 0.8521511 0.1937746 -0.02124805 0.9808159 0.6191151 -0.02648152 0.7848536 0.5650978 -0.03464664 0.8242961 0.741183 -0.04305647 0.6699209 0.7611118 -0.04107145 0.647319 0.8624474 -0.04646064 0.5040099 0.943867 -0.04939614 0.3266115 0.8536716 -0.05211233 0.5181979 0.7362291 -0.03929451 0.6755906 0.5875972 -0.03061089 0.8085744 0.9609194 -0.05640956 0.27102 0.9953296 -0.05930427 0.07617114 0.9923343 -0.05567722 0.11033 0.9930766 -0.06394456 -0.09853958 0.9969897 -0.06112711 -0.0476968 0.9189941 -0.0572785 -0.3900885 0.9315623 -0.05666395 -0.3591391 0.9636427 -0.01513276 0.2667652 -0.2056142 0.06736515 -0.9763118 0.09803798 0.001854263 -0.9951809 0.2814617 -0.02748496 -0.9591788 0.3855198 -0.02555443 -0.9223456 0.7131808 -0.03563178 -0.7000739 0.8336877 -0.03461836 -0.5511501 0.9412077 -0.03088812 -0.3364134 -0.002333891 0.07738085 -0.9969989 -0.05220556 0.06689326 -0.9963934 0.04233872 0.03030482 -0.9986436 -0.01192485 0.03497749 -0.999317 0.07121292 0.007115338 -0.9974358 0.0821613 0.01491621 -0.9965074 0.06107162 0.02100945 -0.9979123 0.07018154 0.01139258 -0.9974692 0.0988573 -0.005934618 -0.9950839 0.2420372 -0.01396994 -0.9701664 0.2117047 -0.00774377 -0.977303 0.1719929 -0.005625585 -0.9850821 0.1229239 -0.02551238 -0.9920881 0.9412268 -0.09011107 -0.3255335 0.9504833 -0.068268 -0.3031848 0.8612365 -0.08222004 -0.5015092 0.8790074 -0.06146467 -0.4728298 0.74365 -0.07155059 -0.6647294 0.7578194 -0.05245823 -0.6503521 0.591204 -0.0536301 -0.804737 0.6168623 -0.0432034 -0.7858844 0.8095645 -0.09617656 -0.5790987 0.7783592 -0.1185219 -0.6165303 0.6033057 -0.08230822 -0.7932513 0.9779003 -0.07576479 0.1948605 0.9733339 -0.07190091 0.2178333 0.9877182 -0.08198803 -0.1330066 0.890022 -0.03247006 -0.4547599 0.5838443 -0.02997735 -0.811312 0.4667356 -0.03664123 -0.8836375 0.2746134 -0.02470659 -0.9612373 0.2036934 -0.01923093 -0.9788458 0.1241733 -0.009751354 -0.9922126 0.1415511 -0.01360522 -0.9898374 0.7585349 -0.03265672 -0.6508136 0.6370784 -0.03759376 -0.7698817 0.487455 -0.03541951 -0.8724294 0.3231729 -0.02807467 -0.9459234 0.254346 -0.02920869 -0.9666721 0.8676417 -0.1315499 0.4794711 0.9606302 -0.1658774 -0.2228773 0.9017598 -0.156391 -0.402953 0.8881036 -0.1898271 -0.418614 0.6445213 -0.1257536 -0.754174 0.9948334 -0.1014692 -0.003255772 0.4241429 -0.05323556 -0.9040292 0.4435862 -0.03725196 -0.8954572 0.4988108 -0.0368872 -0.8659256 0.6355131 -0.03801083 -0.7711539 0.3421612 -0.09530941 -0.9347951 0.6699783 -0.2069262 -0.7129591 0.5703607 -0.1990742 -0.7969053 0.8526655 -0.2776911 -0.4425485 0.8322406 -0.3080703 -0.4609428 0.9192788 -0.3090338 -0.2437716 0.9067783 -0.3452318 -0.2420085 0.944033 -0.3243896 -0.05977585 0.7068137 -0.3011445 0.6400988 0.9795687 -0.1568783 -0.1258348 0.9656809 -0.2533374 -0.05727632 0.8601661 -0.2140039 0.4629433 0.7562937 -0.03698694 -0.6531859 0.771748 -0.04181272 -0.6345524 0.7495707 -0.04202655 -0.6605888 0.8236643 -0.05385939 -0.5645142 0.9483073 -0.06053626 -0.3115263 0.9880983 -0.06151475 -0.1409884 0.996313 -0.06342642 0.05777116 0.8730062 -0.06295338 0.4836291 0.9760617 -0.02422214 0.2161408 0.9695201 -0.03143066 0.2429875 0.9442446 -0.05208048 0.3250996 0.9056354 -0.05163741 0.4209015 0.6756034 -0.03625418 0.7363733 0.6922232 -0.0311902 0.7210092 0.5468744 -0.02077805 0.8369568 0.6507495 -0.02517101 0.7588752 0.7450814 -0.03100572 0.6662525 0.8221991 -0.03224408 0.568286 0.4832798 -0.09500875 -0.8702953 0.4643811 -0.09213022 -0.8808304 0.3515185 -0.1194743 -0.9285261 0.4164602 -0.04365336 -0.9081053 0.3101816 -0.03644483 -0.9499785 0.3815129 -0.09257976 -0.9197157 0.270773 -0.0963336 -0.9578109 0.2396948 -0.1507342 -0.9590754 0.19804 -0.2150986 -0.9563016 0.1423025 -0.279229 -0.9496216 0.07024746 -0.2886643 -0.9548498 0.1409196 -0.211325 -0.9672039 0.01323098 -0.2317448 -0.9726866 0.02632615 -0.1910958 -0.9812183 -0.01179936 -0.1778432 -0.9839881 -0.02563486 -0.1482504 -0.9886176 0.222144 -0.2383581 -0.9454298 0.1405119 -0.3046193 -0.9420528 0.06166013 -0.3209792 -0.9450769 0.008784839 -0.2525308 -0.967549 -0.01241677 -0.1940453 -0.980914 0.4524535 -0.03670209 -0.8910324 0.4816895 -0.07176058 -0.8733989 0.3989743 0.08467942 -0.9130437 0.3352193 0.09012271 -0.9378198 0.1929103 0.02099321 -0.9809918 0.161839 0.06298895 -0.9848048 -0.005834111 -0.05173952 -0.9986436 -8.439658e-05 0.007478038 -0.999972 0.378615 0.10439 -0.9196485 0.3265509 0.1117491 -0.9385503 0.2234975 0.1226069 -0.9669625 0.2091328 0.13924 -0.9679234 0.2950048 0.1310843 -0.9464613 0.3125639 0.1300528 -0.9409517 0.3540809 0.1056372 -0.9292295 0.05914181 0.07037887 -0.9957656 0.1778562 0.1092431 -0.977974 0.2487312 0.1199296 -0.961119 0.2927612 0.07961409 -0.9528654 -0.5355244 -0.05794922 -0.8425292 -0.1719487 0.008078934 -0.9850728 -0.4729281 -0.01697535 -0.8809375 -0.05075418 0.04982322 -0.9974676 -0.1950802 0.03671441 -0.9800999 -0.3368264 0.01396762 -0.9414632 -0.4627461 0.02074051 -0.8862482 0.1946751 0.1416005 -0.9705931 0.0603383 0.0763018 -0.9952574 0.2375457 0.08403309 -0.9677347 0.2533897 0.02905787 -0.9669278 0.2670031 -0.04170177 -0.962793 0.2626338 -0.1213399 -0.9572357 0.1907829 -0.1735744 -0.9661645 0.3482388 -0.2045838 -0.9148089 0.2525477 -0.2889838 -0.9234219 0.1180463 -0.3252947 -0.9382156 0.01536657 -0.2664896 -0.9637153 -0.02574768 -0.2069747 -0.9780074 0.1255708 0.1076783 -0.9862238 0.182363 0.0540237 -0.981746 0.2627064 -0.02413485 -0.9645739 0.3423406 -0.1121298 -0.9328611 -0.04095124 -0.2265445 -0.9731396 0.03869117 -0.2832256 -0.9582725 0.2241169 -0.32237 -0.9197006 0.8988944 0.04636775 -0.435705 0.6848602 -0.1014514 -0.7215775 0.7423315 -0.09428046 -0.6633665 0.7756311 -0.02743176 -0.6305901 0.6307535 -0.1626743 -0.7587405 0.5804115 -0.1749729 -0.7953031 0.8496852 0.007776979 -0.527233 0.8462809 -0.009028206 -0.5326604 0.8554636 -0.00692058 -0.5178167 0.8563908 0.000882248 -0.5163275 0.8472348 0.005636234 -0.5311887 0.8450609 0.003772499 -0.5346567 0.8428748 0.0019482 -0.5381062 0.8389123 -0.00115641 -0.5442654 -0.6712466 -0.3119005 -0.6724181 0.8362468 -0.01493846 -0.5481498 0.8597485 4.188172e-05 -0.5107177 0.8544847 -0.02231735 -0.518997 0.7904993 -0.06000463 -0.6095165 0.8625171 -0.01729382 -0.5057324 0.8660889 -0.01127173 -0.4997629 0.8678286 -0.008307501 -0.4967942 0.8701303 -0.00434946 -0.4928025 0.8714246 -0.002120408 -0.4905249 0.8724899 -0.000304804 -0.4886321 0.8695906 -0.003303836 -0.4937624 0.8605421 -0.001359749 -0.5093775 0.8027837 -0.07190548 -0.5919188 0.7726665 -0.09838432 -0.627142 0.8789705 -0.011186 -0.4767449 0.9002732 0.006631838 -0.4352749 0.9724974 0.1471772 -0.1805208 0.9405501 0.05838618 -0.334599 0.9521271 0.08624324 -0.2932851 0.5966221 -0.1651397 -0.7853476 0.7532637 -0.08015289 -0.6528165 0.7884409 -0.05533179 -0.6126168 0.5082039 -0.2326406 -0.8292208 0.2685006 -0.3188039 -0.9089948 0.5240447 -0.2032213 -0.8270902 0.967602 0.09977122 -0.2319312 0.8413319 0.004758334 -0.5404979 0.833061 -0.05241174 -0.5506926 0.9612052 0.2629204 0.08341161 0.6613189 -0.1659858 -0.7315094 0.8583403 -0.01466896 -0.5128711 0.9652367 0.1452361 -0.2173124 0.9712163 0.2380816 -0.007485827 0.9756921 0.1991294 -0.09150042 0.9456077 0.09153706 -0.3121652 0.6673039 -0.1630008 -0.7267299 0.6199328 -0.1922479 -0.7607391 0.7659779 -0.102436 -0.6346533 0.7486562 -0.110289 -0.6537203 0.867954 -0.01038254 -0.4965361 0.9173686 0.05669673 -0.3939801 0.9650721 0.2598511 0.03336433 0.970449 0.2394712 -0.0297031 0.9407148 0.3076349 0.1428863 0.1997516 -0.3591481 -0.9116534 0.4082169 -0.288285 -0.8661701 0.3672856 -0.3025044 -0.879541 0.4709542 -0.2624969 -0.842198 0.3954906 -0.2823818 -0.8739838 0.556408 -0.2179135 -0.8018253 0.659235 -0.1494303 -0.7369395 0.2468018 -0.3289493 -0.9115269 0.1473924 -0.3716012 -0.9166177 0.4820416 -0.2441213 -0.8414516 0.3984132 -0.2875423 -0.8709686 0.0951696 -0.3845219 -0.918197 0.9717965 0.2008413 -0.1235895 0.9416767 0.3064222 0.1391056 0.1262555 -0.3709204 -0.9200422 0.8449561 -0.04808017 -0.5326701 0.8849348 -0.0009778132 -0.4657139 0.9400857 0.05628711 -0.3362598 0.9535211 0.07952457 -0.2906429 0.6996014 -0.1488035 -0.6988672 0.9144761 0.02259413 -0.4040085 0.9321903 0.04921772 -0.3586068 0.5925611 -0.2045794 -0.779114 0.6239456 -0.1812418 -0.76016 0.8025845 -0.0614035 -0.5933699 0.9005376 0.04399522 -0.4325465 0.9624588 0.1514782 -0.2252277 0.9718155 0.2107989 -0.1055385 0.9533959 0.2889676 0.0867983 0.9471315 0.2998411 0.1141805 0.9143949 0.3372419 0.2239415 0.9287393 0.3244466 0.1793814 0.9209512 0.3295036 0.2080294 0.9668865 0.2546478 -0.01688163 0.9458886 0.131371 -0.2967095 0.2087367 -0.3468821 -0.914386 0.4285706 -0.2594028 -0.8654695 0.1245694 -0.3637562 -0.9231272 0.3807036 -0.2707604 -0.8841683 0.2156499 -0.3295384 -0.9191842 0.07195038 -0.3850036 -0.9201062 -0.009069301 -0.3893608 -0.9210407 0.7417681 -0.09839704 -0.6633989 0.9367872 0.103007 -0.3343939 0.969256 0.2438676 -0.03273052 0.9479303 0.2988414 0.1101002 0.9021901 0.344378 0.2597246 0.349156 -0.2717306 -0.8968013 0.9761532 0.1796888 -0.1218068 0.9617472 0.1121399 -0.2499339 0.3783178 -0.2559418 -0.8895895 0.53371 -0.185873 -0.8249878 -0.00309424 -0.3785286 -0.9255844 0.6995237 -0.09473946 -0.7083015 0.526403 -0.1980408 -0.8268493 0.7081415 -0.0971638 -0.6993531 0.558982 -0.1909552 -0.8068923 0.7413276 -0.0832558 -0.6659594 0.6231896 -0.1646527 -0.7645418 0.8564214 0.01785154 -0.5159687 0.8454366 0.01478391 -0.5338711 0.9365793 0.1212055 -0.328829 0.9316323 0.120454 -0.3428586 0.8643962 0.04173698 -0.501076 0.8662482 0.03823144 -0.4981491 0.5027843 -0.1932227 -0.8425396 0.9680179 0.1995744 -0.1520243 0.9569245 0.2830464 0.06465476 0.9301938 0.3169627 0.185133 0.9674847 0.2528707 -0.005453461 0.9647481 0.2628545 0.01298264 0.941226 0.2971768 0.1605604 0.7243069 -0.06663374 -0.6862503 0.8707596 0.05514056 -0.4886074 0.7439296 -0.04478498 -0.6667556 0.8830149 0.06990905 -0.4641094 0.7193091 -0.08465971 -0.6895122 0.4673867 -0.2269457 -0.8544269 0.6416733 -0.1432136 -0.7534888 0.5566965 -0.2014602 -0.8059174 0.5215434 -0.2198765 -0.824407 0.3169544 -0.3138013 -0.8950244 0.583275 -0.2040064 -0.7862389 0.8039612 -0.01415079 -0.5945134 0.6769981 -0.09151836 -0.7302725 0.5584111 -0.1709901 -0.8117509 0.4733321 -0.2065827 -0.8563178 0.9105498 0.07958279 -0.4056668 0.8536246 0.01183556 -0.5207543 0.7972822 -0.04466015 -0.6019523 0.6963125 -0.1278218 -0.7062651 0.5655583 -0.1587927 -0.8092766 0.6287714 -0.1147353 -0.7690789 0.9593589 0.2670363 0.09122582 0.9724284 0.2321537 -0.02208475 0.9186401 0.1009079 -0.381992 0.9469511 0.1510765 -0.2836539 0.9479238 0.1585895 -0.2762063 0.9546372 0.1561836 -0.2535243 0.9605219 0.1610345 -0.2268604 0.977402 0.1510678 -0.147864 0.9809659 0.1593531 -0.1109613 0.969829 0.1106482 -0.2172294 0.9206914 0.03496439 -0.388722 0.9585052 0.1850393 -0.2168598 0.4913957 -0.03610132 -0.8701879 0.8403435 0.04928486 -0.539809 0.8524523 0.08374624 -0.5160539 0.9131389 0.1209484 -0.3892928 0.9508461 0.1810856 -0.2511963 0.8926993 0.1452458 -0.4266048 0.9367907 0.176636 -0.3020312 0.3696804 0.1551746 -0.9161098 0.2033679 0.123681 -0.9712592 0.4904805 0.1103851 -0.8644328 0.3904029 0.07304615 -0.9177417 0.6567338 0.07719917 -0.7501607 0.5814154 0.03844298 -0.8126982 0.5538584 0.1757624 -0.8138479 0.7975169 0.08897019 -0.5967002 0.6498746 0.03202632 -0.7593664 0.3015741 0.02326005 -0.953159 0.1386164 0.08886938 -0.9863507 0.02419242 0.1386149 -0.9900508 0.9650838 0.1919932 -0.1781904 0.9438431 0.3020177 0.1339606 0.9473931 0.2907208 0.1338943 0.8197031 0.184321 -0.5423214 0.8916482 0.185173 -0.4131276 0.9665302 0.2168961 -0.1370233 0.9492446 0.2766684 0.1496307 0.9382252 0.2620719 0.2259467 0.9691984 0.2459117 -0.01348475 0.9696239 0.2424661 -0.03224395 0.9688969 0.2248979 -0.1032457 0.9693369 0.2358689 -0.06893362 0.9017171 0.2685019 0.3388408 0.9043632 0.2725788 0.3283718 0.9244277 0.2489055 0.288928 0.9576679 0.2332744 0.1686866 0.4456893 0.1404875 0.8840952 0.4664738 0.1255751 0.8755759 0.9772085 0.2040883 0.05840883 0.8616342 0.1995414 0.4666581 0.8733907 0.2006147 0.4437821 0.9445003 0.2046528 -0.2569756 0.8411373 0.195943 0.5040777 0.6845028 0.1602968 -0.7111687 0.7991308 0.1892521 -0.5705906 0.9115054 0.1972117 -0.360923 0.9581344 0.1678415 0.2319647 0.9466559 0.1992875 0.2532334 0.9818543 0.1700296 -0.08397627 0.9783241 0.1967521 -0.06457922 0.9155548 0.204912 0.3460788 0.8866343 0.2021874 0.4159326 0.8870752 0.2010548 0.4155412 0.8302765 0.1986387 0.520753 0.9805895 0.1771058 -0.08412982 0.9511508 0.141781 -0.2742451 0.9475631 0.2836811 0.1471368 0.9397128 0.289166 0.1825456 0.9663356 0.2521977 0.05090914 0.9452328 0.279673 0.1682797 0.105252 0.1292688 -0.9860079 0.09278484 0.1341702 -0.986605 0.05617471 0.03743068 -0.9977191 -0.3629625 0.03589346 -0.9311122 0.0958367 0.05020753 -0.99413 -0.233807 0.03662589 -0.9715929 0.1360435 0.06795931 -0.9883692 -0.04375685 0.05433012 -0.9975638 0.1573911 0.08954497 -0.9834682 0.9574149 0.02223222 -0.2878583 0.8699486 0.03560344 -0.4918554 0.7026776 0.06387469 -0.7086355 0.519615 0.0748763 -0.8511133 0.5255443 0.08696298 -0.84631 0.2711976 0.0969695 -0.9576266 0.265911 0.1146923 -0.9571505 0.4460051 0.09606376 -0.8898602 -0.01000841 0.1178647 -0.9929792 0.06391773 0.1017927 -0.9927501 0.3278866 0.08413402 -0.9409633 0.6001359 0.05078522 -0.7982843 0.7828649 0.09158119 -0.6154148 0.7259308 0.1599532 -0.6689091 0.8716783 0.1471476 -0.467466 0.9613809 0.173821 -0.2133847 0.9388158 0.1313337 -0.3183966 0.9951394 0.03339182 -0.09264194 0.8713786 -0.005351058 -0.490582 0.7745619 0.01920226 -0.6322066 0.8763222 -0.057436 -0.4782891 0.9106341 -0.0365808 -0.4115913 0.9303356 -0.09252171 -0.3548456 0.9721094 -0.09081575 -0.2162308 0.7921885 -0.05071841 -0.6081653 0.5964431 -0.01125145 -0.8025765 0.6584745 -0.004267148 -0.7525909 0.4040586 0.03645777 -0.9140063 0.2403408 0.07529985 -0.9677635 0.4859978 0.05033132 -0.8725096 0.3094962 0.07244178 -0.9481373 0.5897109 0.04681071 -0.8062566 0.8163259 0.02715482 -0.5769529 0.6669876 0.04123102 -0.7439271 0.8330558 0.01878988 -0.5528698 0.8967153 0.007660816 -0.4425416 0.9600724 0.006326996 -0.2796801 0.9136683 0.02164258 -0.4058839 0.8218452 0.0459066 -0.5678583 0.69548 0.05824237 -0.7161811 0.5266842 0.08740276 -0.8455557 0.1375481 0.07655886 -0.9875319 0.7687113 0.01819582 -0.639337 0.8871606 -0.008920421 -0.4613745 0.9130105 -0.002586149 -0.4079279 0.9782867 -0.02294029 -0.2059825 0.9995772 -0.02644578 0.01208333 0.9574802 -0.02689598 -0.2872424 0.9990325 -0.04340443 -0.007085062 0.9664253 -0.04885322 0.2522608 0.89237 -0.05027528 0.4484955 0.9799996 -0.03413018 0.1960509 0.8107355 -0.04862842 0.5833894 0.5316669 -0.05220484 0.8453431 0.7057069 -0.05935765 0.7060131 0.8167943 -0.06411107 0.5733558 0.9251759 -0.0659633 0.3737626 0.9921774 -0.06331497 0.107588 0.9816473 -0.04881878 -0.1843511 0.8905065 -0.04539281 -0.4527004 0.988121 0.007826148 -0.1534788 0.955696 0.02106164 -0.2936009 0.9085691 0.03061735 -0.416611 0.9679538 -0.005568263 -0.2510664 0.9949069 -0.01295531 -0.09996172 0.9910072 -0.006977263 -0.1336262 0.9875717 -0.014404 0.1565075 0.9595094 -0.01596642 0.2812239 0.9998247 -0.005673644 -0.01784192 0.9282453 -0.03436505 0.3703777 0.6766272 -0.04555141 0.7349154 0.4210864 -0.04600421 0.9058531 0.9995144 -0.01597672 0.02675367 0.9838128 -0.02289487 0.1777305 0.788845 -0.03821705 0.6134028 0.5879709 -0.04068481 0.8078582 0.3102315 -0.0349096 0.9500199 0.9415458 -0.02216416 0.336155 0.9946288 -0.09076054 0.04976094 0.9950045 -0.07529782 -0.06554586 0.9468017 -0.069199 -0.3142897 0.9785455 -0.08176362 0.1891122 0.9541493 -0.09488255 0.2838949 0.8924964 -0.08133516 0.4436607 0.8492192 -0.0916427 0.5200273 0.7583923 -0.07627868 0.6473197 0.7450867 -0.08596779 0.661404 0.6145943 -0.06813194 0.7858956 0.8061976 -0.03703631 -0.5904861 0.9449638 -0.09558338 -0.3129014 0.8986393 -0.07931521 -0.4314587 0.9904808 -0.1114232 -0.08082525 0.9112507 -0.108678 0.3972547 0.9629987 -0.09331857 0.2528341 0.5039906 -0.08649083 0.8593677 0.4961863 -0.08339158 0.8642019 0.5431699 -0.09336732 0.8344154 0.796409 -0.10615 0.5953695 0.8395799 -0.1095213 0.5320814 0.9676876 -0.1171101 0.2233067 0.9754726 -0.09384472 -0.1991138 0.9661456 -0.112488 0.2321832 0.9438372 -0.1075521 0.3124161 0.748991 -0.1004233 0.6549257 0.4066589 -0.07553359 0.9104522 0.4450798 -0.07317009 0.8924965 0.7778701 -0.09684683 0.6209177 0.9099845 -0.1040398 0.4013776 0.9799954 -0.104219 0.1695506 0.9526713 -0.07955306 -0.2934087 0.8969775 -0.05716295 -0.4383649 0.1086077 -0.04577945 0.99303 0.2404683 -0.04722046 0.9695077 0.4310387 -0.06375453 0.9000783 0.3840575 -0.05600636 0.921609 0.5334413 -0.07197513 0.8427692 0.4331928 -0.06231953 0.8991442 0.9847584 -0.07224541 0.1582137 0.8357582 -0.09382125 0.5410229 -0.005562175 -0.04795823 0.9988339 0.9911412 -0.06593609 0.1152893 0.9885442 -0.06043399 -0.1383045 0.6925659 -0.05056274 0.7195803 0.7785443 -0.0950418 0.6203513 0.889431 -0.07179725 0.4513953 0.9234775 -0.09179537 0.3725089 0.9674253 -0.08940831 0.2368425 0.7376995 -0.08624891 0.6695973 0.437736 -0.0548797 0.8974271 -0.4261309 -0.02405688 0.9043416 0.2312938 -0.04636831 0.9717783 0.7173905 -0.05493803 0.6945018 -0.7044282 -0.006517875 0.7097453 -0.6864593 -0.007968203 0.7271246 -0.540946 -0.01683016 0.8408889 -0.4863433 -0.0209948 0.8735156 0.1037735 -0.0469167 0.9934938 -0.5430935 -0.01724157 0.8394952 0.02481418 -0.05929664 0.9979319 -0.3890189 -0.0262784 0.9208549 -0.4686957 -0.008893695 0.8833149 0.9513078 -0.1065754 0.2892321 0.969896 -0.1189581 0.212487 0.7323886 0.1873222 -0.6546124 0.8759326 0.1852763 -0.4454377 0.9997256 -0.0051502 -0.02285123 0.9909928 0.006824295 -0.1337414 0.8650711 0.04055932 -0.500007 0.7728282 0.06474694 -0.6313037 0.6532462 0.07833753 -0.7530821 0.500659 0.09364057 -0.8605649 0.3950788 0.1208256 -0.9106668 0.7823326 0.05220445 -0.6206693 0.9946023 -0.0107497 0.1032027 -0.5617615 0.3218326 -0.7621337 -0.5220162 0.3073266 -0.795644 -0.2714444 0.3418746 -0.8996887 0.1794301 0.2949365 -0.9385187 -0.05974043 0.3378573 -0.9392995 0.04898792 0.2983578 -0.9531961 -0.1503615 0.3048027 -0.9404716 -0.4238361 0.2808453 -0.8610975 -0.7018493 0.2458538 -0.6685533 -0.6559474 0.1965303 -0.7287721 -0.3263649 0.230998 -0.9165838 -0.03939352 0.2500806 -0.9674233 0.2689239 0.252265 -0.9295388 0.3701865 0.3010924 -0.878809 0.151563 0.3085 -0.9390721 -0.1042542 0.3488079 -0.9313775 -0.301672 0.3589849 -0.8832462 -0.3429598 0.359702 -0.8677517 -0.3111691 0.1504844 -0.9383647 -0.0187875 0.1545652 -0.9878039 0.2713317 0.170765 -0.9472161 0.4684122 0.1607868 -0.8687563 0.5483946 0.09491258 -0.8308159 0.5917839 -0.1700566 -0.7879547 0.6087116 -0.1346809 -0.7818767 0.597911 -0.1402954 -0.7891893 0.6016231 -0.06469561 -0.7961558 0.5888976 -0.07001328 -0.8051694 0.5895211 0.02047302 -0.8074935 0.5769084 0.01510906 -0.8166691 0.5686941 0.1080616 -0.8154199 0.5709538 0.1899043 -0.7987165 0.5563183 -0.1227705 -0.82185 0.5693838 -0.1490742 -0.8084424 0.5729154 -0.1375774 -0.8079854 0.5634465 -0.08486014 -0.8217827 0.5498986 -0.02078421 -0.8349728 -0.2844353 0.03767029 -0.9579549 0.02025722 0.007070708 -0.9997698 0.2722087 0.04424616 -0.9612204 0.4583018 0.07790417 -0.8853758 0.52756 0.03120735 -0.8489444 -0.9084016 -0.02537391 -0.417328 -0.8311665 -0.07916271 -0.5503594 -0.654297 -0.07495855 -0.7525135 -0.7298797 -0.09404116 -0.677076 -0.451303 -0.1320309 -0.8825494 -0.6590592 -0.03583513 -0.7512369 -0.5196822 -0.1136037 -0.8467731 -0.3104809 -0.118198 -0.9432024 -0.2010269 -0.1427661 -0.9691264 -0.634573 -0.109828 -0.7650196 -0.4503389 -0.1221495 -0.8844628 -0.1832104 -0.1236599 -0.9752652 -0.06952139 -0.1456176 -0.9868953 0.07492392 -0.1010232 -0.9920588 -0.9348292 0.007934305 -0.3550091 -0.7573216 -0.07548255 -0.6486651 -0.5893206 -0.08885669 -0.802998 -0.2962935 -0.09031138 -0.9508175 -0.06610751 -0.1074881 -0.9920061 0.01650289 -0.1478987 -0.9888648 0.1789357 -0.139624 -0.9739031 0.2526797 -0.03670436 -0.9668535 0.3809417 -0.03970146 -0.9237463 0.4930511 -0.04379901 -0.8688972 0.5218382 -0.09626514 -0.8475954 0.537629 -0.1183104 -0.8348399 0.5343612 -0.09346308 -0.840073 0.5191707 -0.0564105 -0.8528069 0.4872807 -0.03308971 -0.8726183 0.5953279 -0.1833375 -0.7822864 0.5851937 -0.1606953 -0.7948115 0.5890869 -0.1823442 -0.7872275 0.5653977 -0.1379383 -0.8132026 0.5633985 -0.1679493 -0.8089346 0.5285576 -0.1042571 -0.8424709 0.5216189 -0.1446578 -0.8408257 0.4774469 -0.07066873 -0.8758141 0.4640975 -0.121029 -0.8774768 0.454307 -0.02949344 -0.8903568 0.4148853 -0.1172904 -0.9022822 0.3749081 -0.04555077 -0.9259422 0.3280856 -0.02852195 -0.9442173 0.3478506 -0.04765694 -0.936338 0.3820001 -0.08588851 -0.9201625 0.3005506 -0.007530812 -0.9537362 0.3359801 0.01267865 -0.9417838 0.3917609 0.0288139 -0.9196158 0.4321761 0.02057896 -0.9015544 0.4767087 -0.00503047 -0.8790469 0.5164178 -0.04754125 -0.8550161 0.541812 -0.09436005 -0.8351861 0.2771971 -0.01981319 -0.9606088 0.2508018 -0.002167318 -0.968036 0.3241675 0.04411943 -0.9449703 0.3829138 0.06616261 -0.9214117 0.4117256 0.06397299 -0.9090597 0.4401641 0.04206248 -0.8969316 0.466833 0.006299879 -0.8843231 0.2936063 -0.02252418 -0.955661 0.2709203 -0.0213824 -0.9623643 0.2629559 -0.01451996 -0.9646986 0.2163955 -0.03472134 -0.9756882 0.188059 -0.02559706 -0.9818241 0.09543983 -0.07494447 -0.99261 0.0210613 -0.05312463 -0.9983658 0.1892119 -0.05444688 -0.9804256 -0.1105612 -0.1324525 -0.9850038 -0.260147 -0.09395164 -0.9609873 0.06228865 -0.07358074 -0.9953422 0.2545828 -0.008324404 -0.9670152 0.165788 -0.01127025 -0.986097 -0.04060774 -0.02350141 -0.9988987 -0.3659118 -0.04204328 -0.9296994 -0.6113243 -0.04318454 -0.790201 -0.7208691 -0.02562211 -0.6925974 0.05904567 0.02728413 -0.9978824 0.4615361 0.01084727 -0.8870551 0.4237358 -0.09303603 -0.9009952 0.6966464 -0.1770733 -0.6952185 0.8725965 -0.2346906 -0.428364 0.938584 -0.24667 -0.2412757 0.9661495 -0.2339954 -0.1086335 0.9391431 -0.3424705 0.026912 0.2238474 -0.04022102 -0.9737939 0.9236249 -0.3660088 0.1138185 0.9250551 -0.3671571 -0.09730746 0.8458897 -0.3306069 -0.4185327 0.7260285 -0.2739246 -0.6307519 0.4918906 -0.1719795 -0.8535026 0.2305643 -0.06501261 -0.9708828 0.09748988 -0.01546244 -0.9951164 0.05466172 -0.01269389 -0.9984242 0.05752444 -0.02762131 -0.9979619 0.07779522 -0.03462226 -0.996368 -0.1388325 -0.03656171 0.9896407 -0.1379564 -0.04677857 0.989333 -0.1701372 -0.03268127 0.9848783 -0.1546909 -0.1280458 0.97963 -0.1492283 -0.09822105 0.9839124 0.1206995 -0.1087743 0.9867116 0.7213273 -0.1340434 0.6794993 0.8008997 -0.138211 0.5826298 0.740525 -0.09124382 0.6658057 0.1156211 0.1552523 0.9810854 0.3659374 0.2064151 0.9074594 0.2723736 0.3396781 0.9002396 -0.669909 -0.1588799 0.7252442 -0.6677844 -0.1332751 0.7323262 -0.661171 -0.1642623 0.732032 -0.6513967 -0.1027339 0.75175 -0.6624455 -0.09752472 0.7427347 -0.6509067 -0.009690673 0.7590959 -0.383382 0.01262215 0.9235036 -0.5542663 -0.1108127 0.82493 -0.6165852 -0.1334249 0.7758998 -0.5379798 -0.04831207 0.8415722 -0.4383222 0.05524385 0.8971186 -0.2314122 0.1523933 0.9608458 0.7962674 -0.3335402 0.5046872 0.8920046 -0.3604735 0.2727393 0.7639687 -0.2918296 0.5754888 0.7783181 -0.2410435 0.5797578 0.6358232 -0.2070443 0.7435466 -0.9518946 0.1114144 0.2854532 -0.9492387 0.1079831 0.2954412 -0.9533288 0.1095741 0.2813499 0.606455 0.2819841 0.7434361 0.4493293 0.2709295 0.8512934 0.4435169 0.3213571 0.8366734 0.1991924 0.2619755 0.944294 0.04780495 0.2379777 0.9700934 0.1516801 0.2961153 0.9430317 -0.8092882 -0.05350253 0.5849701 -0.7696564 -0.114362 0.6281325 -0.7698997 -0.1138034 0.6279357 -0.7625593 -0.1675164 0.6248532 -0.026443 -0.9990667 -0.03415486 -0.7517292 -0.1122937 0.649841 -0.7698317 -0.1138753 0.628006 -0.6791164 -0.1004019 0.7271316 -0.7688347 -0.1123489 0.6295005 -0.7690098 -0.1156313 0.6286917 -0.7670397 -0.1181238 0.6306321 -0.7465389 -0.1251662 0.6534624 -0.104721 0.03559327 0.9938645 -0.1990563 0.03360108 0.9794118 -0.4034503 -0.007701977 0.9149692 -0.2752474 0.02270693 0.9611052 -0.3242424 0.01108887 0.945909 -0.3453747 0.004871359 0.9384522 -0.3542299 0.002049074 0.9351561 -0.3674504 0.006238331 0.9300222 -0.3215518 0.01589341 0.9467586 -0.1694714 0.04682027 0.9844223 -0.3631024 -0.0008732531 0.9317488 -0.3659595 -0.0006010978 0.9306306 -0.3397726 0.008459597 0.9404696 -0.04777043 0.1988374 0.9788675 -0.007231413 0.2009165 0.9795817 -0.07532296 0.09823334 0.9923088 0.3369246 0.2505061 0.9075949 0.7304854 0.3026828 0.612188 0.713743 0.2823659 0.6409683 0.8329676 0.2495134 0.4938705 0.8290295 0.2699854 0.4897121 0.8205956 0.2408895 0.5182617 0.8630856 0.2007935 0.4634277 0.8691166 0.1955223 0.4543208 0.8356598 0.2517939 0.4881317 0.8349312 0.2549037 0.4877644 0.801336 0.2691319 0.5342552 -0.8789027 -0.04368795 0.4749962 -0.9967366 -0.08058135 0.004781105 -0.9618861 -0.09917856 -0.2548309 -0.9057949 -0.01318459 -0.4235112 -0.9207597 -0.02589478 -0.3892698 -0.9690476 0.005947963 0.2468023 -0.966031 0.07037714 0.2486588 -0.9501899 0.09795875 0.2958772 -0.9742378 0.1524988 0.1661468 -0.9656568 0.1325781 0.2234503 -0.9587589 0.1227471 0.2563484 -0.8228211 0.04075655 -0.5668371 -0.9941875 -0.05626418 0.09179118 -0.9680537 0.01082942 0.250509 -0.9614261 -0.09240897 0.2590759 -0.9617022 -0.0930272 0.2578272 -0.991664 -0.07028848 -0.1079911 -0.8851562 -0.0854072 0.4573884 -0.787036 -0.08146204 0.611505 -0.8090799 -0.08383863 0.5816878 -0.2419106 0.02945299 0.9698514 -0.379064 -0.008416684 0.9253322 -0.5489495 -0.055427 0.8340157 -0.5282982 -0.04368917 0.8479341 -0.52205 -0.06415065 0.850499 -0.5705241 -0.09923927 0.815263 -0.4595916 -0.0548633 0.8864342 -0.4095299 -0.01675767 0.9121428 -0.4460438 -0.02342146 0.8947046 0.9523021 -0.01435242 0.3048191 0.7957376 -0.04563279 0.60392 0.9449556 -0.01585254 0.3268143 0.7666488 -0.01937638 0.6417742 0.8711201 -0.008944898 0.4909886 0.7136738 -0.06878888 0.6970924 0.7812713 -0.04708947 0.6224128 0.6554226 -0.04543447 0.7538945 0.7345901 -0.02798256 0.6779339 0.6965951 -0.02239391 0.7171149 0.7410666 -0.0265436 0.6709066 0.8492651 -0.01381369 0.5277859 0.8006699 -0.1522397 0.5794401 0.7356643 -0.07393314 0.6732993 0.7745642 -0.09331129 0.6255743 0.5202222 -0.07271623 0.8509296 0.7131922 -0.1607534 0.6822867 0.529759 -0.2314163 0.8159669 0.3954884 -0.156989 0.9049549 0.4651062 -0.1215606 0.876869 0.1134774 -0.09844344 0.9886515 0.1691172 -0.07954644 0.9823806 0.2050454 -0.05626863 0.9771337 -0.07138768 -0.06247843 0.99549 0.004653395 -0.078749 0.9968836 0.1641781 -0.1234275 0.9786783 0.3469121 -0.1796079 0.9205395 0.5496396 -0.2529937 0.7961724 0.2494495 -0.02678954 0.9680172 0.2312538 -0.04688783 0.9717629 -0.09071851 -0.02785871 0.9954868 -0.1009149 -0.04170131 0.9940207 -0.2516897 -0.02066772 0.9675873 -0.2819453 -0.03754705 0.9586955 -0.04879703 -0.01840683 0.9986391 -0.2201344 -0.00982373 0.9754201 -0.1946418 -0.006189535 0.9808549 -0.03598671 -0.01638571 0.9992179 -0.176029 -0.009167213 0.9843423 -0.03880204 -0.02160913 0.9990132 -0.1617232 -0.01843073 0.986664 -0.04096456 -0.03308109 0.9986128 -0.1481882 -0.03172338 0.9884502 -0.04492095 -0.04841947 0.9978164 -0.1356312 -0.04511545 0.9897317 -0.05777881 -0.06206949 0.996398 -0.1294835 -0.05106839 0.9902656 -0.1100899 -0.055478 0.9923721 0.191819 -0.03363329 0.9808538 -0.2821098 0.01424758 0.9592763 -0.2778159 0.02994484 0.9601675 -0.3031304 -0.02771725 0.9525459 -0.2646809 0.02011207 0.9641263 -0.1994817 -0.005073664 0.9798884 -0.1873005 -0.01560735 0.9821787 -0.1907402 -0.01979782 0.9814409 -0.2173151 0.005351515 0.9760868 -0.2106398 0.005163182 0.9775501 -0.2060115 -0.008831632 0.9785097 -0.2058099 -0.002436662 0.978589 -0.1993104 -0.0006749973 0.9799362 -0.2508249 0.02696093 0.9676569 -0.2503922 0.02377314 0.9678526 -0.2739352 -0.01119311 0.961683 -0.2393245 0.01523348 0.9708201 -0.2481222 -0.003062767 0.9687239 -0.2270163 0.01160305 0.9738218 -0.2303254 0.0005847503 0.9731135 -0.2176915 -0.002393769 0.9760147 -0.2851946 0.09020579 0.9542154 -0.512938 -0.0764835 0.8550116 -0.6219457 -0.1565565 0.7672507 -0.6588419 -0.08518264 0.7474431 -0.6232169 -0.1198117 0.7728168 -0.7334522 -0.09307695 0.6733384 -0.6553922 -0.131379 0.7437745 -0.6612274 -0.07113776 0.7468051 -0.7200485 -0.1368337 0.680299 -0.6696108 -0.1693595 0.7231451 -0.6405263 -0.1677831 0.749383 -0.6443898 -0.1605169 0.7476604 -0.7269263 -0.1203117 0.6760941 -0.1661066 0.1168334 0.9791622 -0.5863826 -0.04112936 0.8089894 -0.6366429 -0.09511697 0.7652703 -0.6186544 -0.0364644 0.7848166 -0.6422011 -0.03353703 0.7658022 -0.5921589 -0.02492807 0.8054356 -0.6197756 0.01178388 0.7846906 -0.5407421 -0.03954074 0.8402586 -0.5820335 0.01493312 0.8130277 -0.4800017 -0.06361781 0.8749578 -0.5358732 0.00212952 0.8442958 -0.4784679 -0.06070868 0.8760039 -0.6268 0.05557172 0.7771959 -0.5882676 0.0766672 0.8050238 -0.6834742 -0.1268839 0.7188627 -0.6862988 -0.137555 0.7141936 -0.6794106 -0.1638201 0.7152372 -0.6688314 -0.1681555 0.7241466 -0.7285796 -0.1195565 0.6744465 -0.6785996 -0.1162844 0.7252452 -0.5857859 0.1838441 0.7893391 -0.6133028 0.1257768 0.7797691 -0.644034 0.06169772 0.7625048 -0.6611058 -0.003345422 0.7502852 -0.6677942 -0.06741979 0.7412864 -0.5668473 0.172742 0.8055087 -0.5445369 0.1794251 0.8193206 -0.5482161 0.06026036 0.834163 -0.5237634 0.1415916 0.8400141 -0.5011331 0.01171233 0.865291 -0.4984024 0.1375233 0.8559687 -0.4999133 0.1105934 0.8589853 -0.4748157 0.05867442 0.8781272 -0.4484245 -0.00374226 0.8938129 -0.4399657 -0.04317149 0.8969763 -0.3844909 0.003504851 0.9231221 -0.3622005 -0.0423985 0.9311354 -0.3489958 0.008316437 0.9370874 -0.3154783 -0.01993781 0.9487233 -0.3178672 0.03095754 0.9476297 -0.4488107 0.0405186 0.8927078 -0.4101919 0.01419517 0.9118887 -0.3757566 0.02755243 0.9263087 -0.3357532 -0.05987143 0.9400453 -0.3658266 -0.09066396 0.9262564 -0.404317 -0.1105715 0.9079106 -0.430184 -0.1044533 0.8966779 0.8111501 0.3661208 0.4560603 0.8141802 0.3525782 0.4613017 0.7252767 0.3719736 0.579318 0.8389461 0.3220243 0.4387138 0.846349 0.3153183 0.4292642 0.6497916 0.3536009 0.6728576 0.7177106 0.3579773 0.5972802 0.7128432 0.3723025 0.5943446 0.7556908 0.3855381 0.529426 0.6989128 0.3931666 0.5974454 0.7102687 0.3815372 0.5915638 0.7042676 0.3821192 0.5983243 0.7704338 0.3901049 0.504232 0.7803076 0.3823918 0.4948703 0.8200051 0.3731691 0.4339776 0.4986608 0.3469762 0.7943204 0.5285018 0.3997962 0.7488985 0.3397527 0.399372 0.8515104 0.4834092 0.3880129 0.7847047 0.2281001 0.3740317 0.8989275 0.5880759 0.289185 0.7553402 0.6413467 0.2791161 0.7146808 0.5730683 0.2382285 0.7841173 0.6536174 0.203768 0.7288778 0.0699334 0.009370384 0.9975077 -0.1589738 -0.02920857 0.9868506 -0.1336309 -0.108375 0.9850876 0.005803902 0.2461364 0.9692178 0.001687431 0.2626078 0.9649012 0.01770426 0.2895374 0.9570029 0.002540354 0.3013841 0.9534994 0.08183344 0.3698793 0.9254688 0.001274026 0.3638838 0.9314435 0.1731594 0.3972655 0.9012191 -0.006945282 0.3635499 0.9315489 -0.03132509 0.2708038 0.9621247 -0.1226988 0.09810281 0.9875833 0.8605369 -0.1158758 0.4960333 0.8791856 -0.1360972 0.4566291 0.772481 -0.1577295 0.6151378 0.8443159 -0.1565049 0.5124811 0.8072085 -0.150654 0.5707169 0.8516346 -0.09680142 0.5151193 0.876379 -0.1160919 0.4674212 0.7412443 -0.09443719 0.6645589 0.6054383 -0.1431038 0.7829213 0.4794943 -0.08866196 0.8730545 0.5453864 -0.04889966 0.8367571 0.5306276 -0.02970077 0.8470845 0.4180573 -0.04023675 0.9075291 0.8963638 -0.04368853 0.4411612 0.9116858 -0.05864929 0.4066807 0.860377 -0.07966539 0.5033934 0.8337546 -0.2384988 0.4979674 0.1459959 -0.1317927 0.9804672 0.1585253 -0.1390207 0.9775188 -0.1459048 -0.1412225 0.979167 0.1853765 -0.1150233 0.9759125 0.2365819 -0.05523786 0.9700401 0.3405075 0.06807844 0.937774 -0.001869667 0.2503427 0.9681555 -0.01500543 0.2814261 0.9594656 -0.1076534 0.2980784 0.9484514 -0.2414685 0.2357572 0.9413349 -0.3649193 0.1185812 0.9234567 -0.4254446 0.01757045 0.9048139 -0.4277706 -0.0482278 0.9025998 -0.3984931 -0.0934091 0.9124023 -0.362578 -0.1213243 0.9240225 -0.3044451 -0.09706463 0.9475714 -0.3137496 -0.1214948 0.9417007 -0.3358716 -0.1323588 0.9325618 0.6007409 0.1361552 0.787764 0.5617444 0.0159127 0.8271578 0.5500497 -0.06322522 0.8327352 0.5857576 -0.09039376 0.8054297 0.4936551 -0.1342078 0.8592397 0.3884031 -0.1216945 0.9134186 0.1775149 -0.07811067 0.9810133 -0.1302071 -0.06800566 0.9891518 -0.3000999 -0.06685542 0.9515621 0.6317027 0.08326674 0.7707259 0.6705444 0.0403445 0.7407716 0.6907254 -0.0387036 0.7220807 -0.1252221 -0.01130228 0.9920644 -0.1535128 -0.03096892 0.9876612 -0.1801565 -0.01620002 0.9835046 -0.3178653 0.03090623 0.947632 -0.2985738 0.01906661 0.9541961 -0.2774485 0.03134056 0.9602292 -6.606915e-11 -1 4.569583e-10 -6.605599e-11 -1 4.569756e-10 -6.607662e-11 -1 4.570303e-10 -6.60754e-11 -1 4.570673e-10 -6.607253e-11 -1 4.570696e-10 -6.607151e-11 -1 4.571244e-10 -6.60991e-11 -1 4.572226e-10 -6.614215e-11 -1 4.577072e-10 -6.614284e-11 -1 4.577152e-10 -6.901494e-11 -1 4.611679e-10 -8.188367e-11 -1 4.574248e-10 -6.71182e-11 -1 4.567731e-10 -6.603938e-11 -1 4.570017e-10 -6.602236e-11 -1 4.569568e-10 -6.604415e-11 -1 4.569465e-10 -6.600947e-11 -1 4.569256e-10 -6.605179e-11 -1 4.569386e-10 -6.606296e-11 -1 4.569651e-10 -6.598897e-11 -1 4.567766e-10 -6.403404e-11 -1 4.525087e-10 -7.779952e-11 -1 4.81425e-10 -6.611614e-11 -1 4.572812e-10 -0.1060609 0.0002733718 0.9943596 -0.02807583 4.586677e-10 0.9996058 -0.06274346 -0.00010079 0.9980297 -0.9724402 -0.001041467 -0.23315 -0.9700766 -0.01893515 -0.2420595 -0.9699911 -0.003349246 -0.2431172 -0.93479 0.03680085 -0.3532893 -0.9897229 -1.908789e-05 -0.1429988 -0.9969368 0.0002329578 -0.0782106 -0.999761 0.0005714284 -0.02185254 -0.9975269 0.001599381 0.07026775 -0.9940116 0.002189771 0.1092526 -0.9872601 0.001419094 0.1591086 -0.976595 -0.000259232 0.2150865 -0.9797111 3.366591e-05 0.2004149 -0.9745944 0.02289863 0.2228034 -0.9721474 0.002643284 0.2343555 -0.9749201 0.001522024 0.2225498 -0.9773207 1.55028e-05 0.2117647 -0.9826574 -5.319865e-05 -0.1854304 -0.9794604 -2.040744e-05 -0.2016366 -0.9757484 -3.099479e-06 -0.218895 -0.9699828 0.005690452 0.2431069 -0.9644974 0.002582483 0.2640796 -0.9551404 0.001088538 0.2961514 -0.9509405 -0.001054116 0.3093721 -0.9157825 0.0006958545 0.4016739 -0.768112 0.0005882447 0.6403153 -0.8309634 -0.0005972093 0.5563267 -0.8900813 -0.001874577 0.455798 -0.9277354 -0.003364884 0.3732234 -0.9546552 -0.003543319 0.2976926 -0.3432099 -0.0006639045 0.9392585 -0.4797664 -0.0005269952 0.8773961 -0.5645116 0.0003288355 0.825425 -0.6304059 0.0001483577 0.7762656 -0.7449841 3.540683e-10 0.6670822 -0.3755894 0.0004953618 0.926786 -0.340332 0.01034622 0.9402484 -0.3258833 0.005132959 0.9453961 -0.3417664 0.0133761 0.9396898 -0.3396914 0.02181697 0.9402839 -0.3384021 0.03128606 0.9404814 -0.2070279 -0.0001069849 0.978335 -0.2708725 0.0007046296 0.962615 -0.1972005 0.0009544714 0.9803627 -0.8429685 0.02049182 -0.5375725 -0.9627716 -0.004723917 -0.270275 -0.9458487 -0.002902132 -0.3245949 -0.9040579 -0.001144406 -0.4274085 -0.6738999 -0.01927801 -0.7385711 -0.9304128 0.01866795 -0.3660376 -0.925006 0.01418621 -0.3796877 -0.9711486 -0.03089735 -0.236465 -0.9683725 -0.00661745 -0.249421 -0.91946 0.008394017 -0.3930938 -0.910631 0.01345021 -0.4130015 -0.9059463 0.08589161 -0.4145889 -0.8812158 0.02528751 -0.4720373 -0.8714629 0.0624401 -0.4864706 -0.8545115 0.003426507 -0.5194212 -0.8581954 0.05092851 -0.5107906 -0.8585915 0.04319417 -0.5108374 -0.8584548 0.05306495 -0.5101368 -0.552415 -0.7456371 -0.3726432 -0.5401475 -0.758252 -0.3650953 -0.4219908 0.09917302 -0.9011595 -0.1153998 0.09808438 -0.9884646 0.8624001 0.0007575037 -0.5062268 0.8697994 0.0008862148 -0.4934048 0.8695793 0.0008164754 -0.4937926 0.8644987 0.01156243 -0.5025021 0.8661648 0.0008521199 -0.4997577 0.8671012 0.001026518 -0.498131 0.8687018 0.0006094437 -0.495335 0.8494042 -0.002176792 -0.5277383 0.8498485 -0.001637743 -0.5270246 0.8528565 -0.001336347 -0.5221436 0.8505915 -0.0009752309 -0.5258261 0.8517455 -0.0007860238 -0.5239551 0.8570434 -0.0005175057 -0.515244 0.8540531 -0.000328503 -0.5201858 0.851214 -0.006363077 -0.5247801 0.8583936 0.0007312881 -0.5129911 0.8554504 0.0008910912 -0.5178839 0.849936 -0.001952503 -0.5268823 0.8493244 -0.002174103 -0.5278667 0.8647366 5.128503e-05 -0.5022256 -8.529587e-11 -1 4.971727e-10 -8.567128e-11 -1 4.975794e-10 -8.93614e-11 -1 5.01577e-10 -8.978386e-11 -1 5.020347e-10 -0.4306868 -0.002488843 0.902498 -0.4494494 -0.003290338 0.8932997 -0.4485553 -0.003251986 0.8937492 -0.4671255 -0.004051883 0.8841818 -6.825183e-11 -1 4.589503e-10 -6.830291e-11 -1 4.589929e-10 6.357929e-11 1 -4.550541e-10 6.362195e-11 1 -4.550897e-10 0.6752157 0.00242669 -0.7376163 0.6992165 0.0006102928 -0.7149097 0.697611 0.0007336554 -0.7164764 0.7208911 -0.001082809 -0.6930475 -6.4183e-11 -1 4.549186e-10 -6.412696e-11 -1 4.548898e-10 -6.365637e-11 -1 4.546482e-10 -6.359097e-11 -1 4.546146e-10 0.4582285 -4.366286e-10 -0.8888344 0.4879089 -4.313184e-10 -0.8728946 0.4879089 -4.313184e-10 -0.8728946 0.5170355 -4.255188e-10 -0.855964 -6.815686e-11 -1 4.609943e-10 -6.826285e-11 -1 4.609509e-10 -6.828065e-11 -1 4.609436e-10 -6.838702e-11 -1 4.609001e-10 -4.628119e-10 -4.569931e-10 -1 -4.628119e-10 -4.569931e-10 -1 -4.628118e-10 -4.56993e-10 -1 -4.628119e-10 -4.569931e-10 -1 0.08416521 0.1313726 -0.9877537 -4.62812e-10 -4.569931e-10 -1 -4.628118e-10 -4.56993e-10 -1 -4.62812e-10 -4.56993e-10 -1 -4.628119e-10 -4.569931e-10 -1 -4.62812e-10 -4.569931e-10 -1 -4.628119e-10 -4.569931e-10 -1 -4.628118e-10 -4.569931e-10 -1 -4.62812e-10 -4.569931e-10 -1 -4.62812e-10 -4.569931e-10 -1 -4.62812e-10 -4.569931e-10 -1 -4.628119e-10 -4.569931e-10 -1 -4.62812e-10 -4.56993e-10 -1 -4.628122e-10 -4.569931e-10 -1 -4.62812e-10 -4.569931e-10 -1 -4.628117e-10 -4.56993e-10 -1 -4.628119e-10 -4.56993e-10 -1 -4.62812e-10 -4.56993e-10 -1 -4.62812e-10 -4.56993e-10 -1 -4.628119e-10 -4.569931e-10 -1 -4.628112e-10 -4.569934e-10 -1 -4.628125e-10 -4.569928e-10 -1 -4.628119e-10 -4.569931e-10 -1 -4.628119e-10 -4.569931e-10 -1 -4.628119e-10 -4.569931e-10 -1 -4.628119e-10 -4.569931e-10 -1 -4.628118e-10 -4.56993e-10 -1 -4.628119e-10 -4.56993e-10 -1 -4.62812e-10 -4.569931e-10 -1 -4.62812e-10 -4.569931e-10 -1 -4.628118e-10 -4.569931e-10 -1 -4.62812e-10 -4.569931e-10 -1 -4.62812e-10 -4.569931e-10 -1 0.1060609 -0.0002733709 0.9943596 0.02807583 4.549581e-10 0.9996058 0.06274346 0.0001007909 0.9980297 0.9724402 0.001041466 -0.23315 0.9700766 0.01893515 -0.2420595 0.9699911 0.003349246 -0.2431172 0.3642121 0.1331115 -0.9217542 0.9627716 0.004723917 -0.270275 0.9458487 0.002902132 -0.3245949 0.9040579 0.001144406 -0.4274085 0.8331236 0.01527389 -0.552876 0.6819411 0.1300278 -0.7197563 0.9304128 -0.01866795 -0.3660376 0.925006 -0.01418621 -0.3796877 0.93479 -0.03680085 -0.3532893 0.91946 -0.008394018 -0.3930938 0.910631 -0.01345021 -0.4130015 0.9059463 -0.08589161 -0.4145889 0.8812158 -0.02528751 -0.4720373 0.8714629 -0.0624401 -0.4864706 0.8545115 -0.003426508 -0.5194212 0.8581954 -0.05092851 -0.5107906 0.8585915 -0.04319417 -0.5108374 0.8584548 -0.05306495 -0.5101368 0.552415 0.7456371 -0.3726432 0.5401475 0.758252 -0.3650953 0.9897229 1.908776e-05 -0.1429988 0.9969368 -0.0002329579 -0.0782106 0.999761 -0.0005714284 -0.02185255 0.9975269 -0.001599381 0.07026775 0.9940116 -0.002189771 0.1092526 0.9872601 -0.001419094 0.1591086 0.976595 0.0002592322 0.2150865 0.9797111 -3.366573e-05 0.2004149 0.9745944 -0.02289863 0.2228034 0.9721474 -0.002643284 0.2343555 0.9749201 -0.001522024 0.2225498 0.9773207 -1.550261e-05 0.2117647 0.9826574 5.319848e-05 -0.1854304 0.9794604 2.040725e-05 -0.2016366 0.9757484 3.099279e-06 -0.218895 0.9683725 0.00661745 -0.249421 0.9711486 0.03089735 -0.236465 0.9699828 -0.005690451 0.2431069 0.9644974 -0.002582483 0.2640796 0.9551404 -0.001088538 0.2961514 0.9509405 0.001054116 0.3093721 0.9157825 -0.0006958541 0.4016739 0.768112 -0.0005882441 0.6403153 0.8309634 0.0005972098 0.5563267 0.8900813 0.001874578 0.455798 0.9277354 0.003364884 0.3732234 0.9546552 0.003543319 0.2976926 0.3432099 0.0006639054 0.9392585 0.4797664 0.000526996 0.8773961 0.5645116 -0.0003288348 0.825425 0.6304059 -0.000148357 0.7762656 0.7449841 2.556356e-10 0.6670822 0.3755894 -0.0004953609 0.926786 0.340332 -0.01034622 0.9402484 0.3258833 -0.005132958 0.9453961 0.3417664 -0.0133761 0.9396898 0.3396914 -0.02181697 0.9402839 0.3384021 -0.03128606 0.9404814 0.2070279 0.0001069858 0.978335 0.2708725 -0.0007046287 0.962615 0.1972005 -0.0009544705 0.9803627 4.628097e-10 4.569934e-10 1 4.628124e-10 4.569931e-10 1 4.628121e-10 4.569931e-10 1 4.628119e-10 4.56993e-10 1 4.628111e-10 4.569931e-10 1 4.628116e-10 4.569933e-10 1 4.62812e-10 4.569931e-10 1 4.62812e-10 4.569931e-10 1 4.628118e-10 4.569931e-10 1 4.628119e-10 4.56993e-10 1 4.628117e-10 4.569932e-10 1 4.628118e-10 4.569931e-10 1 4.628116e-10 4.56993e-10 1 4.628121e-10 4.569931e-10 1 4.628117e-10 4.56993e-10 1 4.628121e-10 4.569931e-10 1 4.628118e-10 4.56993e-10 1 4.62812e-10 4.569931e-10 1 4.628117e-10 4.56993e-10 1 4.628121e-10 4.569931e-10 1 4.628118e-10 4.56993e-10 1 4.62812e-10 4.569931e-10 1 4.628119e-10 4.569931e-10 1 4.628117e-10 4.569931e-10 1 4.628118e-10 4.569931e-10 1 4.628114e-10 4.56993e-10 1 4.628127e-10 4.569931e-10 1 4.628121e-10 4.56993e-10 1 4.628119e-10 4.56993e-10 1 4.628119e-10 4.56993e-10 1 4.628119e-10 4.56993e-10 1 4.628118e-10 4.569932e-10 1 4.628121e-10 4.569931e-10 1 4.62812e-10 4.56993e-10 1 4.628121e-10 4.56993e-10 1 4.628119e-10 4.56993e-10 1 4.628118e-10 4.569931e-10 1 4.628112e-10 4.56993e-10 1 4.628122e-10 4.569929e-10 1 4.628121e-10 4.56993e-10 1 4.628117e-10 4.569932e-10 1 4.628121e-10 4.56993e-10 1 4.628119e-10 4.56993e-10 1 4.628119e-10 4.56993e-10 1 0.0379321 0.9930824 -0.1111241 0.01780201 0.9990524 -0.03971623 6.606056e-11 1 -4.569947e-10 6.601396e-11 1 -4.570732e-10 -0.06468289 0.9931427 -0.09738449 -0.03582204 0.9963301 -0.07773704 6.606893e-11 1 -4.569798e-10 6.606512e-11 1 -4.569891e-10 6.606665e-11 1 -4.569876e-10 -0.009824581 0.9958281 -0.09071881 6.6062e-11 1 -4.569988e-10 6.606568e-11 1 -4.569881e-10 6.606695e-11 1 -4.569968e-10 6.606508e-11 1 -4.569947e-10 0.009818773 0.9922865 -0.1235763 6.606324e-11 1 -4.569914e-10 6.606393e-11 1 -4.569968e-10 6.605824e-11 1 -4.57002e-10 6.606352e-11 1 -4.569916e-10 6.606377e-11 1 -4.569971e-10 6.606473e-11 1 -4.569817e-10 6.605823e-11 1 -4.569942e-10 6.606193e-11 1 -4.569928e-10 6.606408e-11 1 -4.56992e-10 6.606492e-11 1 -4.569866e-10 6.606554e-11 1 -4.569732e-10 6.606173e-11 1 -4.570057e-10 6.606109e-11 1 -4.569912e-10 6.60379e-11 1 -4.569914e-10 6.606695e-11 1 -4.56997e-10 6.606681e-11 1 -4.569959e-10 6.60659e-11 1 -4.56995e-10 -0.3928756 0.3910827 -0.8322879 -0.7673083 0.1536692 -0.6225943 -0.4059861 0.7639762 -0.5015134 -0.5026583 0.6072288 -0.6153111 -0.6902057 0.3314042 -0.643263 -0.7690502 0.271276 -0.5787668 -0.2145607 0.9294725 -0.3000742 -0.1525912 0.933412 -0.3247429 -0.03579235 0.9491269 -0.3128532 -0.1072227 0.3243907 -0.9398266 -0.09613913 0.5268371 -0.8445117 -0.2976914 0.7197299 -0.6271911 -0.08019593 0.7104832 -0.6991296 -0.05987765 0.8499693 -0.5234184 0.04073331 0.8713575 -0.488955 0.07325817 0.504878 -0.8600764 0.1052702 0.9771078 -0.1848746 0.7614844 0.3424257 -0.5503509 0.6583208 0.5443714 -0.5198784 0.6162342 0.5020256 -0.6068161 0.6070901 0.6353549 -0.4772481 0.7975514 0.1214517 -0.5908987 0.7865999 0.2381401 -0.5696928 0.1616081 0.8806373 -0.4453772 0.3419491 0.809971 -0.4764639 0.3078861 0.5189118 -0.7974564 0.5840065 0.6431048 -0.4953307 1 -6.60638e-11 -4.628119e-10 1 -6.60639e-11 -4.628119e-10 0.8660252 0.5000003 -6.293036e-10 0.8660252 0.5000003 -6.293036e-10 0.5000003 0.8660252 -6.271739e-10 0.5000003 0.8660252 -6.271739e-10 6.606393e-11 1 -4.569933e-10 6.606403e-11 1 -4.569933e-10 -0.5000003 0.8660252 -1.643616e-10 -0.5000003 0.8660252 -1.643616e-10 -0.8660252 0.5000003 1.7231e-10 -0.8660252 0.5000003 1.7231e-10 -1 6.60639e-11 4.628119e-10 -1 6.606388e-11 4.628119e-10 -0.8660252 -0.5000003 6.293036e-10 -0.8660252 -0.5000003 6.293036e-10 -0.5000003 -0.8660252 6.271739e-10 -0.5000003 -0.8660252 6.271739e-10 -6.606404e-11 -1 4.569933e-10 -6.606397e-11 -1 4.569933e-10 0.5000003 -0.8660252 1.643616e-10 0.5000003 -0.8660252 1.643616e-10 0.8660252 -0.5000003 -1.7231e-10 0.8660252 -0.5000003 -1.7231e-10 1 -6.606353e-11 -4.62812e-10 1 -6.606364e-11 -4.62812e-10 0.8660252 0.5000003 -6.293035e-10 0.8660252 0.5000003 -6.293035e-10 0.5000003 0.8660252 -6.271737e-10 0.5000003 0.8660252 -6.271737e-10 6.606406e-11 1 -4.569931e-10 6.606397e-11 1 -4.569931e-10 -0.5000003 0.8660252 -1.643614e-10 -0.5000003 0.8660252 -1.643614e-10 -0.8660252 0.5000003 1.723101e-10 -0.8660252 0.5000003 1.723101e-10 -1 6.606357e-11 4.62812e-10 -1 6.60636e-11 4.62812e-10 -0.8660252 -0.5000003 6.293035e-10 -0.8660252 -0.5000003 6.293035e-10 -0.5000003 -0.8660252 6.271737e-10 -0.5000003 -0.8660252 6.271737e-10 -6.606412e-11 -1 4.569931e-10 -6.606401e-11 -1 4.569931e-10 0.5000003 -0.8660252 1.643614e-10 0.5000003 -0.8660252 1.643614e-10 0.8660252 -0.5000003 -1.723101e-10 0.8660252 -0.5000003 -1.723101e-10 1 -6.606353e-11 -4.62812e-10 1 -6.606355e-11 -4.62812e-10 0.8660252 0.5000003 -6.293035e-10 0.8660252 0.5000003 -6.293035e-10 0.5000003 0.8660252 -6.271737e-10 0.5000003 0.8660252 -6.271737e-10 6.606403e-11 1 -4.569931e-10 6.606401e-11 1 -4.569931e-10 -0.5000003 0.8660252 -1.643614e-10 -0.5000003 0.8660252 -1.643614e-10 -0.8660252 0.5000003 1.723101e-10 -0.8660252 0.5000003 1.723101e-10 -1 6.606357e-11 4.62812e-10 -1 6.606351e-11 4.62812e-10 -0.8660252 -0.5000003 6.293035e-10 -0.8660252 -0.5000003 6.293035e-10 -0.5000003 -0.8660252 6.271737e-10 -0.5000003 -0.8660252 6.271737e-10 -6.606404e-11 -1 4.569931e-10 -6.606403e-11 -1 4.569931e-10 0.5000003 -0.8660252 1.643614e-10 0.5000003 -0.8660252 1.643614e-10 0.8660252 -0.5000003 -1.723101e-10 0.8660252 -0.5000003 -1.723101e-10</float_array>
          <technique_common>
            <accessor count="3507" source="#normals-array-array" stride="3">
              <param type="float" name="X"/>
              <param type="float" name="Y"/>
              <param type="float" name="Z"/>
            </accessor>
          </technique_common>
        </source>
        <vertices id="verts-array-vertices">
          <input semantic="POSITION" source="#verts-array"/>
        </vertices>
        <triangles count="5794" material="material0">
          <input offset="0" semantic="VERTEX" source="#verts-array-vertices"/>
          <input offset="1" semantic="NORMAL" source="#normals-array"/>
          <p>0 0 1 1 2 2 3 3 2 2 1 1 4 4 5 5 6 6 7 7 8 8 9 9 10 10 11 11 12 12 13 13 14 14 15 15 16 16 17 17 18 18 19 19 20 20 18 18 21 21 22 22 18 18 23 23 24 24 17 17 25 25 26 26 27 27 28 28 29 29 30 30 31 31 32 32 33 33 34 34 35 35 36 36 37 37 38 38 39 39 40 40 41 41 42 42 41 41 40 40 43 43 44 44 45 45 46 46 47 47 48 48 49 49 48 48 47 47 50 50 51 51 52 52 53 53 54 54 55 55 56 56 57 57 58 58 59 59 60 60 61 61 62 62 63 63 64 64 65 65 66 66 67 67 68 68 69 69 70 70 71 71 72 72 73 73 74 74 75 75 76 76 77 77 78 78 79 79 80 80 81 81 82 82 83 83 80 80 79 79 84 84 85 85 86 86 87 87 87 87 86 86 88 88 89 89 90 90 91 91 92 92 93 93 94 94 95 95 96 96 97 97 93 93 92 92 98 98 99 99 100 100 101 101 102 102 103 103 104 104 105 105 106 106 107 107 108 108 109 109 110 110 110 110 109 109 111 111 112 112 113 113 114 114 115 115 116 116 117 117 118 118 119 119 120 120 121 121 122 122 123 123 123 123 122 122 124 124 125 125 126 126 18 18 127 127 128 128 129 129 130 130 131 131 132 132 133 133 132 132 134 134 135 135 136 136 137 137 138 138 139 139 140 140 141 141 142 142 143 143 142 142 141 141 144 144 145 145 146 146 135 135 146 146 147 147 148 148 148 148 149 149 146 146 150 150 146 146 149 149 146 146 150 150 151 151 151 151 152 152 146 146 153 153 146 146 152 152 146 146 153 153 135 135 154 154 135 135 153 153 135 135 154 154 136 136 155 155 156 156 157 157 158 158 159 159 160 160 158 158 160 160 161 161 160 160 162 162 163 163 163 163 164 164 160 160 165 165 160 160 164 164 160 160 165 165 161 161 159 159 156 156 160 160 155 155 160 160 156 156 160 160 155 155 162 162 166 166 162 162 155 155 167 167 168 168 169 169 170 170 169 169 168 168 169 169 170 170 166 166 171 171 14 14 172 172 173 173 174 174 175 175 176 176 175 175 174 174 175 175 176 176 172 172 177 177 172 172 176 176 172 172 177 177 171 171 178 178 171 171 177 177 171 171 178 178 143 143 179 179 143 143 178 178 143 143 179 179 141 141 180 180 181 181 182 182 183 183 182 182 181 181 183 183 184 184 182 182 185 185 182 182 184 184 182 182 185 185 186 186 187 187 188 188 189 189 190 190 189 189 188 188 189 189 190 190 191 191 192 192 193 193 140 140 187 187 189 189 140 140 194 194 140 140 189 189 140 140 194 194 192 192 193 193 195 195 140 140 196 196 140 140 195 195 140 140 196 196 138 138 197 197 198 198 194 194 199 199 194 194 198 198 194 194 199 199 192 192 200 200 201 201 202 202 203 203 202 202 201 201 202 202 203 203 204 204 205 205 204 204 203 203 204 204 205 205 206 206 201 201 197 197 207 207 205 205 207 207 197 197 200 200 208 208 201 201 209 209 201 201 208 208 201 201 209 209 197 197 210 210 197 197 209 209 197 197 210 210 198 198 211 211 212 212 213 213 214 214 213 213 212 212 200 200 215 215 216 216 215 215 200 200 217 217 202 202 217 217 200 200 217 217 202 202 218 218 213 213 218 218 202 202 218 218 213 213 216 216 214 214 216 216 213 213 216 216 214 214 200 200 212 212 200 200 214 214 200 200 212 212 219 219 211 211 219 219 212 212 219 219 211 211 220 220 213 213 220 220 211 211 220 220 213 213 221 221 222 222 223 223 224 224 225 225 224 224 223 223 224 224 225 225 5 5 226 226 227 227 222 222 228 228 229 229 230 230 231 231 232 232 233 233 128 128 127 127 234 234 234 234 127 127 235 235 236 236 235 235 127 127 235 235 236 236 233 233 237 237 230 230 238 238 239 239 240 240 241 241 133 133 241 241 240 240 241 241 133 133 242 242 134 134 242 242 133 133 242 242 134 134 227 227 222 222 224 224 226 226 243 243 226 226 224 224 226 226 243 243 244 244 245 245 244 244 243 243 244 244 245 245 246 246 247 247 246 246 245 245 246 246 247 247 248 248 249 249 248 248 247 247 248 248 249 249 250 250 227 227 226 226 242 242 244 244 242 242 226 226 242 242 244 244 241 241 246 246 241 241 244 244 241 241 246 246 239 239 248 248 239 239 246 246 239 239 248 248 251 251 250 250 251 251 248 248 251 251 250 250 252 252 132 132 133 133 130 130 240 240 130 130 133 133 130 130 240 240 253 253 239 239 253 253 240 240 253 253 239 239 254 254 251 251 254 254 239 239 254 254 251 251 255 255 252 252 255 255 251 251 255 255 252 252 256 256 257 257 229 229 258 258 228 228 258 258 229 229 258 258 228 228 259 259 230 230 237 237 228 228 260 260 228 228 237 237 228 228 260 260 259 259 233 233 236 236 231 231 261 261 231 231 236 236 231 231 261 261 262 262 263 263 262 262 261 261 262 262 263 263 264 264 265 265 266 266 267 267 268 268 269 269 270 270 271 271 270 270 269 269 270 270 271 271 272 272 273 273 274 274 275 275 276 276 275 275 274 274 275 275 276 276 277 277 278 278 279 279 280 280 281 281 282 282 283 283 283 283 282 282 284 284 278 278 280 280 281 281 285 285 281 281 280 280 281 281 285 285 282 282 286 286 282 282 285 285 282 282 286 286 284 284 287 287 288 288 289 289 290 290 289 289 288 288 291 291 292 292 293 293 294 294 293 293 292 292 293 293 294 294 295 295 296 296 295 295 294 294 295 295 296 296 34 34 297 297 34 34 296 296 34 34 297 297 35 35 298 298 299 299 300 300 301 301 299 299 302 302 298 298 302 302 299 299 302 302 298 298 303 303 304 304 305 305 306 306 307 307 308 308 309 309 310 310 311 311 312 312 18 18 312 312 311 311 313 313 310 310 314 314 312 312 314 314 310 310 314 314 312 312 309 309 18 18 309 309 312 312 307 307 309 309 315 315 18 18 315 315 309 309 315 315 18 18 307 307 126 126 307 307 18 18 307 307 126 126 308 308 125 125 308 308 126 126 308 308 125 125 309 309 18 18 309 309 125 125 309 309 18 18 314 314 316 316 314 314 18 18 314 314 316 316 313 313 317 317 318 318 319 319 316 316 320 320 321 321 322 322 321 321 320 320 321 321 322 322 323 323 318 318 317 317 18 18 319 319 324 324 317 317 325 325 317 317 324 324 317 317 325 325 18 18 326 326 323 323 18 18 322 322 18 18 323 323 18 18 322 322 318 318 320 320 318 318 322 322 318 318 320 320 319 319 316 316 319 319 320 320 319 319 316 316 324 324 18 18 324 324 316 316 324 324 18 18 123 123 327 327 123 123 18 18 123 123 327 327 121 121 18 18 121 121 327 327 121 121 18 18 122 122 325 325 122 122 18 18 122 122 325 325 124 124 324 324 124 124 325 325 124 124 324 324 123 123 326 326 18 18 328 328 329 329 328 328 18 18 328 328 329 329 330 330 113 113 331 331 332 332 333 333 332 332 331 331 332 332 333 333 334 334 335 335 334 334 333 333 334 334 335 335 336 336 337 337 336 336 335 335 336 336 337 337 338 338 339 339 338 338 337 337 338 338 339 339 340 340 341 341 340 340 339 339 340 340 341 341 342 342 113 113 343 343 331 331 344 344 331 331 343 343 331 331 344 344 333 333 345 345 333 333 344 344 333 333 345 345 335 335 346 346 335 335 345 345 335 335 346 346 337 337 347 347 337 337 346 346 337 337 347 347 339 339 348 348 339 339 347 347 339 339 348 348 341 341 304 304 341 341 348 348 341 341 304 304 342 342 349 349 18 18 350 350 351 351 284 284 272 272 286 286 272 272 284 284 272 272 286 286 270 270 285 285 270 270 286 286 270 270 285 285 268 268 280 280 268 268 285 285 268 268 280 280 352 352 279 279 352 352 280 280 352 352 279 279 353 353 271 271 290 290 272 272 288 288 272 272 290 290 272 272 288 288 351 351 287 287 351 351 288 288 351 351 287 287 354 354 355 355 356 356 357 357 300 300 357 357 356 356 357 357 300 300 358 358 299 299 358 358 300 300 358 358 299 299 359 359 301 301 359 359 299 299 359 359 301 301 360 360 361 361 362 362 363 363 364 364 363 363 362 362 363 363 364 364 365 365 366 366 367 367 361 361 368 368 361 361 367 367 361 361 368 368 362 362 369 369 362 362 368 368 362 362 369 369 364 364 370 370 371 371 372 372 373 373 374 374 375 375 376 376 375 375 374 374 375 375 376 376 377 377 378 378 112 112 379 379 377 377 380 380 375 375 381 381 375 375 380 380 375 375 381 381 373 373 382 382 383 383 380 380 384 384 380 380 383 383 380 380 384 384 381 381 376 376 111 111 377 377 109 109 377 377 111 111 377 377 109 109 380 380 108 108 380 380 109 109 380 380 108 108 385 385 386 386 387 387 378 378 388 388 378 378 387 387 389 389 390 390 391 391 392 392 391 391 390 390 391 391 392 392 393 393 394 394 393 393 392 392 394 394 388 388 393 393 387 387 393 393 388 388 393 393 387 387 391 391 395 395 391 391 387 387 391 391 395 395 389 389 114 114 396 396 397 397 112 112 114 114 379 379 397 397 379 379 114 114 379 379 397 397 398 398 399 399 400 400 401 401 402 402 401 401 400 400 401 401 402 402 403 403 404 404 403 403 402 402 405 405 406 406 407 407 408 408 407 407 406 406 407 407 408 408 372 372 409 409 372 372 408 408 372 372 409 409 370 370 410 410 411 411 412 412 413 413 414 414 415 415 416 416 417 417 413 413 418 418 413 413 417 417 413 413 418 418 414 414 419 419 420 420 366 366 421 421 366 366 420 420 366 366 421 421 367 367 411 411 367 367 421 421 367 367 411 411 368 368 410 410 368 368 411 411 368 368 410 410 369 369 422 422 369 369 410 410 369 369 422 422 364 364 423 423 364 364 422 422 364 364 423 423 365 365 424 424 365 365 423 423 425 425 426 426 427 427 428 428 427 427 426 426 429 429 430 430 428 428 431 431 428 428 430 430 428 428 431 431 427 427 426 426 432 432 428 428 433 433 428 428 432 432 428 428 433 433 429 429 434 434 429 429 433 433 435 435 436 436 433 433 437 437 433 433 436 436 433 433 437 437 434 434 431 431 438 438 427 427 439 439 427 427 438 438 427 427 439 439 425 425 424 424 425 425 439 439 425 425 424 424 426 426 423 423 426 426 424 424 426 426 423 423 432 432 422 422 432 432 423 423 432 432 422 422 433 433 410 410 433 433 422 422 433 433 410 410 435 435 412 412 440 440 410 410 441 441 410 410 440 440 410 410 441 441 435 435 442 442 435 435 441 441 435 435 442 442 436 436 443 443 436 436 442 442 436 436 443 443 437 437 444 444 437 437 443 443 437 437 444 444 434 434 399 399 445 445 400 400 446 446 400 400 445 445 400 400 446 446 402 402 447 447 402 402 446 446 402 402 447 447 404 404 448 448 404 404 447 447 449 449 450 450 451 451 452 452 453 453 454 454 371 371 116 116 372 372 115 115 372 372 116 116 372 372 115 115 407 407 453 453 407 407 115 115 407 407 453 453 405 405 452 452 405 405 453 453 405 405 452 452 455 455 456 456 455 455 452 452 455 455 456 456 457 457 458 458 457 457 456 456 457 457 458 458 459 459 460 460 103 103 461 461 102 102 461 461 103 103 461 461 102 102 462 462 454 454 462 462 452 452 102 102 452 452 462 462 452 452 102 102 456 456 104 104 456 456 102 102 456 456 104 104 458 458 463 463 458 458 104 104 458 458 463 463 459 459 464 464 459 459 463 463 459 459 464 464 465 465 466 466 465 465 464 464 465 465 466 466 467 467 468 468 467 467 466 466 467 467 468 468 469 469 378 378 379 379 386 386 398 398 386 386 379 379 386 386 398 398 387 387 470 470 387 387 398 398 387 387 470 470 395 395 305 305 350 350 306 306 18 18 306 306 350 350 306 306 18 18 304 304 311 311 304 304 18 18 304 304 311 311 342 342 310 310 342 342 311 311 342 342 310 310 340 340 313 313 340 340 310 310 340 340 313 313 338 338 316 316 338 338 313 313 338 338 316 316 336 336 321 321 336 336 316 316 336 336 321 321 334 334 323 323 334 334 321 321 334 334 323 323 332 332 326 326 332 332 323 323 332 332 326 326 113 113 328 328 113 113 326 326 113 113 328 328 114 114 330 330 114 114 328 328 114 114 330 330 396 396 249 249 353 353 250 250 279 279 250 250 353 353 250 250 279 279 252 252 278 278 252 252 279 279 252 252 278 278 256 256 281 281 256 256 278 278 256 256 281 281 471 471 283 283 471 471 281 281 471 471 283 283 472 472 284 284 472 472 283 283 472 472 284 284 473 473 351 351 473 473 284 284 473 473 351 351 474 474 354 354 474 474 351 351 474 474 354 354 475 475 476 476 475 475 354 354 475 475 476 476 477 477 260 260 478 478 259 259 479 479 259 259 478 478 259 259 479 479 480 480 481 481 480 480 479 479 480 480 481 481 482 482 257 257 258 258 483 483 259 259 483 483 258 258 483 483 259 259 484 484 480 480 484 484 259 259 484 484 480 480 485 485 482 482 485 485 480 480 485 485 482 482 486 486 487 487 238 238 488 488 230 230 488 488 238 238 488 488 230 230 489 489 229 229 489 489 230 230 489 489 229 229 129 129 257 257 129 129 229 229 129 129 257 257 127 127 483 483 127 127 257 257 127 127 483 483 236 236 484 484 236 236 483 483 236 236 484 484 261 261 485 485 261 261 484 484 261 261 485 485 263 263 486 486 263 263 485 485 263 263 486 486 264 264 490 490 264 264 486 486 99 99 491 491 492 492 493 493 492 492 491 491 492 492 493 493 494 494 495 495 494 494 493 493 494 494 495 495 496 496 497 497 496 496 495 495 496 496 497 497 498 498 99 99 101 101 491 491 499 499 491 491 101 101 491 491 499 499 493 493 500 500 493 493 499 499 493 493 500 500 495 495 501 501 495 495 500 500 495 495 501 501 497 497 502 502 503 503 504 504 505 505 504 504 503 503 477 477 506 506 475 475 507 507 475 475 506 506 475 475 507 507 474 474 508 508 474 474 507 507 474 474 508 508 473 473 509 509 473 473 508 508 473 473 509 509 472 472 510 510 472 472 509 509 472 472 510 510 511 511 512 512 511 511 510 510 506 506 513 513 507 507 514 514 507 507 513 513 507 507 514 514 508 508 515 515 508 508 514 514 508 508 515 515 509 509 516 516 509 509 515 515 509 509 516 516 510 510 517 517 510 510 516 516 510 510 517 517 512 512 518 518 519 519 520 520 521 521 520 520 519 519 520 520 521 521 522 522 100 100 523 523 101 101 518 518 101 101 523 523 101 101 518 518 499 499 520 520 499 499 518 518 499 499 520 520 500 500 522 522 500 500 520 520 500 500 522 522 501 501 524 524 501 501 522 522 501 501 524 524 497 497 525 525 497 497 524 524 497 497 525 525 498 498 526 526 498 498 525 525 498 498 526 526 527 527 528 528 529 529 530 530 531 531 530 530 529 529 530 530 531 531 532 532 533 533 532 532 531 531 532 532 533 533 534 534 535 535 534 534 533 533 534 534 535 535 536 536 537 537 538 538 539 539 360 360 415 415 359 359 414 414 359 359 415 415 359 359 414 414 358 358 418 418 358 358 414 414 358 358 418 418 357 357 417 417 357 357 418 418 357 357 417 417 355 355 416 416 355 355 417 417 355 355 416 416 540 540 541 541 540 540 416 416 540 540 541 541 527 527 542 542 527 527 541 541 527 527 542 542 498 498 543 543 498 498 542 542 498 498 543 543 496 496 544 544 496 496 543 543 496 496 544 544 494 494 545 545 494 494 544 544 494 494 545 545 492 492 546 546 492 492 545 545 492 492 546 546 99 99 547 547 99 99 546 546 99 99 547 547 100 100 504 504 100 100 547 547 100 100 504 504 523 523 505 505 523 523 504 504 523 523 505 505 518 518 537 537 518 518 505 505 518 518 537 537 519 519 539 539 519 519 537 537 519 519 539 539 521 521 106 106 548 548 107 107 549 549 107 107 548 548 107 107 549 549 550 550 551 551 460 460 552 552 461 461 552 552 460 460 552 552 461 461 553 553 462 462 553 553 461 461 553 553 462 462 445 445 454 454 445 445 462 462 445 445 454 454 446 446 453 453 446 446 454 454 446 446 453 453 447 447 115 115 447 447 453 453 447 447 115 115 448 448 117 117 448 448 115 115 448 448 117 117 404 404 382 382 404 404 117 117 404 404 382 382 403 403 380 380 403 403 382 382 403 403 380 380 401 401 385 385 401 401 380 380 401 401 385 385 399 399 554 554 399 399 385 385 399 399 554 554 445 445 555 555 445 445 554 554 445 445 555 555 553 553 556 556 553 553 555 555 553 553 556 556 552 552 550 550 557 557 107 107 449 449 107 107 557 557 107 107 449 449 105 105 451 451 105 105 449 449 105 105 451 451 106 106 97 97 98 98 558 558 95 95 97 97 559 559 558 558 559 559 97 97 559 559 558 558 560 560 560 560 561 561 559 559 562 562 559 559 561 561 559 559 562 562 95 95 563 563 95 95 562 562 95 95 563 563 96 96 564 564 92 92 565 565 94 94 565 565 92 92 565 565 94 94 566 566 567 567 566 566 94 94 566 566 567 567 568 568 569 569 568 568 567 567 568 568 569 569 570 570 571 571 570 570 569 569 572 572 564 564 573 573 565 565 573 573 564 564 573 573 565 565 574 574 566 566 574 574 565 565 574 574 566 566 575 575 568 568 575 575 566 566 575 575 568 568 576 576 570 570 576 576 568 568 91 91 90 90 577 577 578 578 577 577 90 90 577 577 578 578 579 579 580 580 579 579 578 578 579 579 580 580 563 563 581 581 563 563 580 580 563 563 581 581 96 96 80 80 88 88 78 78 86 86 78 78 88 88 78 78 86 86 582 582 85 85 582 582 86 86 582 582 85 85 583 583 81 81 83 83 584 584 585 585 584 584 83 83 584 584 585 585 586 586 587 587 588 588 589 589 590 590 589 589 588 588 589 589 590 590 591 591 592 592 591 591 590 590 582 582 593 593 78 78 594 594 78 78 593 593 78 78 594 594 79 79 595 595 79 79 594 594 79 79 595 595 84 84 87 87 89 89 85 85 91 91 85 85 89 89 85 85 91 91 583 583 577 577 583 583 91 91 583 583 577 577 596 596 579 579 596 596 577 577 596 596 579 579 597 597 563 563 597 597 579 579 597 597 563 563 598 598 562 562 598 598 563 563 598 598 562 562 599 599 561 561 599 599 562 562 599 599 561 561 600 600 560 560 600 600 561 561 601 601 572 572 602 602 573 573 602 602 572 572 602 602 573 573 603 603 574 574 603 603 573 573 603 603 574 574 604 604 575 575 604 604 574 574 604 604 575 575 605 605 576 576 605 605 575 575 606 606 221 221 607 607 213 213 607 607 221 221 607 607 213 213 608 608 609 609 610 610 611 611 612 612 611 611 610 610 611 611 612 612 613 613 614 614 613 613 612 612 615 615 616 616 206 206 205 205 197 197 206 206 617 617 206 206 197 197 206 206 617 617 615 615 616 616 618 618 619 619 620 620 619 619 618 618 619 619 620 620 621 621 621 621 622 622 619 619 623 623 619 619 622 622 619 619 623 623 624 624 625 625 189 189 626 626 619 619 626 626 189 189 626 626 619 619 627 627 624 624 627 627 619 619 628 628 629 629 197 197 625 625 630 630 189 189 631 631 189 189 630 630 189 189 631 631 194 194 632 632 194 194 631 631 194 194 632 632 197 197 633 633 197 197 632 632 197 197 633 633 628 628 629 629 634 634 197 197 635 635 197 197 634 634 197 197 635 635 617 617 636 636 637 637 638 638 636 636 638 638 639 639 70 70 69 69 640 640 641 641 640 640 69 69 640 640 641 641 642 642 643 643 61 61 644 644 60 60 644 644 61 61 644 644 60 60 645 645 645 645 63 63 644 644 65 65 644 644 63 63 644 644 65 65 643 643 646 646 643 643 65 65 643 643 646 646 647 647 647 647 648 648 643 643 619 619 643 643 648 648 643 643 619 619 61 61 189 189 61 61 619 619 61 61 189 189 62 62 191 191 62 62 189 189 62 62 191 191 649 649 68 68 67 67 650 650 651 651 64 64 66 66 63 63 66 66 64 64 66 66 63 63 67 67 645 645 67 67 63 63 67 67 645 645 650 650 60 60 650 650 645 645 650 650 60 60 182 182 62 62 182 182 60 60 182 182 62 62 180 180 649 649 180 180 62 62 637 637 652 652 638 638 642 642 638 638 652 652 638 638 642 642 639 639 641 641 639 639 642 642 72 72 74 74 653 653 71 71 653 653 74 74 653 653 71 71 654 654 70 70 654 654 71 71 654 654 70 70 655 655 640 640 655 655 70 70 655 655 640 640 656 656 642 642 656 656 640 640 656 656 642 642 657 657 652 652 657 657 642 642 657 657 652 652 658 658 659 659 660 660 661 661 662 662 661 661 660 660 661 661 662 662 663 663 664 664 663 663 662 662 663 663 664 664 665 665 666 666 665 665 664 664 665 665 666 666 667 667 668 668 669 669 670 670 671 671 670 670 669 669 670 670 671 671 672 672 673 673 672 672 671 671 673 673 674 674 672 672 675 675 672 672 674 674 672 672 675 675 670 670 676 676 670 670 675 675 670 670 676 676 668 668 677 677 678 678 679 679 614 614 72 72 613 613 653 653 613 613 72 72 613 613 653 653 611 611 654 654 611 611 653 653 611 611 654 654 609 609 655 655 609 609 654 654 609 609 655 655 680 680 656 656 680 680 655 655 680 680 656 656 681 681 657 657 681 681 656 656 682 682 676 676 647 647 675 675 647 647 676 676 647 647 675 675 648 648 674 674 648 648 675 675 648 648 674 674 619 619 683 683 619 619 674 674 619 619 683 683 616 616 684 684 616 616 683 683 616 616 684 684 206 206 685 685 686 686 687 687 688 688 687 687 686 686 687 687 688 688 689 689 690 690 691 691 692 692 693 693 692 692 691 691 692 692 693 693 694 694 695 695 694 694 693 693 694 694 695 695 696 696 697 697 696 696 695 695 696 696 697 697 698 698 660 660 690 690 662 662 692 692 662 662 690 690 662 662 692 692 664 664 694 694 664 664 692 692 664 664 694 694 666 666 696 696 666 666 694 694 666 666 696 696 667 667 698 698 667 667 696 696 667 667 698 698 699 699 700 700 699 699 698 698 699 699 700 700 701 701 59 59 58 58 54 54 702 702 54 54 58 58 54 54 702 702 55 55 677 677 703 703 704 704 705 705 704 704 703 703 704 704 705 705 706 706 707 707 706 706 705 705 677 677 679 679 703 703 708 708 703 703 679 679 703 703 708 708 705 705 709 709 705 705 708 708 705 705 709 709 707 707 710 710 57 57 711 711 59 59 711 711 57 57 711 711 59 59 712 712 54 54 712 712 59 59 712 712 54 54 713 713 56 56 713 713 54 54 713 713 56 56 714 714 715 715 709 709 682 682 708 708 682 682 709 709 682 682 708 708 676 676 679 679 676 676 708 708 676 676 679 679 668 668 678 678 668 668 679 679 668 668 678 678 669 669 50 50 51 51 48 48 53 53 48 48 51 51 48 48 53 53 716 716 717 717 716 716 53 53 718 718 719 719 720 720 721 721 720 720 719 719 720 720 721 721 722 722 723 723 722 722 721 721 722 722 723 723 724 724 725 725 724 724 723 723 724 724 725 725 726 726 727 727 728 728 729 729 730 730 729 729 728 728 731 731 732 732 733 733 702 702 734 734 55 55 735 735 55 55 734 734 55 55 735 735 56 56 736 736 56 56 735 735 56 56 736 736 714 714 737 737 738 738 739 739 736 736 739 739 738 738 731 731 740 740 741 741 742 742 741 741 740 740 741 741 742 742 743 743 744 744 745 745 746 746 747 747 746 746 745 745 746 746 747 747 748 748 749 749 748 748 747 747 748 748 749 749 750 750 751 751 752 752 753 753 754 754 753 753 752 752 753 753 754 754 715 715 718 718 715 715 754 754 715 715 718 718 709 709 720 720 709 709 718 718 709 709 720 720 707 707 722 722 707 707 720 720 707 707 722 722 706 706 724 724 706 706 722 722 706 706 724 724 704 704 726 726 704 704 724 724 704 704 726 726 677 677 755 755 744 744 756 756 746 746 756 756 744 744 756 756 746 746 757 757 748 748 757 757 746 746 757 757 748 748 758 758 750 750 758 758 748 748 646 646 750 750 647 647 749 749 647 647 750 750 647 647 749 749 682 682 747 747 682 682 749 749 682 682 747 747 715 715 745 745 715 715 747 747 715 715 745 745 753 753 744 744 753 753 745 745 753 753 744 744 751 751 755 755 751 751 744 744 731 731 733 733 740 740 759 759 740 740 733 733 740 740 759 759 742 742 760 760 742 742 759 759 742 742 760 760 743 743 48 48 761 761 49 49 762 762 49 49 761 761 49 49 762 762 763 763 728 728 732 732 730 730 731 731 730 730 732 732 730 730 731 731 764 764 741 741 764 764 731 731 764 764 741 741 765 765 743 743 765 765 741 741 765 765 743 743 766 766 763 763 766 766 743 743 766 766 763 763 767 767 762 762 767 767 763 763 53 53 689 689 717 717 688 688 717 717 689 689 717 717 688 688 768 768 686 686 768 768 688 688 768 768 686 686 769 769 685 685 769 769 686 686 769 769 685 685 770 770 771 771 770 770 685 685 68 68 771 771 66 66 685 685 66 66 771 771 66 66 685 685 651 651 687 687 651 651 685 685 651 651 687 687 64 64 689 689 64 64 687 687 64 64 689 689 65 65 53 53 65 65 689 689 65 65 53 53 646 646 52 52 646 646 53 53 646 646 52 52 750 750 51 51 750 750 52 52 750 750 51 51 758 758 50 50 758 758 51 51 758 758 50 50 757 757 47 47 757 757 50 50 757 757 47 47 756 756 49 49 756 756 47 47 756 756 49 49 755 755 763 763 755 755 49 49 755 755 763 763 751 751 743 743 751 751 763 763 751 751 743 743 752 752 760 760 752 752 743 743 752 752 760 760 754 754 759 759 754 754 760 760 754 754 759 759 718 718 733 733 718 718 759 759 718 718 733 733 719 719 732 732 719 719 733 733 719 719 732 732 721 721 728 728 721 721 732 732 721 721 728 728 723 723 727 727 723 723 728 728 723 723 727 727 725 725 636 636 659 659 637 637 661 661 637 637 659 659 637 637 661 661 652 652 663 663 652 652 661 661 652 652 663 663 658 658 665 665 658 658 663 663 658 658 665 665 657 657 667 667 657 657 665 665 657 657 667 667 681 681 699 699 681 681 667 667 681 681 699 699 680 680 701 701 680 680 699 699 680 680 701 701 609 609 772 772 609 609 701 701 609 609 772 772 610 610 76 76 75 75 773 773 46 46 774 774 44 44 775 775 44 44 774 774 44 44 775 775 776 776 777 777 776 776 775 775 778 778 777 777 779 779 775 775 779 779 777 777 779 779 775 775 780 780 774 774 780 780 775 775 781 781 782 782 783 783 784 784 783 783 782 782 783 783 784 784 785 785 773 773 785 785 784 784 785 785 773 773 786 786 734 734 787 787 735 735 788 788 735 735 787 787 735 735 788 788 736 736 789 789 736 736 788 788 736 736 789 789 739 739 42 42 739 739 789 789 739 739 42 42 737 737 772 772 737 737 42 42 737 737 772 772 738 738 701 701 738 738 772 772 738 738 701 701 736 736 700 700 736 736 701 701 736 736 700 700 714 714 698 698 714 714 700 700 714 714 698 698 713 713 697 697 713 713 698 698 713 713 697 697 712 712 695 695 712 712 697 697 712 712 695 695 711 711 693 693 711 711 695 695 711 711 693 693 710 710 691 691 710 710 693 693 790 790 791 791 792 792 39 39 793 793 794 794 794 794 40 40 39 39 42 42 39 39 40 40 39 39 42 42 795 795 789 789 795 795 42 42 795 795 789 789 796 796 788 788 796 796 789 789 796 796 788 788 797 797 787 787 797 797 788 788 793 793 39 39 798 798 799 799 798 798 39 39 798 798 799 799 800 800 801 801 802 802 803 803 804 804 805 805 806 806 790 790 792 792 807 807 801 801 807 807 792 792 807 807 801 801 804 804 803 803 804 804 801 801 804 804 803 803 808 808 809 809 810 810 811 811 43 43 791 791 812 812 790 790 812 812 791 791 812 812 790 790 813 813 807 807 813 813 790 790 813 813 807 807 814 814 804 804 814 814 807 807 814 814 804 804 815 815 816 816 815 815 804 804 815 815 816 816 817 817 811 811 810 810 818 818 819 819 818 818 810 810 818 818 819 819 820 820 821 821 822 822 823 823 824 824 825 825 821 821 43 43 40 40 791 791 794 794 791 791 40 40 791 791 794 794 792 792 793 793 792 792 794 794 792 792 793 793 801 801 798 798 801 801 793 793 801 801 798 798 802 802 800 800 802 802 798 798 802 802 800 800 803 803 821 821 803 803 800 800 803 803 821 821 808 808 825 825 808 808 821 821 808 808 825 825 804 804 824 824 804 804 825 825 804 804 824 824 805 805 821 821 805 805 824 824 805 805 821 821 806 806 823 823 806 806 821 821 806 806 823 823 804 804 822 822 804 804 823 823 804 804 822 822 816 816 821 821 816 816 822 822 816 816 821 821 817 817 826 826 817 817 821 821 817 817 826 826 827 827 828 828 829 829 781 781 830 830 781 781 829 829 781 781 830 830 782 782 38 38 37 37 831 831 605 605 606 606 604 604 607 607 604 604 606 606 604 604 607 607 603 603 608 608 603 603 607 607 603 603 608 608 602 602 77 77 602 602 608 608 602 602 77 77 601 601 76 76 601 601 77 77 601 601 76 76 832 832 773 773 832 832 76 76 832 832 773 773 833 833 784 784 833 833 773 773 833 833 784 784 834 834 782 782 834 834 784 784 834 834 782 782 835 835 830 830 835 835 782 782 835 835 830 830 836 836 837 837 836 836 830 830 98 98 92 92 558 558 564 564 558 558 92 92 558 558 564 564 560 560 572 572 560 560 564 564 560 560 572 572 600 600 601 601 600 600 572 572 600 600 601 601 599 599 832 832 599 599 601 601 599 599 832 832 598 598 833 833 598 598 832 832 598 598 833 833 597 597 834 834 597 597 833 833 597 597 834 834 596 596 835 835 596 596 834 834 596 596 835 835 583 583 836 836 583 583 835 835 583 583 836 836 582 582 837 837 582 582 836 836 582 582 837 837 593 593 838 838 593 593 837 837 593 593 838 838 594 594 839 839 594 594 838 838 594 594 839 839 595 595 840 840 841 841 842 842 843 843 842 842 841 841 842 842 843 843 844 844 845 845 844 844 843 843 844 844 845 845 846 846 120 120 119 119 847 847 848 848 847 847 119 119 847 847 848 848 849 849 850 850 849 849 848 848 849 849 850 850 851 851 297 297 840 840 35 35 842 842 35 35 840 840 35 35 842 842 36 36 844 844 36 36 842 842 36 36 844 844 852 852 846 846 852 852 844 844 852 852 846 846 853 853 854 854 33 33 855 855 32 32 855 855 33 33 855 855 32 32 856 856 853 853 857 857 852 852 851 851 852 852 857 857 852 852 851 851 36 36 850 850 36 36 851 851 36 36 850 850 34 34 848 848 34 34 850 850 34 34 848 848 295 295 119 119 295 295 848 848 295 295 119 119 293 293 118 118 293 293 119 119 293 293 118 118 291 291 590 590 839 839 592 592 838 838 592 592 839 839 592 592 838 838 33 33 837 837 33 33 838 838 33 33 837 837 31 31 830 830 31 31 837 837 31 31 830 830 858 858 829 829 858 858 830 830 858 858 829 829 859 859 828 828 859 859 829 829 859 859 828 828 860 860 861 861 862 862 863 863 864 864 863 863 862 862 863 863 864 864 865 865 866 866 865 865 864 864 818 818 867 867 811 811 868 868 811 811 867 867 811 811 868 868 809 809 869 869 809 809 868 868 809 809 869 869 778 778 870 870 778 778 869 869 778 778 870 870 777 777 871 871 777 777 870 870 777 777 871 871 776 776 872 872 873 873 874 874 875 875 861 861 876 876 863 863 876 876 861 861 876 876 863 863 877 877 865 865 877 877 863 863 860 860 877 877 859 859 865 865 859 859 877 877 859 859 865 865 858 858 866 866 858 858 865 865 858 858 866 866 31 31 864 864 31 31 866 866 31 31 864 864 32 32 862 862 32 32 864 864 32 32 862 862 856 856 878 878 879 879 880 880 880 880 881 881 878 878 882 882 878 878 881 881 878 878 882 882 883 883 883 883 884 884 878 878 885 885 878 878 884 884 878 878 885 885 879 879 854 854 879 879 885 885 29 29 28 28 886 886 887 887 886 886 28 28 886 886 887 887 25 25 888 888 25 25 887 887 25 25 888 888 26 26 25 25 889 889 886 886 890 890 886 886 889 889 886 886 890 890 29 29 891 891 29 29 890 890 29 29 891 891 30 30 892 892 30 30 891 891 30 30 892 892 893 893 894 894 893 893 892 892 895 895 896 896 897 897 880 880 898 898 881 881 899 899 881 881 898 898 881 881 899 899 882 882 900 900 882 882 899 899 882 882 900 900 901 901 902 902 903 903 901 901 901 901 903 903 882 882 895 895 882 882 903 903 882 882 895 895 883 883 897 897 883 883 895 895 883 883 897 897 884 884 854 854 888 888 879 879 887 887 879 879 888 888 879 879 887 887 880 880 28 28 880 880 887 887 880 880 28 28 898 898 30 30 898 898 28 28 898 898 30 30 899 899 893 893 899 899 30 30 899 899 893 893 904 904 894 894 904 904 893 893 904 904 894 894 905 905 906 906 905 905 907 907 894 894 907 907 905 905 907 907 894 894 908 908 892 892 908 908 894 894 908 908 892 892 909 909 891 891 909 909 892 892 909 909 891 891 910 910 890 890 910 910 891 891 910 910 890 890 911 911 889 889 911 911 890 890 911 911 889 889 912 912 25 25 912 912 889 889 912 912 25 25 913 913 27 27 913 913 25 25 914 914 915 915 419 419 916 916 419 419 915 915 419 419 916 916 420 420 917 917 420 420 916 916 420 420 917 917 421 421 918 918 421 421 917 917 421 421 918 918 411 411 370 370 411 411 918 918 411 411 370 370 412 412 409 409 412 412 370 370 412 412 409 409 440 440 408 408 440 440 409 409 440 440 408 408 441 441 406 406 441 441 408 408 441 441 406 406 442 442 405 405 442 442 406 406 442 442 405 405 443 443 455 455 443 443 405 405 443 443 455 455 444 444 457 457 444 444 455 455 444 444 457 457 434 434 459 459 434 434 457 457 434 434 459 459 429 429 465 465 429 429 459 459 429 429 465 465 430 430 467 467 430 430 465 465 430 430 467 467 431 431 469 469 431 431 467 467 431 431 469 469 438 438 554 554 450 450 555 555 449 449 555 555 450 450 555 555 449 449 556 556 557 557 556 556 449 449 556 556 557 557 552 552 550 550 552 552 557 557 552 552 550 550 551 551 502 502 551 551 550 550 551 551 502 502 460 460 504 504 460 460 502 502 460 460 504 504 103 103 547 547 103 103 504 504 103 103 547 547 104 104 546 546 104 104 547 547 104 104 546 546 463 463 545 545 463 463 546 546 463 463 545 545 464 464 544 544 464 464 545 545 464 464 544 544 466 466 543 543 466 466 544 544 466 466 543 543 468 468 542 542 468 468 543 543 468 468 542 542 469 469 541 541 469 469 542 542 469 469 541 541 438 438 416 416 438 438 541 541 438 438 416 416 439 439 413 413 439 439 416 416 439 439 413 413 424 424 415 415 424 424 413 413 424 424 415 415 365 365 360 360 365 365 415 415 365 365 360 360 363 363 301 301 363 363 360 360 363 363 301 301 361 361 302 302 361 361 301 301 361 361 302 302 366 366 303 303 366 366 302 302 366 366 303 303 419 419 919 919 419 419 303 303 419 419 919 919 914 914 920 920 921 921 922 922 921 921 920 920 923 923 924 924 923 923 920 920 923 923 924 924 925 925 926 926 925 925 924 924 925 925 926 926 927 927 928 928 927 927 926 926 927 927 928 928 929 929 820 820 930 930 818 818 931 931 818 818 930 930 818 818 931 931 867 867 932 932 867 867 931 931 867 867 932 932 933 933 934 934 933 933 932 932 933 933 934 934 935 935 936 936 935 935 934 934 935 935 936 936 937 937 938 938 937 937 936 936 75 75 45 45 773 773 44 44 773 773 45 45 773 773 44 44 786 786 776 776 786 786 44 44 786 786 776 776 785 785 871 871 785 785 776 776 785 785 871 871 783 783 870 870 783 783 871 871 783 783 870 870 781 781 869 869 781 781 870 870 781 781 869 869 828 828 868 868 828 828 869 869 828 828 868 868 860 860 867 867 860 860 868 868 860 860 867 867 877 877 933 933 877 877 867 867 877 877 933 933 876 876 935 935 876 876 933 933 876 876 935 935 875 875 937 937 875 875 935 935 875 875 937 937 939 939 938 938 939 939 937 937 939 939 938 938 940 940 941 941 940 940 938 938 940 940 941 941 942 942 943 943 944 944 945 945 946 946 947 947 948 948 949 949 948 948 947 947 948 948 949 949 950 950 951 951 950 950 949 949 950 950 951 951 952 952 947 947 942 942 949 949 941 941 949 949 942 942 949 949 941 941 951 951 953 953 951 951 941 941 951 951 953 953 952 952 954 954 952 952 953 953 934 934 943 943 936 936 945 945 936 936 943 943 936 936 945 945 938 938 955 955 938 938 945 945 938 938 955 955 941 941 956 956 941 941 955 955 941 941 956 956 953 953 957 957 953 953 956 956 953 953 957 957 954 954 958 958 928 928 959 959 926 926 959 959 928 928 959 959 926 926 960 960 924 924 960 960 926 926 960 960 924 924 961 961 920 920 961 961 924 924 961 961 920 920 962 962 922 922 962 962 920 920 962 962 922 922 963 963 964 964 965 965 966 966 967 967 966 966 965 965 966 966 967 967 968 968 929 929 968 968 967 967 929 929 928 928 968 968 958 958 968 968 928 928 968 968 958 958 966 966 969 969 966 966 958 958 966 966 969 969 964 964 970 970 971 971 972 972 973 973 972 972 971 971 972 972 973 973 974 974 975 975 976 976 977 977 978 978 977 977 979 979 976 976 979 979 977 977 979 979 976 976 980 980 981 981 982 982 17 17 983 983 17 17 982 982 984 984 985 985 16 16 984 984 16 16 986 986 987 987 988 988 989 989 16 16 990 990 991 991 986 986 992 992 984 984 17 17 984 984 992 992 984 984 17 17 985 985 24 24 985 985 17 17 985 985 24 24 16 16 23 23 16 16 24 24 16 16 23 23 990 990 17 17 990 990 23 23 990 990 17 17 991 991 993 993 991 991 17 17 991 991 993 993 16 16 994 994 16 16 993 993 16 16 994 994 17 17 993 993 17 17 994 994 948 948 17 17 946 946 992 992 946 946 17 17 946 946 992 992 18 18 986 986 18 18 992 992 18 18 986 986 995 995 16 16 995 995 986 986 995 995 16 16 987 987 18 18 987 987 16 16 987 987 18 18 996 996 20 20 996 996 18 18 996 996 20 20 987 987 19 19 987 987 20 20 987 987 19 19 988 988 18 18 988 988 19 19 988 988 18 18 989 989 22 22 989 989 18 18 989 989 22 22 987 987 21 21 987 987 22 22 987 987 21 21 995 995 18 18 995 995 21 21 854 854 855 855 888 888 856 856 888 888 855 855 888 888 856 856 26 26 862 862 26 26 856 856 26 26 862 862 27 27 861 861 27 27 862 862 27 27 861 861 963 963 875 875 963 963 861 861 963 963 875 875 962 962 939 939 962 962 875 875 962 962 939 939 961 961 940 940 961 961 939 939 961 961 940 940 960 960 942 942 960 960 940 940 960 960 942 942 959 959 947 947 959 959 942 942 959 959 947 947 958 958 946 946 958 958 947 947 958 958 946 946 969 969 18 18 969 969 946 946 969 969 18 18 964 964 349 349 964 964 18 18 964 964 349 349 965 965 906 906 965 965 349 349 965 965 906 906 967 967 907 907 967 967 906 906 967 967 907 907 929 929 908 908 929 929 907 907 929 929 908 908 927 927 909 909 927 927 908 908 927 927 909 909 925 925 910 910 925 925 909 909 925 925 910 910 923 923 911 911 923 923 910 910 923 923 911 911 921 921 912 912 921 921 911 911 921 921 912 912 922 922 913 913 922 922 912 912 922 922 913 913 963 963 27 27 963 963 913 913 975 975 977 977 17 17 978 978 17 17 977 977 17 17 978 978 981 981 979 979 981 981 978 978 981 981 979 979 982 982 980 980 982 982 979 979 982 982 980 980 983 983 997 997 998 998 999 999 957 957 999 999 998 998 957 957 1000 1000 999 999 1001 1001 999 999 1000 1000 999 999 1001 1001 997 997 17 17 997 997 1001 1001 997 997 17 17 998 998 983 983 998 998 17 17 998 998 983 983 957 957 980 980 957 957 983 983 957 957 980 980 954 954 976 976 954 954 980 980 954 954 976 976 970 970 975 975 970 970 976 976 970 970 975 975 971 971 17 17 971 971 975 975 971 971 17 17 973 973 948 948 973 973 17 17 973 973 948 948 974 974 950 950 974 974 948 948 974 974 950 950 972 972 952 952 972 972 950 950 972 972 952 952 970 970 954 954 970 970 952 952 1002 1002 120 120 1003 1003 847 847 1003 1003 120 120 1003 1003 847 847 1004 1004 849 849 1004 1004 847 847 1004 1004 849 849 1005 1005 851 851 1005 1005 849 849 1005 1005 851 851 1006 1006 857 857 1006 1006 851 851 1006 1006 857 857 1007 1007 853 853 1007 1007 857 857 1007 1007 853 853 1008 1008 761 761 831 831 762 762 37 37 762 762 831 831 762 762 37 37 767 767 39 39 767 767 37 37 767 767 39 39 766 766 795 795 766 766 39 39 766 766 795 795 765 765 796 796 765 765 795 795 765 765 796 796 764 764 797 797 764 764 796 796 764 764 797 797 730 730 787 787 730 730 797 797 730 730 787 787 729 729 734 734 729 729 787 787 729 729 734 734 727 727 702 702 727 727 734 734 727 727 702 702 725 725 58 58 725 725 702 702 725 725 58 58 726 726 57 57 726 726 58 58 726 726 57 57 677 677 710 710 677 677 57 57 677 677 710 710 678 678 691 691 678 678 710 710 678 678 691 691 669 669 690 690 669 669 691 691 669 669 690 690 671 671 660 660 671 671 690 690 671 671 660 660 673 673 659 659 673 673 660 660 673 673 659 659 674 674 636 636 674 674 659 659 674 674 636 636 683 683 639 639 683 683 636 636 683 683 639 639 684 684 641 641 684 684 639 639 684 684 641 641 206 206 69 69 206 206 641 641 206 206 69 69 204 204 71 71 204 204 69 69 204 204 71 71 202 202 74 74 202 202 71 71 202 202 74 74 213 213 73 73 213 213 74 74 213 213 73 73 608 608 72 72 608 608 73 73 608 608 72 72 77 77 614 614 77 77 72 72 77 77 614 614 75 75 612 612 75 75 614 614 75 75 612 612 45 45 610 610 45 45 612 612 45 45 610 610 46 46 772 772 46 46 610 610 46 46 772 772 774 774 42 42 774 774 772 772 774 774 42 42 780 780 41 41 780 780 42 42 780 780 41 41 779 779 43 43 779 779 41 41 779 779 43 43 778 778 812 812 778 778 43 43 778 778 812 812 809 809 813 813 809 809 812 812 809 809 813 813 810 810 814 814 810 810 813 813 810 810 814 814 819 819 815 815 819 819 814 814 819 819 815 815 820 820 817 817 820 820 815 815 820 820 817 817 930 930 827 827 930 930 817 817 930 930 827 827 931 931 1009 1009 931 931 827 827 931 931 1009 1009 932 932 872 872 932 932 1009 1009 932 932 872 872 934 934 874 874 934 934 872 872 934 934 874 874 943 943 873 873 943 943 874 874 943 943 873 873 944 944 841 841 587 587 843 843 589 589 843 843 587 587 843 843 589 589 845 845 591 591 845 845 589 589 845 845 591 591 846 846 592 592 846 846 591 591 846 846 592 592 853 853 33 33 853 853 592 592 853 853 33 33 1008 1008 854 854 1008 1008 33 33 1008 1008 854 854 1007 1007 885 885 1007 1007 854 854 1007 1007 885 885 1006 1006 884 884 1006 1006 885 885 1006 1006 884 884 1005 1005 897 897 1005 1005 884 884 1005 1005 897 897 1004 1004 896 896 1004 1004 897 897 1004 1004 896 896 1003 1003 895 895 1003 1003 896 896 1003 1003 895 895 1002 1002 903 903 1002 1002 895 895 1002 1002 903 903 1010 1010 902 902 1010 1010 903 903 1011 1011 1012 1012 1013 1013 1014 1014 1015 1015 1016 1016 1013 1013 1016 1016 1015 1015 1016 1016 1013 1013 1017 1017 1012 1012 1017 1017 1013 1013 1017 1017 1012 1012 1018 1018 14 14 171 171 15 15 143 143 15 15 171 171 15 15 143 143 1019 1019 142 142 1019 1019 143 143 1019 1019 142 142 169 169 144 144 169 169 142 142 169 169 144 144 167 167 1018 1018 1020 1020 1017 1017 1021 1021 1017 1017 1020 1020 1017 1017 1021 1021 1016 1016 1022 1022 1016 1016 1021 1021 1016 1016 1022 1022 1014 1014 10 10 1014 1014 1022 1022 12 12 1023 1023 10 10 1024 1024 10 10 1023 1023 10 10 1024 1024 1014 1014 1025 1025 1014 1014 1024 1024 1014 1014 1025 1025 1015 1015 1026 1026 1015 1015 1025 1025 1015 1015 1026 1026 1013 1013 1027 1027 1013 1013 1026 1026 1013 1013 1027 1027 1011 1011 1020 1020 1028 1028 1021 1021 1029 1029 1021 1021 1028 1028 1021 1021 1029 1029 1022 1022 1030 1030 1022 1022 1029 1029 1022 1022 1030 1030 10 10 1031 1031 10 10 1030 1030 10 10 1031 1031 11 11 1032 1032 11 11 1031 1031 11 11 1032 1032 12 12 1033 1033 1034 1034 1035 1035 1036 1036 1035 1035 1034 1034 1035 1035 1036 1036 1037 1037 1038 1038 1037 1037 1036 1036 1037 1037 1038 1038 1039 1039 1040 1040 1039 1039 1038 1038 1039 1039 1040 1040 1032 1032 1041 1041 1032 1032 1040 1040 1032 1032 1041 1041 12 12 1042 1042 1043 1043 1044 1044 1045 1045 1044 1044 1043 1043 1046 1046 1033 1033 1047 1047 1035 1035 1047 1047 1033 1033 1047 1047 1035 1035 1048 1048 1037 1037 1048 1048 1035 1035 1048 1048 1037 1037 1049 1049 1039 1039 1049 1049 1037 1037 1049 1049 1039 1039 1050 1050 1032 1032 1050 1050 1039 1039 1011 1011 13 13 1012 1012 15 15 1012 1012 13 13 1012 1012 15 15 1018 1018 1019 1019 1018 1018 15 15 1018 1018 1019 1019 1020 1020 169 169 1020 1020 1019 1019 1020 1020 169 169 1028 1028 1051 1051 1028 1028 169 169 1028 1028 1051 1051 1029 1029 1052 1052 1029 1029 1051 1051 1029 1029 1052 1052 1030 1030 1053 1053 1030 1030 1052 1052 1030 1030 1053 1053 1031 1031 1054 1054 1031 1031 1053 1053 1031 1031 1054 1054 1032 1032 1055 1055 1032 1032 1054 1054 1032 1032 1055 1055 1050 1050 1056 1056 1057 1057 1058 1058 1059 1059 1058 1058 1057 1057 1058 1058 1059 1059 1060 1060 1061 1061 1058 1058 1062 1062 1060 1060 1062 1062 1058 1058 1062 1062 1060 1060 1063 1063 1064 1064 1063 1063 1060 1060 1059 1059 1065 1065 1060 1060 1066 1066 1060 1060 1065 1065 1060 1060 1066 1066 1064 1064 1067 1067 1064 1064 1066 1066 1064 1064 1067 1067 1068 1068 1068 1068 1069 1069 1064 1064 9 9 1064 1064 1069 1069 1064 1064 9 9 1063 1063 8 8 1063 1063 9 9 1063 1063 8 8 1062 1062 7 7 1062 1062 8 8 1062 1062 7 7 1061 1061 1070 1070 145 145 1056 1056 135 135 1056 1056 145 145 1056 1056 135 135 1057 1057 137 137 1057 1057 135 135 1057 1057 137 137 1059 1059 1071 1071 1059 1059 137 137 1059 1059 1071 1071 1065 1065 1072 1072 1065 1065 1071 1071 1065 1065 1072 1072 1066 1066 1073 1073 1066 1066 1072 1072 1066 1066 1073 1073 1067 1067 1074 1074 1067 1067 1073 1073 1067 1067 1074 1074 1068 1068 1075 1075 1068 1068 1074 1074 1068 1068 1075 1075 1069 1069 1076 1076 1069 1069 1075 1075 1069 1069 1076 1076 1077 1077 1078 1078 1077 1077 1076 1076 1079 1079 1046 1046 1080 1080 1047 1047 1080 1080 1046 1046 1080 1080 1047 1047 1081 1081 1048 1048 1081 1081 1047 1047 1081 1081 1048 1048 1082 1082 1049 1049 1082 1082 1048 1048 1082 1082 1049 1049 1083 1083 1050 1050 1083 1083 1049 1049 1083 1083 1050 1050 1084 1084 1055 1055 1084 1084 1050 1050 1084 1084 1055 1055 1078 1078 1054 1054 1078 1078 1055 1055 1078 1078 1054 1054 1077 1077 1053 1053 1077 1077 1054 1054 1077 1077 1053 1053 1069 1069 1052 1052 1069 1069 1053 1053 1069 1069 1052 1052 9 9 1051 1051 9 9 1052 1052 9 9 1051 1051 7 7 169 169 7 7 1051 1051 7 7 169 169 1061 1061 166 166 1061 1061 169 169 1061 1061 166 166 1058 1058 155 155 1058 1058 166 166 1058 1058 155 155 1056 1056 157 157 1056 1056 155 155 1056 1056 157 157 1070 1070 1085 1085 1086 1086 1087 1087 1088 1088 1087 1087 1086 1086 1087 1087 1088 1088 1089 1089 1090 1090 1089 1089 1088 1088 1089 1089 1090 1090 1091 1091 1092 1092 1091 1091 1090 1090 1091 1091 1092 1092 1045 1045 1093 1093 1045 1045 1092 1092 1045 1045 1093 1093 1044 1044 1094 1094 1095 1095 1085 1085 1096 1096 1085 1085 1095 1095 1085 1085 1096 1096 1086 1086 1097 1097 1094 1094 1098 1098 1085 1085 1098 1098 1094 1094 1098 1098 1085 1085 1099 1099 1087 1087 1099 1099 1085 1085 1099 1099 1087 1087 1100 1100 1089 1089 1100 1100 1087 1087 1100 1100 1089 1089 1101 1101 1091 1091 1101 1101 1089 1089 1101 1101 1091 1091 1102 1102 1045 1045 1102 1102 1091 1091 1102 1102 1045 1045 1103 1103 1043 1043 1103 1103 1045 1045 1104 1104 1105 1105 1106 1106 1107 1107 1106 1106 1105 1105 1106 1106 1107 1107 1108 1108 1109 1109 1104 1104 1110 1110 1106 1106 1110 1110 1104 1104 1110 1110 1106 1106 1111 1111 1112 1112 1097 1097 1113 1113 1098 1098 1113 1113 1097 1097 1113 1113 1098 1098 1114 1114 1099 1099 1114 1114 1098 1098 1114 1114 1099 1099 1115 1115 1100 1100 1115 1115 1099 1099 1115 1115 1100 1100 1116 1116 1101 1101 1116 1116 1100 1100 1116 1116 1101 1101 1117 1117 1102 1102 1117 1117 1101 1101 1117 1117 1102 1102 1079 1079 1103 1103 1079 1079 1102 1102 1079 1079 1103 1103 1046 1046 1043 1043 1046 1046 1103 1103 1046 1046 1043 1043 1033 1033 1042 1042 1033 1033 1043 1043 1033 1033 1042 1042 1034 1034 1118 1118 1119 1119 1120 1120 1121 1121 1120 1120 1119 1119 1120 1120 1121 1121 1122 1122 1123 1123 1122 1122 1121 1121 1122 1122 1123 1123 1124 1124 6 6 1109 1109 1118 1118 1110 1110 1118 1118 1109 1109 1118 1118 1110 1110 1119 1119 1111 1111 1119 1119 1110 1110 1119 1119 1111 1111 1121 1121 1125 1125 1121 1121 1111 1111 1121 1121 1125 1125 1123 1123 1126 1126 1123 1123 1125 1125 1123 1123 1126 1126 1124 1124 1127 1127 1124 1124 1126 1126 81 81 1127 1127 82 82 1126 1126 82 82 1127 1127 82 82 1126 1126 1128 1128 1125 1125 1128 1128 1126 1126 1128 1128 1125 1125 1112 1112 1111 1111 1112 1112 1125 1125 1112 1112 1111 1111 1097 1097 1106 1106 1097 1097 1111 1111 1097 1097 1106 1106 1094 1094 1108 1108 1094 1094 1106 1106 1094 1094 1108 1108 1095 1095 5 5 4 4 224 224 1129 1129 224 224 4 4 224 224 1129 1129 243 243 1130 1130 243 243 1129 1129 243 243 1130 1130 245 245 1131 1131 245 245 1130 1130 245 245 1131 1131 247 247 1132 1132 247 247 1131 1131 247 247 1132 1132 249 249 1133 1133 249 249 1132 1132 249 249 1133 1133 353 353 1134 1134 353 353 1133 1133 353 353 1134 1134 352 352 273 273 352 352 1134 1134 352 352 273 273 268 268 275 275 268 268 273 273 268 268 275 275 269 269 277 277 269 269 275 275 269 269 277 277 271 271 1135 1135 271 271 277 277 271 271 1135 1135 290 290 1136 1136 290 290 1135 1135 290 290 1136 1136 289 289 588 588 586 586 590 590 585 585 590 590 586 586 590 590 585 585 839 839 83 83 839 839 585 585 839 839 83 83 595 595 82 82 595 595 83 83 595 595 82 82 84 84 1128 1128 84 84 82 82 84 84 1128 1128 80 80 1112 1112 80 80 1128 1128 80 80 1112 1112 88 88 1113 1113 88 88 1112 1112 88 88 1113 1113 87 87 1114 1114 87 87 1113 1113 87 87 1114 1114 89 89 1115 1115 89 89 1114 1114 89 89 1115 1115 90 90 1116 1116 90 90 1115 1115 90 90 1116 1116 578 578 1117 1117 578 578 1116 1116 578 578 1117 1117 580 580 1079 1079 580 580 1117 1117 580 580 1079 1079 581 581 1080 1080 581 581 1079 1079 581 581 1080 1080 96 96 1081 1081 96 96 1080 1080 96 96 1081 1081 97 97 1082 1082 97 97 1081 1081 97 97 1082 1082 98 98 1083 1083 98 98 1082 1082 98 98 1083 1083 93 93 1084 1084 93 93 1083 1083 93 93 1084 1084 94 94 1078 1078 94 94 1084 1084 94 94 1078 1078 567 567 1076 1076 567 567 1078 1078 567 567 1076 1076 569 569 1075 1075 569 569 1076 1076 569 569 1075 1075 571 571 1074 1074 571 571 1075 1075 477 477 356 356 506 506 355 355 506 506 356 356 506 506 355 355 513 513 540 540 513 513 355 355 513 513 540 540 514 514 527 527 514 514 540 540 514 514 527 527 515 515 526 526 515 515 527 527 515 515 526 526 516 516 525 525 516 516 526 526 516 516 525 525 517 517 524 524 517 517 525 525 517 517 524 524 1137 1137 522 522 1137 1137 524 524 1137 1137 522 522 1138 1138 521 521 1138 1138 522 522 1138 1138 521 521 1139 1139 539 539 1139 1139 521 521 1139 1139 539 539 1140 1140 538 538 1140 1140 539 539 1140 1140 538 538 1141 1141 1142 1142 1141 1141 538 538 1142 1142 535 535 1141 1141 533 533 1141 1141 535 535 1141 1141 533 533 1140 1140 531 531 1140 1140 533 533 1140 1140 531 531 1139 1139 529 529 1139 1139 531 531 1139 1139 529 529 1138 1138 528 528 1138 1138 529 529 1138 1138 528 528 1137 1137 1143 1143 1137 1137 528 528 1137 1137 1143 1143 517 517 490 490 517 517 1143 1143 517 517 490 490 512 512 486 486 512 512 490 490 512 512 486 486 511 511 482 482 511 511 486 486 511 511 482 482 472 472 481 481 472 472 482 482 472 472 481 481 471 471 479 479 471 471 481 481 471 471 479 479 256 256 478 478 256 256 479 479 256 256 478 478 255 255 260 260 255 255 478 478 255 255 260 260 254 254 237 237 254 254 260 260 254 254 237 237 253 253 238 238 253 253 237 237 253 253 238 238 130 130 487 487 130 130 238 238 130 130 487 487 131 131 1142 1142 1144 1144 535 535 1145 1145 535 535 1144 1144 535 535 1145 1145 536 536 1146 1146 536 536 1145 1145 536 536 1146 1146 534 534 1147 1147 534 534 1146 1146 534 534 1147 1147 532 532 1148 1148 532 532 1147 1147 532 532 1148 1148 530 530 1149 1149 530 530 1148 1148 530 530 1149 1149 528 528 1150 1150 528 528 1149 1149 528 528 1150 1150 1143 1143 1151 1151 1143 1143 1150 1150 1143 1143 1151 1151 490 490 1152 1152 490 490 1151 1151 490 490 1152 1152 264 264 1153 1153 264 264 1152 1152 264 264 1153 1153 262 262 265 265 262 262 1153 1153 262 262 265 265 231 231 267 267 231 231 265 265 231 231 267 267 232 232 6 6 1118 1118 4 4 1120 1120 4 4 1118 1118 4 4 1120 1120 1129 1129 1122 1122 1129 1129 1120 1120 1129 1129 1122 1122 1130 1130 1124 1124 1130 1130 1122 1122 1130 1130 1124 1124 1131 1131 1127 1127 1131 1131 1124 1124 1131 1131 1127 1127 1132 1132 81 81 1132 1132 1127 1127 1132 1132 81 81 1133 1133 584 584 1133 1133 81 81 1133 1133 584 584 1134 1134 586 586 1134 1134 584 584 1134 1134 586 586 273 273 588 588 273 273 586 586 273 273 588 588 274 274 587 587 274 274 588 588 274 274 587 587 276 276 841 841 276 276 587 587 276 276 841 841 277 277 840 840 277 277 841 841 277 277 840 840 1135 1135 297 297 1135 1135 840 840 1135 1135 297 297 1136 1136 296 296 1136 1136 297 297 1136 1136 296 296 289 289 294 294 289 289 296 296 289 289 294 294 287 287 292 292 287 287 294 294 287 287 292 292 354 354 291 291 354 354 292 292 354 354 291 291 476 476 118 118 476 476 291 291 476 476 118 118 477 477 120 120 477 477 118 118 477 477 120 120 356 356 1002 1002 356 356 120 120 356 356 1002 1002 300 300 1010 1010 300 300 1002 1002 300 300 1010 1010 298 298 902 902 298 298 1010 1010 298 298 902 902 303 303 901 901 303 303 902 902 303 303 901 901 919 919 900 900 919 919 901 901 919 919 900 900 914 914 899 899 914 914 900 900 914 914 899 899 915 915 904 904 915 915 899 899 915 915 904 904 916 916 905 905 916 916 904 904 916 916 905 905 917 917 906 906 917 917 905 905 917 917 906 906 918 918 349 349 918 918 906 906 918 918 349 349 370 370 350 350 370 370 349 349 370 370 350 350 371 371 305 305 371 371 350 350 371 371 305 305 116 116 304 304 116 116 305 305 116 116 304 304 117 117 348 348 117 117 304 304 117 117 348 348 382 382 347 347 382 382 348 348 382 382 347 347 383 383 346 346 383 383 347 347 383 383 346 346 384 384 345 345 384 384 346 346 384 384 345 345 381 381 344 344 381 381 345 345 381 381 344 344 373 373 343 343 373 373 344 344 373 373 343 343 374 374 113 113 374 374 343 343 374 374 113 113 376 376 112 112 376 376 113 113 376 376 112 112 111 111 378 378 111 111 112 112 111 111 378 378 110 110 388 388 110 110 378 378 110 110 388 388 108 108 394 394 108 108 388 388 108 108 394 394 385 385 392 392 385 385 394 394 385 385 392 392 554 554 390 390 554 554 392 392 554 554 390 390 450 450 389 389 450 450 390 390 450 450 389 389 451 451 395 395 451 451 389 389 451 451 395 395 106 106 470 470 106 106 395 395 106 106 470 470 548 548 1154 1154 1155 1155 1156 1156 1157 1157 1158 1158 1156 1156 1159 1159 1156 1156 1158 1158 1156 1156 1159 1159 1154 1154 1160 1160 1161 1161 1162 1162 1163 1163 1162 1162 1161 1161 1162 1162 1163 1163 1164 1164 1165 1165 1166 1166 1156 1156 1167 1167 1156 1156 1166 1166 1156 1156 1167 1167 1157 1157 1164 1164 1168 1168 1162 1162 1169 1169 1162 1162 1168 1168 1162 1162 1169 1169 1170 1170 1170 1170 1171 1171 1162 1162 1172 1172 1162 1162 1171 1171 1162 1162 1172 1172 1165 1165 1173 1173 1165 1165 1172 1172 1165 1165 1173 1173 1166 1166 1174 1174 1175 1175 1176 1176 1177 1177 1178 1178 1179 1179 1180 1180 1181 1181 1182 1182 1183 1183 1182 1182 1181 1181 1184 1184 1185 1185 1186 1186 1187 1187 1188 1188 1189 1189 1190 1190 1189 1189 1188 1188 1191 1191 1192 1192 1193 1193 1194 1194 1195 1195 1196 1196 1197 1197 1198 1198 1199 1199 1200 1200 1201 1201 1202 1202 1203 1203 1204 1204 1205 1205 1206 1206 1207 1207 1208 1208 1208 1208 1209 1209 1210 1210 1211 1211 1212 1212 1213 1213 1214 1214 1215 1215 1216 1216 1217 1217 1218 1218 1219 1219 1220 1220 1221 1221 1222 1222 1223 1223 1224 1224 1220 1220 1225 1225 1220 1220 1224 1224 1220 1220 1225 1225 1221 1221 1226 1226 1227 1227 1224 1224 1228 1228 1224 1224 1227 1227 1229 1229 1230 1230 1231 1231 1232 1232 1231 1231 1230 1230 1232 1232 1233 1233 1231 1231 1234 1234 1231 1231 1233 1233 1231 1231 1234 1234 1235 1235 1236 1236 1237 1237 1238 1238 1235 1235 1239 1239 1231 1231 1240 1240 1231 1231 1239 1239 1231 1231 1240 1240 1236 1236 1241 1241 1236 1236 1240 1240 1236 1236 1241 1241 1237 1237 1242 1242 1243 1243 1244 1244 1215 1215 1245 1245 1246 1246 1247 1247 1246 1246 1245 1245 1246 1246 1247 1247 1248 1248 1249 1249 1250 1250 1214 1214 1251 1251 1252 1252 1253 1253 1254 1254 1253 1253 1252 1252 1253 1253 1254 1254 1255 1255 1251 1251 1256 1256 1252 1252 1257 1257 1252 1252 1256 1256 1252 1252 1257 1257 1249 1249 1258 1258 1249 1249 1257 1257 1249 1249 1258 1258 1250 1250 1259 1259 1260 1260 1261 1261 1260 1260 1262 1262 1261 1261 1263 1263 1261 1261 1262 1262 1261 1261 1263 1263 1259 1259 1264 1264 1265 1265 1259 1259 1266 1266 1259 1259 1265 1265 1259 1259 1266 1266 1217 1217 1265 1265 1267 1267 1266 1266 1268 1268 1266 1266 1267 1267 1266 1266 1268 1268 1213 1213 1269 1269 1213 1213 1268 1268 1213 1213 1269 1269 1211 1211 1262 1262 1270 1270 1263 1263 1271 1271 1263 1263 1270 1270 1263 1263 1271 1271 1259 1259 1272 1272 1259 1259 1271 1271 1259 1259 1272 1272 1264 1264 1273 1273 1274 1274 1275 1275 1273 1273 1276 1276 1274 1274 1277 1277 1274 1274 1276 1276 1274 1274 1277 1277 1278 1278 1279 1279 1280 1280 1281 1281 1231 1231 1281 1281 1280 1280 1281 1281 1231 1231 1282 1282 1236 1236 1282 1282 1231 1231 1282 1282 1236 1236 1283 1283 1284 1284 1283 1283 1236 1236 1283 1283 1284 1284 1279 1279 1238 1238 1285 1285 1236 1236 1286 1286 1236 1236 1285 1285 1236 1236 1286 1286 1284 1284 1287 1287 1284 1284 1286 1286 1288 1288 1289 1289 1290 1290 1291 1291 1290 1290 1289 1289 1290 1290 1291 1291 1292 1292 1293 1293 1292 1292 1291 1291 1294 1294 1295 1295 1296 1296 1297 1297 1296 1296 1295 1295 1296 1296 1297 1297 1298 1298 1298 1298 1299 1299 1296 1296 1300 1300 1296 1296 1299 1299 1296 1296 1300 1300 1290 1290 1301 1301 1290 1290 1300 1300 1290 1290 1301 1301 1288 1288 1302 1302 1303 1303 1304 1304 1304 1304 1303 1303 1305 1305 1210 1210 1209 1209 1306 1306 1206 1206 1208 1208 1307 1307 1210 1210 1307 1307 1208 1208 1307 1307 1210 1210 1308 1308 1306 1306 1308 1308 1210 1210 1308 1308 1306 1306 1309 1309 1310 1310 1308 1308 1311 1311 1309 1309 1311 1311 1308 1308 1311 1311 1309 1309 1312 1312 1313 1313 1314 1314 1310 1310 1315 1315 1310 1310 1314 1314 1310 1310 1315 1315 1308 1308 1316 1316 1308 1308 1315 1315 1308 1308 1316 1316 1307 1307 1317 1317 1307 1307 1316 1316 1307 1307 1317 1317 1206 1206 1318 1318 1319 1319 1320 1320 1321 1321 1320 1320 1319 1319 1320 1320 1321 1321 1322 1322 1323 1323 1322 1322 1321 1321 1324 1324 1325 1325 1326 1326 1324 1324 1326 1326 1327 1327 1328 1328 1327 1327 1326 1326 1327 1327 1328 1328 1329 1329 1330 1330 1329 1329 1328 1328 1329 1329 1330 1330 1331 1331 1332 1332 1331 1331 1330 1330 1331 1331 1332 1332 1333 1333 1334 1334 1333 1333 1332 1332 1333 1333 1334 1334 1335 1335 1336 1336 1335 1335 1334 1334 1335 1335 1336 1336 1337 1337 1337 1337 1313 1313 1335 1335 1310 1310 1335 1335 1313 1313 1335 1335 1310 1310 1333 1333 1311 1311 1333 1333 1310 1310 1333 1333 1311 1311 1331 1331 1312 1312 1331 1331 1311 1311 1331 1331 1312 1312 1329 1329 1338 1338 1329 1329 1312 1312 1329 1329 1338 1338 1327 1327 1318 1318 1327 1327 1338 1338 1327 1327 1318 1318 1324 1324 1320 1320 1324 1324 1318 1318 1324 1324 1320 1320 1325 1325 1322 1322 1325 1325 1320 1320 1339 1339 1340 1340 1341 1341 1341 1341 1342 1342 1339 1339 1343 1343 1339 1339 1342 1342 1339 1339 1343 1343 1344 1344 1345 1345 1346 1346 1347 1347 1176 1176 1347 1347 1346 1346 1348 1348 1349 1349 1347 1347 1350 1350 1347 1347 1349 1349 1347 1347 1350 1350 1345 1345 1343 1343 1351 1351 1344 1344 1352 1352 1344 1344 1351 1351 1344 1344 1352 1352 1353 1353 1354 1354 1353 1353 1352 1352 1353 1353 1354 1354 1355 1355 1356 1356 1355 1355 1354 1354 1355 1355 1356 1356 1348 1348 1357 1357 1348 1348 1356 1356 1348 1348 1357 1357 1349 1349 1200 1200 1358 1358 1359 1359 1200 1200 1359 1359 1201 1201 1360 1360 1201 1201 1359 1359 1201 1201 1360 1360 1202 1202 1279 1279 1284 1284 1280 1280 1361 1361 1280 1280 1284 1284 1280 1280 1361 1361 1362 1362 1363 1363 1362 1362 1361 1361 1362 1362 1363 1363 1364 1364 1287 1287 1365 1365 1284 1284 1278 1278 1284 1284 1365 1365 1284 1284 1278 1278 1361 1361 1277 1277 1361 1361 1278 1278 1361 1361 1277 1277 1363 1363 1276 1276 1363 1363 1277 1277 1363 1363 1276 1276 1259 1259 1273 1273 1259 1259 1276 1276 1259 1259 1273 1273 1260 1260 1275 1275 1260 1260 1273 1273 1260 1260 1275 1275 1262 1262 1366 1366 1193 1193 1367 1367 1196 1196 1367 1367 1193 1193 1367 1367 1196 1196 1360 1360 1368 1368 1360 1360 1196 1196 1360 1360 1368 1368 1202 1202 1369 1369 1366 1366 1364 1364 1367 1367 1364 1364 1366 1366 1364 1364 1367 1367 1362 1362 1360 1360 1362 1362 1367 1367 1362 1362 1360 1360 1280 1280 1359 1359 1280 1280 1360 1360 1280 1280 1359 1359 1231 1231 1358 1358 1231 1231 1359 1359 1231 1231 1358 1358 1370 1370 1204 1204 1203 1203 1371 1371 1372 1372 1371 1371 1203 1203 1371 1371 1372 1372 1373 1373 1374 1374 1373 1373 1372 1372 1373 1373 1374 1374 1375 1375 1376 1376 1375 1375 1374 1374 1375 1375 1376 1376 1377 1377 1378 1378 1377 1377 1376 1376 1377 1377 1378 1378 1379 1379 1380 1380 1379 1379 1378 1378 1379 1379 1380 1380 1381 1381 1372 1372 1197 1197 1374 1374 1199 1199 1374 1374 1197 1197 1374 1374 1199 1199 1376 1376 1382 1382 1376 1376 1199 1199 1376 1376 1382 1382 1378 1378 1383 1383 1378 1378 1382 1382 1378 1378 1383 1383 1380 1380 1192 1192 1384 1384 1193 1193 1385 1385 1193 1193 1384 1384 1193 1193 1385 1385 1196 1196 1386 1386 1196 1196 1385 1385 1196 1196 1386 1386 1194 1194 1228 1228 1227 1227 1217 1217 1226 1226 1217 1217 1227 1227 1217 1217 1226 1226 1218 1218 1224 1224 1218 1218 1226 1226 1218 1218 1224 1224 1219 1219 1223 1223 1219 1219 1224 1224 1219 1219 1223 1223 1217 1217 1220 1220 1217 1217 1223 1223 1217 1217 1220 1220 1259 1259 1222 1222 1259 1259 1220 1220 1259 1259 1222 1222 1363 1363 1224 1224 1363 1363 1222 1222 1363 1363 1224 1224 1364 1364 1228 1228 1364 1364 1224 1224 1364 1364 1228 1228 1369 1369 1217 1217 1369 1369 1228 1228 1369 1369 1217 1217 1366 1366 1387 1387 1366 1366 1217 1217 1366 1366 1387 1387 1193 1193 1388 1388 1193 1193 1387 1387 1193 1193 1388 1388 1191 1191 1389 1389 1383 1383 1390 1390 1382 1382 1390 1390 1383 1383 1390 1390 1382 1382 1391 1391 1199 1199 1391 1391 1382 1382 1391 1391 1199 1199 1392 1392 1198 1198 1392 1392 1199 1199 1392 1392 1198 1198 1393 1393 1229 1229 1231 1231 1244 1244 1370 1370 1244 1244 1231 1231 1244 1244 1370 1370 1242 1242 1358 1358 1242 1242 1370 1370 1242 1242 1358 1358 1205 1205 1200 1200 1205 1205 1358 1358 1205 1205 1200 1200 1203 1203 1202 1202 1203 1203 1200 1200 1203 1203 1202 1202 1372 1372 1368 1368 1372 1372 1202 1202 1372 1372 1368 1368 1197 1197 1196 1196 1197 1197 1368 1368 1197 1197 1196 1196 1198 1198 1195 1195 1198 1198 1196 1196 1198 1198 1195 1195 1393 1393 1394 1394 1395 1395 1396 1396 1397 1397 1396 1396 1395 1395 1396 1396 1397 1397 1398 1398 1399 1399 1400 1400 1401 1401 1402 1402 1403 1403 1401 1401 1404 1404 1401 1401 1403 1403 1401 1401 1404 1404 1399 1399 1405 1405 1399 1399 1404 1404 1399 1399 1405 1405 1406 1406 1396 1396 1406 1406 1405 1405 1406 1406 1396 1396 1407 1407 1398 1398 1407 1407 1396 1396 1407 1407 1408 1408 1406 1406 1409 1409 1406 1406 1408 1408 1406 1406 1409 1409 1399 1399 1410 1410 1399 1399 1409 1409 1399 1399 1410 1410 1400 1400 1411 1411 1412 1412 1394 1394 1413 1413 1394 1394 1412 1412 1394 1394 1413 1413 1395 1395 1389 1389 1411 1411 1383 1383 1394 1394 1383 1383 1411 1411 1383 1383 1394 1394 1380 1380 1396 1396 1380 1380 1394 1394 1380 1380 1396 1396 1381 1381 1405 1405 1381 1381 1396 1396 1414 1414 1415 1415 1403 1403 1416 1416 1403 1403 1415 1415 1403 1403 1416 1416 1404 1404 1417 1417 1404 1404 1416 1416 1404 1404 1417 1417 1405 1405 1418 1418 1405 1405 1417 1417 1405 1405 1418 1418 1381 1381 1419 1419 1381 1381 1418 1418 1381 1381 1419 1419 1379 1379 1420 1420 1421 1421 1422 1422 1423 1423 1422 1422 1421 1421 1422 1422 1423 1423 1249 1249 1424 1424 1249 1249 1423 1423 1249 1249 1424 1424 1252 1252 1214 1214 1216 1216 1249 1249 1425 1425 1249 1249 1216 1216 1249 1249 1425 1425 1422 1422 1426 1426 1422 1422 1425 1425 1422 1422 1426 1426 1427 1427 1428 1428 1427 1427 1429 1429 1430 1430 1429 1429 1427 1427 1428 1428 1431 1431 1427 1427 1432 1432 1427 1427 1431 1431 1427 1427 1432 1432 1422 1422 1433 1433 1422 1422 1432 1432 1422 1422 1433 1433 1420 1420 1215 1215 1246 1246 1216 1216 1434 1434 1216 1216 1246 1246 1216 1216 1434 1434 1425 1425 1435 1435 1425 1425 1434 1434 1425 1425 1435 1435 1426 1426 1436 1436 1426 1426 1435 1435 1426 1426 1436 1436 1427 1427 1430 1430 1437 1437 1438 1438 1439 1439 1438 1438 1437 1437 1430 1430 1427 1427 1437 1437 1436 1436 1437 1437 1427 1427 1437 1437 1436 1436 1439 1439 1440 1440 1439 1439 1436 1436 1439 1439 1440 1440 1441 1441 1190 1190 1188 1188 1440 1440 1442 1442 1440 1440 1188 1188 1440 1440 1442 1442 1441 1441 1185 1185 1184 1184 1443 1443 1444 1444 1443 1443 1184 1184 1443 1443 1444 1444 1445 1445 1446 1446 1447 1447 1448 1448 1449 1449 1448 1448 1447 1447 1448 1448 1449 1449 1450 1450 1451 1451 1450 1450 1449 1449 1450 1450 1451 1451 1452 1452 1453 1453 1452 1452 1451 1451 1452 1452 1453 1453 1186 1186 1454 1454 1186 1186 1453 1453 1186 1186 1454 1454 1184 1184 1455 1455 1184 1184 1454 1454 1184 1184 1455 1455 1444 1444 1456 1456 1180 1180 1457 1457 1182 1182 1457 1457 1180 1180 1457 1457 1182 1182 1458 1458 1459 1459 1460 1460 1461 1461 1462 1462 1461 1461 1460 1460 1461 1461 1462 1462 1458 1458 1463 1463 1458 1458 1462 1462 1458 1458 1463 1463 1457 1457 1464 1464 1457 1457 1463 1463 1457 1457 1464 1464 1456 1456 1458 1458 1465 1465 1461 1461 1466 1466 1461 1461 1465 1465 1461 1461 1466 1466 1292 1292 1467 1467 1292 1292 1466 1466 1292 1292 1467 1467 1290 1290 1468 1468 1290 1290 1467 1467 1290 1290 1468 1468 1296 1296 1305 1305 1296 1296 1468 1468 1296 1296 1305 1305 1294 1294 1303 1303 1294 1294 1305 1305 1293 1293 1469 1469 1292 1292 1470 1470 1292 1292 1469 1469 1292 1292 1470 1470 1461 1461 1471 1471 1461 1461 1470 1470 1461 1461 1471 1471 1459 1459 1208 1208 1472 1472 1209 1209 1302 1302 1209 1209 1472 1472 1209 1209 1302 1302 1306 1306 1304 1304 1306 1306 1302 1302 1306 1306 1304 1304 1309 1309 1305 1305 1309 1309 1304 1304 1309 1309 1305 1305 1312 1312 1468 1468 1312 1312 1305 1305 1312 1312 1468 1468 1338 1338 1467 1467 1338 1338 1468 1468 1338 1338 1467 1467 1318 1318 1466 1466 1318 1318 1467 1467 1318 1318 1466 1466 1319 1319 1465 1465 1319 1319 1466 1466 1179 1179 1473 1473 1177 1177 1474 1474 1177 1177 1473 1473 1177 1177 1474 1474 1475 1475 1476 1476 1475 1475 1474 1474 1475 1475 1476 1476 1445 1445 1477 1477 1445 1445 1476 1476 1445 1445 1477 1477 1443 1443 1478 1478 1443 1443 1477 1477 1443 1443 1478 1478 1185 1185 1447 1447 1479 1479 1449 1449 1480 1480 1449 1449 1479 1479 1449 1449 1480 1480 1451 1451 1481 1481 1451 1451 1480 1480 1451 1451 1481 1481 1453 1453 1482 1482 1453 1453 1481 1481 1453 1453 1482 1482 1454 1454 1483 1483 1454 1454 1482 1482 1454 1454 1483 1483 1455 1455 1484 1484 1455 1455 1483 1483 1455 1455 1484 1484 1444 1444 1485 1485 1444 1444 1484 1484 1444 1444 1485 1485 1445 1445 1486 1486 1445 1445 1485 1485 1445 1445 1486 1486 1475 1475 1487 1487 1475 1475 1486 1486 1475 1475 1487 1487 1177 1177 1488 1488 1178 1178 1489 1489 1177 1177 1489 1489 1178 1178 1489 1489 1177 1177 1490 1490 1487 1487 1490 1490 1177 1177 1248 1248 1446 1446 1246 1246 1448 1448 1246 1246 1446 1446 1246 1246 1448 1448 1434 1434 1450 1450 1434 1434 1448 1448 1434 1434 1450 1450 1435 1435 1452 1452 1435 1435 1450 1450 1435 1435 1452 1452 1436 1436 1186 1186 1436 1436 1452 1452 1436 1436 1186 1186 1440 1440 1185 1185 1440 1440 1186 1186 1440 1440 1185 1185 1190 1190 1478 1478 1190 1190 1185 1185 1190 1190 1478 1478 1189 1189 1477 1477 1189 1189 1478 1478 1189 1189 1477 1477 1491 1491 1476 1476 1491 1491 1477 1477 1491 1491 1476 1476 1492 1492 1474 1474 1492 1492 1476 1476 1492 1492 1474 1474 1493 1493 1473 1473 1493 1493 1474 1474 1493 1493 1473 1473 1494 1494 1179 1179 1494 1494 1473 1473 1494 1494 1179 1179 1495 1495 1178 1178 1495 1495 1179 1179 1495 1495 1178 1178 1496 1496 1488 1488 1496 1496 1178 1178 1496 1496 1488 1488 1497 1497 1187 1187 1189 1189 1498 1498 1491 1491 1498 1498 1189 1189 1498 1498 1491 1491 1183 1183 1492 1492 1183 1183 1491 1491 1183 1183 1492 1492 1182 1182 1493 1493 1182 1182 1492 1492 1182 1182 1493 1493 1458 1458 1494 1494 1458 1458 1493 1493 1458 1458 1494 1494 1465 1465 1495 1495 1465 1465 1494 1494 1465 1465 1495 1495 1319 1319 1496 1496 1319 1319 1495 1495 1319 1319 1496 1496 1321 1321 1497 1497 1321 1321 1496 1496 1321 1321 1497 1497 1323 1323 1499 1499 1174 1174 1500 1500 1176 1176 1500 1500 1174 1174 1500 1500 1176 1176 1501 1501 1346 1346 1501 1501 1176 1176 1323 1323 1339 1339 1322 1322 1344 1344 1322 1322 1339 1339 1322 1322 1344 1344 1325 1325 1353 1353 1325 1325 1344 1344 1325 1325 1353 1353 1326 1326 1355 1355 1326 1326 1353 1353 1326 1326 1355 1355 1328 1328 1348 1348 1328 1328 1355 1355 1328 1328 1348 1348 1330 1330 1347 1347 1330 1330 1348 1348 1330 1330 1347 1347 1332 1332 1176 1176 1332 1332 1347 1347 1332 1332 1176 1176 1334 1334 1175 1175 1334 1334 1176 1176 1334 1334 1175 1175 1336 1336 1402 1402 1502 1502 1403 1403 1503 1503 1403 1403 1502 1502 1403 1403 1503 1503 1414 1414 1504 1504 1414 1414 1503 1503 1414 1414 1504 1504 1505 1505 1505 1505 1340 1340 1414 1414 1339 1339 1414 1414 1340 1340 1414 1414 1339 1339 1415 1415 1323 1323 1415 1415 1339 1339 1415 1415 1323 1323 1416 1416 1497 1497 1416 1416 1323 1323 1416 1416 1497 1497 1417 1417 1488 1488 1417 1417 1497 1497 1417 1417 1488 1488 1418 1418 1489 1489 1418 1418 1488 1488 1418 1418 1489 1489 1419 1419 1490 1490 1419 1419 1489 1489 1419 1419 1490 1490 1379 1379 1487 1487 1379 1379 1490 1490 1379 1379 1487 1487 1377 1377 1486 1486 1377 1377 1487 1487 1377 1377 1486 1486 1375 1375 1485 1485 1375 1375 1486 1486 1375 1375 1485 1485 1373 1373 1484 1484 1373 1373 1485 1485 1373 1373 1484 1484 1371 1371 1483 1483 1371 1371 1484 1484 1371 1371 1483 1483 1204 1204 1482 1482 1204 1204 1483 1483 1204 1204 1482 1482 1205 1205 1481 1481 1205 1205 1482 1482 1205 1205 1481 1481 1242 1242 1480 1480 1242 1242 1481 1481 1242 1242 1480 1480 1243 1243 1479 1479 1243 1243 1480 1480 1506 1506 1507 1507 1508 1508 1509 1509 1508 1508 1507 1507 1508 1508 1509 1509 1510 1510 1511 1511 1510 1510 1509 1509 1510 1510 1511 1511 1512 1512 1513 1513 1512 1512 1511 1511 1512 1512 1513 1513 1514 1514 1515 1515 1516 1516 1517 1517 1518 1518 1519 1519 1520 1520 1519 1519 1521 1521 1520 1520 1522 1522 1520 1520 1521 1521 1520 1520 1522 1522 1506 1506 1523 1523 1506 1506 1522 1522 1506 1506 1523 1523 1507 1507 1524 1524 1525 1525 1526 1526 1526 1526 1515 1515 1524 1524 1517 1517 1524 1524 1515 1515 1524 1524 1517 1517 1520 1520 1527 1527 1520 1520 1517 1517 1520 1520 1527 1527 1518 1518 1528 1528 1529 1529 1530 1530 1531 1531 1530 1530 1529 1529 1532 1532 1533 1533 1534 1534 1535 1535 1534 1534 1533 1533 1536 1536 1537 1537 1538 1538 1539 1539 1538 1538 1537 1537 1540 1540 1541 1541 1542 1542 1543 1543 1542 1542 1541 1541 1544 1544 1545 1545 1546 1546 1547 1547 1548 1548 1549 1549 1544 1544 1549 1549 1548 1548 1549 1549 1544 1544 1550 1550 1546 1546 1550 1550 1544 1544 1551 1551 1552 1552 1553 1553 1554 1554 1553 1553 1552 1552 1553 1553 1554 1554 1555 1555 1545 1545 1544 1544 1556 1556 1553 1553 1556 1556 1544 1544 1556 1556 1553 1553 1557 1557 1555 1555 1557 1557 1553 1553 1557 1557 1555 1555 1558 1558 1559 1559 1560 1560 1544 1544 1561 1561 1544 1544 1560 1560 1544 1544 1561 1561 1553 1553 1562 1562 1553 1553 1561 1561 1553 1553 1562 1562 1551 1551 616 616 1559 1559 618 618 1544 1544 618 618 1559 1559 618 618 1544 1544 1563 1563 1548 1548 1563 1563 1544 1544 1564 1564 1565 1565 1566 1566 1567 1567 1566 1566 1565 1565 1568 1568 1569 1569 1570 1570 1571 1571 1570 1570 1569 1569 1572 1572 1573 1573 1574 1574 1575 1575 1576 1576 1574 1574 1576 1576 1577 1577 1574 1574 1578 1578 1574 1574 1577 1577 1574 1574 1578 1578 1572 1572 1579 1579 1575 1575 1580 1580 1574 1574 1580 1580 1575 1575 1580 1580 1574 1574 1581 1581 1582 1582 1581 1581 1574 1574 1160 1160 1162 1162 1583 1583 1584 1584 1585 1585 1586 1586 1160 1160 1586 1586 1585 1585 1584 1584 1586 1586 1587 1587 1588 1588 1587 1587 1586 1586 1587 1587 1588 1588 1589 1589 1589 1589 1588 1588 1590 1590 1591 1591 1590 1590 1588 1588 1590 1590 1591 1591 1592 1592 1593 1593 1594 1594 1591 1591 1595 1595 1591 1591 1594 1594 1591 1591 1595 1595 1592 1592 1596 1596 1592 1592 1595 1595 1597 1597 1598 1598 1595 1595 1599 1599 1595 1595 1598 1598 1595 1595 1599 1599 1596 1596 1160 1160 1583 1583 1586 1586 1600 1600 1586 1586 1583 1583 1586 1586 1600 1600 1588 1588 1600 1600 1601 1601 1588 1588 1602 1602 1588 1588 1601 1601 1588 1588 1602 1602 1591 1591 1603 1603 1591 1591 1602 1602 1591 1591 1603 1603 1593 1593 1604 1604 1593 1593 1603 1603 1162 1162 1165 1165 1583 1583 1605 1605 1583 1583 1165 1165 1583 1583 1605 1605 1600 1600 1606 1606 1600 1600 1605 1605 1600 1600 1606 1606 1601 1601 1607 1607 1601 1601 1606 1606 1601 1601 1607 1607 1602 1602 1608 1608 1602 1602 1607 1607 1602 1602 1608 1608 1603 1603 1609 1609 1603 1603 1608 1608 1603 1603 1609 1609 1604 1604 1610 1610 1604 1604 1609 1609 1611 1611 1612 1612 1613 1613 1614 1614 1615 1615 1611 1611 1616 1616 1617 1617 1613 1613 1618 1618 1613 1613 1617 1617 1613 1613 1618 1618 1611 1611 1619 1619 1611 1611 1618 1618 1611 1611 1619 1619 1614 1614 1156 1156 1155 1155 1620 1620 1156 1156 1621 1621 1165 1165 1605 1605 1165 1165 1621 1621 1609 1609 1608 1608 1622 1622 1607 1607 1622 1622 1608 1608 1622 1622 1607 1607 1621 1621 1606 1606 1621 1621 1607 1607 1621 1621 1606 1606 1605 1605 1156 1156 1620 1620 1621 1621 1616 1616 1621 1621 1620 1620 1621 1621 1616 1616 1622 1622 1613 1613 1622 1622 1616 1616 1622 1622 1613 1613 1609 1609 1612 1612 1609 1609 1613 1613 1609 1609 1612 1612 1610 1610 1623 1623 1624 1624 1625 1625 1626 1626 1625 1625 1627 1627 1628 1628 1629 1629 1630 1630 1631 1631 1632 1632 1633 1633 1634 1634 1635 1635 1636 1636 1637 1637 1638 1638 1639 1639 1640 1640 1641 1641 1642 1642 1643 1643 1644 1644 1642 1642 1645 1645 1646 1646 1642 1642 1647 1647 1648 1648 1641 1641 1649 1649 1650 1650 1651 1651 1652 1652 1641 1641 1653 1653 1654 1654 1655 1655 1656 1656 1657 1657 1658 1658 1659 1659 1660 1660 1661 1661 1662 1662 1663 1663 1662 1662 1661 1661 1664 1664 1665 1665 1666 1666 1667 1667 1668 1668 1669 1669 1670 1670 1671 1671 1672 1672 1673 1673 1674 1674 1675 1675 1676 1676 1677 1677 1678 1678 1677 1677 1676 1676 1679 1679 1680 1680 1681 1681 1682 1682 1683 1683 1684 1684 1685 1685 1684 1684 1683 1683 1686 1686 1687 1687 1688 1688 1689 1689 1690 1690 1691 1691 1692 1692 1693 1693 1694 1694 1695 1695 1696 1696 1697 1697 1698 1698 1699 1699 1700 1700 1701 1701 1702 1702 1703 1703 1704 1704 1705 1705 1706 1706 1707 1707 1708 1708 1709 1709 1710 1710 1711 1711 1712 1712 1713 1713 1714 1714 1715 1715 1716 1716 1717 1717 1718 1718 1719 1719 1719 1719 1718 1718 1720 1720 1721 1721 1722 1722 1723 1723 1724 1724 1725 1725 1726 1726 1727 1727 1728 1728 1729 1729 1730 1730 1731 1731 1732 1732 1733 1733 1734 1734 1735 1735 1735 1735 1734 1734 1736 1736 1737 1737 1738 1738 1739 1739 1740 1740 1741 1741 1742 1742 1743 1743 1744 1744 1745 1745 1746 1746 1747 1747 1748 1748 1748 1748 1747 1747 1749 1749 1750 1750 1751 1751 1642 1642 1752 1752 1753 1753 1754 1754 1755 1755 1756 1756 1757 1757 1624 1624 1623 1623 1758 1758 1759 1759 1760 1760 1761 1761 1762 1762 1763 1763 1764 1764 1765 1765 1766 1766 1767 1767 1766 1766 1765 1765 1768 1768 1769 1769 1770 1770 1759 1759 1770 1770 1771 1771 1772 1772 1772 1772 1773 1773 1770 1770 1774 1774 1770 1770 1773 1773 1770 1770 1774 1774 1775 1775 1775 1775 1776 1776 1770 1770 1777 1777 1770 1770 1776 1776 1770 1770 1777 1777 1759 1759 1778 1778 1759 1759 1777 1777 1759 1759 1778 1778 1760 1760 1779 1779 1780 1780 1781 1781 1782 1782 1783 1783 1784 1784 1782 1782 1784 1784 1785 1785 1784 1784 1786 1786 1787 1787 1787 1787 1788 1788 1784 1784 1789 1789 1784 1784 1788 1788 1784 1784 1789 1789 1785 1785 1783 1783 1780 1780 1784 1784 1779 1779 1784 1784 1780 1780 1784 1784 1779 1779 1786 1786 1790 1790 1786 1786 1779 1779 1791 1791 1792 1792 1793 1793 1794 1794 1793 1793 1792 1792 1793 1793 1794 1794 1790 1790 1795 1795 1796 1796 1797 1797 1798 1798 1799 1799 1800 1800 1801 1801 1800 1800 1799 1799 1800 1800 1801 1801 1797 1797 1802 1802 1797 1797 1801 1801 1797 1797 1802 1802 1795 1795 1803 1803 1795 1795 1802 1802 1795 1795 1803 1803 1767 1767 1804 1804 1767 1767 1803 1803 1767 1767 1804 1804 1765 1765 1805 1805 1806 1806 1807 1807 1808 1808 1807 1807 1806 1806 1808 1808 1809 1809 1807 1807 1810 1810 1807 1807 1809 1809 1807 1807 1810 1810 1811 1811 1812 1812 1764 1764 1813 1813 1813 1813 1814 1814 1812 1812 1815 1815 1812 1812 1814 1814 1812 1812 1815 1815 1816 1816 1762 1762 1764 1764 1817 1817 1818 1818 1819 1819 1812 1812 1820 1820 1812 1812 1819 1819 1812 1812 1820 1820 1764 1764 1821 1821 1764 1764 1820 1820 1764 1764 1821 1821 1817 1817 1822 1822 1823 1823 1824 1824 1825 1825 1824 1824 1823 1823 1824 1824 1825 1825 1826 1826 1826 1826 1827 1827 1824 1824 1828 1828 1824 1824 1827 1827 1824 1824 1828 1828 1818 1818 1829 1829 1818 1818 1828 1828 1818 1818 1829 1829 1819 1819 1824 1824 1830 1830 1822 1822 1831 1831 1822 1822 1830 1830 1822 1822 1831 1831 1832 1832 1833 1833 1832 1832 1831 1831 1832 1832 1833 1833 1825 1825 1834 1834 1825 1825 1833 1833 1825 1825 1834 1834 1826 1826 1834 1834 1835 1835 1836 1836 1837 1837 1838 1838 1839 1839 1840 1840 1839 1839 1838 1838 1835 1835 1834 1834 1841 1841 1833 1833 1841 1841 1834 1834 1841 1841 1833 1833 1842 1842 1839 1839 1842 1842 1833 1833 1842 1842 1839 1839 1836 1836 1840 1840 1836 1836 1839 1839 1836 1836 1840 1840 1834 1834 1838 1838 1834 1834 1840 1840 1834 1834 1838 1838 1843 1843 1837 1837 1843 1843 1838 1838 1843 1843 1837 1837 1844 1844 1839 1839 1844 1844 1837 1837 1844 1844 1839 1839 1845 1845 1846 1846 1847 1847 1758 1758 1848 1848 1849 1849 1850 1850 1851 1851 1852 1852 1853 1853 1753 1753 1752 1752 1854 1854 1854 1854 1752 1752 1855 1855 1856 1856 1855 1855 1752 1752 1855 1855 1856 1856 1853 1853 1857 1857 1850 1850 1858 1858 1859 1859 1860 1860 1861 1861 1755 1755 1861 1861 1860 1860 1861 1861 1755 1755 1862 1862 1757 1757 1862 1862 1755 1755 1862 1862 1757 1757 1847 1847 1758 1758 1623 1623 1846 1846 1863 1863 1846 1846 1623 1623 1846 1846 1863 1863 1864 1864 1865 1865 1864 1864 1863 1863 1864 1864 1865 1865 1866 1866 1867 1867 1866 1866 1865 1865 1866 1866 1867 1867 1868 1868 1869 1869 1868 1868 1867 1867 1868 1868 1869 1869 1870 1870 1847 1847 1846 1846 1862 1862 1864 1864 1862 1862 1846 1846 1862 1862 1864 1864 1861 1861 1866 1866 1861 1861 1864 1864 1861 1861 1866 1866 1859 1859 1868 1868 1859 1859 1866 1866 1859 1859 1868 1868 1871 1871 1870 1870 1871 1871 1868 1868 1871 1871 1870 1870 1872 1872 1756 1756 1755 1755 1873 1873 1860 1860 1873 1873 1755 1755 1873 1873 1860 1860 1874 1874 1859 1859 1874 1874 1860 1860 1874 1874 1859 1859 1875 1875 1871 1871 1875 1875 1859 1859 1875 1875 1871 1871 1876 1876 1872 1872 1876 1876 1871 1871 1876 1876 1872 1872 1877 1877 1878 1878 1849 1849 1879 1879 1848 1848 1879 1879 1849 1849 1879 1879 1848 1848 1880 1880 1850 1850 1857 1857 1848 1848 1881 1881 1848 1848 1857 1857 1848 1848 1881 1881 1880 1880 1853 1853 1856 1856 1851 1851 1882 1882 1851 1851 1856 1856 1851 1851 1882 1882 1883 1883 1884 1884 1883 1883 1882 1882 1883 1883 1884 1884 1885 1885 1886 1886 1887 1887 1888 1888 1889 1889 1890 1890 1891 1891 1892 1892 1891 1891 1890 1890 1891 1891 1892 1892 1893 1893 1894 1894 1895 1895 1896 1896 1897 1897 1896 1896 1895 1895 1896 1896 1897 1897 1898 1898 1899 1899 1900 1900 1901 1901 1902 1902 1903 1903 1904 1904 1904 1904 1903 1903 1905 1905 1899 1899 1901 1901 1902 1902 1906 1906 1902 1902 1901 1901 1902 1902 1906 1906 1903 1903 1907 1907 1903 1903 1906 1906 1903 1903 1907 1907 1905 1905 1908 1908 1909 1909 1910 1910 1911 1911 1910 1910 1909 1909 1912 1912 1913 1913 1914 1914 1915 1915 1914 1914 1913 1913 1914 1914 1915 1915 1916 1916 1917 1917 1916 1916 1915 1915 1916 1916 1917 1917 1673 1673 1918 1918 1673 1673 1917 1917 1673 1673 1918 1918 1674 1674 1919 1919 1920 1920 1921 1921 1922 1922 1920 1920 1923 1923 1919 1919 1923 1923 1920 1920 1923 1923 1919 1919 1924 1924 1925 1925 1926 1926 1927 1927 1928 1928 1929 1929 1930 1930 1931 1931 1932 1932 1933 1933 1642 1642 1933 1933 1932 1932 1934 1934 1931 1931 1935 1935 1933 1933 1935 1935 1931 1931 1935 1935 1933 1933 1930 1930 1642 1642 1930 1930 1933 1933 1928 1928 1930 1930 1936 1936 1642 1642 1936 1936 1930 1930 1936 1936 1642 1642 1928 1928 1751 1751 1928 1928 1642 1642 1928 1928 1751 1751 1929 1929 1750 1750 1929 1929 1751 1751 1929 1929 1750 1750 1930 1930 1642 1642 1930 1930 1750 1750 1930 1930 1642 1642 1935 1935 1937 1937 1935 1935 1642 1642 1935 1935 1937 1937 1934 1934 1938 1938 1939 1939 1940 1940 1937 1937 1941 1941 1942 1942 1943 1943 1942 1942 1941 1941 1942 1942 1943 1943 1944 1944 1939 1939 1938 1938 1642 1642 1940 1940 1945 1945 1938 1938 1946 1946 1938 1938 1945 1945 1938 1938 1946 1946 1642 1642 1947 1947 1944 1944 1642 1642 1943 1943 1642 1642 1944 1944 1642 1642 1943 1943 1939 1939 1941 1941 1939 1939 1943 1943 1939 1939 1941 1941 1940 1940 1937 1937 1940 1940 1941 1941 1940 1940 1937 1937 1945 1945 1642 1642 1945 1945 1937 1937 1945 1945 1642 1642 1748 1748 1948 1948 1748 1748 1642 1642 1748 1748 1948 1948 1746 1746 1642 1642 1746 1746 1948 1948 1746 1746 1642 1642 1747 1747 1946 1946 1747 1747 1642 1642 1747 1747 1946 1946 1749 1749 1945 1945 1749 1749 1946 1946 1749 1749 1945 1945 1748 1748 1947 1947 1642 1642 1949 1949 1950 1950 1949 1949 1642 1642 1949 1949 1950 1950 1951 1951 1738 1738 1952 1952 1953 1953 1954 1954 1953 1953 1952 1952 1953 1953 1954 1954 1955 1955 1956 1956 1955 1955 1954 1954 1955 1955 1956 1956 1957 1957 1958 1958 1957 1957 1956 1956 1957 1957 1958 1958 1959 1959 1960 1960 1959 1959 1958 1958 1959 1959 1960 1960 1961 1961 1962 1962 1961 1961 1960 1960 1961 1961 1962 1962 1963 1963 1738 1738 1964 1964 1952 1952 1965 1965 1952 1952 1964 1964 1952 1952 1965 1965 1954 1954 1966 1966 1954 1954 1965 1965 1954 1954 1966 1966 1956 1956 1967 1967 1956 1956 1966 1966 1956 1956 1967 1967 1958 1958 1968 1968 1958 1958 1967 1967 1958 1958 1968 1968 1960 1960 1969 1969 1960 1960 1968 1968 1960 1960 1969 1969 1962 1962 1925 1925 1962 1962 1969 1969 1962 1962 1925 1925 1963 1963 1970 1970 1642 1642 1971 1971 1972 1972 1905 1905 1893 1893 1907 1907 1893 1893 1905 1905 1893 1893 1907 1907 1891 1891 1906 1906 1891 1891 1907 1907 1891 1891 1906 1906 1889 1889 1901 1901 1889 1889 1906 1906 1889 1889 1901 1901 1973 1973 1900 1900 1973 1973 1901 1901 1973 1973 1900 1900 1974 1974 1892 1892 1911 1911 1893 1893 1909 1909 1893 1893 1911 1911 1893 1893 1909 1909 1972 1972 1908 1908 1972 1972 1909 1909 1972 1972 1908 1908 1975 1975 1976 1976 1977 1977 1978 1978 1921 1921 1978 1978 1977 1977 1978 1978 1921 1921 1979 1979 1920 1920 1979 1979 1921 1921 1979 1979 1920 1920 1980 1980 1922 1922 1980 1980 1920 1920 1980 1980 1922 1922 1981 1981 1982 1982 1983 1983 1984 1984 1985 1985 1984 1984 1983 1983 1984 1984 1985 1985 1986 1986 1987 1987 1988 1988 1982 1982 1989 1989 1982 1982 1988 1988 1982 1982 1989 1989 1983 1983 1990 1990 1983 1983 1989 1989 1983 1983 1990 1990 1985 1985 1991 1991 1992 1992 1993 1993 1994 1994 1995 1995 1996 1996 1997 1997 1996 1996 1995 1995 1996 1996 1997 1997 1998 1998 1999 1999 1737 1737 2000 2000 1998 1998 2001 2001 1996 1996 2002 2002 1996 1996 2001 2001 1996 1996 2002 2002 1994 1994 2003 2003 2004 2004 2001 2001 2005 2005 2001 2001 2004 2004 2001 2001 2005 2005 2002 2002 1997 1997 1736 1736 1998 1998 1734 1734 1998 1998 1736 1736 1998 1998 1734 1734 2001 2001 1733 1733 2001 2001 1734 1734 2001 2001 1733 1733 2006 2006 2007 2007 2008 2008 1999 1999 2009 2009 1999 1999 2008 2008 2010 2010 2011 2011 2012 2012 2013 2013 2012 2012 2011 2011 2012 2012 2013 2013 2014 2014 2015 2015 2014 2014 2013 2013 2015 2015 2009 2009 2014 2014 2008 2008 2014 2014 2009 2009 2014 2014 2008 2008 2012 2012 2016 2016 2012 2012 2008 2008 2012 2012 2016 2016 2010 2010 1737 1737 1739 1739 2000 2000 2017 2017 2000 2000 1739 1739 2000 2000 2017 2017 2018 2018 2019 2019 2020 2020 2021 2021 2022 2022 2021 2021 2020 2020 2021 2021 2022 2022 2023 2023 2024 2024 2023 2023 2022 2022 2025 2025 2026 2026 2027 2027 2028 2028 2027 2027 2026 2026 2027 2027 2028 2028 1993 1993 2029 2029 1993 1993 2028 2028 1993 1993 2029 2029 1991 1991 2030 2030 2031 2031 2032 2032 2033 2033 2034 2034 2035 2035 2036 2036 2037 2037 2033 2033 2038 2038 2033 2033 2037 2037 2033 2033 2038 2038 2034 2034 2039 2039 2040 2040 1987 1987 2041 2041 1987 1987 2040 2040 1987 1987 2041 2041 1988 1988 2031 2031 1988 1988 2041 2041 1988 1988 2031 2031 1989 1989 2030 2030 1989 1989 2031 2031 1989 1989 2030 2030 1990 1990 2042 2042 1990 1990 2030 2030 1990 1990 2042 2042 1985 1985 2043 2043 1985 1985 2042 2042 1985 1985 2043 2043 1986 1986 2044 2044 1986 1986 2043 2043 2045 2045 2046 2046 2047 2047 2048 2048 2047 2047 2046 2046 2049 2049 2050 2050 2048 2048 2051 2051 2048 2048 2050 2050 2048 2048 2051 2051 2047 2047 2046 2046 2052 2052 2048 2048 2053 2053 2048 2048 2052 2052 2048 2048 2053 2053 2049 2049 2054 2054 2049 2049 2053 2053 2055 2055 2056 2056 2053 2053 2057 2057 2053 2053 2056 2056 2053 2053 2057 2057 2054 2054 2051 2051 2058 2058 2047 2047 2059 2059 2047 2047 2058 2058 2047 2047 2059 2059 2045 2045 2044 2044 2045 2045 2059 2059 2045 2045 2044 2044 2046 2046 2043 2043 2046 2046 2044 2044 2046 2046 2043 2043 2052 2052 2042 2042 2052 2052 2043 2043 2052 2052 2042 2042 2053 2053 2030 2030 2053 2053 2042 2042 2053 2053 2030 2030 2055 2055 2032 2032 2060 2060 2030 2030 2061 2061 2030 2030 2060 2060 2030 2030 2061 2061 2055 2055 2062 2062 2055 2055 2061 2061 2055 2055 2062 2062 2056 2056 2063 2063 2056 2056 2062 2062 2056 2056 2063 2063 2057 2057 2064 2064 2057 2057 2063 2063 2057 2057 2064 2064 2054 2054 2019 2019 2065 2065 2020 2020 2066 2066 2020 2020 2065 2065 2020 2020 2066 2066 2022 2022 2067 2067 2022 2022 2066 2066 2022 2022 2067 2067 2024 2024 2068 2068 2024 2024 2067 2067 2069 2069 2070 2070 2071 2071 2072 2072 2073 2073 2074 2074 1992 1992 1741 1741 1993 1993 1740 1740 1993 1993 1741 1741 1993 1993 1740 1740 2027 2027 2073 2073 2027 2027 1740 1740 2027 2027 2073 2073 2025 2025 2072 2072 2025 2025 2073 2073 2025 2025 2072 2072 2075 2075 2076 2076 2075 2075 2072 2072 2075 2075 2076 2076 2077 2077 2078 2078 2077 2077 2076 2076 2077 2077 2078 2078 2079 2079 2080 2080 1728 1728 2081 2081 1727 1727 2081 2081 1728 1728 2081 2081 1727 1727 2082 2082 2074 2074 2082 2082 2072 2072 1727 1727 2072 2072 2082 2082 2072 2072 1727 1727 2076 2076 1729 1729 2076 2076 1727 1727 2076 2076 1729 1729 2078 2078 2083 2083 2078 2078 1729 1729 2078 2078 2083 2083 2079 2079 2084 2084 2079 2079 2083 2083 2079 2079 2084 2084 2085 2085 2086 2086 2085 2085 2084 2084 2085 2085 2086 2086 2087 2087 2088 2088 2087 2087 2086 2086 2087 2087 2088 2088 2089 2089 1999 1999 2000 2000 2007 2007 2018 2018 2007 2007 2000 2000 2007 2007 2018 2018 2008 2008 2090 2090 2008 2008 2018 2018 2008 2008 2090 2090 2016 2016 1926 1926 1971 1971 1927 1927 1642 1642 1927 1927 1971 1971 1927 1927 1642 1642 1925 1925 1932 1932 1925 1925 1642 1642 1925 1925 1932 1932 1963 1963 1931 1931 1963 1963 1932 1932 1963 1963 1931 1931 1961 1961 1934 1934 1961 1961 1931 1931 1961 1961 1934 1934 1959 1959 1937 1937 1959 1959 1934 1934 1959 1959 1937 1937 1957 1957 1942 1942 1957 1957 1937 1937 1957 1957 1942 1942 1955 1955 1944 1944 1955 1955 1942 1942 1955 1955 1944 1944 1953 1953 1947 1947 1953 1953 1944 1944 1953 1953 1947 1947 1738 1738 1949 1949 1738 1738 1947 1947 1738 1738 1949 1949 1739 1739 1951 1951 1739 1739 1949 1949 1739 1739 1951 1951 2017 2017 1869 1869 1974 1974 1870 1870 1900 1900 1870 1870 1974 1974 1870 1870 1900 1900 1872 1872 1899 1899 1872 1872 1900 1900 1872 1872 1899 1899 1877 1877 1902 1902 1877 1877 1899 1899 1877 1877 1902 1902 2091 2091 1904 1904 2091 2091 1902 1902 2091 2091 1904 1904 2092 2092 1905 1905 2092 2092 1904 1904 2092 2092 1905 1905 2093 2093 1972 1972 2093 2093 1905 1905 2093 2093 1972 1972 2094 2094 1975 1975 2094 2094 1972 1972 2094 2094 1975 1975 2095 2095 2096 2096 2095 2095 1975 1975 2095 2095 2096 2096 2097 2097 1881 1881 2098 2098 1880 1880 2099 2099 1880 1880 2098 2098 1880 1880 2099 2099 2100 2100 2101 2101 2100 2100 2099 2099 2100 2100 2101 2101 2102 2102 1878 1878 1879 1879 2103 2103 1880 1880 2103 2103 1879 1879 2103 2103 1880 1880 2104 2104 2100 2100 2104 2104 1880 1880 2104 2104 2100 2100 2105 2105 2102 2102 2105 2105 2100 2100 2105 2105 2102 2102 2106 2106 2107 2107 1858 1858 2108 2108 1850 1850 2108 2108 1858 1858 2108 2108 1850 1850 2109 2109 1849 1849 2109 2109 1850 1850 2109 2109 1849 1849 1754 1754 1878 1878 1754 1754 1849 1849 1754 1754 1878 1878 1752 1752 2103 2103 1752 1752 1878 1878 1752 1752 2103 2103 1856 1856 2104 2104 1856 1856 2103 2103 1856 1856 2104 2104 1882 1882 2105 2105 1882 1882 2104 2104 1882 1882 2105 2105 1884 1884 2106 2106 1884 1884 2105 2105 1884 1884 2106 2106 1885 1885 2110 2110 1885 1885 2106 2106 1724 1724 2111 2111 2112 2112 2113 2113 2112 2112 2111 2111 2112 2112 2113 2113 2114 2114 2115 2115 2114 2114 2113 2113 2114 2114 2115 2115 2116 2116 2117 2117 2116 2116 2115 2115 2116 2116 2117 2117 2118 2118 1724 1724 1726 1726 2111 2111 2119 2119 2111 2111 1726 1726 2111 2111 2119 2119 2113 2113 2120 2120 2113 2113 2119 2119 2113 2113 2120 2120 2115 2115 2121 2121 2115 2115 2120 2120 2115 2115 2121 2121 2117 2117 2122 2122 2123 2123 2124 2124 2097 2097 2125 2125 2095 2095 2126 2126 2095 2095 2125 2125 2095 2095 2126 2126 2094 2094 2127 2127 2094 2094 2126 2126 2094 2094 2127 2127 2093 2093 2128 2128 2093 2093 2127 2127 2093 2093 2128 2128 2092 2092 2129 2129 2092 2092 2128 2128 2092 2092 2129 2129 2130 2130 2131 2131 2130 2130 2129 2129 2125 2125 2132 2132 2126 2126 2133 2133 2126 2126 2132 2132 2126 2126 2133 2133 2127 2127 2134 2134 2127 2127 2133 2133 2127 2127 2134 2134 2128 2128 2135 2135 2128 2128 2134 2134 2128 2128 2135 2135 2129 2129 2136 2136 2129 2129 2135 2135 2129 2129 2136 2136 2131 2131 2137 2137 2138 2138 2139 2139 2140 2140 2139 2139 2138 2138 2139 2139 2140 2140 2141 2141 1725 1725 2142 2142 1726 1726 2137 2137 1726 1726 2142 2142 1726 1726 2137 2137 2119 2119 2139 2139 2119 2119 2137 2137 2119 2119 2139 2139 2120 2120 2141 2141 2120 2120 2139 2139 2120 2120 2141 2141 2121 2121 2143 2143 2121 2121 2141 2141 2121 2121 2143 2143 2117 2117 2144 2144 2117 2117 2143 2143 2117 2117 2144 2144 2118 2118 2145 2145 2118 2118 2144 2144 2118 2118 2145 2145 2146 2146 2147 2147 2148 2148 2149 2149 2150 2150 2149 2149 2148 2148 2149 2149 2150 2150 2151 2151 2152 2152 2151 2151 2150 2150 2151 2151 2152 2152 2153 2153 2154 2154 2153 2153 2152 2152 2153 2153 2154 2154 2155 2155 2156 2156 2157 2157 2158 2158 1981 1981 2035 2035 1980 1980 2034 2034 1980 1980 2035 2035 1980 1980 2034 2034 1979 1979 2038 2038 1979 1979 2034 2034 1979 1979 2038 2038 1978 1978 2037 2037 1978 1978 2038 2038 1978 1978 2037 2037 1976 1976 2036 2036 1976 1976 2037 2037 1976 1976 2036 2036 2159 2159 2160 2160 2159 2159 2036 2036 2159 2159 2160 2160 2146 2146 2161 2161 2146 2146 2160 2160 2146 2146 2161 2161 2118 2118 2162 2162 2118 2118 2161 2161 2118 2118 2162 2162 2116 2116 2163 2163 2116 2116 2162 2162 2116 2116 2163 2163 2114 2114 2164 2164 2114 2114 2163 2163 2114 2114 2164 2164 2112 2112 2165 2165 2112 2112 2164 2164 2112 2112 2165 2165 1724 1724 2166 2166 1724 1724 2165 2165 1724 1724 2166 2166 1725 1725 2122 2122 1725 1725 2166 2166 1725 1725 2122 2122 2142 2142 2124 2124 2142 2142 2122 2122 2142 2142 2124 2124 2137 2137 2156 2156 2137 2137 2124 2124 2137 2137 2156 2156 2138 2138 2158 2158 2138 2138 2156 2156 2138 2138 2158 2158 2140 2140 1731 1731 2167 2167 1732 1732 2168 2168 1732 1732 2167 2167 1732 1732 2168 2168 2169 2169 2170 2170 2080 2080 2171 2171 2081 2081 2171 2171 2080 2080 2171 2171 2081 2081 2172 2172 2082 2082 2172 2172 2081 2081 2172 2172 2082 2082 2065 2065 2074 2074 2065 2065 2082 2082 2065 2065 2074 2074 2066 2066 2073 2073 2066 2066 2074 2074 2066 2066 2073 2073 2067 2067 1740 1740 2067 2067 2073 2073 2067 2067 1740 1740 2068 2068 1742 1742 2068 2068 1740 1740 2068 2068 1742 1742 2024 2024 2003 2003 2024 2024 1742 1742 2024 2024 2003 2003 2023 2023 2001 2001 2023 2023 2003 2003 2023 2023 2001 2001 2021 2021 2006 2006 2021 2021 2001 2001 2021 2021 2006 2006 2019 2019 2173 2173 2019 2019 2006 2006 2019 2019 2173 2173 2065 2065 2174 2174 2065 2065 2173 2173 2065 2065 2174 2174 2172 2172 2175 2175 2172 2172 2174 2174 2172 2172 2175 2175 2171 2171 2169 2169 2176 2176 1732 1732 2069 2069 1732 1732 2176 2176 1732 1732 2069 2069 1730 1730 2071 2071 1730 1730 2069 2069 1730 1730 2071 2071 1731 1731 2177 2177 2178 2178 2179 2179 1720 1720 2180 2180 2181 2181 2182 2182 2181 2181 2180 2180 2181 2181 2182 2182 2183 2183 2184 2184 2183 2183 2182 2182 2185 2185 1721 1721 2186 2186 1723 1723 2186 2186 1721 1721 2186 2186 1723 1723 2187 2187 2188 2188 2187 2187 1723 1723 2187 2187 2188 2188 2189 2189 2190 2190 2189 2189 2188 2188 2189 2189 2190 2190 2191 2191 2192 2192 2191 2191 2190 2190 2193 2193 2185 2185 2194 2194 2186 2186 2194 2194 2185 2185 2194 2194 2186 2186 2195 2195 2187 2187 2195 2195 2186 2186 2195 2195 2187 2187 2196 2196 2189 2189 2196 2196 2187 2187 2196 2196 2189 2189 2197 2197 2191 2191 2197 2197 2189 2189 1718 1718 2198 2198 1720 1720 2199 2199 1720 1720 2198 2198 1720 1720 2199 2199 2180 2180 2177 2177 2180 2180 2199 2199 2180 2180 2177 2177 2182 2182 2179 2179 2182 2182 2177 2177 2182 2182 2179 2179 2184 2184 2200 2200 1717 1717 2201 2201 2202 2202 2203 2203 2204 2204 2205 2205 2204 2204 2203 2203 2206 2206 2200 2200 2207 2207 2201 2201 2207 2207 2200 2200 2207 2207 2201 2201 2208 2208 2209 2209 2210 2210 2211 2211 2212 2212 2211 2211 2210 2210 2211 2211 2212 2212 2206 2206 2213 2213 2205 2205 2214 2214 2203 2203 2214 2214 2205 2205 2214 2214 2203 2203 2215 2215 2202 2202 2215 2215 2203 2203 2215 2215 2202 2202 2216 2216 1714 1714 1716 1716 2217 2217 2218 2218 2217 2217 1716 1716 2217 2217 2218 2218 2219 2219 2220 2220 2221 2221 2222 2222 2223 2223 2222 2222 2221 2221 2215 2215 2224 2224 2214 2214 1671 1671 2214 2214 2224 2224 2214 2214 1671 1671 2213 2213 1670 1670 2213 2213 1671 1671 2213 2213 1670 1670 2220 2220 2225 2225 2220 2220 1670 1670 2220 2220 2225 2225 2221 2221 2226 2226 1719 1719 2227 2227 1720 1720 2227 2227 1719 1719 2227 2227 1720 1720 2228 2228 2181 2181 2228 2228 1720 1720 2228 2228 2181 2181 2229 2229 2183 2183 2229 2229 2181 2181 2229 2229 2183 2183 2230 2230 2184 2184 2230 2230 2183 2183 2231 2231 2193 2193 2232 2232 2194 2194 2232 2232 2193 2193 2232 2232 2194 2194 2233 2233 2195 2195 2233 2233 2194 2194 2233 2233 2195 2195 2234 2234 2196 2196 2234 2234 2195 2195 2234 2234 2196 2196 2235 2235 2197 2197 2235 2235 2196 2196 2236 2236 2226 2226 2237 2237 2227 2227 2237 2237 2226 2226 2237 2237 2227 2227 2238 2238 2228 2228 2238 2238 2227 2227 2238 2238 2228 2228 2239 2239 2229 2229 2239 2239 2228 2228 2239 2239 2229 2229 2231 2231 2230 2230 2231 2231 2229 2229 2231 2231 2230 2230 2193 2193 2184 2184 2193 2193 2230 2230 2193 2193 2184 2184 2185 2185 2179 2179 2185 2185 2184 2184 2185 2185 2179 2179 1721 1721 2178 2178 1721 1721 2179 2179 1721 1721 2178 2178 1722 1722 2240 2240 1845 1845 2241 2241 1839 1839 2241 2241 1845 1845 2241 2241 1839 1839 2242 2242 2243 2243 2244 2244 2245 2245 2246 2246 2245 2245 2244 2244 2245 2245 2246 2246 2247 2247 2248 2248 2247 2247 2246 2246 2249 2249 1824 1824 2250 2250 1818 1818 2250 2250 1824 1824 2250 2250 1818 1818 2251 2251 1812 1812 2251 2251 1818 1818 2251 2251 1812 1812 2252 2252 2249 2249 2253 2253 1824 1824 2254 2254 1824 1824 2253 2253 1824 1824 2254 2254 2255 2255 2255 2255 2256 2256 1824 1824 2257 2257 1824 1824 2256 2256 1824 1824 2257 2257 1830 1830 2258 2258 1830 1830 2257 2257 1830 1830 2258 2258 2259 2259 2259 2259 2260 2260 2261 2261 2262 2262 2261 2261 2260 2260 2261 2261 2262 2262 2263 2263 2263 2263 2264 2264 2261 2261 2265 2265 2261 2261 2264 2264 2261 2261 2265 2265 2266 2266 2266 2266 2267 2267 2261 2261 2268 2268 2261 2261 2267 2267 2261 2261 2268 2268 1812 1812 2269 2269 1812 1812 2268 2268 1812 1812 2269 2269 2252 2252 2270 2270 2271 2271 2272 2272 2270 2270 2272 2272 2273 2273 1706 1706 1705 1705 2274 2274 2275 2275 2274 2274 1705 1705 2274 2274 2275 2275 2276 2276 2277 2277 1697 1697 2278 2278 1696 1696 2278 2278 1697 1697 2278 2278 1696 1696 2279 2279 2279 2279 1699 1699 2278 2278 1701 1701 2278 2278 1699 1699 2278 2278 1701 1701 2277 2277 2280 2280 2277 2277 1701 1701 2277 2277 2280 2280 2281 2281 2281 2281 2282 2282 2277 2277 2261 2261 2277 2277 2282 2282 2277 2277 2261 2261 1697 1697 1812 1812 1697 1697 2261 2261 1697 1697 1812 1812 1698 1698 1816 1816 1698 1698 1812 1812 1698 1698 1816 1816 2283 2283 1704 1704 1703 1703 2284 2284 2285 2285 1700 1700 1702 1702 1699 1699 1702 1702 1700 1700 1702 1702 1699 1699 1703 1703 2279 2279 1703 1703 1699 1699 1703 1703 2279 2279 2284 2284 1696 1696 2284 2284 2279 2279 2284 2284 1696 1696 1807 1807 1698 1698 1807 1807 1696 1696 1807 1807 1698 1698 1805 1805 2283 2283 1805 1805 1698 1698 2271 2271 2286 2286 2272 2272 2276 2276 2272 2272 2286 2286 2272 2272 2276 2276 2273 2273 2275 2275 2273 2273 2276 2276 1708 1708 1710 1710 2287 2287 1707 1707 2287 2287 1710 1710 2287 2287 1707 1707 2288 2288 1706 1706 2288 2288 1707 1707 2288 2288 1706 1706 2289 2289 2274 2274 2289 2289 1706 1706 2289 2289 2274 2274 2290 2290 2276 2276 2290 2290 2274 2274 2290 2290 2276 2276 2291 2291 2286 2286 2291 2291 2276 2276 2291 2291 2286 2286 2292 2292 2293 2293 2294 2294 2295 2295 2296 2296 2295 2295 2294 2294 2295 2295 2296 2296 2297 2297 2298 2298 2297 2297 2296 2296 2297 2297 2298 2298 2299 2299 2300 2300 2299 2299 2298 2298 2299 2299 2300 2300 2301 2301 2302 2302 2303 2303 2304 2304 2305 2305 2304 2304 2303 2303 2304 2304 2305 2305 2306 2306 2307 2307 2306 2306 2305 2305 2307 2307 2308 2308 2306 2306 2309 2309 2306 2306 2308 2308 2306 2306 2309 2309 2304 2304 2310 2310 2304 2304 2309 2309 2304 2304 2310 2310 2302 2302 2311 2311 2312 2312 2313 2313 2248 2248 1708 1708 2247 2247 2287 2287 2247 2247 1708 1708 2247 2247 2287 2287 2245 2245 2288 2288 2245 2245 2287 2287 2245 2245 2288 2288 2243 2243 2289 2289 2243 2243 2288 2288 2243 2243 2289 2289 2314 2314 2290 2290 2314 2314 2289 2289 2314 2314 2290 2290 2315 2315 2291 2291 2315 2315 2290 2290 2316 2316 2310 2310 2281 2281 2309 2309 2281 2281 2310 2310 2281 2281 2309 2309 2282 2282 2308 2308 2282 2282 2309 2309 2282 2282 2308 2308 2261 2261 2317 2317 2261 2261 2308 2308 2261 2261 2317 2317 2259 2259 2318 2318 2259 2259 2317 2317 2259 2259 2318 2318 1830 1830 2319 2319 2320 2320 2321 2321 2322 2322 2321 2321 2320 2320 2321 2321 2322 2322 2323 2323 2324 2324 2325 2325 2326 2326 2327 2327 2326 2326 2325 2325 2326 2326 2327 2327 2328 2328 2329 2329 2328 2328 2327 2327 2328 2328 2329 2329 2330 2330 2331 2331 2330 2330 2329 2329 2330 2330 2331 2331 2332 2332 2294 2294 2324 2324 2296 2296 2326 2326 2296 2296 2324 2324 2296 2296 2326 2326 2298 2298 2328 2328 2298 2298 2326 2326 2298 2298 2328 2328 2300 2300 2330 2330 2300 2300 2328 2328 2300 2300 2330 2330 2301 2301 2332 2332 2301 2301 2330 2330 2301 2301 2332 2332 2333 2333 2334 2334 2333 2333 2332 2332 2333 2333 2334 2334 2335 2335 1695 1695 1694 1694 1690 1690 2336 2336 1690 1690 1694 1694 1690 1690 2336 2336 1691 1691 2311 2311 2337 2337 2338 2338 2339 2339 2338 2338 2337 2337 2338 2338 2339 2339 2340 2340 2341 2341 2340 2340 2339 2339 2311 2311 2313 2313 2337 2337 2342 2342 2337 2337 2313 2313 2337 2337 2342 2342 2339 2339 2343 2343 2339 2339 2342 2342 2339 2339 2343 2343 2341 2341 2344 2344 1693 1693 2345 2345 1695 1695 2345 2345 1693 1693 2345 2345 1695 1695 2346 2346 1690 1690 2346 2346 1695 1695 2346 2346 1690 1690 2347 2347 1692 1692 2347 2347 1690 1690 2347 2347 1692 1692 2348 2348 2349 2349 2343 2343 2316 2316 2342 2342 2316 2316 2343 2343 2316 2316 2342 2342 2310 2310 2313 2313 2310 2310 2342 2342 2310 2310 2313 2313 2302 2302 2312 2312 2302 2302 2313 2313 2302 2302 2312 2312 2303 2303 1686 1686 1687 1687 1684 1684 1689 1689 1684 1684 1687 1687 1684 1684 1689 1689 2350 2350 2351 2351 2350 2350 1689 1689 2352 2352 2353 2353 2354 2354 2355 2355 2354 2354 2353 2353 2354 2354 2355 2355 2356 2356 2357 2357 2356 2356 2355 2355 2356 2356 2357 2357 2358 2358 2359 2359 2358 2358 2357 2357 2358 2358 2359 2359 2360 2360 2361 2361 2362 2362 2363 2363 2364 2364 2363 2363 2362 2362 2365 2365 2366 2366 2367 2367 2336 2336 2368 2368 1691 1691 2369 2369 1691 1691 2368 2368 1691 1691 2369 2369 1692 1692 2370 2370 1692 1692 2369 2369 1692 1692 2370 2370 2348 2348 2371 2371 2372 2372 2373 2373 2370 2370 2373 2373 2372 2372 2365 2365 2374 2374 2375 2375 2376 2376 2375 2375 2374 2374 2375 2375 2376 2376 2377 2377 2378 2378 2379 2379 2380 2380 2381 2381 2380 2380 2379 2379 2380 2380 2381 2381 2382 2382 2383 2383 2382 2382 2381 2381 2382 2382 2383 2383 2384 2384 2385 2385 2386 2386 2387 2387 2388 2388 2387 2387 2386 2386 2387 2387 2388 2388 2349 2349 2352 2352 2349 2349 2388 2388 2349 2349 2352 2352 2343 2343 2354 2354 2343 2343 2352 2352 2343 2343 2354 2354 2341 2341 2356 2356 2341 2341 2354 2354 2341 2341 2356 2356 2340 2340 2358 2358 2340 2340 2356 2356 2340 2340 2358 2358 2338 2338 2360 2360 2338 2338 2358 2358 2338 2338 2360 2360 2311 2311 2389 2389 2378 2378 2390 2390 2380 2380 2390 2390 2378 2378 2390 2390 2380 2380 2391 2391 2382 2382 2391 2391 2380 2380 2391 2391 2382 2382 2392 2392 2384 2384 2392 2392 2382 2382 2280 2280 2384 2384 2281 2281 2383 2383 2281 2281 2384 2384 2281 2281 2383 2383 2316 2316 2381 2381 2316 2316 2383 2383 2316 2316 2381 2381 2349 2349 2379 2379 2349 2349 2381 2381 2349 2349 2379 2379 2387 2387 2378 2378 2387 2387 2379 2379 2387 2387 2378 2378 2385 2385 2389 2389 2385 2385 2378 2378 2365 2365 2367 2367 2374 2374 2393 2393 2374 2374 2367 2367 2374 2374 2393 2393 2376 2376 2394 2394 2376 2376 2393 2393 2376 2376 2394 2394 2377 2377 1684 1684 2395 2395 1685 1685 2396 2396 1685 1685 2395 2395 1685 1685 2396 2396 2397 2397 2362 2362 2366 2366 2364 2364 2365 2365 2364 2364 2366 2366 2364 2364 2365 2365 2398 2398 2375 2375 2398 2398 2365 2365 2398 2398 2375 2375 2399 2399 2377 2377 2399 2399 2375 2375 2399 2399 2377 2377 2400 2400 2397 2397 2400 2400 2377 2377 2400 2400 2397 2397 2401 2401 2396 2396 2401 2401 2397 2397 1689 1689 2323 2323 2351 2351 2322 2322 2351 2351 2323 2323 2351 2351 2322 2322 2402 2402 2320 2320 2402 2402 2322 2322 2402 2402 2320 2320 2403 2403 2319 2319 2403 2403 2320 2320 2403 2403 2319 2319 2404 2404 2405 2405 2404 2404 2319 2319 1704 1704 2405 2405 1702 1702 2319 2319 1702 1702 2405 2405 1702 1702 2319 2319 2285 2285 2321 2321 2285 2285 2319 2319 2285 2285 2321 2321 1700 1700 2323 2323 1700 1700 2321 2321 1700 1700 2323 2323 1701 1701 1689 1689 1701 1701 2323 2323 1701 1701 1689 1689 2280 2280 1688 1688 2280 2280 1689 1689 2280 2280 1688 1688 2384 2384 1687 1687 2384 2384 1688 1688 2384 2384 1687 1687 2392 2392 1686 1686 2392 2392 1687 1687 2392 2392 1686 1686 2391 2391 1683 1683 2391 2391 1686 1686 2391 2391 1683 1683 2390 2390 1685 1685 2390 2390 1683 1683 2390 2390 1685 1685 2389 2389 2397 2397 2389 2389 1685 1685 2389 2389 2397 2397 2385 2385 2377 2377 2385 2385 2397 2397 2385 2385 2377 2377 2386 2386 2394 2394 2386 2386 2377 2377 2386 2386 2394 2394 2388 2388 2393 2393 2388 2388 2394 2394 2388 2388 2393 2393 2352 2352 2367 2367 2352 2352 2393 2393 2352 2352 2367 2367 2353 2353 2366 2366 2353 2353 2367 2367 2353 2353 2366 2366 2355 2355 2362 2362 2355 2355 2366 2366 2355 2355 2362 2362 2357 2357 2361 2361 2357 2357 2362 2362 2357 2357 2361 2361 2359 2359 2270 2270 2293 2293 2271 2271 2295 2295 2271 2271 2293 2293 2271 2271 2295 2295 2286 2286 2297 2297 2286 2286 2295 2295 2286 2286 2297 2297 2292 2292 2299 2299 2292 2292 2297 2297 2292 2292 2299 2299 2291 2291 2301 2301 2291 2291 2299 2299 2291 2291 2301 2301 2315 2315 2333 2333 2315 2315 2301 2301 2315 2315 2333 2333 2314 2314 2335 2335 2314 2314 2333 2333 2314 2314 2335 2335 2243 2243 2406 2406 2243 2243 2335 2335 2243 2243 2406 2406 2244 2244 1712 1712 1711 1711 2407 2407 2408 2408 2407 2407 1711 1711 2407 2407 2408 2408 2409 2409 2408 2408 2410 2410 2409 2409 2411 2411 2409 2409 2410 2410 2409 2409 2411 2411 2412 2412 2413 2413 2412 2412 2411 2411 2412 2412 2413 2413 1681 1681 2414 2414 2415 2415 2416 2416 2417 2417 2416 2416 2415 2415 2416 2416 2417 2417 2418 2418 2419 2419 2418 2418 2417 2417 2420 2420 2414 2414 1682 1682 2416 2416 1682 1682 2414 2414 1682 1682 2416 2416 1680 1680 2418 2418 1680 1680 2416 2416 1680 1680 2418 2418 2421 2421 2419 2419 2421 2421 2418 2418 2421 2421 2419 2419 2422 2422 1681 1681 1680 1680 2412 2412 2421 2421 2412 2412 1680 1680 2412 2412 2421 2421 2409 2409 2422 2422 2409 2409 2421 2421 2409 2409 2422 2422 2407 2407 2419 2419 2407 2407 2422 2422 2407 2407 2419 2419 2423 2423 2417 2417 2423 2423 2419 2419 2423 2423 2417 2417 2424 2424 2415 2415 2424 2424 2417 2417 2424 2424 2415 2415 2425 2425 2368 2368 2426 2426 2369 2369 2427 2427 2369 2369 2426 2426 2369 2369 2427 2427 2370 2370 2428 2428 2370 2370 2427 2427 2370 2370 2428 2428 2373 2373 1678 1678 2373 2373 2428 2428 2373 2373 1678 1678 2371 2371 2406 2406 2371 2371 1678 1678 2371 2371 2406 2406 2372 2372 2335 2335 2372 2372 2406 2406 2372 2372 2335 2335 2370 2370 2334 2334 2370 2370 2335 2335 2370 2370 2334 2334 2348 2348 2332 2332 2348 2348 2334 2334 2348 2348 2332 2332 2347 2347 2331 2331 2347 2347 2332 2332 2347 2347 2331 2331 2346 2346 2329 2329 2346 2346 2331 2331 2346 2346 2329 2329 2345 2345 2327 2327 2345 2345 2329 2329 2345 2345 2327 2327 2344 2344 2325 2325 2344 2344 2327 2327 2429 2429 2430 2430 2431 2431 2432 2432 2433 2433 2434 2434 2434 2434 1676 1676 2432 2432 1678 1678 2432 2432 1676 1676 2432 2432 1678 1678 2435 2435 2428 2428 2435 2435 1678 1678 2435 2435 2428 2428 2436 2436 2427 2427 2436 2436 2428 2428 2436 2436 2427 2427 2437 2437 2426 2426 2437 2437 2427 2427 2433 2433 2432 2432 2438 2438 2439 2439 2438 2438 2432 2432 2438 2438 2439 2439 2440 2440 2441 2441 2442 2442 2443 2443 2444 2444 2445 2445 2446 2446 2429 2429 2431 2431 2447 2447 2441 2441 2447 2447 2431 2431 2447 2447 2441 2441 2444 2444 2443 2443 2444 2444 2441 2441 2444 2444 2443 2443 2448 2448 1679 1679 2430 2430 2449 2449 2429 2429 2449 2449 2430 2430 2449 2449 2429 2429 2450 2450 2447 2447 2450 2450 2429 2429 2450 2450 2447 2447 2451 2451 2444 2444 2451 2451 2447 2447 2451 2451 2444 2444 2452 2452 2453 2453 2452 2452 2444 2444 2452 2452 2453 2453 2454 2454 2455 2455 2456 2456 2457 2457 2458 2458 2459 2459 2455 2455 1679 1679 1676 1676 2430 2430 2434 2434 2430 2430 1676 1676 2430 2430 2434 2434 2431 2431 2433 2433 2431 2431 2434 2434 2431 2431 2433 2433 2441 2441 2438 2438 2441 2441 2433 2433 2441 2441 2438 2438 2442 2442 2440 2440 2442 2442 2438 2438 2442 2442 2440 2440 2443 2443 2455 2455 2443 2443 2440 2440 2443 2443 2455 2455 2448 2448 2459 2459 2448 2448 2455 2455 2448 2448 2459 2459 2444 2444 2458 2458 2444 2444 2459 2459 2444 2444 2458 2458 2445 2445 2455 2455 2445 2445 2458 2458 2445 2445 2455 2455 2446 2446 2457 2457 2446 2446 2455 2455 2446 2446 2457 2457 2444 2444 2456 2456 2444 2444 2457 2457 2444 2444 2456 2456 2453 2453 2455 2455 2453 2453 2456 2456 2453 2453 2455 2455 2454 2454 2460 2460 2454 2454 2455 2455 2454 2454 2460 2460 2461 2461 2462 2462 2463 2463 2464 2464 2465 2465 2464 2464 2463 2463 2464 2464 2465 2465 2432 2432 2425 2425 2236 2236 2424 2424 2237 2237 2424 2424 2236 2236 2424 2424 2237 2237 2423 2423 2238 2238 2423 2423 2237 2237 2423 2423 2238 2238 2407 2407 2239 2239 2407 2407 2238 2238 2407 2407 2239 2239 1712 1712 2231 2231 1712 1712 2239 2239 1712 1712 2231 2231 1713 1713 2232 2232 1713 1713 2231 2231 1713 1713 2232 2232 2242 2242 2233 2233 2242 2242 2232 2232 2242 2242 2233 2233 2241 2241 2234 2234 2241 2241 2233 2233 2241 2241 2234 2234 2240 2240 2235 2235 2240 2240 2234 2234 2206 2206 2207 2207 2211 2211 2208 2208 2211 2211 2207 2207 2211 2211 2208 2208 2209 2209 2466 2466 2209 2209 2208 2208 2209 2209 2466 2466 2467 2467 1672 1672 1671 1671 2467 2467 2224 2224 2467 2467 1671 1671 2467 2467 2224 2224 2209 2209 2215 2215 2209 2209 2224 2224 2209 2209 2215 2215 2210 2210 2216 2216 2210 2210 2215 2215 2210 2210 2216 2216 2212 2212 2468 2468 2469 2469 2470 2470 2471 2471 2470 2470 2469 2469 2470 2470 2471 2471 2472 2472 2473 2473 2472 2472 2471 2471 2472 2472 2473 2473 2474 2474 1745 1745 1744 1744 2475 2475 2476 2476 2475 2475 1744 1744 2475 2475 2476 2476 2477 2477 2478 2478 2477 2477 2476 2476 2477 2477 2478 2478 2479 2479 1918 1918 2468 2468 1674 1674 2470 2470 1674 1674 2468 2468 1674 1674 2470 2470 1675 1675 2472 2472 1675 1675 2470 2470 1675 1675 2472 2472 2480 2480 2474 2474 2480 2480 2472 2472 2480 2480 2474 2474 2481 2481 2481 2481 2482 2482 2480 2480 2479 2479 2480 2480 2482 2482 2480 2480 2479 2479 1675 1675 2478 2478 1675 1675 2479 2479 1675 1675 2478 2478 1673 1673 2476 2476 1673 1673 2478 2478 1673 1673 2476 2476 1916 1916 1744 1744 1916 1916 2476 2476 1916 1916 1744 1744 1914 1914 1743 1743 1914 1914 1744 1744 1914 1914 1743 1743 1912 1912 1717 1717 1719 1719 2201 2201 2226 2226 2201 2201 1719 1719 2201 2201 2226 2226 2208 2208 2236 2236 2208 2208 2226 2226 2208 2208 2236 2236 2466 2466 2425 2425 2466 2466 2236 2236 2466 2466 2425 2425 2467 2467 2483 2483 2467 2467 2425 2425 2467 2467 2483 2483 1672 1672 2484 2484 1668 1668 2485 2485 1667 1667 2485 2485 1668 1668 2485 2485 1667 1667 2486 2486 1666 1666 1665 1665 2487 2487 2488 2488 2487 2487 1665 1665 2487 2487 2488 2488 2489 2489 2490 2490 2491 2491 2489 2489 2492 2492 2489 2489 2491 2491 2489 2489 2492 2492 2487 2487 2493 2493 2487 2487 2492 2492 1669 1669 1664 1664 1667 1667 1666 1666 1667 1667 1664 1664 1667 1667 1666 1666 2486 2486 2487 2487 2486 2486 1666 1666 2486 2486 2487 2487 2494 2494 2493 2493 2494 2494 2487 2487 2494 2494 2493 2493 2495 2495 2496 2496 2497 2497 2498 2498 2499 2499 2500 2500 2501 2501 2502 2502 2501 2501 2500 2500 2503 2503 2504 2504 2505 2505 2506 2506 2505 2505 2504 2504 2507 2507 2508 2508 2509 2509 2509 2509 2510 2510 2507 2507 2511 2511 2507 2507 2510 2510 2507 2507 2511 2511 2512 2512 2512 2512 2513 2513 2507 2507 2514 2514 2507 2507 2513 2513 2507 2507 2514 2514 2508 2508 2515 2515 2508 2508 2514 2514 2483 2483 2516 2516 2503 2503 1663 1663 2503 2503 2516 2516 2503 2503 1663 1663 2504 2504 1661 1661 2504 2504 1663 1663 2504 2504 1661 1661 2506 2506 1660 1660 2506 2506 1661 1661 2506 2506 1660 1660 2517 2517 2518 2518 2517 2517 1660 1660 2517 2517 2518 2518 2519 2519 2520 2520 2519 2519 2518 2518 2519 2519 2520 2520 2521 2521 1660 1660 2522 2522 2518 2518 2523 2523 2518 2518 2522 2522 2518 2518 2523 2523 2520 2520 2524 2524 2520 2520 2523 2523 2520 2520 2524 2524 2521 2521 2525 2525 2521 2521 2524 2524 2521 2521 2525 2525 2526 2526 2527 2527 2526 2526 2525 2525 2528 2528 2527 2527 2529 2529 2525 2525 2529 2529 2527 2527 2529 2529 2525 2525 2530 2530 2524 2524 2530 2530 2525 2525 2530 2530 2524 2524 2531 2531 2523 2523 2531 2531 2524 2524 2531 2531 2523 2523 2532 2532 2522 2522 2532 2532 2523 2523 2532 2532 2522 2522 2533 2533 1660 1660 2533 2533 2522 2522 2533 2533 1660 1660 2534 2534 1662 1662 2534 2534 1660 1660 2535 2535 2536 2536 2537 2537 2509 2509 2538 2538 2510 2510 2539 2539 2510 2510 2538 2538 2510 2510 2539 2539 2511 2511 2540 2540 2511 2511 2539 2539 2511 2511 2540 2540 2541 2541 2542 2542 2543 2543 2541 2541 2541 2541 2543 2543 2511 2511 2535 2535 2511 2511 2543 2543 2511 2511 2535 2535 2512 2512 2537 2537 2512 2512 2535 2535 2512 2512 2537 2537 2513 2513 2483 2483 2503 2503 1672 1672 2505 2505 1672 1672 2503 2503 1672 1672 2505 2505 2515 2515 2506 2506 2515 2515 2505 2505 2515 2515 2506 2506 2508 2508 2517 2517 2508 2508 2506 2506 2508 2508 2517 2517 2509 2509 2519 2519 2509 2509 2517 2517 2509 2509 2519 2519 2538 2538 2521 2521 2538 2538 2519 2519 2538 2538 2521 2521 2539 2539 2526 2526 2539 2539 2521 2521 2539 2539 2526 2526 2544 2544 2527 2527 2544 2544 2526 2526 2544 2544 2527 2527 2545 2545 2528 2528 2545 2545 2527 2527 2545 2545 2528 2528 2546 2546 2547 2547 2548 2548 2039 2039 2549 2549 2039 2039 2548 2548 2039 2039 2549 2549 2040 2040 2550 2550 2040 2040 2549 2549 2040 2040 2550 2550 2041 2041 2551 2551 2041 2041 2550 2550 2041 2041 2551 2551 2031 2031 1991 1991 2031 2031 2551 2551 2031 2031 1991 1991 2032 2032 2029 2029 2032 2032 1991 1991 2032 2032 2029 2029 2060 2060 2028 2028 2060 2060 2029 2029 2060 2060 2028 2028 2061 2061 2026 2026 2061 2061 2028 2028 2061 2061 2026 2026 2062 2062 2025 2025 2062 2062 2026 2026 2062 2062 2025 2025 2063 2063 2075 2075 2063 2063 2025 2025 2063 2063 2075 2075 2064 2064 2077 2077 2064 2064 2075 2075 2064 2064 2077 2077 2054 2054 2079 2079 2054 2054 2077 2077 2054 2054 2079 2079 2049 2049 2085 2085 2049 2049 2079 2079 2049 2049 2085 2085 2050 2050 2087 2087 2050 2050 2085 2085 2050 2050 2087 2087 2051 2051 2089 2089 2051 2051 2087 2087 2051 2051 2089 2089 2058 2058 2173 2173 2070 2070 2174 2174 2069 2069 2174 2174 2070 2070 2174 2174 2069 2069 2175 2175 2176 2176 2175 2175 2069 2069 2175 2175 2176 2176 2171 2171 2169 2169 2171 2171 2176 2176 2171 2171 2169 2169 2170 2170 2123 2123 2170 2170 2169 2169 2170 2170 2123 2123 2080 2080 2122 2122 2080 2080 2123 2123 2080 2080 2122 2122 1728 1728 2166 2166 1728 1728 2122 2122 1728 1728 2166 2166 1729 1729 2165 2165 1729 1729 2166 2166 1729 1729 2165 2165 2083 2083 2164 2164 2083 2083 2165 2165 2083 2083 2164 2164 2084 2084 2163 2163 2084 2084 2164 2164 2084 2084 2163 2163 2086 2086 2162 2162 2086 2086 2163 2163 2086 2086 2162 2162 2088 2088 2161 2161 2088 2088 2162 2162 2088 2088 2161 2161 2089 2089 2160 2160 2089 2089 2161 2161 2089 2089 2160 2160 2058 2058 2036 2036 2058 2058 2160 2160 2058 2058 2036 2036 2059 2059 2033 2033 2059 2059 2036 2036 2059 2059 2033 2033 2044 2044 2035 2035 2044 2044 2033 2033 2044 2044 2035 2035 1986 1986 1981 1981 1986 1986 2035 2035 1986 1986 1981 1981 1984 1984 1922 1922 1984 1984 1981 1981 1984 1984 1922 1922 1982 1982 1923 1923 1982 1982 1922 1922 1982 1982 1923 1923 1987 1987 1924 1924 1987 1987 1923 1923 1987 1987 1924 1924 2039 2039 2552 2552 2039 2039 1924 1924 2039 2039 2552 2552 2547 2547 2553 2553 2554 2554 2555 2555 2554 2554 2553 2553 2556 2556 2557 2557 2556 2556 2553 2553 2556 2556 2557 2557 2558 2558 2559 2559 2558 2558 2557 2557 2558 2558 2559 2559 2560 2560 2561 2561 2560 2560 2559 2559 2560 2560 2561 2561 2562 2562 2563 2563 2564 2564 2565 2565 2566 2566 2565 2565 2564 2564 2567 2567 2568 2568 1656 1656 2569 2569 2570 2570 2571 2571 2572 2572 2571 2571 2570 2570 2571 2571 2572 2572 2573 2573 2574 2574 2573 2573 2572 2572 2501 2501 2563 2563 2499 2499 2565 2565 2499 2499 2563 2563 2499 2499 2565 2565 2575 2575 2566 2566 2575 2575 2565 2565 2575 2575 2566 2566 2576 2576 2574 2574 2576 2576 2566 2566 2576 2576 2574 2574 2577 2577 2572 2572 2577 2577 2574 2574 2577 2577 2572 2572 2578 2578 2570 2570 2578 2578 2572 2572 2578 2578 2570 2570 2579 2579 2580 2580 2561 2561 2581 2581 2559 2559 2581 2581 2561 2561 2581 2581 2559 2559 2582 2582 2557 2557 2582 2582 2559 2559 2582 2582 2557 2557 2583 2583 2553 2553 2583 2583 2557 2557 2583 2583 2553 2553 2584 2584 2555 2555 2584 2584 2553 2553 2584 2584 2555 2555 2585 2585 2586 2586 2587 2587 2588 2588 2589 2589 2588 2588 2587 2587 2588 2588 2589 2589 2590 2590 2562 2562 2590 2590 2589 2589 2562 2562 2561 2561 2590 2590 2580 2580 2590 2590 2561 2561 2590 2590 2580 2580 2588 2588 2591 2591 2588 2588 2580 2580 2588 2588 2591 2591 2586 2586 1652 1652 1653 1653 1655 1655 1655 1655 1654 1654 1652 1652 2592 2592 1652 1652 1654 1654 1652 1652 2592 2592 1641 1641 1656 1656 2568 2568 1654 1654 2593 2593 1654 1654 2568 2568 1654 1654 2593 2593 2592 2592 2594 2594 2592 2592 2593 2593 2592 2592 2594 2594 1641 1641 2595 2595 1649 1649 2596 2596 1651 1651 2597 2597 1641 1641 2598 2598 1641 1641 2597 2597 1641 1641 2598 2598 2599 2599 2600 2600 2601 2601 2602 2602 2603 2603 2604 2604 1640 1640 2603 2603 1640 1640 2605 2605 2606 2606 2607 2607 2608 2608 1640 1640 2609 2609 2610 2610 2605 2605 2611 2611 2603 2603 1641 1641 2603 2603 2611 2611 2603 2603 1641 1641 2604 2604 1648 1648 2604 2604 1641 1641 2604 2604 1648 1648 1640 1640 1647 1647 1640 1640 1648 1648 1640 1640 1647 1647 2609 2609 1641 1641 2609 2609 1647 1647 2609 2609 1641 1641 2610 2610 2612 2612 2610 2610 1641 1641 2610 2610 2612 2612 1640 1640 2613 2613 1640 1640 2612 2612 1640 1640 2613 2613 1641 1641 2612 2612 1641 1641 2613 2613 2574 2574 2567 2567 2573 2573 1656 1656 2573 2573 2567 2567 2573 2573 1656 1656 2571 2571 1655 1655 2571 2571 1656 1656 2571 2571 1655 1655 2569 2569 1653 1653 2569 2569 1655 1655 2569 2569 1653 1653 2570 2570 1641 1641 2570 2570 1653 1653 2570 2570 1641 1641 2579 2579 2611 2611 2579 2579 1641 1641 2579 2579 2611 2611 1642 1642 2605 2605 1642 1642 2611 2611 1642 1642 2605 2605 2614 2614 1640 1640 2614 2614 2605 2605 2614 2614 1640 1640 2606 2606 1642 1642 2606 2606 1640 1640 2606 2606 1642 1642 2615 2615 1644 1644 2615 2615 1642 1642 2615 2615 1644 1644 2606 2606 1643 1643 2606 2606 1644 1644 2606 2606 1643 1643 2607 2607 1642 1642 2607 2607 1643 1643 2607 2607 1642 1642 2608 2608 1646 1646 2608 2608 1642 1642 2608 2608 1646 1646 2606 2606 1645 1645 2606 2606 1646 1646 2606 2606 1645 1645 2614 2614 1642 1642 2614 2614 1645 1645 2516 2516 2502 2502 1663 1663 2500 2500 1663 1663 2502 2502 1663 1663 2500 2500 1662 1662 2585 2585 1662 1662 2500 2500 1662 1662 2585 2585 2534 2534 2555 2555 2534 2534 2585 2585 2534 2534 2555 2555 2533 2533 2554 2554 2533 2533 2555 2555 2533 2533 2554 2554 2532 2532 2556 2556 2532 2532 2554 2554 2532 2532 2556 2556 2531 2531 2558 2558 2531 2531 2556 2556 2531 2531 2558 2558 2530 2530 2560 2560 2530 2530 2558 2558 2530 2530 2560 2560 2529 2529 2562 2562 2529 2529 2560 2560 2529 2529 2562 2562 2528 2528 2589 2589 2528 2528 2562 2562 2528 2528 2589 2589 2546 2546 2587 2587 2546 2546 2589 2589 2546 2546 2587 2587 1970 1970 2586 2586 1970 1970 2587 2587 1970 1970 2586 2586 1642 1642 2591 2591 1642 1642 2586 2586 1642 1642 2591 2591 2579 2579 2580 2580 2579 2579 2591 2591 2579 2579 2580 2580 2578 2578 2581 2581 2578 2578 2580 2580 2578 2578 2581 2581 2577 2577 2582 2582 2577 2577 2581 2581 2577 2577 2582 2582 2576 2576 2583 2583 2576 2576 2582 2582 2576 2576 2583 2583 2575 2575 2584 2584 2575 2575 2583 2583 2575 2575 2584 2584 2499 2499 2585 2585 2499 2499 2584 2584 2499 2499 2585 2585 2500 2500 2601 2601 2600 2600 2616 2616 1651 1651 1650 1650 2597 2597 2616 2616 2597 2597 1650 1650 2597 2597 2616 2616 2598 2598 2600 2600 2598 2598 2616 2616 2598 2598 2600 2600 2599 2599 2602 2602 2599 2599 2600 2600 2599 2599 2602 2602 1641 1641 1649 1649 1651 1651 2596 2596 1641 1641 2596 2596 1651 1651 2596 2596 1641 1641 2595 2595 2594 2594 2595 2595 1641 1641 2595 2595 2594 2594 1649 1649 2593 2593 1649 1649 2594 2594 1649 1649 2593 2593 1650 1650 2568 2568 1650 1650 2593 2593 1650 1650 2568 2568 2616 2616 2567 2567 2616 2616 2568 2568 2616 2616 2567 2567 2617 2617 2574 2574 2617 2617 2567 2567 2617 2617 2574 2574 1659 1659 2566 2566 1659 1659 2574 2574 1659 1659 2566 2566 1657 1657 2564 2564 1657 1657 2566 2566 1657 1657 2564 2564 2495 2495 2563 2563 2495 2495 2564 2564 2495 2495 2563 2563 2494 2494 2501 2501 2494 2494 2563 2563 2494 2494 2501 2501 2486 2486 2502 2502 2486 2486 2501 2501 2486 2486 2502 2502 2485 2485 2516 2516 2485 2485 2502 2502 2485 2485 2516 2516 2484 2484 2483 2483 2484 2484 2516 2516 2484 2484 2483 2483 1668 1668 2425 2425 1668 1668 2483 2483 1668 1668 2425 2425 1669 1669 2415 2415 1669 1669 2425 2425 1669 1669 2415 2415 1664 1664 2414 2414 1664 1664 2415 2415 1664 1664 2414 2414 1665 1665 2420 2420 1665 1665 2414 2414 1665 1665 2420 2420 2488 2488 2618 2618 2488 2488 2420 2420 2488 2488 2618 2618 2489 2489 2619 2619 2489 2489 2618 2618 2489 2489 2619 2619 2490 2490 2620 2620 1745 1745 2621 2621 2475 2475 2621 2621 1745 1745 2621 2621 2475 2475 2622 2622 2477 2477 2622 2622 2475 2475 2622 2622 2477 2477 2623 2623 2479 2479 2623 2623 2477 2477 2623 2623 2479 2479 2624 2624 2482 2482 2624 2624 2479 2479 2624 2624 2482 2482 2625 2625 2481 2481 2625 2625 2482 2482 2625 2625 2481 2481 2626 2626 2395 2395 2462 2462 2396 2396 2464 2464 2396 2396 2462 2462 2396 2396 2464 2464 2401 2401 2432 2432 2401 2401 2464 2464 2401 2401 2432 2432 2400 2400 2435 2435 2400 2400 2432 2432 2400 2400 2435 2435 2399 2399 2436 2436 2399 2399 2435 2435 2399 2399 2436 2436 2398 2398 2437 2437 2398 2398 2436 2436 2398 2398 2437 2437 2364 2364 2426 2426 2364 2364 2437 2437 2364 2364 2426 2426 2363 2363 2368 2368 2363 2363 2426 2426 2363 2363 2368 2368 2361 2361 2336 2336 2361 2361 2368 2368 2361 2361 2336 2336 2359 2359 1694 1694 2359 2359 2336 2336 2359 2359 1694 1694 2360 2360 1693 1693 2360 2360 1694 1694 2360 2360 1693 1693 2311 2311 2344 2344 2311 2311 1693 1693 2311 2311 2344 2344 2312 2312 2325 2325 2312 2312 2344 2344 2312 2312 2325 2325 2303 2303 2324 2324 2303 2303 2325 2325 2303 2303 2324 2324 2305 2305 2294 2294 2305 2305 2324 2324 2305 2305 2294 2294 2307 2307 2293 2293 2307 2307 2294 2294 2307 2307 2293 2293 2308 2308 2270 2270 2308 2308 2293 2293 2308 2308 2270 2270 2317 2317 2273 2273 2317 2317 2270 2270 2317 2317 2273 2273 2318 2318 2275 2275 2318 2318 2273 2273 2318 2318 2275 2275 1830 1830 1705 1705 1830 1830 2275 2275 1830 1830 1705 1705 1831 1831 1707 1707 1831 1831 1705 1705 1831 1831 1707 1707 1833 1833 1710 1710 1833 1833 1707 1707 1833 1833 1710 1710 1839 1839 1709 1709 1839 1839 1710 1710 1839 1839 1709 1709 2242 2242 1708 1708 2242 2242 1709 1709 2242 2242 1708 1708 1713 1713 2248 2248 1713 1713 1708 1708 1713 1713 2248 2248 1711 1711 2246 2246 1711 1711 2248 2248 1711 1711 2246 2246 2408 2408 2244 2244 2408 2408 2246 2246 2408 2408 2244 2244 2410 2410 2406 2406 2410 2410 2244 2244 2410 2410 2406 2406 2411 2411 1678 1678 2411 2411 2406 2406 2411 2411 1678 1678 2413 2413 1677 1677 2413 2413 1678 1678 2413 2413 1677 1677 1681 1681 1679 1679 1681 1681 1677 1677 1681 1681 1679 1679 1682 1682 2449 2449 1682 1682 1679 1679 1682 1682 2449 2449 2420 2420 2450 2450 2420 2420 2449 2449 2420 2420 2450 2450 2618 2618 2451 2451 2618 2618 2450 2450 2618 2618 2451 2451 2619 2619 2452 2452 2619 2619 2451 2451 2619 2619 2452 2452 2490 2490 2454 2454 2490 2490 2452 2452 2490 2490 2454 2454 2491 2491 2461 2461 2491 2491 2454 2454 2491 2491 2461 2461 2492 2492 2627 2627 2492 2492 2461 2461 2492 2492 2627 2627 2493 2493 2496 2496 2493 2493 2627 2627 2493 2493 2496 2496 2495 2495 2498 2498 2495 2495 2496 2496 2495 2495 2498 2498 1657 1657 2497 2497 1657 1657 2498 2498 1657 1657 2497 2497 1658 1658 2469 2469 2223 2223 2471 2471 2221 2221 2471 2471 2223 2223 2471 2471 2221 2221 2473 2473 2225 2225 2473 2473 2221 2221 2473 2473 2225 2225 2474 2474 1670 1670 2474 2474 2225 2225 2474 2474 1670 1670 2481 2481 1672 1672 2481 2481 1670 1670 2481 2481 1672 1672 2626 2626 2515 2515 2626 2626 1672 1672 2626 2626 2515 2515 2625 2625 2514 2514 2625 2625 2515 2515 2625 2625 2514 2514 2624 2624 2513 2513 2624 2624 2514 2514 2624 2624 2513 2513 2623 2623 2537 2537 2623 2623 2513 2513 2623 2623 2537 2537 2622 2622 2536 2536 2622 2622 2537 2537 2622 2622 2536 2536 2621 2621 2535 2535 2621 2621 2536 2536 2621 2621 2535 2535 2620 2620 2543 2543 2620 2620 2535 2535 2620 2620 2543 2543 2628 2628 2542 2542 2628 2628 2543 2543 2629 2629 2630 2630 2631 2631 2632 2632 2633 2633 2634 2634 2631 2631 2634 2634 2633 2633 2634 2634 2631 2631 2635 2635 2630 2630 2635 2635 2631 2631 2635 2635 2630 2630 2636 2636 1796 1796 1795 1795 2637 2637 1767 1767 2637 2637 1795 1795 2637 2637 1767 1767 2638 2638 1766 1766 2638 2638 1767 1767 2638 2638 1766 1766 1793 1793 1768 1768 1793 1793 1766 1766 1793 1793 1768 1768 1791 1791 2636 2636 2639 2639 2635 2635 2640 2640 2635 2635 2639 2639 2635 2635 2640 2640 2634 2634 2641 2641 2634 2634 2640 2640 2634 2634 2641 2641 2632 2632 1637 1637 2632 2632 2641 2641 1639 1639 2642 2642 1637 1637 2643 2643 1637 1637 2642 2642 1637 1637 2643 2643 2632 2632 2644 2644 2632 2632 2643 2643 2632 2632 2644 2644 2633 2633 2645 2645 2633 2633 2644 2644 2633 2633 2645 2645 2631 2631 2646 2646 2631 2631 2645 2645 2631 2631 2646 2646 2629 2629 2639 2639 2647 2647 2640 2640 2648 2648 2640 2640 2647 2647 2640 2640 2648 2648 2641 2641 2649 2649 2641 2641 2648 2648 2641 2641 2649 2649 1637 1637 2650 2650 1637 1637 2649 2649 1637 1637 2650 2650 1638 1638 2651 2651 1638 1638 2650 2650 1638 1638 2651 2651 1639 1639 2652 2652 2653 2653 2654 2654 2655 2655 2654 2654 2653 2653 2654 2654 2655 2655 2656 2656 2657 2657 2656 2656 2655 2655 2656 2656 2657 2657 2658 2658 2659 2659 2658 2658 2657 2657 2658 2658 2659 2659 2651 2651 2660 2660 2651 2651 2659 2659 2651 2651 2660 2660 1639 1639 2661 2661 2652 2652 2662 2662 2654 2654 2662 2662 2652 2652 2662 2662 2654 2654 2663 2663 2656 2656 2663 2663 2654 2654 2663 2663 2656 2656 2664 2664 2658 2658 2664 2664 2656 2656 2664 2664 2658 2658 2665 2665 2651 2651 2665 2665 2658 2658 2629 2629 1796 1796 2630 2630 2637 2637 2630 2630 1796 1796 2630 2630 2637 2637 2636 2636 2638 2638 2636 2636 2637 2637 2636 2636 2638 2638 2639 2639 1793 1793 2639 2639 2638 2638 2639 2639 1793 1793 2647 2647 2666 2666 2647 2647 1793 1793 2647 2647 2666 2666 2648 2648 2667 2667 2648 2648 2666 2666 2648 2648 2667 2667 2649 2649 2668 2668 2649 2649 2667 2667 2649 2649 2668 2668 2650 2650 2669 2669 2650 2650 2668 2668 2650 2650 2669 2669 2651 2651 2670 2670 2651 2651 2669 2669 2651 2651 2670 2670 2665 2665 2671 2671 2672 2672 2673 2673 2674 2674 2673 2673 2672 2672 2673 2673 2674 2674 2675 2675 2676 2676 2673 2673 2677 2677 2675 2675 2677 2677 2673 2673 2677 2677 2675 2675 2678 2678 2679 2679 2678 2678 2675 2675 2674 2674 2680 2680 2675 2675 2681 2681 2675 2675 2680 2680 2675 2675 2681 2681 2679 2679 2682 2682 2679 2679 2681 2681 2679 2679 2682 2682 2683 2683 2683 2683 2684 2684 2679 2679 1636 1636 2679 2679 2684 2684 2679 2679 1636 1636 2678 2678 1635 1635 2678 2678 1636 1636 2678 2678 1635 1635 2677 2677 1634 1634 2677 2677 1635 1635 2677 2677 1634 1634 2676 2676 2685 2685 1769 1769 2671 2671 1759 1759 2671 2671 1769 1769 2671 2671 1759 1759 2672 2672 1761 1761 2672 2672 1759 1759 2672 2672 1761 1761 2674 2674 2686 2686 2674 2674 1761 1761 2674 2674 2686 2686 2680 2680 2687 2687 2680 2680 2686 2686 2680 2680 2687 2687 2681 2681 2688 2688 2681 2681 2687 2687 2681 2681 2688 2688 2682 2682 2689 2689 2682 2682 2688 2688 2682 2682 2689 2689 2683 2683 2690 2690 2683 2683 2689 2689 2683 2683 2690 2690 2684 2684 2691 2691 2684 2684 2690 2690 2684 2684 2691 2691 2692 2692 2693 2693 2692 2692 2691 2691 2694 2694 2661 2661 2695 2695 2662 2662 2695 2695 2661 2661 2695 2695 2662 2662 2696 2696 2663 2663 2696 2696 2662 2662 2696 2696 2663 2663 2697 2697 2664 2664 2697 2697 2663 2663 2697 2697 2664 2664 2698 2698 2665 2665 2698 2698 2664 2664 2698 2698 2665 2665 2699 2699 2670 2670 2699 2699 2665 2665 2699 2699 2670 2670 2693 2693 2669 2669 2693 2693 2670 2670 2693 2693 2669 2669 2692 2692 2668 2668 2692 2692 2669 2669 2692 2692 2668 2668 2684 2684 2667 2667 2684 2684 2668 2668 2684 2684 2667 2667 1636 1636 2666 2666 1636 1636 2667 2667 1636 1636 2666 2666 1634 1634 1793 1793 1634 1634 2666 2666 1634 1634 1793 1793 2676 2676 1790 1790 2676 2676 1793 1793 2676 2676 1790 1790 2673 2673 1779 1779 2673 2673 1790 1790 2673 2673 1779 1779 2671 2671 1781 1781 2671 2671 1779 1779 2671 2671 1781 1781 2685 2685 2700 2700 2701 2701 2702 2702 2703 2703 2702 2702 2701 2701 2702 2702 2703 2703 2704 2704 2705 2705 2704 2704 2703 2703 2704 2704 2705 2705 2706 2706 2707 2707 2706 2706 2705 2705 2706 2706 2707 2707 2708 2708 2709 2709 2708 2708 2707 2707 2708 2708 2709 2709 2710 2710 2711 2711 2710 2710 2709 2709 2712 2712 2713 2713 2711 2711 2714 2714 2711 2711 2713 2713 2711 2711 2714 2714 2710 2710 2715 2715 2712 2712 2716 2716 2711 2711 2716 2716 2712 2712 2716 2716 2711 2711 2717 2717 2709 2709 2717 2717 2711 2711 2717 2717 2709 2709 2718 2718 2707 2707 2718 2718 2709 2709 2718 2718 2707 2707 2719 2719 2705 2705 2719 2719 2707 2707 2719 2719 2705 2705 2720 2720 2703 2703 2720 2720 2705 2705 2720 2720 2703 2703 2721 2721 2701 2701 2721 2721 2703 2703 1629 1629 1632 1632 1630 1630 1631 1631 1630 1630 1632 1632 1630 1630 1631 1631 2722 2722 2723 2723 2715 2715 2724 2724 2716 2716 2724 2724 2715 2715 2724 2724 2716 2716 2725 2725 2717 2717 2725 2725 2716 2716 2725 2725 2717 2717 2726 2726 2718 2718 2726 2726 2717 2717 2726 2726 2718 2718 2727 2727 2719 2719 2727 2727 2718 2718 2727 2727 2719 2719 2728 2728 2720 2720 2728 2728 2719 2719 2728 2728 2720 2720 2694 2694 2721 2721 2694 2694 2720 2720 2694 2694 2721 2721 2661 2661 2701 2701 2661 2661 2721 2721 2661 2661 2701 2701 2652 2652 2700 2700 2652 2652 2701 2701 2652 2652 2700 2700 2653 2653 2729 2729 2730 2730 2731 2731 2732 2732 2731 2731 2730 2730 2731 2731 2732 2732 2733 2733 2734 2734 2733 2733 2732 2732 2733 2733 2734 2734 2735 2735 1627 1627 1628 1628 2729 2729 1630 1630 2729 2729 1628 1628 2729 2729 1630 1630 2730 2730 2722 2722 2730 2730 1630 1630 2730 2730 2722 2722 2732 2732 2736 2736 2732 2732 2722 2722 2732 2732 2736 2736 2734 2734 2737 2737 2734 2734 2736 2736 2734 2734 2737 2737 2735 2735 2738 2738 2735 2735 2737 2737 1714 1714 2738 2738 1715 1715 2737 2737 1715 1715 2738 2738 1715 1715 2737 2737 2739 2739 2736 2736 2739 2739 2737 2737 2739 2739 2736 2736 2723 2723 2722 2722 2723 2723 2736 2736 2723 2723 2722 2722 2715 2715 1631 1631 2715 2715 2722 2722 2715 2715 1631 1631 2712 2712 1633 1633 2712 2712 1631 1631 2712 2712 1633 1633 2713 2713 1625 1625 1626 1626 1623 1623 2740 2740 1623 1623 1626 1626 1623 1623 2740 2740 1863 1863 2741 2741 1863 1863 2740 2740 1863 1863 2741 2741 1865 1865 2742 2742 1865 1865 2741 2741 1865 1865 2742 2742 1867 1867 2743 2743 1867 1867 2742 2742 1867 1867 2743 2743 1869 1869 2744 2744 1869 1869 2743 2743 1869 1869 2744 2744 1974 1974 2745 2745 1974 1974 2744 2744 1974 1974 2745 2745 1973 1973 1894 1894 1973 1973 2745 2745 1973 1973 1894 1894 1889 1889 1896 1896 1889 1889 1894 1894 1889 1889 1896 1896 1890 1890 1898 1898 1890 1890 1896 1896 1890 1890 1898 1898 1892 1892 2746 2746 1892 1892 1898 1898 1892 1892 2746 2746 1911 1911 2747 2747 1911 1911 2746 2746 1911 1911 2747 2747 1910 1910 2222 2222 2219 2219 2220 2220 2218 2218 2220 2220 2219 2219 2220 2220 2218 2218 2213 2213 1716 1716 2213 2213 2218 2218 2213 2213 1716 1716 2205 2205 1715 1715 2205 2205 1716 1716 2205 2205 1715 1715 2204 2204 2739 2739 2204 2204 1715 1715 2204 2204 2739 2739 2202 2202 2723 2723 2202 2202 2739 2739 2202 2202 2723 2723 2216 2216 2724 2724 2216 2216 2723 2723 2216 2216 2724 2724 2212 2212 2725 2725 2212 2212 2724 2724 2212 2212 2725 2725 2206 2206 2726 2726 2206 2206 2725 2725 2206 2206 2726 2726 2200 2200 2727 2727 2200 2200 2726 2726 2200 2200 2727 2727 1717 1717 2728 2728 1717 1717 2727 2727 1717 1717 2728 2728 1718 1718 2694 2694 1718 1718 2728 2728 1718 1718 2694 2694 2198 2198 2695 2695 2198 2198 2694 2694 2198 2198 2695 2695 2199 2199 2696 2696 2199 2199 2695 2695 2199 2199 2696 2696 2177 2177 2697 2697 2177 2177 2696 2696 2177 2177 2697 2697 2178 2178 2698 2698 2178 2178 2697 2697 2178 2178 2698 2698 1722 1722 2699 2699 1722 1722 2698 2698 1722 1722 2699 2699 1723 1723 2693 2693 1723 1723 2699 2699 1723 1723 2693 2693 2188 2188 2691 2691 2188 2188 2693 2693 2188 2188 2691 2691 2190 2190 2690 2690 2190 2190 2691 2691 2190 2190 2690 2690 2192 2192 2689 2689 2192 2192 2690 2690 2097 2097 1977 1977 2125 2125 1976 1976 2125 2125 1977 1977 2125 2125 1976 1976 2132 2132 2159 2159 2132 2132 1976 1976 2132 2132 2159 2159 2133 2133 2146 2146 2133 2133 2159 2159 2133 2133 2146 2146 2134 2134 2145 2145 2134 2134 2146 2146 2134 2134 2145 2145 2135 2135 2144 2144 2135 2135 2145 2145 2135 2135 2144 2144 2136 2136 2143 2143 2136 2136 2144 2144 2136 2136 2143 2143 2748 2748 2141 2141 2748 2748 2143 2143 2748 2748 2141 2141 2749 2749 2140 2140 2749 2749 2141 2141 2749 2749 2140 2140 2750 2750 2158 2158 2750 2750 2140 2140 2750 2750 2158 2158 2751 2751 2157 2157 2751 2751 2158 2158 2751 2751 2157 2157 2752 2752 2753 2753 2752 2752 2157 2157 2753 2753 2154 2154 2752 2752 2152 2152 2752 2752 2154 2154 2752 2752 2152 2152 2751 2751 2150 2150 2751 2751 2152 2152 2751 2751 2150 2150 2750 2750 2148 2148 2750 2750 2150 2150 2750 2750 2148 2148 2749 2749 2147 2147 2749 2749 2148 2148 2749 2749 2147 2147 2748 2748 2754 2754 2748 2748 2147 2147 2748 2748 2754 2754 2136 2136 2110 2110 2136 2136 2754 2754 2136 2136 2110 2110 2131 2131 2106 2106 2131 2131 2110 2110 2131 2131 2106 2106 2130 2130 2102 2102 2130 2130 2106 2106 2130 2130 2102 2102 2092 2092 2101 2101 2092 2092 2102 2102 2092 2092 2101 2101 2091 2091 2099 2099 2091 2091 2101 2101 2091 2091 2099 2099 1877 1877 2098 2098 1877 1877 2099 2099 1877 1877 2098 2098 1876 1876 1881 1881 1876 1876 2098 2098 1876 1876 1881 1881 1875 1875 1857 1857 1875 1875 1881 1881 1875 1875 1857 1857 1874 1874 1858 1858 1874 1874 1857 1857 1874 1874 1858 1858 1873 1873 2107 2107 1873 1873 1858 1858 1873 1873 2107 2107 1756 1756 2753 2753 2755 2755 2154 2154 2756 2756 2154 2154 2755 2755 2154 2154 2756 2756 2155 2155 2757 2757 2155 2155 2756 2756 2155 2155 2757 2757 2153 2153 2758 2758 2153 2153 2757 2757 2153 2153 2758 2758 2151 2151 2759 2759 2151 2151 2758 2758 2151 2151 2759 2759 2149 2149 2760 2760 2149 2149 2759 2759 2149 2149 2760 2760 2147 2147 2761 2761 2147 2147 2760 2760 2147 2147 2761 2761 2754 2754 2762 2762 2754 2754 2761 2761 2754 2754 2762 2762 2110 2110 2763 2763 2110 2110 2762 2762 2110 2110 2763 2763 1885 1885 2764 2764 1885 1885 2763 2763 1885 1885 2764 2764 1883 1883 1886 1886 1883 1883 2764 2764 1883 1883 1886 1886 1851 1851 1888 1888 1851 1851 1886 1886 1851 1851 1888 1888 1852 1852 1627 1627 2729 2729 1626 1626 2731 2731 1626 1626 2729 2729 1626 1626 2731 2731 2740 2740 2733 2733 2740 2740 2731 2731 2740 2740 2733 2733 2741 2741 2735 2735 2741 2741 2733 2733 2741 2741 2735 2735 2742 2742 2738 2738 2742 2742 2735 2735 2742 2742 2738 2738 2743 2743 1714 1714 2743 2743 2738 2738 2743 2743 1714 1714 2744 2744 2217 2217 2744 2744 1714 1714 2744 2744 2217 2217 2745 2745 2219 2219 2745 2745 2217 2217 2745 2745 2219 2219 1894 1894 2222 2222 1894 1894 2219 2219 1894 1894 2222 2222 1895 1895 2223 2223 1895 1895 2222 2222 1895 1895 2223 2223 1897 1897 2469 2469 1897 1897 2223 2223 1897 1897 2469 2469 1898 1898 2468 2468 1898 1898 2469 2469 1898 1898 2468 2468 2746 2746 1918 1918 2746 2746 2468 2468 2746 2746 1918 1918 2747 2747 1917 1917 2747 2747 1918 1918 2747 2747 1917 1917 1910 1910 1915 1915 1910 1910 1917 1917 1910 1910 1915 1915 1908 1908 1913 1913 1908 1908 1915 1915 1908 1908 1913 1913 1975 1975 1912 1912 1975 1975 1913 1913 1975 1975 1912 1912 2096 2096 1743 1743 2096 2096 1912 1912 2096 2096 1743 1743 2097 2097 1745 1745 2097 2097 1743 1743 2097 2097 1745 1745 1977 1977 2620 2620 1977 1977 1745 1745 1977 1977 2620 2620 1921 1921 2628 2628 1921 1921 2620 2620 1921 1921 2628 2628 1919 1919 2542 2542 1919 1919 2628 2628 1919 1919 2542 2542 1924 1924 2541 2541 1924 1924 2542 2542 1924 1924 2541 2541 2552 2552 2540 2540 2552 2552 2541 2541 2552 2552 2540 2540 2547 2547 2539 2539 2547 2547 2540 2540 2547 2547 2539 2539 2548 2548 2544 2544 2548 2548 2539 2539 2548 2548 2544 2544 2549 2549 2545 2545 2549 2549 2544 2544 2549 2549 2545 2545 2550 2550 2546 2546 2550 2550 2545 2545 2550 2550 2546 2546 2551 2551 1970 1970 2551 2551 2546 2546 2551 2551 1970 1970 1991 1991 1971 1971 1991 1991 1970 1970 1991 1991 1971 1971 1992 1992 1926 1926 1992 1992 1971 1971 1992 1992 1926 1926 1741 1741 1925 1925 1741 1741 1926 1926 1741 1741 1925 1925 1742 1742 1969 1969 1742 1742 1925 1925 1742 1742 1969 1969 2003 2003 1968 1968 2003 2003 1969 1969 2003 2003 1968 1968 2004 2004 1967 1967 2004 2004 1968 1968 2004 2004 1967 1967 2005 2005 1966 1966 2005 2005 1967 1967 2005 2005 1966 1966 2002 2002 1965 1965 2002 2002 1966 1966 2002 2002 1965 1965 1994 1994 1964 1964 1994 1994 1965 1965 1994 1994 1964 1964 1995 1995 1738 1738 1995 1995 1964 1964 1995 1995 1738 1738 1997 1997 1737 1737 1997 1997 1738 1738 1997 1997 1737 1737 1736 1736 1999 1999 1736 1736 1737 1737 1736 1736 1999 1999 1735 1735 2009 2009 1735 1735 1999 1999 1735 1735 2009 2009 1733 1733 2015 2015 1733 1733 2009 2009 1733 1733 2015 2015 2006 2006 2013 2013 2006 2006 2015 2015 2006 2006 2013 2013 2173 2173 2011 2011 2173 2173 2013 2013 2173 2173 2011 2011 2070 2070 2010 2010 2070 2070 2011 2011 2070 2070 2010 2010 2071 2071 2016 2016 2071 2071 2010 2010 2071 2071 2016 2016 1731 1731 2090 2090 1731 1731 2016 2016 1731 1731 2090 2090 2167 2167 2765 2765 2766 2766 2767 2767 2768 2768 2769 2769 2770 2770 2771 2771 2772 2772 2773 2773 2774 2774 2775 2775 2776 2776 2777 2777 2778 2778 2779 2779 2780 2780 2781 2781 2782 2782 2783 2783 2784 2784 2785 2785 2786 2786 2787 2787 2788 2788 2789 2789 2790 2790 2791 2791 2791 2791 2792 2792 2793 2793 2794 2794 2795 2795 2796 2796 2797 2797 2798 2798 2799 2799 2800 2800 2801 2801 2802 2802 2803 2803 2804 2804 2805 2805 2806 2806 2807 2807 2808 2808 2809 2809 2810 2810 2806 2806 2811 2811 2806 2806 2810 2810 2806 2806 2811 2811 2807 2807 2812 2812 2813 2813 2810 2810 2814 2814 2810 2810 2813 2813 2815 2815 2816 2816 2817 2817 2818 2818 2817 2817 2816 2816 2818 2818 2819 2819 2817 2817 2820 2820 2817 2817 2819 2819 2817 2817 2820 2820 2821 2821 2822 2822 2823 2823 2824 2824 2821 2821 2825 2825 2817 2817 2826 2826 2817 2817 2825 2825 2817 2817 2826 2826 2822 2822 2827 2827 2822 2822 2826 2826 2822 2822 2827 2827 2823 2823 2828 2828 2829 2829 2830 2830 2800 2800 2802 2802 2831 2831 2832 2832 2833 2833 2797 2797 2834 2834 2835 2835 2836 2836 2837 2837 2836 2836 2835 2835 2836 2836 2837 2837 2838 2838 2834 2834 2839 2839 2835 2835 2840 2840 2835 2835 2839 2839 2835 2835 2840 2840 2832 2832 2841 2841 2832 2832 2840 2840 2832 2832 2841 2841 2833 2833 2842 2842 2843 2843 2844 2844 2843 2843 2845 2845 2844 2844 2846 2846 2844 2844 2845 2845 2844 2844 2846 2846 2842 2842 2847 2847 2848 2848 2842 2842 2849 2849 2842 2842 2848 2848 2842 2842 2849 2849 2803 2803 2848 2848 2850 2850 2849 2849 2851 2851 2849 2849 2850 2850 2849 2849 2851 2851 2796 2796 2852 2852 2796 2796 2851 2851 2796 2796 2852 2852 2794 2794 2845 2845 2853 2853 2846 2846 2854 2854 2846 2846 2853 2853 2846 2846 2854 2854 2842 2842 2855 2855 2842 2842 2854 2854 2842 2842 2855 2855 2847 2847 2856 2856 2857 2857 2858 2858 2856 2856 2859 2859 2857 2857 2860 2860 2857 2857 2859 2859 2857 2857 2860 2860 2861 2861 2824 2824 2862 2862 2822 2822 2863 2863 2822 2822 2862 2862 2822 2822 2863 2863 2864 2864 2865 2865 2864 2864 2863 2863 2866 2866 2867 2867 2868 2868 2817 2817 2868 2868 2867 2867 2868 2868 2817 2817 2869 2869 2822 2822 2869 2869 2817 2817 2869 2869 2822 2822 2870 2870 2864 2864 2870 2870 2822 2822 2870 2870 2864 2864 2866 2866 2871 2871 2872 2872 2873 2873 2874 2874 2873 2873 2872 2872 2873 2873 2874 2874 2875 2875 2876 2876 2877 2877 2878 2878 2879 2879 2878 2878 2877 2877 2879 2879 2880 2880 2878 2878 2881 2881 2878 2878 2880 2880 2878 2878 2881 2881 2874 2874 2882 2882 2874 2874 2881 2881 2874 2874 2882 2882 2875 2875 2883 2883 2884 2884 2885 2885 2885 2885 2884 2884 2886 2886 2793 2793 2792 2792 2887 2887 2789 2789 2791 2791 2888 2888 2793 2793 2888 2888 2791 2791 2888 2888 2793 2793 2889 2889 2887 2887 2889 2889 2793 2793 2889 2889 2887 2887 2890 2890 2891 2891 2889 2889 2892 2892 2890 2890 2892 2892 2889 2889 2892 2892 2890 2890 2893 2893 2894 2894 2895 2895 2891 2891 2896 2896 2891 2891 2895 2895 2891 2891 2896 2896 2889 2889 2897 2897 2889 2889 2896 2896 2889 2889 2897 2897 2888 2888 2898 2898 2888 2888 2897 2897 2888 2888 2898 2898 2789 2789 2899 2899 2900 2900 2901 2901 2902 2902 2901 2901 2900 2900 2901 2901 2902 2902 2903 2903 2904 2904 2903 2903 2902 2902 2905 2905 2906 2906 2907 2907 2905 2905 2907 2907 2908 2908 2909 2909 2908 2908 2907 2907 2908 2908 2909 2909 2910 2910 2911 2911 2910 2910 2909 2909 2910 2910 2911 2911 2912 2912 2913 2913 2912 2912 2911 2911 2912 2912 2913 2913 2914 2914 2915 2915 2914 2914 2913 2913 2914 2914 2915 2915 2916 2916 2917 2917 2916 2916 2915 2915 2916 2916 2917 2917 2918 2918 2918 2918 2894 2894 2916 2916 2891 2891 2916 2916 2894 2894 2916 2916 2891 2891 2914 2914 2892 2892 2914 2914 2891 2891 2914 2914 2892 2892 2912 2912 2893 2893 2912 2912 2892 2892 2912 2912 2893 2893 2910 2910 2919 2919 2910 2910 2893 2893 2910 2910 2919 2919 2908 2908 2899 2899 2908 2908 2919 2919 2908 2908 2899 2899 2905 2905 2901 2901 2905 2905 2899 2899 2905 2905 2901 2901 2906 2906 2903 2903 2906 2906 2901 2901 2920 2920 2921 2921 2922 2922 2923 2923 2922 2922 2921 2921 2924 2924 2925 2925 2926 2926 2767 2767 2926 2926 2925 2925 2927 2927 2928 2928 2929 2929 2930 2930 2929 2929 2928 2928 2929 2929 2930 2930 2926 2926 2931 2931 2926 2926 2930 2930 2926 2926 2931 2931 2924 2924 2932 2932 2933 2933 2934 2934 2935 2935 2934 2934 2933 2933 2934 2934 2935 2935 2936 2936 2937 2937 2936 2936 2935 2935 2936 2936 2937 2937 2938 2938 2927 2927 2938 2938 2937 2937 2938 2938 2927 2927 2939 2939 2929 2929 2939 2939 2927 2927 2783 2783 2940 2940 2941 2941 2783 2783 2941 2941 2784 2784 2942 2942 2784 2784 2941 2941 2784 2784 2942 2942 2785 2785 2866 2866 2864 2864 2867 2867 2943 2943 2867 2867 2864 2864 2867 2867 2943 2943 2944 2944 2945 2945 2944 2944 2943 2943 2944 2944 2945 2945 2946 2946 2865 2865 2947 2947 2864 2864 2861 2861 2864 2864 2947 2947 2864 2864 2861 2861 2943 2943 2860 2860 2943 2943 2861 2861 2943 2943 2860 2860 2945 2945 2859 2859 2945 2945 2860 2860 2945 2945 2859 2859 2842 2842 2856 2856 2842 2842 2859 2859 2842 2842 2856 2856 2843 2843 2858 2858 2843 2843 2856 2856 2843 2843 2858 2858 2845 2845 2948 2948 2949 2949 2950 2950 2779 2779 2950 2950 2949 2949 2950 2950 2779 2779 2942 2942 2951 2951 2942 2942 2779 2779 2942 2942 2951 2951 2785 2785 2952 2952 2948 2948 2946 2946 2950 2950 2946 2946 2948 2948 2946 2946 2950 2950 2944 2944 2942 2942 2944 2944 2950 2950 2944 2944 2942 2942 2867 2867 2941 2941 2867 2867 2942 2942 2867 2867 2941 2941 2817 2817 2940 2940 2817 2817 2941 2941 2817 2817 2940 2940 2953 2953 2787 2787 2786 2786 2954 2954 2955 2955 2954 2954 2786 2786 2954 2954 2955 2955 2956 2956 2957 2957 2956 2956 2955 2955 2956 2956 2957 2957 2958 2958 2959 2959 2958 2958 2957 2957 2958 2958 2959 2959 2960 2960 2961 2961 2960 2960 2959 2959 2960 2960 2961 2961 2962 2962 2963 2963 2962 2962 2961 2961 2962 2962 2963 2963 2964 2964 2955 2955 2780 2780 2957 2957 2782 2782 2957 2957 2780 2780 2957 2957 2782 2782 2959 2959 2965 2965 2959 2959 2782 2782 2959 2959 2965 2965 2961 2961 2966 2966 2961 2961 2965 2965 2961 2961 2966 2966 2963 2963 2967 2967 2968 2968 2949 2949 2969 2969 2949 2949 2968 2968 2949 2949 2969 2969 2779 2779 2970 2970 2779 2779 2969 2969 2779 2779 2970 2970 2777 2777 2814 2814 2813 2813 2803 2803 2812 2812 2803 2803 2813 2813 2803 2803 2812 2812 2804 2804 2810 2810 2804 2804 2812 2812 2804 2804 2810 2810 2805 2805 2809 2809 2805 2805 2810 2810 2805 2805 2809 2809 2803 2803 2806 2806 2803 2803 2809 2809 2803 2803 2806 2806 2842 2842 2808 2808 2842 2842 2806 2806 2842 2842 2808 2808 2945 2945 2810 2810 2945 2945 2808 2808 2945 2945 2810 2810 2946 2946 2814 2814 2946 2946 2810 2810 2946 2946 2814 2814 2952 2952 2803 2803 2952 2952 2814 2814 2952 2952 2803 2803 2948 2948 2971 2971 2948 2948 2803 2803 2948 2948 2971 2971 2949 2949 2972 2972 2949 2949 2971 2971 2949 2949 2972 2972 2967 2967 2973 2973 2966 2966 2974 2974 2965 2965 2974 2974 2966 2966 2974 2974 2965 2965 2975 2975 2782 2782 2975 2975 2965 2965 2975 2975 2782 2782 2976 2976 2781 2781 2976 2976 2782 2782 2976 2976 2781 2781 2977 2977 2815 2815 2817 2817 2830 2830 2953 2953 2830 2830 2817 2817 2830 2830 2953 2953 2828 2828 2940 2940 2828 2828 2953 2953 2828 2828 2940 2940 2788 2788 2783 2783 2788 2788 2940 2940 2788 2788 2783 2783 2786 2786 2785 2785 2786 2786 2783 2783 2786 2786 2785 2785 2955 2955 2951 2951 2955 2955 2785 2785 2955 2955 2951 2951 2780 2780 2779 2779 2780 2780 2951 2951 2780 2780 2779 2779 2781 2781 2778 2778 2781 2781 2779 2779 2781 2781 2778 2778 2977 2977 2978 2978 2979 2979 2980 2980 2981 2981 2980 2980 2979 2979 2980 2980 2981 2981 2982 2982 2983 2983 2982 2982 2981 2981 2982 2982 2983 2983 2984 2984 2984 2984 2985 2985 2982 2982 2986 2986 2982 2982 2985 2985 2982 2982 2986 2986 2987 2987 2988 2988 2987 2987 2986 2986 2987 2987 2988 2988 2989 2989 2990 2990 2989 2989 2988 2988 2989 2989 2990 2990 2991 2991 2992 2992 2991 2991 2990 2990 2985 2985 2993 2993 2986 2986 2994 2994 2986 2986 2993 2993 2986 2986 2994 2994 2988 2988 2995 2995 2988 2988 2994 2994 2988 2988 2995 2995 2990 2990 2973 2973 2978 2978 2966 2966 2980 2980 2966 2966 2978 2978 2966 2966 2980 2980 2963 2963 2982 2982 2963 2963 2980 2980 2963 2963 2982 2982 2964 2964 2987 2987 2964 2964 2982 2982 2920 2920 2922 2922 2991 2991 2996 2996 2991 2991 2922 2922 2991 2991 2996 2996 2989 2989 2997 2997 2989 2989 2996 2996 2989 2989 2997 2997 2987 2987 2998 2998 2987 2987 2997 2997 2987 2987 2998 2998 2964 2964 2999 2999 2964 2964 2998 2998 2964 2964 2999 2999 2962 2962 3000 3000 3001 3001 3002 3002 3003 3003 3002 3002 3001 3001 3002 3002 3003 3003 2832 2832 3004 3004 2832 2832 3003 3003 2832 2832 3004 3004 2835 2835 3005 3005 3006 3006 3007 3007 3008 3008 3009 3009 3010 3010 3005 3005 3010 3010 3009 3009 3010 3010 3005 3005 3011 3011 3007 3007 3011 3011 3005 3005 3008 3008 3012 3012 3009 3009 3013 3013 3009 3009 3012 3012 3009 3009 3013 3013 3002 3002 3014 3014 3002 3002 3013 3013 3002 3002 3014 3014 3000 3000 3015 3015 3016 3016 3017 3017 3018 3018 3017 3017 3016 3016 3017 3017 3018 3018 3019 3019 2799 2799 3019 3019 3018 3018 3019 3019 2799 2799 2802 2802 2798 2798 2802 2802 2799 2799 2802 2802 2798 2798 2831 2831 3020 3020 3015 3015 3021 3021 3022 3022 3021 3021 3015 3015 3021 3021 3022 3022 3023 3023 2797 2797 2799 2799 2832 2832 3018 3018 2832 2832 2799 2799 2832 2832 3018 3018 3002 3002 3016 3016 3002 3002 3018 3018 3002 3002 3016 3016 3009 3009 3015 3015 3009 3009 3016 3016 3009 3009 3015 3015 3005 3005 3020 3020 3005 3005 3015 3015 3005 3005 3020 3020 3006 3006 2775 2775 2774 2774 3024 3024 3025 3025 3024 3024 2774 2774 3024 3024 3025 3025 3026 3026 3027 3027 3028 3028 3029 3029 3030 3030 3029 3029 3028 3028 3029 3029 3030 3030 3031 3031 3032 3032 3031 3031 3030 3030 3031 3031 3032 3032 3033 3033 3034 3034 3033 3033 3032 3032 3033 3033 3034 3034 2776 2776 3035 3035 2776 2776 3034 3034 2776 2776 3035 3035 2774 2774 3036 3036 2774 2774 3035 3035 2774 2774 3036 3036 3025 3025 3037 3037 3038 3038 3039 3039 3040 3040 3039 3039 3038 3038 3039 3039 3040 3040 3041 3041 3042 3042 3043 3043 3044 3044 3037 3037 3044 3044 3043 3043 3044 3044 3037 3037 3045 3045 3039 3039 3045 3045 3037 3037 3045 3045 3039 3039 2771 2771 3041 3041 2771 2771 3039 3039 2771 2771 3041 3041 2772 2772 3045 3045 3046 3046 3044 3044 3047 3047 3044 3044 3046 3046 3044 3044 3047 3047 2872 2872 3048 3048 2872 2872 3047 3047 2872 2872 3048 3048 2874 2874 3049 3049 2874 2874 3048 3048 2874 2874 3049 3049 2878 2878 2886 2886 2878 2878 3049 3049 2878 2878 2886 2886 2876 2876 2884 2884 2876 2876 2886 2886 2871 2871 3050 3050 2872 2872 3051 3051 2872 2872 3050 3050 2872 2872 3051 3051 3044 3044 3052 3052 3044 3044 3051 3051 3044 3044 3052 3052 3042 3042 2791 2791 3053 3053 2792 2792 2883 2883 2792 2792 3053 3053 2792 2792 2883 2883 2887 2887 2885 2885 2887 2887 2883 2883 2887 2887 2885 2885 2890 2890 2886 2886 2890 2890 2885 2885 2890 2890 2886 2886 2893 2893 3049 3049 2893 2893 2886 2886 2893 2893 3049 3049 2919 2919 3048 3048 2919 2919 3049 3049 2919 2919 3048 3048 2899 2899 3047 3047 2899 2899 3048 3048 2899 2899 3047 3047 2900 2900 3046 3046 2900 2900 3047 3047 2770 2770 3054 3054 2768 2768 3055 3055 2768 2768 3054 3054 2768 2768 3055 3055 3056 3056 3057 3057 3056 3056 3055 3055 3056 3056 3057 3057 3026 3026 3058 3058 3026 3026 3057 3057 3026 3026 3058 3058 3024 3024 3059 3059 3024 3024 3058 3058 3024 3024 3059 3059 2775 2775 3028 3028 3060 3060 3030 3030 3061 3061 3030 3030 3060 3060 3030 3030 3061 3061 3032 3032 3062 3062 3032 3032 3061 3061 3032 3032 3062 3062 3034 3034 3063 3063 3034 3034 3062 3062 3034 3034 3063 3063 3035 3035 3064 3064 3035 3035 3063 3063 3035 3035 3064 3064 3036 3036 3065 3065 3036 3036 3064 3064 3036 3036 3065 3065 3025 3025 3066 3066 3025 3025 3065 3065 3025 3025 3066 3066 3026 3026 3067 3067 3026 3026 3066 3066 3026 3026 3067 3067 3056 3056 3068 3068 3056 3056 3067 3067 3056 3056 3068 3068 2768 2768 3069 3069 2769 2769 3070 3070 2768 2768 3070 3070 2769 2769 3070 3070 2768 2768 3071 3071 3068 3068 3071 3071 2768 2768 2801 2801 3027 3027 2802 2802 3029 3029 2802 2802 3027 3027 2802 2802 3029 3029 3019 3019 3031 3031 3019 3019 3029 3029 3019 3019 3031 3031 3017 3017 3033 3033 3017 3017 3031 3031 3017 3017 3033 3033 3015 3015 2776 2776 3015 3015 3033 3033 3015 3015 2776 2776 3022 3022 2775 2775 3022 3022 2776 2776 3022 3022 2775 2775 3072 3072 3059 3059 3072 3072 2775 2775 3072 3072 3059 3059 3073 3073 3058 3058 3073 3073 3059 3059 3073 3073 3058 3058 3074 3074 3057 3057 3074 3074 3058 3058 3074 3074 3057 3057 3075 3075 3055 3055 3075 3075 3057 3057 3075 3075 3055 3055 3076 3076 3054 3054 3076 3076 3055 3055 3076 3076 3054 3054 3077 3077 2770 2770 3077 3077 3054 3054 3077 3077 2770 2770 3078 3078 2769 2769 3078 3078 2770 2770 3078 3078 2769 2769 3079 3079 3069 3069 3079 3079 2769 2769 3079 3079 3069 3069 3080 3080 3023 3023 3022 3022 3081 3081 3072 3072 3081 3081 3022 3022 3081 3081 3072 3072 3082 3082 3073 3073 3082 3082 3072 3072 3082 3082 3073 3073 3083 3083 3074 3074 3083 3083 3073 3073 3083 3083 3074 3074 2773 2773 3075 3075 2773 2773 3074 3074 2773 2773 3075 3075 2771 2771 3076 3076 2771 2771 3075 3075 2771 2771 3076 3076 3045 3045 3077 3077 3045 3045 3076 3076 3045 3045 3077 3077 3046 3046 3078 3078 3046 3046 3077 3077 3046 3046 3078 3078 2900 2900 3079 3079 2900 2900 3078 3078 2900 2900 3079 3079 2902 2902 3080 3080 2902 2902 3079 3079 2902 2902 3080 3080 2904 2904 3084 3084 2765 2765 3085 3085 2767 2767 3085 3085 2765 2765 3085 3085 2767 2767 3086 3086 2925 2925 3086 3086 2767 2767 2904 2904 2934 2934 2903 2903 2936 2936 2903 2903 2934 2934 2903 2903 2936 2936 2906 2906 2938 2938 2906 2906 2936 2936 2906 2906 2938 2938 2907 2907 2939 2939 2907 2907 2938 2938 2907 2907 2939 2939 2909 2909 2929 2929 2909 2909 2939 2939 2909 2909 2929 2929 2911 2911 2926 2926 2911 2911 2929 2929 2911 2911 2926 2926 2913 2913 2767 2767 2913 2913 2926 2926 2913 2913 2767 2767 2915 2915 2766 2766 2915 2915 2767 2767 2915 2915 2766 2766 2917 2917 2992 2992 3087 3087 2991 2991 3088 3088 2991 2991 3087 3087 2991 2991 3088 3088 2920 2920 3089 3089 2920 2920 3088 3088 2920 2920 3089 3089 2921 2921 3060 3060 2829 2829 3061 3061 2828 2828 3061 3061 2829 2829 3061 3061 2828 2828 3062 3062 2788 2788 3062 3062 2828 2828 3062 3062 2788 2788 3063 3063 2787 2787 3063 3063 2788 2788 3063 3063 2787 2787 3064 3064 2954 2954 3064 3064 2787 2787 3064 3064 2954 2954 3065 3065 2956 2956 3065 3065 2954 2954 3065 3065 2956 2956 3066 3066 2958 2958 3066 3066 2956 2956 3066 3066 2958 2958 3067 3067 2960 2960 3067 3067 2958 2958 3067 3067 2960 2960 3068 3068 2962 2962 3068 3068 2960 2960 3068 3068 2962 2962 3071 3071 2999 2999 3071 3071 2962 2962 3071 3071 2999 2999 3070 3070 2998 2998 3070 3070 2999 2999 3070 3070 2998 2998 3069 3069 2997 2997 3069 3069 2998 2998 3069 3069 2997 2997 3080 3080 2996 2996 3080 3080 2997 2997 3080 3080 2996 2996 2904 2904 2922 2922 2904 2904 2996 2996 2904 2904 2922 2922 2934 2934 2923 2923 2934 2934 2922 2922 2934 2934 2923 2923 2932 2932 3090 3090 3091 3091 3092 3092 3093 3093 3092 3092 3091 3091 3092 3092 3093 3093 3094 3094 3095 3095 3094 3094 3093 3093 3094 3094 3095 3095 3096 3096 3097 3097 3096 3096 3095 3095 3096 3096 3097 3097 3098 3098 3099 3099 3100 3100 3101 3101 3102 3102 3103 3103 3104 3104 3103 3103 3105 3105 3104 3104 3106 3106 3104 3104 3105 3105 3104 3104 3106 3106 3090 3090 3107 3107 3090 3090 3106 3106 3090 3090 3107 3107 3091 3091 3108 3108 3109 3109 3110 3110 3110 3110 3099 3099 3108 3108 3101 3101 3108 3108 3099 3099 3108 3108 3101 3101 3104 3104 3111 3111 3104 3104 3101 3101 3104 3104 3111 3111 3102 3102 3112 3112 3113 3113 3114 3114 3115 3115 3116 3116 3117 3117 3118 3118 3119 3119 3120 3120 3121 3121 3120 3120 3119 3119 3120 3120 3121 3121 3122 3122 3122 3122 3123 3123 3120 3120 3124 3124 3120 3120 3123 3123 3120 3120 3124 3124 3125 3125 3126 3126 3125 3125 3124 3124 3127 3127 3128 3128 3129 3129 3125 3125 3129 3129 3128 3128 3129 3129 3125 3125 3130 3130 3126 3126 3130 3130 3125 3125 3120 3120 3131 3131 3118 3118 3132 3132 3118 3118 3131 3131 3118 3118 3132 3132 3133 3133 3134 3134 3135 3135 3136 3136 3137 3137 3136 3136 3135 3135 3136 3136 3137 3137 3138 3138 3139 3139 3140 3140 3141 3141 3141 3141 3142 3142 3139 3139 3143 3143 3139 3139 3142 3142 3139 3139 3143 3143 3138 3138 3125 3125 3138 3138 3143 3143 3138 3138 3125 3125 3136 3136 3128 3128 3136 3136 3125 3125 3136 3136 3128 3128 3134 3134 3144 3144 3145 3145 3146 3146 3147 3147 3146 3146 3145 3145 3146 3146 3147 3147 3139 3139 3148 3148 3139 3139 3147 3147 3139 3139 3148 3148 3140 3140 3149 3149 3150 3150 3151 3151 2826 2826 3151 3151 3150 3150 2826 2826 3152 3152 3151 3151 3153 3153 3151 3151 3152 3152 3151 3151 3153 3153 3154 3154 3146 3146 3149 3149 3144 3144 3151 3151 3144 3144 3149 3149 3144 3144 3151 3151 3155 3155 3156 3156 3155 3155 3151 3151 3155 3155 3156 3156 3114 3114 3157 3157 3114 3114 3156 3156 3114 3114 3157 3157 3112 3112 3158 3158 3159 3159 3160 3160 3160 3160 3161 3161 3158 3158 1597 1597 3158 3158 3161 3161 3158 3158 1597 1597 3162 3162 3163 3163 3164 3164 3118 3118 3163 3163 3118 3118 3158 3158 3165 3165 3159 3159 3166 3166 3158 3158 3166 3166 3159 3159 3166 3166 3158 3158 3117 3117 3118 3118 3117 3117 3158 3158 3117 3117 3118 3118 3115 3115 3133 3133 3115 3115 3118 3118 3164 3164 3167 3167 3118 3118 3168 3168 3118 3118 3167 3167 3118 3118 3168 3168 3169 3169 3170 3170 3169 3169 3168 3168 3169 3169 3170 3170 3171 3171 3172 3172 3171 3171 3170 3170 3171 3171 3172 3172 3173 3173 1782 1782 3174 3174 3172 3172 3175 3175 3172 3172 3174 3174 3172 3172 3175 3175 3173 3173 1782 1782 1785 1785 3174 3174 1789 1789 3174 3174 1785 1785 3174 3174 1789 1789 1788 1788 1788 1788 1787 1787 3174 3174 3176 3176 3174 3174 1787 1787 3174 3174 3176 3176 3177 3177 1597 1597 1595 1595 3162 3162 1594 1594 3162 3162 1595 1595 3162 3162 1594 1594 3178 3178 1594 1594 1593 1593 3178 3178 1604 1604 3178 3178 1593 1593 3178 3178 1604 1604 3179 3179 3180 3180 3181 3181 3182 3182 3183 3183 3184 3184 3185 3185 3180 3180 3185 3185 3184 3184 3185 3185 3180 3180 3186 3186 3182 3182 3186 3186 3180 3180 3187 3187 3188 3188 3189 3189 3190 3190 3189 3189 3188 3188 3189 3189 3190 3190 3191 3191 3181 3181 3180 3180 3192 3192 3189 3189 3192 3192 3180 3180 3192 3192 3189 3189 3193 3193 3191 3191 3193 3193 3189 3189 3193 3193 3191 3191 3194 3194 3195 3195 3196 3196 3180 3180 3197 3197 3180 3180 3196 3196 3180 3180 3197 3197 3189 3189 3198 3198 3189 3189 3197 3197 3189 3189 3198 3198 3187 3187 2259 2259 3195 3195 2260 2260 3180 3180 2260 2260 3195 3195 2260 2260 3180 3180 3199 3199 3184 3184 3199 3199 3180 3180 3200 3200 3201 3201 3202 3202 3203 3203 3202 3202 3201 3201 3204 3204 3205 3205 3206 3206 3207 3207 3206 3206 3205 3205 3208 3208 3209 3209 3210 3210 3211 3211 3210 3210 3209 3209 3212 3212 3213 3213 3214 3214 3215 3215 3214 3214 3213 3213 3216 3216 3217 3217 3218 3218 3219 3219 3218 3218 3217 3217 3220 3220 3221 3221 3222 3222 3223 3223 3222 3222 3221 3221 3224 3224 3225 3225 3226 3226 3227 3227 3226 3226 3225 3225 3228 3228 3229 3229 1610 1610 3230 3230 3231 3231 3232 3232 3233 3233 3234 3234 1604 1604 3235 3235 3236 3236 3179 3179 1610 1610 3229 3229 1604 1604 3237 3237 1604 1604 3229 3229 1604 1604 3237 3237 3233 3233 3238 3238 3239 3239 3240 3240 3241 3241 3242 3242 1604 1604 3243 3243 1604 1604 3242 3242 1604 1604 3243 3243 3179 3179 3244 3244 3179 3179 3243 3243 3179 3179 3244 3244 3235 3235 3245 3245 3246 3246 3247 3247 3228 3228 1610 1610 3248 3248 3232 3232 3248 3248 1610 1610 3248 3248 3232 3232 3247 3247 3249 3249 3236 3236 3239 3239 3250 3250 3239 3239 3236 3236 3239 3239 3250 3250 3240 3240 3249 3249 3251 3251 3236 3236 3252 3252 3236 3236 3251 3251 3236 3236 3252 3252 3179 3179 3253 3253 3179 3179 3252 3252 3179 3179 3253 3253 3254 3254 3245 3245 3247 3247 3255 3255 3232 3232 3255 3255 3247 3247 3255 3255 3232 3232 3240 3240 3231 3231 3240 3240 3232 3232 3240 3240 3231 3231 3238 3238 3234 3234 3256 3256 1604 1604 3257 3257 1604 1604 3256 3256 1604 1604 3257 3257 3241 3241 3258 3258 3241 3241 3257 3257 3241 3241 3258 3258 3259 3259 3260 3260 3259 3259 3258 3258 3259 3259 3260 3260 3246 3246 3261 3261 3246 3246 3260 3260 3246 3246 3261 3261 3247 3247 3254 3254 3262 3262 3179 3179 3263 3263 3179 3179 3262 3262 3179 3179 3263 3263 3232 3232 3264 3264 3232 3232 3263 3263 3232 3232 3264 3264 3230 3230 3265 3265 3266 3266 3267 3267 3268 3268 3269 3269 3270 3270 1611 1611 3271 3271 1612 1612 3232 3232 1612 1612 3271 3271 1612 1612 3232 3232 1610 1610 1615 1615 3272 3272 3273 3273 3273 3273 3274 3274 1615 1615 3275 3275 1615 1615 3274 3274 1615 1615 3275 3275 1611 1611 3276 3276 1611 1611 3275 3275 1611 1611 3276 3276 3271 3271 3277 3277 3278 3278 3279 3279 3277 3277 3279 3279 1615 1615 3278 3278 3280 3280 3279 3279 3281 3281 3279 3279 3280 3280 3279 3279 3281 3281 3282 3282 3283 3283 3282 3282 3281 3281 3282 3282 3283 3283 3284 3284 3285 3285 3284 3284 3283 3283 3284 3284 3285 3285 3286 3286 158 158 3287 3287 3285 3285 3288 3288 3285 3285 3287 3287 3285 3285 3288 3288 3286 3286 158 158 161 161 3287 3287 165 165 3287 3287 161 161 3287 3287 165 165 164 164 164 164 163 163 3287 3287 3289 3289 3287 3287 163 163 3287 3287 3289 3289 3290 3290 3279 3279 3291 3291 3292 3292 3293 3293 3292 3292 3291 3291 3292 3292 3293 3293 3294 3294 3294 3294 3295 3295 3292 3292 3296 3296 3292 3292 3295 3295 3292 3292 3296 3296 3297 3297 3298 3298 3297 3297 3296 3296 3299 3299 3300 3300 3301 3301 3297 3297 3301 3301 3300 3300 3301 3301 3297 3297 3302 3302 3298 3298 3302 3302 3297 3297 3292 3292 3303 3303 3279 3279 3304 3304 3279 3279 3303 3303 3279 3279 3304 3304 3305 3305 3305 3305 3268 3268 3279 3279 3270 3270 3279 3279 3268 3268 3279 3279 3270 3270 1615 1615 3306 3306 1615 1615 3270 3270 1615 1615 3306 3306 3272 3272 3307 3307 3272 3272 3306 3306 3308 3308 3309 3309 3310 3310 3311 3311 3310 3310 3309 3309 3310 3310 3311 3311 3312 3312 3313 3313 3314 3314 3315 3315 3315 3315 3316 3316 3313 3313 3317 3317 3313 3313 3316 3316 3313 3313 3317 3317 3312 3312 3297 3297 3312 3312 3317 3317 3312 3312 3297 3297 3310 3310 3300 3300 3310 3310 3297 3297 3310 3310 3300 3300 3308 3308 3318 3318 3319 3319 3320 3320 3321 3321 3320 3320 3319 3319 3320 3320 3321 3321 3313 3313 3322 3322 3313 3313 3321 3321 3313 3313 3322 3322 3314 3314 3323 3323 3324 3324 3325 3325 1240 1240 3325 3325 3324 3324 1240 1240 3326 3326 3325 3325 3327 3327 3325 3325 3326 3326 3325 3325 3327 3327 3328 3328 3320 3320 3323 3323 3318 3318 3325 3325 3318 3318 3323 3323 3318 3318 3325 3325 3329 3329 3330 3330 3329 3329 3325 3325 3329 3329 3330 3330 3267 3267 3331 3331 3267 3267 3330 3330 3267 3267 3331 3331 3265 3265 3332 3332 3333 3333 3334 3334 3335 3335 3334 3334 3333 3333 3334 3334 3335 3335 3114 3114 3336 3336 3337 3337 3338 3338 3339 3339 3338 3338 3337 3337 3338 3338 3339 3339 3332 3332 3340 3340 3332 3332 3339 3339 3332 3332 3340 3340 3333 3333 3341 3341 3342 3342 3113 3113 3343 3343 3113 3113 3342 3342 3113 3113 3343 3343 3114 3114 3344 3344 3114 3114 3343 3343 3114 3114 3344 3344 3334 3334 3345 3345 3346 3346 3267 3267 3347 3347 3267 3267 3346 3346 3267 3267 3347 3347 3348 3348 3349 3349 3348 3348 3347 3347 3335 3335 3350 3350 3114 3114 3351 3351 3114 3114 3350 3350 3114 3114 3351 3351 3352 3352 3353 3353 3352 3352 3351 3351 3354 3354 3355 3355 3266 3266 3356 3356 3266 3266 3355 3355 3266 3266 3356 3356 3267 3267 3357 3357 3267 3267 3356 3356 3267 3267 3357 3357 3345 3345 3358 3358 3345 3345 3357 3357 3266 3266 3359 3359 3360 3360 3361 3361 3360 3360 3359 3359 3360 3360 3361 3361 3353 3353 3362 3362 3353 3353 3361 3361 3353 3353 3362 3362 3352 3352 3358 3358 3357 3357 3363 3363 3364 3364 3363 3363 3357 3357 3363 3363 3364 3364 3365 3365 3366 3366 3365 3365 3364 3364 3365 3365 3366 3366 3367 3367 3368 3368 3367 3367 3366 3366 3367 3367 3368 3368 3344 3344 3369 3369 3344 3344 3368 3368 3344 3344 3369 3369 3334 3334 3338 3338 3370 3370 3336 3336 3354 3354 3336 3336 3370 3370 3336 3336 3354 3354 3371 3371 3266 3266 3371 3371 3354 3354 3371 3371 3266 3266 3372 3372 3360 3360 3372 3372 3266 3266 3113 3113 3373 3373 3341 3341 3374 3374 3341 3341 3373 3373 3341 3341 3374 3374 3349 3349 3375 3375 3349 3349 3374 3374 3349 3349 3375 3375 3348 3348 3376 3376 3377 3377 3378 3378 3379 3379 3380 3380 3381 3381 3382 3382 3383 3383 3381 3381 3384 3384 3381 3381 3383 3383 3381 3381 3384 3384 3379 3379 3385 3385 3386 3386 3381 3381 3387 3387 3381 3381 3386 3386 3381 3381 3387 3387 3382 3382 3388 3388 3389 3389 3390 3390 3391 3391 3390 3390 3389 3389 3390 3390 3391 3391 3392 3392 3376 3376 3378 3378 3390 3390 3393 3393 3390 3390 3378 3378 3390 3390 3393 3393 3388 3388 3392 3392 3394 3394 3390 3390 3395 3395 3390 3390 3394 3394 3390 3390 3395 3395 3385 3385 3396 3396 3385 3385 3395 3395 3385 3385 3396 3396 3386 3386 3397 3397 3398 3398 3399 3399 3400 3400 3401 3401 3399 3399 3401 3401 3402 3402 3399 3399 3403 3403 3399 3399 3402 3402 3399 3399 3403 3403 3397 3397 3404 3404 3400 3400 3405 3405 3399 3399 3405 3405 3400 3400 3405 3405 3399 3399 3406 3406 3407 3407 3406 3406 3399 3399 3162 3162 3178 3178 3408 3408 3409 3409 3158 3158 3162 3162 3410 3410 3411 3411 3408 3408 3412 3412 3408 3408 3411 3411 3408 3408 3412 3412 3162 3162 3413 3413 3162 3162 3412 3412 3162 3162 3413 3413 3409 3409 3381 3381 3380 3380 3414 3414 3381 3381 3415 3415 3385 3385 3416 3416 3385 3385 3415 3415 3417 3417 3418 3418 3419 3419 3420 3420 3419 3419 3418 3418 3419 3419 3420 3420 3415 3415 3421 3421 3415 3415 3420 3420 3415 3415 3421 3421 3416 3416 3381 3381 3414 3414 3415 3415 3410 3410 3415 3415 3414 3414 3415 3415 3410 3410 3419 3419 3408 3408 3419 3419 3410 3410 3419 3419 3408 3408 3417 3417 3178 3178 3417 3417 3408 3408 3417 3417 3178 3178 3179 3179 3390 3390 3385 3385 3416 3416 3390 3390 3416 3416 3422 3422 3421 3421 3422 3422 3416 3416 3422 3422 3421 3421 3423 3423 3421 3421 3420 3420 3423 3423 3418 3418 3423 3423 3420 3420 3423 3423 3418 3418 3232 3232 3417 3417 3232 3232 3418 3418 3232 3232 3417 3417 3179 3179 3424 3424 3377 3377 3376 3376 3425 3425 3426 3426 3427 3427 3428 3428 3427 3427 3426 3426 3275 3275 3429 3429 3276 3276 3430 3430 3276 3276 3429 3429 3390 3390 3422 3422 3376 3376 3431 3431 3376 3376 3422 3422 3376 3376 3431 3431 3424 3424 3432 3432 3424 3424 3431 3431 3422 3422 3423 3423 3431 3431 3433 3433 3431 3431 3423 3423 3431 3431 3433 3433 3432 3432 3427 3427 3432 3432 3433 3433 3432 3432 3427 3427 3434 3434 3428 3428 3434 3434 3427 3427 3423 3423 3232 3232 3433 3433 3271 3271 3433 3433 3232 3232 3433 3433 3271 3271 3427 3427 3276 3276 3427 3427 3271 3271 3427 3427 3276 3276 3425 3425 3430 3430 3425 3425 3276 3276 3435 3435 3436 3436 3437 3437 3438 3438 3437 3437 3436 3436 3437 3437 3438 3438 3439 3439 3440 3440 3439 3439 3438 3438 3439 3439 3440 3440 3441 3441 3442 3442 3441 3441 3440 3440 3441 3441 3442 3442 3443 3443 3444 3444 3443 3443 3442 3442 3443 3443 3444 3444 3445 3445 3446 3446 3445 3445 3444 3444 3445 3445 3446 3446 3447 3447 3448 3448 3447 3447 3446 3446 3447 3447 3448 3448 3449 3449 3450 3450 3449 3449 3448 3448 3449 3449 3450 3450 3451 3451 3452 3452 3451 3451 3450 3450 3451 3451 3452 3452 3453 3453 3454 3454 3453 3453 3452 3452 3453 3453 3454 3454 3455 3455 3456 3456 3455 3455 3454 3454 3455 3455 3456 3456 3457 3457 3458 3458 3457 3457 3456 3456 3457 3457 3458 3458 3435 3435 3436 3436 3435 3435 3458 3458 3459 3459 3460 3460 3461 3461 3462 3462 3461 3461 3460 3460 3461 3461 3462 3462 3463 3463 3464 3464 3463 3463 3462 3462 3463 3463 3464 3464 3465 3465 3466 3466 3465 3465 3464 3464 3465 3465 3466 3466 3467 3467 3468 3468 3467 3467 3466 3466 3467 3467 3468 3468 3469 3469 3470 3470 3469 3469 3468 3468 3469 3469 3470 3470 3471 3471 3472 3472 3471 3471 3470 3470 3471 3471 3472 3472 3473 3473 3474 3474 3473 3473 3472 3472 3473 3473 3474 3474 3475 3475 3476 3476 3475 3475 3474 3474 3475 3475 3476 3476 3477 3477 3478 3478 3477 3477 3476 3476 3477 3477 3478 3478 3479 3479 3480 3480 3479 3479 3478 3478 3479 3479 3480 3480 3481 3481 3482 3482 3481 3481 3480 3480 3481 3481 3482 3482 3459 3459 3460 3460 3459 3459 3482 3482 3483 3483 3484 3484 3485 3485 3486 3486 3485 3485 3484 3484 3485 3485 3486 3486 3487 3487 3488 3488 3487 3487 3486 3486 3487 3487 3488 3488 3489 3489 3490 3490 3489 3489 3488 3488 3489 3489 3490 3490 3491 3491 3492 3492 3491 3491 3490 3490 3491 3491 3492 3492 3493 3493 3494 3494 3493 3493 3492 3492 3493 3493 3494 3494 3495 3495 3496 3496 3495 3495 3494 3494 3495 3495 3496 3496 3497 3497 3498 3498 3497 3497 3496 3496 3497 3497 3498 3498 3499 3499 3500 3500 3499 3499 3498 3498 3499 3499 3500 3500 3501 3501 3502 3502 3501 3501 3500 3500 3501 3501 3502 3502 3503 3503 3504 3504 3503 3503 3502 3502 3503 3503 3504 3504 3505 3505 3506 3506 3505 3505 3504 3504 3505 3505 3506 3506 3483 3483 3484 3484 3483 3483 3506 3506</p>
        </triangles>
      </mesh>
    </geometry>
  </library_geometries>
  <library_materials>
    <material id="2fd8c0c2aff54b48b3b3144a4560176d" name="defaultmaterial">
      <instance_effect url="#b14327b408a24361bd74952de573d325"/>
    </material>
  </library_materials>
  <library_visual_scenes>
    <visual_scene id="scene">
      <node id="node0" name="node0">
        <instance_geometry url="#223604035b97409e9bcf4a11a9268bbf">
          <bind_material>
            <technique_common>
              <instance_material symbol="material0" target="#2fd8c0c2aff54b48b3b3144a4560176d"/>
            </technique_common>
          </bind_material>
        </instance_geometry>
      </node>
    </visual_scene>
  </library_visual_scenes>
  <scene>
    <instance_visual_scene url="#scene"/>
  </scene>
</COLLADA>
