mtllib berries.mtl
o berries
v 0.01561 -0.01430 -0.04775
v 0.01561 -0.01430 -0.04775
v 0.01561 -0.01430 -0.04775
v 0.01561 -0.01430 -0.04775
v 0.01561 -0.01430 -0.04775
v 0.02167 -0.01870 -0.04275
v 0.01329 -0.02142 -0.04275
v 0.01329 -0.02142 -0.04275
v 0.00812 -0.01430 -0.04275
v 0.01329 -0.00717 -0.04275
v 0.02167 -0.00990 -0.04275
v 0.01792 -0.02142 -0.03466
v 0.00955 -0.01870 -0.03466
v 0.00955 -0.01870 -0.03466
v 0.00955 -0.00990 -0.03466
v 0.01792 -0.00717 -0.03466
v 0.02310 -0.01430 -0.03466
v 0.01561 -0.01430 -0.02966
v 0.01561 -0.01430 -0.02966
v 0.01561 -0.01430 -0.02966
v 0.01561 -0.01430 -0.02966
v 0.01561 -0.01430 -0.02966
v 0.01425 -0.01849 -0.04640
v 0.01425 -0.01849 -0.04640
v 0.01917 -0.01689 -0.04640
v 0.01917 -0.01689 -0.04640
v 0.01781 -0.02107 -0.04346
v 0.02273 -0.01430 -0.04346
v 0.01917 -0.01171 -0.04640
v 0.01917 -0.01171 -0.04640
v 0.01120 -0.01430 -0.04640
v 0.01120 -0.01430 -0.04640
v 0.00984 -0.01849 -0.04346
v 0.01425 -0.01011 -0.04640
v 0.01425 -0.01011 -0.04640
v 0.00984 -0.01011 -0.04346
v 0.01781 -0.00752 -0.04346
v 0.02357 -0.01689 -0.03870
v 0.02357 -0.01171 -0.03870
v 0.01561 -0.02267 -0.03870
v 0.02053 -0.02107 -0.03870
v 0.00764 -0.01689 -0.03870
v 0.01068 -0.02107 -0.03870
v 0.01068 -0.02107 -0.03870
v 0.01068 -0.00752 -0.03870
v 0.00764 -0.01171 -0.03870
v 0.02053 -0.00752 -0.03870
v 0.01561 -0.00592 -0.03870
v 0.02137 -0.01849 -0.03395
v 0.01341 -0.02107 -0.03395
v 0.00848 -0.01430 -0.03395
v 0.01341 -0.00752 -0.03395
v 0.02137 -0.01011 -0.03395
v 0.01697 -0.01849 -0.03101
v 0.01697 -0.01849 -0.03101
v 0.02001 -0.01430 -0.03101
v 0.02001 -0.01430 -0.03101
v 0.01204 -0.01689 -0.03101
v 0.01204 -0.01689 -0.03101
v 0.01204 -0.01171 -0.03101
v 0.01204 -0.01171 -0.03101
v 0.01697 -0.01011 -0.03101
v 0.01697 -0.01011 -0.03101
v -0.00384 -0.01691 -0.04238
v -0.00384 -0.01691 -0.04238
v -0.00384 -0.01691 -0.04238
v -0.00384 -0.01691 -0.04238
v -0.00384 -0.01691 -0.04238
v 0.00279 -0.02173 -0.03692
v -0.00637 -0.02470 -0.03692
v -0.00637 -0.02470 -0.03692
v -0.01203 -0.01691 -0.03692
v -0.00637 -0.00912 -0.03692
v 0.00279 -0.01210 -0.03692
v -0.00131 -0.02470 -0.02807
v -0.01046 -0.02173 -0.02807
v -0.01046 -0.02173 -0.02807
v -0.01046 -0.01210 -0.02807
v -0.00131 -0.00912 -0.02807
v 0.00435 -0.01691 -0.02807
v -0.00384 -0.01691 -0.02260
v -0.00384 -0.01691 -0.02260
v -0.00384 -0.01691 -0.02260
v -0.00384 -0.01691 -0.02260
v -0.00384 -0.01691 -0.02260
v -0.00533 -0.02149 -0.04091
v -0.00533 -0.02149 -0.04091
v 0.00006 -0.01974 -0.04091
v 0.00006 -0.01974 -0.04091
v -0.00143 -0.02432 -0.03769
v 0.00395 -0.01691 -0.03769
v 0.00006 -0.01408 -0.04091
v 0.00006 -0.01408 -0.04091
v -0.00865 -0.01691 -0.04091
v -0.00865 -0.01691 -0.04091
v -0.01014 -0.02149 -0.03769
v -0.00533 -0.01233 -0.04091
v -0.00533 -0.01233 -0.04091
v -0.01014 -0.01233 -0.03769
v -0.00143 -0.00950 -0.03769
v 0.00487 -0.01974 -0.03249
v 0.00487 -0.01408 -0.03249
v -0.00384 -0.02607 -0.03249
v 0.00154 -0.02432 -0.03249
v -0.01255 -0.01974 -0.03249
v -0.00922 -0.02432 -0.03249
v -0.00922 -0.02432 -0.03249
v -0.00922 -0.00950 -0.03249
v -0.01255 -0.01408 -0.03249
v 0.00154 -0.00950 -0.03249
v -0.00384 -0.00775 -0.03249
v 0.00246 -0.02149 -0.02729
v -0.00625 -0.02432 -0.02729
v -0.01163 -0.01691 -0.02729
v -0.00625 -0.00950 -0.02729
v 0.00246 -0.01233 -0.02729
v -0.00235 -0.02149 -0.02408
v -0.00235 -0.02149 -0.02408
v 0.00097 -0.01691 -0.02408
v 0.00097 -0.01691 -0.02408
v -0.00773 -0.01974 -0.02408
v -0.00773 -0.01974 -0.02408
v -0.00773 -0.01408 -0.02408
v -0.00773 -0.01408 -0.02408
v -0.00235 -0.01233 -0.02408
v -0.00235 -0.01233 -0.02408
v -0.02904 -0.00844 -0.05189
v -0.02904 -0.00844 -0.05189
v -0.02904 -0.00844 -0.05189
v -0.02904 -0.00844 -0.05189
v -0.02904 -0.00844 -0.05189
v -0.02335 -0.01257 -0.04719
v -0.03121 -0.01513 -0.04719
v -0.03121 -0.01513 -0.04719
v -0.03607 -0.00844 -0.04719
v -0.03121 -0.00175 -0.04719
v -0.02335 -0.00430 -0.04719
v -0.02686 -0.01513 -0.03960
v -0.03473 -0.01257 -0.03960
v -0.03473 -0.01257 -0.03960
v -0.03473 -0.00430 -0.03960
v -0.02686 -0.00175 -0.03960
v -0.02200 -0.00844 -0.03960
v -0.02904 -0.00844 -0.03490
v -0.02904 -0.00844 -0.03490
v -0.02904 -0.00844 -0.03490
v -0.02904 -0.00844 -0.03490
v -0.02904 -0.00844 -0.03490
v -0.03031 -0.01237 -0.05062
v -0.03031 -0.01237 -0.05062
v -0.02569 -0.01087 -0.05062
v -0.02569 -0.01087 -0.05062
v -0.02697 -0.01480 -0.04786
v -0.02235 -0.00844 -0.04786
v -0.02569 -0.00601 -0.05062
v -0.02569 -0.00601 -0.05062
v -0.03317 -0.00844 -0.05062
v -0.03317 -0.00844 -0.05062
v -0.03445 -0.01237 -0.04786
v -0.03031 -0.00451 -0.05062
v -0.03031 -0.00451 -0.05062
v -0.03445 -0.00451 -0.04786
v -0.02697 -0.00208 -0.04786
v -0.02156 -0.01087 -0.04339
v -0.02156 -0.00601 -0.04339
v -0.02904 -0.01630 -0.04339
v -0.02441 -0.01480 -0.04339
v -0.03652 -0.01087 -0.04339
v -0.03366 -0.01480 -0.04339
v -0.03366 -0.01480 -0.04339
v -0.03366 -0.00208 -0.04339
v -0.03652 -0.00601 -0.04339
v -0.02441 -0.00208 -0.04339
v -0.02904 -0.00057 -0.04339
v -0.02362 -0.01237 -0.03893
v -0.03110 -0.01480 -0.03893
v -0.03573 -0.00844 -0.03893
v -0.03110 -0.00208 -0.03893
v -0.02362 -0.00451 -0.03893
v -0.02776 -0.01237 -0.03617
v -0.02776 -0.01237 -0.03617
v -0.02490 -0.00844 -0.03617
v -0.02490 -0.00844 -0.03617
v -0.03238 -0.01087 -0.03617
v -0.03238 -0.01087 -0.03617
v -0.03238 -0.00601 -0.03617
v -0.03238 -0.00601 -0.03617
v -0.02776 -0.00451 -0.03617
v -0.02776 -0.00451 -0.03617
v -0.02389 0.01400 -0.05467
v -0.02389 0.01400 -0.05467
v -0.02389 0.01400 -0.05467
v -0.02389 0.01400 -0.05467
v -0.02389 0.01400 -0.05467
v -0.01760 0.00943 -0.04948
v -0.02630 0.00660 -0.04948
v -0.02630 0.00660 -0.04948
v -0.03167 0.01400 -0.04948
v -0.02630 0.02140 -0.04948
v -0.01760 0.01857 -0.04948
v -0.02149 0.00660 -0.04108
v -0.03018 0.00943 -0.04108
v -0.03018 0.00943 -0.04108
v -0.03018 0.01857 -0.04108
v -0.02149 0.02140 -0.04108
v -0.01611 0.01400 -0.04108
v -0.02389 0.01400 -0.03589
v -0.02389 0.01400 -0.03589
v -0.02389 0.01400 -0.03589
v -0.02389 0.01400 -0.03589
v -0.02389 0.01400 -0.03589
v -0.02530 0.00965 -0.05327
v -0.02530 0.00965 -0.05327
v -0.02019 0.01131 -0.05327
v -0.02019 0.01131 -0.05327
v -0.02161 0.00697 -0.05022
v -0.01649 0.01400 -0.05022
v -0.02019 0.01669 -0.05327
v -0.02019 0.01669 -0.05327
v -0.02846 0.01400 -0.05327
v -0.02846 0.01400 -0.05327
v -0.02988 0.00965 -0.05022
v -0.02530 0.01835 -0.05327
v -0.02530 0.01835 -0.05327
v -0.02988 0.01835 -0.05022
v -0.02161 0.02104 -0.05022
v -0.01562 0.01131 -0.04528
v -0.01562 0.01669 -0.04528
v -0.02389 0.00531 -0.04528
v -0.01878 0.00697 -0.04528
v -0.03216 0.01131 -0.04528
v -0.02900 0.00697 -0.04528
v -0.02900 0.00697 -0.04528
v -0.02900 0.02104 -0.04528
v -0.03216 0.01669 -0.04528
v -0.01878 0.02104 -0.04528
v -0.02389 0.02270 -0.04528
v -0.01791 0.00965 -0.04034
v -0.02618 0.00697 -0.04034
v -0.03129 0.01400 -0.04034
v -0.02618 0.02104 -0.04034
v -0.01791 0.01835 -0.04034
v -0.02248 0.00965 -0.03729
v -0.02248 0.00965 -0.03729
v -0.01932 0.01400 -0.03729
v -0.01932 0.01400 -0.03729
v -0.02759 0.01131 -0.03729
v -0.02759 0.01131 -0.03729
v -0.02759 0.01669 -0.03729
v -0.02759 0.01669 -0.03729
v -0.02248 0.01835 -0.03729
v -0.02248 0.01835 -0.03729
v -0.01087 0.02403 -0.05982
v -0.01087 0.02403 -0.05982
v -0.01087 0.02403 -0.05982
v -0.01087 0.02403 -0.05982
v -0.01087 0.02403 -0.05982
v -0.00426 0.01924 -0.05437
v -0.01339 0.01627 -0.05437
v -0.01339 0.01627 -0.05437
v -0.01904 0.02403 -0.05437
v -0.01339 0.03180 -0.05437
v -0.00426 0.02883 -0.05437
v -0.00835 0.01627 -0.04555
v -0.01748 0.01924 -0.04555
v -0.01748 0.01924 -0.04555
v -0.01748 0.02883 -0.04555
v -0.00835 0.03180 -0.04555
v -0.00271 0.02403 -0.04555
v -0.01087 0.02403 -0.04010
v -0.01087 0.02403 -0.04010
v -0.01087 0.02403 -0.04010
v -0.01087 0.02403 -0.04010
v -0.01087 0.02403 -0.04010
v -0.01235 0.01947 -0.05835
v -0.01235 0.01947 -0.05835
v -0.00699 0.02121 -0.05835
v -0.00699 0.02121 -0.05835
v -0.00847 0.01665 -0.05514
v -0.00310 0.02403 -0.05514
v -0.00699 0.02686 -0.05835
v -0.00699 0.02686 -0.05835
v -0.01567 0.02403 -0.05835
v -0.01567 0.02403 -0.05835
v -0.01715 0.01947 -0.05514
v -0.01235 0.02860 -0.05835
v -0.01235 0.02860 -0.05835
v -0.01715 0.02860 -0.05514
v -0.00847 0.03142 -0.05514
v -0.00219 0.02121 -0.04996
v -0.00219 0.02686 -0.04996
v -0.01087 0.01490 -0.04996
v -0.00550 0.01665 -0.04996
v -0.01955 0.02121 -0.04996
v -0.01624 0.01665 -0.04996
v -0.01624 0.01665 -0.04996
v -0.01624 0.03142 -0.04996
v -0.01955 0.02686 -0.04996
v -0.00550 0.03142 -0.04996
v -0.01087 0.03317 -0.04996
v -0.00459 0.01947 -0.04478
v -0.01327 0.01665 -0.04478
v -0.01864 0.02403 -0.04478
v -0.01327 0.03142 -0.04478
v -0.00459 0.02860 -0.04478
v -0.00939 0.01947 -0.04157
v -0.00939 0.01947 -0.04157
v -0.00607 0.02403 -0.04157
v -0.00607 0.02403 -0.04157
v -0.01475 0.02121 -0.04157
v -0.01475 0.02121 -0.04157
v -0.01475 0.02686 -0.04157
v -0.01475 0.02686 -0.04157
v -0.00939 0.02860 -0.04157
v -0.00939 0.02860 -0.04157
v 0.00289 0.02954 -0.05680
v 0.00289 0.02954 -0.05680
v 0.00289 0.02954 -0.05680
v 0.00289 0.02954 -0.05680
v 0.00289 0.02954 -0.05680
v 0.00949 0.02475 -0.05136
v 0.00037 0.02178 -0.05136
v 0.00037 0.02178 -0.05136
v -0.00526 0.02954 -0.05136
v 0.00037 0.03730 -0.05136
v 0.00949 0.03433 -0.05136
v 0.00541 0.02178 -0.04255
v -0.00371 0.02475 -0.04255
v -0.00371 0.02475 -0.04255
v -0.00371 0.03433 -0.04255
v 0.00541 0.03730 -0.04255
v 0.01105 0.02954 -0.04255
v 0.00289 0.02954 -0.03710
v 0.00289 0.02954 -0.03710
v 0.00289 0.02954 -0.03710
v 0.00289 0.02954 -0.03710
v 0.00289 0.02954 -0.03710
v 0.00141 0.02498 -0.05533
v 0.00141 0.02498 -0.05533
v 0.00677 0.02672 -0.05533
v 0.00677 0.02672 -0.05533
v 0.00529 0.02216 -0.05213
v 0.01065 0.02954 -0.05213
v 0.00677 0.03236 -0.05533
v 0.00677 0.03236 -0.05533
v -0.00190 0.02954 -0.05533
v -0.00190 0.02954 -0.05533
v -0.00338 0.02498 -0.05213
v 0.00141 0.03410 -0.05533
v 0.00141 0.03410 -0.05533
v -0.00338 0.03410 -0.05213
v 0.00529 0.03692 -0.05213
v 0.01156 0.02672 -0.04695
v 0.01156 0.03236 -0.04695
v 0.00289 0.02042 -0.04695
v 0.00825 0.02216 -0.04695
v -0.00578 0.02672 -0.04695
v -0.00247 0.02216 -0.04695
v -0.00247 0.02216 -0.04695
v -0.00247 0.03692 -0.04695
v -0.00578 0.03236 -0.04695
v 0.00825 0.03692 -0.04695
v 0.00289 0.03866 -0.04695
v 0.00917 0.02498 -0.04177
v 0.00049 0.02216 -0.04177
v -0.00487 0.02954 -0.04177
v 0.00049 0.03692 -0.04177
v 0.00917 0.03410 -0.04177
v 0.00437 0.02498 -0.03858
v 0.00437 0.02498 -0.03858
v 0.00768 0.02954 -0.03858
v 0.00768 0.02954 -0.03858
v -0.00099 0.02672 -0.03858
v -0.00099 0.02672 -0.03858
v -0.00099 0.03236 -0.03858
v -0.00099 0.03236 -0.03858
v 0.00437 0.03410 -0.03858
v 0.00437 0.03410 -0.03858
v 0.02047 0.01990 -0.05511
v 0.02047 0.01990 -0.05511
v 0.02047 0.01990 -0.05511
v 0.02047 0.01990 -0.05511
v 0.02047 0.01990 -0.05511
v 0.02632 0.01565 -0.05028
v 0.01824 0.01302 -0.05028
v 0.01824 0.01302 -0.05028
v 0.01324 0.01990 -0.05028
v 0.01824 0.02678 -0.05028
v 0.02632 0.02415 -0.05028
v 0.02271 0.01302 -0.04247
v 0.01462 0.01565 -0.04247
v 0.01462 0.01565 -0.04247
v 0.01462 0.02415 -0.04247
v 0.02271 0.02678 -0.04247
v 0.02771 0.01990 -0.04247
v 0.02047 0.01990 -0.03764
v 0.02047 0.01990 -0.03764
v 0.02047 0.01990 -0.03764
v 0.02047 0.01990 -0.03764
v 0.02047 0.01990 -0.03764
v 0.01916 0.01586 -0.05380
v 0.01916 0.01586 -0.05380
v 0.02391 0.01740 -0.05380
v 0.02391 0.01740 -0.05380
v 0.02260 0.01336 -0.05097
v 0.02735 0.01990 -0.05097
v 0.02391 0.02240 -0.05380
v 0.02391 0.02240 -0.05380
v 0.01622 0.01990 -0.05380
v 0.01622 0.01990 -0.05380
v 0.01491 0.01586 -0.05097
v 0.01916 0.02394 -0.05380
v 0.01916 0.02394 -0.05380
v 0.01491 0.02394 -0.05097
v 0.02260 0.02644 -0.05097
v 0.02816 0.01740 -0.04638
v 0.02816 0.02240 -0.04638
v 0.02047 0.01182 -0.04638
v 0.02523 0.01336 -0.04638
v 0.01278 0.01740 -0.04638
v 0.01572 0.01336 -0.04638
v 0.01572 0.01336 -0.04638
v 0.01572 0.02644 -0.04638
v 0.01278 0.02240 -0.04638
v 0.02523 0.02644 -0.04638
v 0.02047 0.02799 -0.04638
v 0.02604 0.01586 -0.04178
v 0.01835 0.01336 -0.04178
v 0.01359 0.01990 -0.04178
v 0.01835 0.02644 -0.04178
v 0.02604 0.02394 -0.04178
v 0.02179 0.01586 -0.03895
v 0.02179 0.01586 -0.03895
v 0.02472 0.01990 -0.03895
v 0.02472 0.01990 -0.03895
v 0.01703 0.01740 -0.03895
v 0.01703 0.01740 -0.03895
v 0.01703 0.02240 -0.03895
v 0.01703 0.02240 -0.03895
v 0.02179 0.02394 -0.03895
v 0.02179 0.02394 -0.03895
v 0.01994 -0.00001 -0.04241
v 0.01994 -0.00001 -0.04241
v 0.01994 -0.00001 -0.04241
v 0.01994 -0.00001 -0.04241
v 0.01994 -0.00001 -0.04241
v 0.02596 -0.00439 -0.03744
v 0.01764 -0.00710 -0.03744
v 0.01764 -0.00710 -0.03744
v 0.01250 -0.00001 -0.03744
v 0.01764 0.00707 -0.03744
v 0.02596 0.00436 -0.03744
v 0.02224 -0.00710 -0.02940
v 0.01392 -0.00439 -0.02940
v 0.01392 -0.00439 -0.02940
v 0.01392 0.00436 -0.02940
v 0.02224 0.00707 -0.02940
v 0.02739 -0.00001 -0.02940
v 0.01994 -0.00001 -0.02443
v 0.01994 -0.00001 -0.02443
v 0.01994 -0.00001 -0.02443
v 0.01994 -0.00001 -0.02443
v 0.01994 -0.00001 -0.02443
v 0.01859 -0.00418 -0.04107
v 0.01859 -0.00418 -0.04107
v 0.02348 -0.00259 -0.04107
v 0.02348 -0.00259 -0.04107
v 0.02213 -0.00675 -0.03815
v 0.02702 -0.00001 -0.03815
v 0.02348 0.00256 -0.04107
v 0.02348 0.00256 -0.04107
v 0.01556 -0.00001 -0.04107
v 0.01556 -0.00001 -0.04107
v 0.01421 -0.00418 -0.03815
v 0.01859 0.00415 -0.04107
v 0.01859 0.00415 -0.04107
v 0.01421 0.00415 -0.03815
v 0.02213 0.00672 -0.03815
v 0.02786 -0.00259 -0.03342
v 0.02786 0.00256 -0.03342
v 0.01994 -0.00834 -0.03342
v 0.02483 -0.00675 -0.03342
v 0.01202 -0.00259 -0.03342
v 0.01505 -0.00675 -0.03342
v 0.01505 -0.00675 -0.03342
v 0.01505 0.00672 -0.03342
v 0.01202 0.00256 -0.03342
v 0.02483 0.00672 -0.03342
v 0.01994 0.00831 -0.03342
v 0.02567 -0.00418 -0.02870
v 0.01775 -0.00675 -0.02870
v 0.01286 -0.00001 -0.02870
v 0.01775 0.00672 -0.02870
v 0.02567 0.00415 -0.02870
v 0.02129 -0.00418 -0.02577
v 0.02129 -0.00418 -0.02577
v 0.02432 -0.00001 -0.02577
v 0.02432 -0.00001 -0.02577
v 0.01640 -0.00259 -0.02577
v 0.01640 -0.00259 -0.02577
v 0.01640 0.00256 -0.02577
v 0.01640 0.00256 -0.02577
v 0.02129 0.00415 -0.02577
v 0.02129 0.00415 -0.02577
v 0.03406 -0.01626 -0.05938
v 0.03406 -0.01626 -0.05938
v 0.03406 -0.01626 -0.05938
v 0.03406 -0.01626 -0.05938
v 0.03406 -0.01626 -0.05938
v 0.04039 -0.02086 -0.05416
v 0.03163 -0.02371 -0.05416
v 0.03163 -0.02371 -0.05416
v 0.02622 -0.01626 -0.05416
v 0.03163 -0.00881 -0.05416
v 0.04039 -0.01166 -0.05416
v 0.03648 -0.02371 -0.04570
v 0.02772 -0.02086 -0.04570
v 0.02772 -0.02086 -0.04570
v 0.02772 -0.01166 -0.04570
v 0.03648 -0.00881 -0.04570
v 0.04189 -0.01626 -0.04570
v 0.03406 -0.01626 -0.04047
v 0.03406 -0.01626 -0.04047
v 0.03406 -0.01626 -0.04047
v 0.03406 -0.01626 -0.04047
v 0.03406 -0.01626 -0.04047
v 0.03263 -0.02064 -0.05797
v 0.03263 -0.02064 -0.05797
v 0.03778 -0.01897 -0.05797
v 0.03778 -0.01897 -0.05797
v 0.03636 -0.02334 -0.05490
v 0.04150 -0.01626 -0.05490
v 0.03778 -0.01355 -0.05797
v 0.03778 -0.01355 -0.05797
v 0.02945 -0.01626 -0.05797
v 0.02945 -0.01626 -0.05797
v 0.02803 -0.02064 -0.05490
v 0.03263 -0.01188 -0.05797
v 0.03263 -0.01188 -0.05797
v 0.02803 -0.01188 -0.05490
v 0.03636 -0.00918 -0.05490
v 0.04238 -0.01897 -0.04993
v 0.04238 -0.01355 -0.04993
v 0.03406 -0.02502 -0.04993
v 0.03920 -0.02334 -0.04993
v 0.02573 -0.01897 -0.04993
v 0.02891 -0.02334 -0.04993
v 0.02891 -0.02334 -0.04993
v 0.02891 -0.00918 -0.04993
v 0.02573 -0.01355 -0.04993
v 0.03920 -0.00918 -0.04993
v 0.03406 -0.00750 -0.04993
v 0.04008 -0.02064 -0.04496
v 0.03175 -0.02334 -0.04496
v 0.02661 -0.01626 -0.04496
v 0.03175 -0.00918 -0.04496
v 0.04008 -0.01188 -0.04496
v 0.03548 -0.02064 -0.04188
v 0.03548 -0.02064 -0.04188
v 0.03866 -0.01626 -0.04188
v 0.03866 -0.01626 -0.04188
v 0.03033 -0.01897 -0.04188
v 0.03033 -0.01897 -0.04188
v 0.03033 -0.01355 -0.04188
v 0.03033 -0.01355 -0.04188
v 0.03548 -0.01188 -0.04188
v 0.03548 -0.01188 -0.04188
v 0.01367 -0.03269 -0.05589
v 0.01367 -0.03269 -0.05589
v 0.01367 -0.03269 -0.05589
v 0.01367 -0.03269 -0.05589
v 0.01367 -0.03269 -0.05589
v 0.01939 -0.03685 -0.05116
v 0.01148 -0.03942 -0.05116
v 0.01148 -0.03942 -0.05116
v 0.00659 -0.03269 -0.05116
v 0.01148 -0.02596 -0.05116
v 0.01939 -0.02853 -0.05116
v 0.01586 -0.03942 -0.04352
v 0.00794 -0.03685 -0.04352
v 0.00794 -0.03685 -0.04352
v 0.00794 -0.02853 -0.04352
v 0.01586 -0.02596 -0.04352
v 0.02075 -0.03269 -0.04352
v 0.01367 -0.03269 -0.03880
v 0.01367 -0.03269 -0.03880
v 0.01367 -0.03269 -0.03880
v 0.01367 -0.03269 -0.03880
v 0.01367 -0.03269 -0.03880
v 0.01238 -0.03665 -0.05461
v 0.01238 -0.03665 -0.05461
v 0.01703 -0.03513 -0.05461
v 0.01703 -0.03513 -0.05461
v 0.01575 -0.03909 -0.05183
v 0.02040 -0.03269 -0.05183
v 0.01703 -0.03024 -0.05461
v 0.01703 -0.03024 -0.05461
v 0.00951 -0.03269 -0.05461
v 0.00951 -0.03269 -0.05461
v 0.00822 -0.03665 -0.05183
v 0.01238 -0.02873 -0.05461
v 0.01238 -0.02873 -0.05461
v 0.00822 -0.02873 -0.05183
v 0.01575 -0.02629 -0.05183
v 0.02119 -0.03513 -0.04734
v 0.02119 -0.03024 -0.04734
v 0.01367 -0.04060 -0.04734
v 0.01832 -0.03909 -0.04734
v 0.00614 -0.03513 -0.04734
v 0.00902 -0.03909 -0.04734
v 0.00902 -0.03909 -0.04734
v 0.00902 -0.02629 -0.04734
v 0.00614 -0.03024 -0.04734
v 0.01832 -0.02629 -0.04734
v 0.01367 -0.02478 -0.04734
v 0.01911 -0.03665 -0.04285
v 0.01159 -0.03909 -0.04285
v 0.00694 -0.03269 -0.04285
v 0.01159 -0.02629 -0.04285
v 0.01911 -0.02873 -0.04285
v 0.01495 -0.03665 -0.04007
v 0.01495 -0.03665 -0.04007
v 0.01783 -0.03269 -0.04007
v 0.01783 -0.03269 -0.04007
v 0.01030 -0.03513 -0.04007
v 0.01030 -0.03513 -0.04007
v 0.01030 -0.03024 -0.04007
v 0.01030 -0.03024 -0.04007
v 0.01495 -0.02873 -0.04007
v 0.01495 -0.02873 -0.04007
v -0.01304 -0.03177 -0.06533
v -0.01304 -0.03177 -0.06533
v -0.01304 -0.03177 -0.06533
v -0.01304 -0.03177 -0.06533
v -0.01304 -0.03177 -0.06533
v -0.00657 -0.03648 -0.05999
v -0.01551 -0.03938 -0.05999
v -0.01551 -0.03938 -0.05999
v -0.02104 -0.03177 -0.05999
v -0.01551 -0.02416 -0.05999
v -0.00657 -0.02707 -0.05999
v -0.01057 -0.03938 -0.05135
v -0.01951 -0.03648 -0.05135
v -0.01951 -0.03648 -0.05135
v -0.01951 -0.02707 -0.05135
v -0.01057 -0.02416 -0.05135
v -0.00504 -0.03177 -0.05135
v -0.01304 -0.03177 -0.04601
v -0.01304 -0.03177 -0.04601
v -0.01304 -0.03177 -0.04601
v -0.01304 -0.03177 -0.04601
v -0.01304 -0.03177 -0.04601
v -0.01449 -0.03625 -0.06389
v -0.01449 -0.03625 -0.06389
v -0.00924 -0.03454 -0.06389
v -0.00924 -0.03454 -0.06389
v -0.01069 -0.03901 -0.06075
v -0.00543 -0.03177 -0.06075
v -0.00924 -0.02901 -0.06389
v -0.00924 -0.02901 -0.06389
v -0.01774 -0.03177 -0.06389
v -0.01774 -0.03177 -0.06389
v -0.01920 -0.03625 -0.06075
v -0.01449 -0.02730 -0.06389
v -0.01449 -0.02730 -0.06389
v -0.01920 -0.02730 -0.06075
v -0.01069 -0.02454 -0.06075
v -0.00453 -0.03454 -0.05567
v -0.00453 -0.02901 -0.05567
v -0.01304 -0.04072 -0.05567
v -0.00778 -0.03901 -0.05567
v -0.02155 -0.03454 -0.05567
v -0.01830 -0.03901 -0.05567
v -0.01830 -0.03901 -0.05567
v -0.01830 -0.02454 -0.05567
v -0.02155 -0.02901 -0.05567
v -0.00778 -0.02454 -0.05567
v -0.01304 -0.02283 -0.05567
v -0.00688 -0.03625 -0.05059
v -0.01539 -0.03901 -0.05059
v -0.02065 -0.03177 -0.05059
v -0.01539 -0.02454 -0.05059
v -0.00688 -0.02730 -0.05059
v -0.01159 -0.03625 -0.04745
v -0.01159 -0.03625 -0.04745
v -0.00834 -0.03177 -0.04745
v -0.00834 -0.03177 -0.04745
v -0.01684 -0.03454 -0.04745
v -0.01684 -0.03454 -0.04745
v -0.01684 -0.02901 -0.04745
v -0.01684 -0.02901 -0.04745
v -0.01159 -0.02730 -0.04745
v -0.01159 -0.02730 -0.04745
v -0.02377 -0.01387 -0.06152
v -0.02377 -0.01387 -0.06152
v -0.02377 -0.01387 -0.06152
v -0.02377 -0.01387 -0.06152
v -0.02377 -0.01387 -0.06152
v -0.01757 -0.01837 -0.05640
v -0.02613 -0.02115 -0.05640
v -0.02613 -0.02115 -0.05640
v -0.03143 -0.01387 -0.05640
v -0.02613 -0.00658 -0.05640
v -0.01757 -0.00936 -0.05640
v -0.02140 -0.02115 -0.04813
v -0.02996 -0.01837 -0.04813
v -0.02996 -0.01837 -0.04813
v -0.02996 -0.00936 -0.04813
v -0.02140 -0.00658 -0.04813
v -0.01610 -0.01387 -0.04813
v -0.02377 -0.01387 -0.04302
v -0.02377 -0.01387 -0.04302
v -0.02377 -0.01387 -0.04302
v -0.02377 -0.01387 -0.04302
v -0.02377 -0.01387 -0.04302
v -0.02516 -0.01815 -0.06014
v -0.02516 -0.01815 -0.06014
v -0.02012 -0.01651 -0.06014
v -0.02012 -0.01651 -0.06014
v -0.02151 -0.02080 -0.05713
v -0.01648 -0.01387 -0.05713
v -0.02012 -0.01122 -0.06014
v -0.02012 -0.01122 -0.06014
v -0.02827 -0.01387 -0.06014
v -0.02827 -0.01387 -0.06014
v -0.02966 -0.01815 -0.05713
v -0.02516 -0.00958 -0.06014
v -0.02516 -0.00958 -0.06014
v -0.02966 -0.00958 -0.05713
v -0.02151 -0.00694 -0.05713
v -0.01562 -0.01651 -0.05227
v -0.01562 -0.01122 -0.05227
v -0.02377 -0.02243 -0.05227
v -0.01873 -0.02080 -0.05227
v -0.03191 -0.01651 -0.05227
v -0.02880 -0.02080 -0.05227
v -0.02880 -0.02080 -0.05227
v -0.02880 -0.00694 -0.05227
v -0.03191 -0.01122 -0.05227
v -0.01873 -0.00694 -0.05227
v -0.02377 -0.00530 -0.05227
v -0.01787 -0.01815 -0.04740
v -0.02602 -0.02080 -0.04740
v -0.03105 -0.01387 -0.04740
v -0.02602 -0.00694 -0.04740
v -0.01787 -0.00958 -0.04740
v -0.02237 -0.01815 -0.04440
v -0.02237 -0.01815 -0.04440
v -0.01926 -0.01387 -0.04440
v -0.01926 -0.01387 -0.04440
v -0.02741 -0.01651 -0.04440
v -0.02741 -0.01651 -0.04440
v -0.02741 -0.01122 -0.04440
v -0.02741 -0.01122 -0.04440
v -0.02237 -0.00958 -0.04440
v -0.02237 -0.00958 -0.04440
v -0.03152 -0.00450 -0.05992
v -0.03152 -0.00450 -0.05992
v -0.03152 -0.00450 -0.05992
v -0.03152 -0.00450 -0.05992
v -0.03152 -0.00450 -0.05992
v -0.02522 -0.00907 -0.05472
v -0.03392 -0.01190 -0.05472
v -0.03392 -0.01190 -0.05472
v -0.03930 -0.00450 -0.05472
v -0.03392 0.00291 -0.05472
v -0.02522 0.00008 -0.05472
v -0.02911 -0.01190 -0.04631
v -0.03782 -0.00907 -0.04631
v -0.03782 -0.00907 -0.04631
v -0.03782 0.00008 -0.04631
v -0.02911 0.00291 -0.04631
v -0.02373 -0.00450 -0.04631
v -0.03152 -0.00450 -0.04112
v -0.03152 -0.00450 -0.04112
v -0.03152 -0.00450 -0.04112
v -0.03152 -0.00450 -0.04112
v -0.03152 -0.00450 -0.04112
v -0.03293 -0.00885 -0.05852
v -0.03293 -0.00885 -0.05852
v -0.02781 -0.00719 -0.05852
v -0.02781 -0.00719 -0.05852
v -0.02923 -0.01154 -0.05546
v -0.02411 -0.00450 -0.05546
v -0.02781 -0.00181 -0.05852
v -0.02781 -0.00181 -0.05852
v -0.03609 -0.00450 -0.05852
v -0.03609 -0.00450 -0.05852
v -0.03751 -0.00885 -0.05546
v -0.03293 -0.00014 -0.05852
v -0.03293 -0.00014 -0.05852
v -0.03751 -0.00014 -0.05546
v -0.02923 0.00255 -0.05546
v -0.02324 -0.00719 -0.05052
v -0.02324 -0.00181 -0.05052
v -0.03152 -0.01320 -0.05052
v -0.02640 -0.01154 -0.05052
v -0.03980 -0.00719 -0.05052
v -0.03663 -0.01154 -0.05052
v -0.03663 -0.01154 -0.05052
v -0.03663 0.00255 -0.05052
v -0.03980 -0.00181 -0.05052
v -0.02640 0.00255 -0.05052
v -0.03152 0.00421 -0.05052
v -0.02553 -0.00885 -0.04557
v -0.03381 -0.01154 -0.04557
v -0.03892 -0.00450 -0.04557
v -0.03381 0.00255 -0.04557
v -0.02553 -0.00014 -0.04557
v -0.03010 -0.00885 -0.04252
v -0.03010 -0.00885 -0.04252
v -0.02694 -0.00450 -0.04252
v -0.02694 -0.00450 -0.04252
v -0.03522 -0.00719 -0.04252
v -0.03522 -0.00719 -0.04252
v -0.03522 -0.00181 -0.04252
v -0.03522 -0.00181 -0.04252
v -0.03010 -0.00014 -0.04252
v -0.03010 -0.00014 -0.04252
v -0.03491 0.01933 -0.06542
v -0.03491 0.01933 -0.06542
v -0.03491 0.01933 -0.06542
v -0.03491 0.01933 -0.06542
v -0.03491 0.01933 -0.06542
v -0.02898 0.01502 -0.06052
v -0.03718 0.01236 -0.06052
v -0.03718 0.01236 -0.06052
v -0.04224 0.01933 -0.06052
v -0.03718 0.02630 -0.06052
v -0.02898 0.02364 -0.06052
v -0.03265 0.01236 -0.05261
v -0.04084 0.01502 -0.05261
v -0.04084 0.01502 -0.05261
v -0.04084 0.02364 -0.05261
v -0.03265 0.02630 -0.05261
v -0.02758 0.01933 -0.05261
v -0.03491 0.01933 -0.04772
v -0.03491 0.01933 -0.04772
v -0.03491 0.01933 -0.04772
v -0.03491 0.01933 -0.04772
v -0.03491 0.01933 -0.04772
v -0.03625 0.01523 -0.06410
v -0.03625 0.01523 -0.06410
v -0.03143 0.01679 -0.06410
v -0.03143 0.01679 -0.06410
v -0.03276 0.01270 -0.06122
v -0.02794 0.01933 -0.06122
v -0.03143 0.02186 -0.06410
v -0.03143 0.02186 -0.06410
v -0.03922 0.01933 -0.06410
v -0.03922 0.01933 -0.06410
v -0.04055 0.01523 -0.06122
v -0.03625 0.02342 -0.06410
v -0.03625 0.02342 -0.06410
v -0.04055 0.02342 -0.06122
v -0.03276 0.02596 -0.06122
v -0.02712 0.01679 -0.05657
v -0.02712 0.02186 -0.05657
v -0.03491 0.01113 -0.05657
v -0.03010 0.01270 -0.05657
v -0.04271 0.01679 -0.05657
v -0.03973 0.01270 -0.05657
v -0.03973 0.01270 -0.05657
v -0.03973 0.02596 -0.05657
v -0.04271 0.02186 -0.05657
v -0.03010 0.02596 -0.05657
v -0.03491 0.02752 -0.05657
v -0.02927 0.01523 -0.05191
v -0.03707 0.01270 -0.05191
v -0.04189 0.01933 -0.05191
v -0.03707 0.02596 -0.05191
v -0.02927 0.02342 -0.05191
v -0.03358 0.01523 -0.04904
v -0.03358 0.01523 -0.04904
v -0.03061 0.01933 -0.04904
v -0.03061 0.01933 -0.04904
v -0.03840 0.01679 -0.04904
v -0.03840 0.01679 -0.04904
v -0.03840 0.02186 -0.04904
v -0.03840 0.02186 -0.04904
v -0.03358 0.02342 -0.04904
v -0.03358 0.02342 -0.04904
v -0.01883 0.02998 -0.06780
v -0.01883 0.02998 -0.06780
v -0.01883 0.02998 -0.06780
v -0.01883 0.02998 -0.06780
v -0.01883 0.02998 -0.06780
v -0.01296 0.02572 -0.06296
v -0.02107 0.02308 -0.06296
v -0.02107 0.02308 -0.06296
v -0.02608 0.02998 -0.06296
v -0.02107 0.03688 -0.06296
v -0.01296 0.03424 -0.06296
v -0.01659 0.02308 -0.05512
v -0.02470 0.02572 -0.05512
v -0.02470 0.02572 -0.05512
v -0.02470 0.03424 -0.05512
v -0.01659 0.03688 -0.05512
v -0.01157 0.02998 -0.05512
v -0.01883 0.02998 -0.05028
v -0.01883 0.02998 -0.05028
v -0.01883 0.02998 -0.05028
v -0.01883 0.02998 -0.05028
v -0.01883 0.02998 -0.05028
v -0.02015 0.02593 -0.06649
v -0.02015 0.02593 -0.06649
v -0.01538 0.02747 -0.06649
v -0.01538 0.02747 -0.06649
v -0.01670 0.02342 -0.06365
v -0.01193 0.02998 -0.06365
v -0.01538 0.03249 -0.06649
v -0.01538 0.03249 -0.06649
v -0.02309 0.02998 -0.06649
v -0.02309 0.02998 -0.06649
v -0.02441 0.02593 -0.06365
v -0.02015 0.03404 -0.06649
v -0.02015 0.03404 -0.06649
v -0.02441 0.03404 -0.06365
v -0.01670 0.03654 -0.06365
v -0.01112 0.02747 -0.05904
v -0.01112 0.03249 -0.05904
v -0.01883 0.02187 -0.05904
v -0.01406 0.02342 -0.05904
v -0.02654 0.02747 -0.05904
v -0.02360 0.02342 -0.05904
v -0.02360 0.02342 -0.05904
v -0.02360 0.03654 -0.05904
v -0.02654 0.03249 -0.05904
v -0.01406 0.03654 -0.05904
v -0.01883 0.03809 -0.05904
v -0.01325 0.02593 -0.05444
v -0.02096 0.02342 -0.05444
v -0.02573 0.02998 -0.05444
v -0.02096 0.03654 -0.05444
v -0.01325 0.03404 -0.05444
v -0.01751 0.02593 -0.05159
v -0.01751 0.02593 -0.05159
v -0.01456 0.02998 -0.05159
v -0.01456 0.02998 -0.05159
v -0.02228 0.02747 -0.05159
v -0.02228 0.02747 -0.05159
v -0.02228 0.03249 -0.05159
v -0.02228 0.03249 -0.05159
v -0.01751 0.03404 -0.05159
v -0.01751 0.03404 -0.05159
v -0.00136 0.03805 -0.06181
v -0.00136 0.03805 -0.06181
v -0.00136 0.03805 -0.06181
v -0.00136 0.03805 -0.06181
v -0.00136 0.03805 -0.06181
v 0.00484 0.03355 -0.05670
v -0.00372 0.03076 -0.05670
v -0.00372 0.03076 -0.05670
v -0.00901 0.03805 -0.05670
v -0.00372 0.04533 -0.05670
v 0.00484 0.04255 -0.05670
v 0.00101 0.03076 -0.04843
v -0.00755 0.03355 -0.04843
v -0.00755 0.03355 -0.04843
v -0.00755 0.04255 -0.04843
v 0.00101 0.04533 -0.04843
v 0.00630 0.03805 -0.04843
v -0.00136 0.03805 -0.04332
v -0.00136 0.03805 -0.04332
v -0.00136 0.03805 -0.04332
v -0.00136 0.03805 -0.04332
v -0.00136 0.03805 -0.04332
v -0.00275 0.03377 -0.06043
v -0.00275 0.03377 -0.06043
v 0.00228 0.03540 -0.06043
v 0.00228 0.03540 -0.06043
v 0.00089 0.03112 -0.05743
v 0.00592 0.03805 -0.05743
v 0.00228 0.04069 -0.06043
v 0.00228 0.04069 -0.06043
v -0.00586 0.03805 -0.06043
v -0.00586 0.03805 -0.06043
v -0.00725 0.03377 -0.05743
v -0.00275 0.04233 -0.06043
v -0.00275 0.04233 -0.06043
v -0.00725 0.04233 -0.05743
v 0.00089 0.04497 -0.05743
v 0.00678 0.03540 -0.05257
v 0.00678 0.04069 -0.05257
v -0.00136 0.02949 -0.05257
v 0.00367 0.03112 -0.05257
v -0.00950 0.03540 -0.05257
v -0.00639 0.03112 -0.05257
v -0.00639 0.03112 -0.05257
v -0.00639 0.04497 -0.05257
v -0.00950 0.04069 -0.05257
v 0.00367 0.04497 -0.05257
v -0.00136 0.04661 -0.05257
v 0.00453 0.03377 -0.04771
v -0.00361 0.03112 -0.04771
v -0.00864 0.03805 -0.04771
v -0.00361 0.04497 -0.04771
v 0.00453 0.04233 -0.04771
v 0.00003 0.03377 -0.04470
v 0.00003 0.03377 -0.04470
v 0.00314 0.03805 -0.04470
v 0.00314 0.03805 -0.04470
v -0.00500 0.03540 -0.04470
v -0.00500 0.03540 -0.04470
v -0.00500 0.04069 -0.04470
v -0.00500 0.04069 -0.04470
v 0.00003 0.04233 -0.04470
v 0.00003 0.04233 -0.04470
v 0.01422 0.02558 -0.06703
v 0.01422 0.02558 -0.06703
v 0.01422 0.02558 -0.06703
v 0.01422 0.02558 -0.06703
v 0.01422 0.02558 -0.06703
v 0.02074 0.02084 -0.06166
v 0.01173 0.01792 -0.06166
v 0.01173 0.01792 -0.06166
v 0.00617 0.02558 -0.06166
v 0.01173 0.03324 -0.06166
v 0.02074 0.03031 -0.06166
v 0.01671 0.01792 -0.05296
v 0.00771 0.02084 -0.05296
v 0.00771 0.02084 -0.05296
v 0.00771 0.03031 -0.05296
v 0.01671 0.03324 -0.05296
v 0.02228 0.02558 -0.05296
v 0.01422 0.02558 -0.04758
v 0.01422 0.02558 -0.04758
v 0.01422 0.02558 -0.04758
v 0.01422 0.02558 -0.04758
v 0.01422 0.02558 -0.04758
v 0.01276 0.02107 -0.06558
v 0.01276 0.02107 -0.06558
v 0.01805 0.02279 -0.06558
v 0.01805 0.02279 -0.06558
v 0.01659 0.01829 -0.06242
v 0.02188 0.02558 -0.06242
v 0.01805 0.02836 -0.06558
v 0.01805 0.02836 -0.06558
v 0.00949 0.02558 -0.06558
v 0.00949 0.02558 -0.06558
v 0.00803 0.02107 -0.06242
v 0.01276 0.03008 -0.06558
v 0.01276 0.03008 -0.06558
v 0.00803 0.03008 -0.06242
v 0.01659 0.03286 -0.06242
v 0.02279 0.02279 -0.05731
v 0.02279 0.02836 -0.05731
v 0.01422 0.01657 -0.05731
v 0.01952 0.01829 -0.05731
v 0.00566 0.02279 -0.05731
v 0.00893 0.01829 -0.05731
v 0.00893 0.01829 -0.05731
v 0.00893 0.03286 -0.05731
v 0.00566 0.02836 -0.05731
v 0.01952 0.03286 -0.05731
v 0.01422 0.03458 -0.05731
v 0.02042 0.02107 -0.05220
v 0.01186 0.01829 -0.05220
v 0.00656 0.02558 -0.05220
v 0.01186 0.03286 -0.05220
v 0.02042 0.03008 -0.05220
v 0.01569 0.02107 -0.04904
v 0.01569 0.02107 -0.04904
v 0.01896 0.02558 -0.04904
v 0.01896 0.02558 -0.04904
v 0.01039 0.02279 -0.04904
v 0.01039 0.02279 -0.04904
v 0.01039 0.02836 -0.04904
v 0.01039 0.02836 -0.04904
v 0.01569 0.03008 -0.04904
v 0.01569 0.03008 -0.04904
v 0.02720 0.01483 -0.06633
v 0.02720 0.01483 -0.06633
v 0.02720 0.01483 -0.06633
v 0.02720 0.01483 -0.06633
v 0.02720 0.01483 -0.06633
v 0.03338 0.01034 -0.06123
v 0.02484 0.00757 -0.06123
v 0.02484 0.00757 -0.06123
v 0.01956 0.01483 -0.06123
v 0.02484 0.02210 -0.06123
v 0.03338 0.01932 -0.06123
v 0.02956 0.00757 -0.05298
v 0.02102 0.01034 -0.05298
v 0.02102 0.01034 -0.05298
v 0.02102 0.01932 -0.05298
v 0.02956 0.02210 -0.05298
v 0.03484 0.01483 -0.05298
v 0.02720 0.01483 -0.04788
v 0.02720 0.01483 -0.04788
v 0.02720 0.01483 -0.04788
v 0.02720 0.01483 -0.04788
v 0.02720 0.01483 -0.04788
v 0.02582 0.01056 -0.06495
v 0.02582 0.01056 -0.06495
v 0.03084 0.01219 -0.06495
v 0.03084 0.01219 -0.06495
v 0.02945 0.00792 -0.06195
v 0.03447 0.01483 -0.06195
v 0.03084 0.01747 -0.06495
v 0.03084 0.01747 -0.06495
v 0.02271 0.01483 -0.06495
v 0.02271 0.01483 -0.06495
v 0.02133 0.01056 -0.06195
v 0.02582 0.01910 -0.06495
v 0.02582 0.01910 -0.06495
v 0.02133 0.01910 -0.06195
v 0.02945 0.02174 -0.06195
v 0.03533 0.01219 -0.05710
v 0.03533 0.01747 -0.05710
v 0.02720 0.00629 -0.05710
v 0.03222 0.00792 -0.05710
v 0.01908 0.01219 -0.05710
v 0.02218 0.00792 -0.05710
v 0.02218 0.00792 -0.05710
v 0.02218 0.02174 -0.05710
v 0.01908 0.01747 -0.05710
v 0.03222 0.02174 -0.05710
v 0.02720 0.02337 -0.05710
v 0.03308 0.01056 -0.05225
v 0.02496 0.00792 -0.05225
v 0.01994 0.01483 -0.05225
v 0.02496 0.02174 -0.05225
v 0.03308 0.01910 -0.05225
v 0.02859 0.01056 -0.04926
v 0.02859 0.01056 -0.04926
v 0.03169 0.01483 -0.04926
v 0.03169 0.01483 -0.04926
v 0.02357 0.01219 -0.04926
v 0.02357 0.01219 -0.04926
v 0.02357 0.01747 -0.04926
v 0.02357 0.01747 -0.04926
v 0.02859 0.01910 -0.04926
v 0.02859 0.01910 -0.04926
v 0.03386 0.00568 -0.06295
v 0.03386 0.00568 -0.06295
v 0.03386 0.00568 -0.06295
v 0.03386 0.00568 -0.06295
v 0.03386 0.00568 -0.06295
v 0.04017 0.00110 -0.05774
v 0.03144 -0.00174 -0.05774
v 0.03144 -0.00174 -0.05774
v 0.02605 0.00568 -0.05774
v 0.03144 0.01310 -0.05774
v 0.04017 0.01027 -0.05774
v 0.03627 -0.00174 -0.04931
v 0.02754 0.00110 -0.04931
v 0.02754 0.00110 -0.04931
v 0.02754 0.01027 -0.04931
v 0.03627 0.01310 -0.04931
v 0.04166 0.00568 -0.04932
v 0.03386 0.00568 -0.04411
v 0.03386 0.00568 -0.04411
v 0.03386 0.00568 -0.04411
v 0.03386 0.00568 -0.04411
v 0.03386 0.00568 -0.04411
v 0.03244 0.00132 -0.06154
v 0.03244 0.00132 -0.06154
v 0.03757 0.00299 -0.06154
v 0.03757 0.00299 -0.06154
v 0.03615 -0.00137 -0.05848
v 0.04127 0.00568 -0.05848
v 0.03757 0.00838 -0.06154
v 0.03757 0.00838 -0.06154
v 0.02927 0.00568 -0.06154
v 0.02927 0.00568 -0.06154
v 0.02785 0.00132 -0.05848
v 0.03244 0.01004 -0.06154
v 0.03244 0.01004 -0.06154
v 0.02785 0.01004 -0.05848
v 0.03615 0.01274 -0.05848
v 0.04215 0.00299 -0.05353
v 0.04215 0.00838 -0.05353
v 0.03386 -0.00304 -0.05353
v 0.03898 -0.00137 -0.05353
v 0.02556 0.00299 -0.05353
v 0.02873 -0.00137 -0.05353
v 0.02873 -0.00137 -0.05353
v 0.02873 0.01274 -0.05353
v 0.02556 0.00838 -0.05353
v 0.03898 0.01274 -0.05353
v 0.03386 0.01440 -0.05353
v 0.03986 0.00132 -0.04858
v 0.03156 -0.00137 -0.04858
v 0.02644 0.00568 -0.04858
v 0.03156 0.01274 -0.04858
v 0.03986 0.01004 -0.04858
v 0.03527 0.00132 -0.04551
v 0.03527 0.00132 -0.04551
v 0.03844 0.00568 -0.04551
v 0.03844 0.00568 -0.04551
v 0.03015 0.00299 -0.04551
v 0.03015 0.00299 -0.04551
v 0.03015 0.00838 -0.04551
v 0.03015 0.00838 -0.04551
v 0.03527 0.01004 -0.04551
v 0.03527 0.01004 -0.04551
v -0.01465 -0.02986 -0.06774
v -0.01465 -0.02986 -0.06774
v -0.01465 -0.02986 -0.06774
v -0.01465 -0.02986 -0.06774
v -0.01465 -0.02986 -0.06774
v -0.00844 -0.03437 -0.06262
v -0.01702 -0.03715 -0.06262
v -0.01702 -0.03715 -0.06262
v -0.02232 -0.02986 -0.06262
v -0.01702 -0.02257 -0.06262
v -0.00844 -0.02535 -0.06262
v -0.01228 -0.03715 -0.05434
v -0.02085 -0.03437 -0.05434
v -0.02085 -0.03437 -0.05434
v -0.02085 -0.02535 -0.05434
v -0.01228 -0.02257 -0.05434
v -0.00698 -0.02986 -0.05434
v -0.01465 -0.02986 -0.04922
v -0.01465 -0.02986 -0.04922
v -0.01465 -0.02986 -0.04922
v -0.01465 -0.02986 -0.04922
v -0.01465 -0.02986 -0.04922
v -0.01604 -0.03415 -0.06635
v -0.01604 -0.03415 -0.06635
v -0.01100 -0.03251 -0.06635
v -0.01100 -0.03251 -0.06635
v -0.01239 -0.03680 -0.06335
v -0.00735 -0.02986 -0.06335
v -0.01100 -0.02721 -0.06635
v -0.01100 -0.02721 -0.06635
v -0.01916 -0.02986 -0.06635
v -0.01916 -0.02986 -0.06635
v -0.02055 -0.03415 -0.06335
v -0.01604 -0.02557 -0.06635
v -0.01604 -0.02557 -0.06635
v -0.02055 -0.02557 -0.06335
v -0.01239 -0.02293 -0.06335
v -0.00649 -0.03251 -0.05848
v -0.00649 -0.02721 -0.05848
v -0.01465 -0.03844 -0.05848
v -0.00961 -0.03680 -0.05848
v -0.02280 -0.03251 -0.05848
v -0.01969 -0.03680 -0.05848
v -0.01969 -0.03680 -0.05848
v -0.01969 -0.02293 -0.05848
v -0.02280 -0.02721 -0.05848
v -0.00961 -0.02293 -0.05848
v -0.01465 -0.02129 -0.05848
v -0.00875 -0.03415 -0.05361
v -0.01690 -0.03680 -0.05361
v -0.02194 -0.02986 -0.05361
v -0.01690 -0.02293 -0.05361
v -0.00875 -0.02557 -0.05361
v -0.01325 -0.03415 -0.05060
v -0.01325 -0.03415 -0.05060
v -0.01014 -0.02986 -0.05060
v -0.01014 -0.02986 -0.05060
v -0.01829 -0.03251 -0.05060
v -0.01829 -0.03251 -0.05060
v -0.01829 -0.02721 -0.05060
v -0.01829 -0.02721 -0.05060
v -0.01325 -0.02557 -0.05060
v -0.01325 -0.02557 -0.05060
v -0.03728 -0.01635 -0.07330
v -0.03728 -0.01635 -0.07330
v -0.03728 -0.01635 -0.07330
v -0.03728 -0.01635 -0.07330
v -0.03728 -0.01635 -0.07330
v -0.03093 -0.02096 -0.06806
v -0.03970 -0.02381 -0.06806
v -0.03970 -0.02381 -0.06806
v -0.04513 -0.01635 -0.06806
v -0.03970 -0.00888 -0.06806
v -0.03093 -0.01174 -0.06806
v -0.03485 -0.02381 -0.05959
v -0.04363 -0.02096 -0.05959
v -0.04363 -0.02096 -0.05959
v -0.04363 -0.01174 -0.05959
v -0.03485 -0.00888 -0.05959
v -0.02943 -0.01635 -0.05959
v -0.03728 -0.01635 -0.05435
v -0.03728 -0.01635 -0.05435
v -0.03728 -0.01635 -0.05435
v -0.03728 -0.01635 -0.05435
v -0.03728 -0.01635 -0.05435
v -0.03871 -0.02074 -0.07189
v -0.03871 -0.02074 -0.07189
v -0.03355 -0.01906 -0.07189
v -0.03355 -0.01906 -0.07189
v -0.03497 -0.02345 -0.06881
v -0.02982 -0.01635 -0.06881
v -0.03355 -0.01364 -0.07189
v -0.03355 -0.01364 -0.07189
v -0.04189 -0.01635 -0.07189
v -0.04189 -0.01635 -0.07189
v -0.04332 -0.02074 -0.06881
v -0.03871 -0.01196 -0.07189
v -0.03871 -0.01196 -0.07189
v -0.04332 -0.01196 -0.06881
v -0.03497 -0.00925 -0.06881
v -0.02894 -0.01906 -0.06383
v -0.02894 -0.01364 -0.06383
v -0.03728 -0.02512 -0.06383
v -0.03212 -0.02345 -0.06383
v -0.04562 -0.01906 -0.06383
v -0.04244 -0.02345 -0.06383
v -0.04244 -0.02345 -0.06383
v -0.04244 -0.00925 -0.06383
v -0.04562 -0.01364 -0.06383
v -0.03212 -0.00925 -0.06383
v -0.03728 -0.00757 -0.06383
v -0.03124 -0.02074 -0.05884
v -0.03959 -0.02345 -0.05884
v -0.04474 -0.01635 -0.05884
v -0.03959 -0.00925 -0.05884
v -0.03124 -0.01196 -0.05884
v -0.03585 -0.02074 -0.05577
v -0.03585 -0.02074 -0.05577
v -0.03267 -0.01635 -0.05577
v -0.03267 -0.01635 -0.05577
v -0.04101 -0.01906 -0.05577
v -0.04101 -0.01906 -0.05577
v -0.04101 -0.01364 -0.05577
v -0.04101 -0.01364 -0.05577
v -0.03585 -0.01196 -0.05577
v -0.03585 -0.01196 -0.05577
v -0.04309 0.00105 -0.08071
v -0.04309 0.00105 -0.08071
v -0.04309 0.00105 -0.08071
v -0.04309 0.00105 -0.08071
v -0.04309 0.00105 -0.08071
v -0.03657 -0.00368 -0.07533
v -0.04558 -0.00661 -0.07533
v -0.04558 -0.00661 -0.07533
v -0.05115 0.00105 -0.07533
v -0.04558 0.00872 -0.07533
v -0.03657 0.00579 -0.07533
v -0.04060 -0.00661 -0.06663
v -0.04961 -0.00368 -0.06663
v -0.04961 -0.00368 -0.06663
v -0.04961 0.00579 -0.06663
v -0.04060 0.00872 -0.06663
v -0.03503 0.00105 -0.06663
v -0.04309 0.00105 -0.06125
v -0.04309 0.00105 -0.06125
v -0.04309 0.00105 -0.06125
v -0.04309 0.00105 -0.06125
v -0.04309 0.00105 -0.06125
v -0.04455 -0.00345 -0.07926
v -0.04455 -0.00345 -0.07926
v -0.03925 -0.00173 -0.07926
v -0.03925 -0.00173 -0.07926
v -0.04072 -0.00624 -0.07610
v -0.03542 0.00105 -0.07610
v -0.03925 0.00384 -0.07926
v -0.03925 0.00384 -0.07926
v -0.04782 0.00105 -0.07926
v -0.04782 0.00105 -0.07926
v -0.04929 -0.00345 -0.07610
v -0.04455 0.00556 -0.07926
v -0.04455 0.00556 -0.07926
v -0.04929 0.00556 -0.07610
v -0.04072 0.00834 -0.07610
v -0.03452 -0.00173 -0.07098
v -0.03452 0.00384 -0.07098
v -0.04309 -0.00796 -0.07098
v -0.03779 -0.00624 -0.07098
v -0.05166 -0.00173 -0.07098
v -0.04838 -0.00624 -0.07098
v -0.04838 -0.00624 -0.07098
v -0.04838 0.00834 -0.07098
v -0.05166 0.00384 -0.07098
v -0.03779 0.00834 -0.07098
v -0.04309 0.01007 -0.07098
v -0.03689 -0.00345 -0.06586
v -0.04546 -0.00624 -0.06586
v -0.05075 0.00105 -0.06586
v -0.04546 0.00834 -0.06586
v -0.03689 0.00556 -0.06586
v -0.04162 -0.00345 -0.06270
v -0.04162 -0.00345 -0.06270
v -0.03835 0.00105 -0.06270
v -0.03835 0.00105 -0.06270
v -0.04692 -0.00173 -0.06270
v -0.04692 -0.00173 -0.06270
v -0.04692 0.00384 -0.06270
v -0.04692 0.00384 -0.06270
v -0.04162 0.00556 -0.06270
v -0.04162 0.00556 -0.06270
v -0.03127 0.01489 -0.07820
v -0.03127 0.01489 -0.07820
v -0.03127 0.01489 -0.07820
v -0.03127 0.01489 -0.07820
v -0.03127 0.01489 -0.07820
v -0.02480 0.01019 -0.07286
v -0.03374 0.00728 -0.07286
v -0.03374 0.00728 -0.07286
v -0.03926 0.01489 -0.07286
v -0.03374 0.02249 -0.07286
v -0.02480 0.01959 -0.07286
v -0.02880 0.00728 -0.06423
v -0.03774 0.01019 -0.06423
v -0.03774 0.01019 -0.06423
v -0.03774 0.01959 -0.06423
v -0.02880 0.02249 -0.06423
v -0.02327 0.01489 -0.06423
v -0.03127 0.01489 -0.05889
v -0.03127 0.01489 -0.05889
v -0.03127 0.01489 -0.05889
v -0.03127 0.01489 -0.05889
v -0.03127 0.01489 -0.05889
v -0.03272 0.01042 -0.07676
v -0.03272 0.01042 -0.07676
v -0.02746 0.01212 -0.07676
v -0.02746 0.01212 -0.07676
v -0.02892 0.00765 -0.07362
v -0.02366 0.01489 -0.07362
v -0.02746 0.01765 -0.07676
v -0.02746 0.01765 -0.07676
v -0.03597 0.01489 -0.07676
v -0.03597 0.01489 -0.07676
v -0.03742 0.01042 -0.07362
v -0.03272 0.01936 -0.07676
v -0.03272 0.01936 -0.07676
v -0.03742 0.01936 -0.07362
v -0.02892 0.02212 -0.07362
v -0.02276 0.01212 -0.06855
v -0.02276 0.01765 -0.06855
v -0.03127 0.00595 -0.06855
v -0.02601 0.00765 -0.06855
v -0.03977 0.01212 -0.06855
v -0.03652 0.00765 -0.06855
v -0.03652 0.00765 -0.06855
v -0.03652 0.02212 -0.06855
v -0.03977 0.01765 -0.06855
v -0.02601 0.02212 -0.06855
v -0.03127 0.02383 -0.06855
v -0.02511 0.01042 -0.06347
v -0.03362 0.00765 -0.06347
v -0.03887 0.01489 -0.06347
v -0.03362 0.02212 -0.06347
v -0.02511 0.01936 -0.06347
v -0.02982 0.01042 -0.06033
v -0.02982 0.01042 -0.06033
v -0.02657 0.01489 -0.06033
v -0.02657 0.01489 -0.06033
v -0.03507 0.01212 -0.06033
v -0.03507 0.01212 -0.06033
v -0.03507 0.01765 -0.06033
v -0.03507 0.01765 -0.06033
v -0.02982 0.01936 -0.06033
v -0.02982 0.01936 -0.06033
v -0.02601 0.03292 -0.08093
v -0.02601 0.03292 -0.08093
v -0.02601 0.03292 -0.08093
v -0.02601 0.03292 -0.08093
v -0.02601 0.03292 -0.08093
v -0.01983 0.02842 -0.07582
v -0.02838 0.02565 -0.07582
v -0.02838 0.02565 -0.07582
v -0.03366 0.03292 -0.07582
v -0.02838 0.04019 -0.07582
v -0.01983 0.03741 -0.07582
v -0.02365 0.02565 -0.06756
v -0.03220 0.02842 -0.06756
v -0.03220 0.02842 -0.06756
v -0.03220 0.03741 -0.06756
v -0.02365 0.04019 -0.06756
v -0.01837 0.03292 -0.06756
v -0.02601 0.03292 -0.06246
v -0.02601 0.03292 -0.06246
v -0.02601 0.03292 -0.06246
v -0.02601 0.03292 -0.06246
v -0.02601 0.03292 -0.06246
v -0.02740 0.02864 -0.07955
v -0.02740 0.02864 -0.07955
v -0.02238 0.03028 -0.07955
v -0.02238 0.03028 -0.07955
v -0.02377 0.02600 -0.07655
v -0.01874 0.03292 -0.07655
v -0.02238 0.03556 -0.07955
v -0.02238 0.03556 -0.07955
v -0.03051 0.03292 -0.07955
v -0.03051 0.03292 -0.07955
v -0.03190 0.02864 -0.07655
v -0.02740 0.03719 -0.07955
v -0.02740 0.03719 -0.07955
v -0.03190 0.03719 -0.07655
v -0.02377 0.03983 -0.07655
v -0.01788 0.03028 -0.07169
v -0.01788 0.03556 -0.07169
v -0.02601 0.02437 -0.07169
v -0.02099 0.02600 -0.07169
v -0.03414 0.03028 -0.07169
v -0.03104 0.02600 -0.07169
v -0.03104 0.02600 -0.07169
v -0.03104 0.03983 -0.07169
v -0.03414 0.03556 -0.07169
v -0.02099 0.03983 -0.07169
v -0.02601 0.04147 -0.07169
v -0.02013 0.02864 -0.06684
v -0.02826 0.02600 -0.06684
v -0.03328 0.03292 -0.06684
v -0.02826 0.03983 -0.06684
v -0.02013 0.03719 -0.06684
v -0.02462 0.02864 -0.06384
v -0.02462 0.02864 -0.06384
v -0.02152 0.03292 -0.06384
v -0.02152 0.03292 -0.06384
v -0.02965 0.03028 -0.06384
v -0.02965 0.03028 -0.06384
v -0.02965 0.03556 -0.06384
v -0.02965 0.03556 -0.06384
v -0.02462 0.03719 -0.06384
v -0.02462 0.03719 -0.06384
v -0.00070 0.03780 -0.08420
v -0.00070 0.03780 -0.08420
v -0.00070 0.03780 -0.08420
v -0.00070 0.03780 -0.08420
v -0.00070 0.03780 -0.08420
v 0.00584 0.03305 -0.07881
v -0.00319 0.03011 -0.07881
v -0.00319 0.03011 -0.07881
v -0.00878 0.03780 -0.07881
v -0.00319 0.04548 -0.07881
v 0.00584 0.04255 -0.07881
v 0.00180 0.03011 -0.07008
v -0.00724 0.03305 -0.07008
v -0.00724 0.03305 -0.07008
v -0.00724 0.04255 -0.07008
v 0.00180 0.04548 -0.07008
v 0.00738 0.03780 -0.07008
v -0.00070 0.03780 -0.06469
v -0.00070 0.03780 -0.06469
v -0.00070 0.03780 -0.06469
v -0.00070 0.03780 -0.06469
v -0.00070 0.03780 -0.06469
v -0.00217 0.03328 -0.08275
v -0.00217 0.03328 -0.08275
v 0.00315 0.03500 -0.08275
v 0.00315 0.03500 -0.08275
v 0.00168 0.03049 -0.07957
v 0.00699 0.03780 -0.07957
v 0.00315 0.04059 -0.08275
v 0.00315 0.04059 -0.08275
v -0.00545 0.03780 -0.08275
v -0.00545 0.03780 -0.08275
v -0.00692 0.03328 -0.07957
v -0.00217 0.04231 -0.08275
v -0.00217 0.04231 -0.08275
v -0.00692 0.04231 -0.07957
v 0.00168 0.04511 -0.07957
v 0.00790 0.03500 -0.07444
v 0.00790 0.04059 -0.07444
v -0.00070 0.02876 -0.07444
v 0.00461 0.03049 -0.07444
v -0.00929 0.03500 -0.07444
v -0.00601 0.03049 -0.07444
v -0.00601 0.03049 -0.07444
v -0.00601 0.04511 -0.07444
v -0.00929 0.04059 -0.07444
v 0.00461 0.04511 -0.07444
v -0.00070 0.04683 -0.07444
v 0.00552 0.03328 -0.06931
v -0.00307 0.03049 -0.06931
v -0.00838 0.03780 -0.06931
v -0.00307 0.04511 -0.06931
v 0.00552 0.04231 -0.06931
v 0.00077 0.03328 -0.06614
v 0.00077 0.03328 -0.06614
v 0.00405 0.03780 -0.06614
v 0.00405 0.03780 -0.06614
v -0.00454 0.03500 -0.06614
v -0.00454 0.03500 -0.06614
v -0.00454 0.04059 -0.06614
v -0.00454 0.04059 -0.06614
v 0.00077 0.04231 -0.06614
v 0.00077 0.04231 -0.06614
v 0.01630 0.03020 -0.08150
v 0.01630 0.03020 -0.08150
v 0.01630 0.03020 -0.08150
v 0.01630 0.03020 -0.08150
v 0.01630 0.03020 -0.08150
v 0.02216 0.02595 -0.07667
v 0.01406 0.02332 -0.07667
v 0.01406 0.02332 -0.07667
v 0.00906 0.03020 -0.07667
v 0.01406 0.03709 -0.07667
v 0.02216 0.03446 -0.07667
v 0.01854 0.02332 -0.06885
v 0.01044 0.02595 -0.06885
v 0.01044 0.02595 -0.06885
v 0.01044 0.03446 -0.06885
v 0.01854 0.03709 -0.06885
v 0.02354 0.03020 -0.06885
v 0.01630 0.03020 -0.06402
v 0.01630 0.03020 -0.06402
v 0.01630 0.03020 -0.06402
v 0.01630 0.03020 -0.06402
v 0.01630 0.03020 -0.06402
v 0.01498 0.02616 -0.08020
v 0.01498 0.02616 -0.08020
v 0.01974 0.02770 -0.08020
v 0.01974 0.02770 -0.08020
v 0.01843 0.02366 -0.07736
v 0.02318 0.03020 -0.07736
v 0.01974 0.03271 -0.08020
v 0.01974 0.03271 -0.08020
v 0.01204 0.03020 -0.08020
v 0.01204 0.03020 -0.08020
v 0.01073 0.02616 -0.07736
v 0.01498 0.03425 -0.08020
v 0.01498 0.03425 -0.08020
v 0.01073 0.03425 -0.07736
v 0.01843 0.03675 -0.07736
v 0.02400 0.02770 -0.07276
v 0.02400 0.03271 -0.07276
v 0.01630 0.02211 -0.07276
v 0.02106 0.02366 -0.07276
v 0.00860 0.02770 -0.07276
v 0.01154 0.02366 -0.07276
v 0.01154 0.02366 -0.07276
v 0.01154 0.03675 -0.07276
v 0.00860 0.03271 -0.07276
v 0.02106 0.03675 -0.07276
v 0.01630 0.03830 -0.07276
v 0.02187 0.02616 -0.06816
v 0.01417 0.02366 -0.06816
v 0.00941 0.03020 -0.06816
v 0.01417 0.03675 -0.06816
v 0.02187 0.03425 -0.06816
v 0.01761 0.02616 -0.06532
v 0.01761 0.02616 -0.06532
v 0.02055 0.03020 -0.06532
v 0.02055 0.03020 -0.06532
v 0.01286 0.02770 -0.06532
v 0.01286 0.02770 -0.06532
v 0.01286 0.03271 -0.06532
v 0.01286 0.03271 -0.06532
v 0.01761 0.03425 -0.06532
v 0.01761 0.03425 -0.06532
v 0.02927 0.01405 -0.07614
v 0.02927 0.01405 -0.07614
v 0.02927 0.01405 -0.07614
v 0.02927 0.01405 -0.07614
v 0.02927 0.01405 -0.07614
v 0.03533 0.00964 -0.07114
v 0.02695 0.00692 -0.07114
v 0.02695 0.00692 -0.07114
v 0.02177 0.01405 -0.07114
v 0.02695 0.02117 -0.07114
v 0.03533 0.01845 -0.07114
v 0.03158 0.00692 -0.06305
v 0.02320 0.00964 -0.06305
v 0.02320 0.00964 -0.06305
v 0.02320 0.01845 -0.06305
v 0.03158 0.02117 -0.06305
v 0.03676 0.01405 -0.06305
v 0.02927 0.01405 -0.05804
v 0.02927 0.01405 -0.05804
v 0.02927 0.01405 -0.05804
v 0.02927 0.01405 -0.05804
v 0.02927 0.01405 -0.05804
v 0.02790 0.00986 -0.07479
v 0.02790 0.00986 -0.07479
v 0.03283 0.01146 -0.07479
v 0.03283 0.01146 -0.07479
v 0.03147 0.00727 -0.07185
v 0.03639 0.01405 -0.07185
v 0.03283 0.01664 -0.07479
v 0.03283 0.01664 -0.07479
v 0.02486 0.01405 -0.07479
v 0.02486 0.01405 -0.07479
v 0.02350 0.00986 -0.07185
v 0.02790 0.01824 -0.07479
v 0.02790 0.01824 -0.07479
v 0.02350 0.01824 -0.07185
v 0.03147 0.02083 -0.07185
v 0.03724 0.01146 -0.06709
v 0.03724 0.01664 -0.06709
v 0.02927 0.00567 -0.06709
v 0.03419 0.00727 -0.06709
v 0.02130 0.01146 -0.06709
v 0.02434 0.00727 -0.06709
v 0.02434 0.00727 -0.06709
v 0.02434 0.02083 -0.06709
v 0.02130 0.01664 -0.06709
v 0.03419 0.02083 -0.06709
v 0.02927 0.02243 -0.06709
v 0.03503 0.00986 -0.06234
v 0.02706 0.00727 -0.06234
v 0.02214 0.01405 -0.06234
v 0.02706 0.02083 -0.06234
v 0.03503 0.01824 -0.06234
v 0.03063 0.00986 -0.05940
v 0.03063 0.00986 -0.05940
v 0.03367 0.01405 -0.05940
v 0.03367 0.01405 -0.05940
v 0.02570 0.01146 -0.05940
v 0.02570 0.01146 -0.05940
v 0.02570 0.01664 -0.05940
v 0.02570 0.01664 -0.05940
v 0.03063 0.01824 -0.05940
v 0.03063 0.01824 -0.05940
v 0.04081 0.00039 -0.07209
v 0.04081 0.00039 -0.07209
v 0.04081 0.00039 -0.07209
v 0.04081 0.00039 -0.07209
v 0.04081 0.00039 -0.07209
v 0.04692 -0.00405 -0.06705
v 0.03848 -0.00679 -0.06705
v 0.03848 -0.00679 -0.06705
v 0.03326 0.00039 -0.06705
v 0.03848 0.00757 -0.06705
v 0.04692 0.00483 -0.06705
v 0.04314 -0.00679 -0.05889
v 0.03470 -0.00405 -0.05889
v 0.03470 -0.00405 -0.05889
v 0.03470 0.00483 -0.05889
v 0.04314 0.00757 -0.05889
v 0.04836 0.00039 -0.05889
v 0.04081 0.00039 -0.05385
v 0.04081 0.00039 -0.05385
v 0.04081 0.00039 -0.05385
v 0.04081 0.00039 -0.05385
v 0.04081 0.00039 -0.05385
v 0.03944 -0.00383 -0.07073
v 0.03944 -0.00383 -0.07073
v 0.04440 -0.00222 -0.07073
v 0.04440 -0.00222 -0.07073
v 0.04303 -0.00644 -0.06776
v 0.04799 0.00039 -0.06776
v 0.04440 0.00300 -0.07073
v 0.04440 0.00300 -0.07073
v 0.03637 0.00039 -0.07073
v 0.03637 0.00039 -0.07073
v 0.03500 -0.00383 -0.06776
v 0.03944 0.00461 -0.07073
v 0.03944 0.00461 -0.07073
v 0.03500 0.00461 -0.06776
v 0.04303 0.00722 -0.06776
v 0.04884 -0.00222 -0.06297
v 0.04884 0.00300 -0.06297
v 0.04081 -0.00805 -0.06297
v 0.04577 -0.00644 -0.06297
v 0.03278 -0.00222 -0.06297
v 0.03585 -0.00644 -0.06297
v 0.03585 -0.00644 -0.06297
v 0.03585 0.00722 -0.06297
v 0.03278 0.00300 -0.06297
v 0.04577 0.00722 -0.06297
v 0.04081 0.00884 -0.06297
v 0.04662 -0.00383 -0.05818
v 0.03859 -0.00644 -0.05818
v 0.03363 0.00039 -0.05818
v 0.03859 0.00722 -0.05818
v 0.04662 0.00461 -0.05818
v 0.04218 -0.00383 -0.05521
v 0.04218 -0.00383 -0.05521
v 0.04525 0.00039 -0.05521
v 0.04525 0.00039 -0.05521
v 0.03722 -0.00222 -0.05521
v 0.03722 -0.00222 -0.05521
v 0.03722 0.00300 -0.05521
v 0.03722 0.00300 -0.05521
v 0.04218 0.00461 -0.05521
v 0.04218 0.00461 -0.05521
v 0.03274 -0.01702 -0.07239
v 0.03274 -0.01702 -0.07239
v 0.03274 -0.01702 -0.07239
v 0.03274 -0.01702 -0.07239
v 0.03274 -0.01702 -0.07239
v 0.03874 -0.02138 -0.06744
v 0.03045 -0.02407 -0.06744
v 0.03045 -0.02407 -0.06744
v 0.02532 -0.01702 -0.06744
v 0.03045 -0.00996 -0.06744
v 0.03874 -0.01266 -0.06744
v 0.03503 -0.02407 -0.05942
v 0.02674 -0.02138 -0.05942
v 0.02674 -0.02138 -0.05942
v 0.02674 -0.01266 -0.05942
v 0.03503 -0.00996 -0.05942
v 0.04016 -0.01702 -0.05942
v 0.03274 -0.01702 -0.05447
v 0.03274 -0.01702 -0.05447
v 0.03274 -0.01702 -0.05447
v 0.03274 -0.01702 -0.05447
v 0.03274 -0.01702 -0.05447
v 0.03139 -0.02116 -0.07105
v 0.03139 -0.02116 -0.07105
v 0.03627 -0.01958 -0.07105
v 0.03627 -0.01958 -0.07105
v 0.03492 -0.02373 -0.06814
v 0.03980 -0.01702 -0.06814
v 0.03627 -0.01445 -0.07105
v 0.03627 -0.01445 -0.07105
v 0.02838 -0.01702 -0.07105
v 0.02838 -0.01702 -0.07105
v 0.02703 -0.02116 -0.06814
v 0.03139 -0.01287 -0.07105
v 0.03139 -0.01287 -0.07105
v 0.02703 -0.01287 -0.06814
v 0.03492 -0.01030 -0.06814
v 0.04063 -0.01958 -0.06343
v 0.04063 -0.01445 -0.06343
v 0.03274 -0.02531 -0.06343
v 0.03762 -0.02373 -0.06343
v 0.02485 -0.01958 -0.06343
v 0.02786 -0.02373 -0.06343
v 0.02786 -0.02373 -0.06343
v 0.02786 -0.01030 -0.06343
v 0.02485 -0.01445 -0.06343
v 0.03762 -0.01030 -0.06343
v 0.03274 -0.00872 -0.06343
v 0.03845 -0.02116 -0.05872
v 0.03056 -0.02373 -0.05872
v 0.02568 -0.01702 -0.05872
v 0.03056 -0.01030 -0.05872
v 0.03845 -0.01287 -0.05872
v 0.03409 -0.02116 -0.05581
v 0.03409 -0.02116 -0.05581
v 0.03710 -0.01702 -0.05581
v 0.03710 -0.01702 -0.05581
v 0.02921 -0.01958 -0.05581
v 0.02921 -0.01958 -0.05581
v 0.02921 -0.01445 -0.05581
v 0.02921 -0.01445 -0.05581
v 0.03409 -0.01287 -0.05581
v 0.03409 -0.01287 -0.05581
v 0.01434 -0.03388 -0.07506
v 0.01434 -0.03388 -0.07506
v 0.01434 -0.03388 -0.07506
v 0.01434 -0.03388 -0.07506
v 0.01434 -0.03388 -0.07506
v 0.02078 -0.03856 -0.06974
v 0.01188 -0.04146 -0.06974
v 0.01188 -0.04146 -0.06974
v 0.00637 -0.03388 -0.06974
v 0.01188 -0.02630 -0.06974
v 0.02078 -0.02920 -0.06974
v 0.01680 -0.04146 -0.06114
v 0.00789 -0.03856 -0.06114
v 0.00789 -0.03856 -0.06114
v 0.00789 -0.02920 -0.06114
v 0.01680 -0.02630 -0.06114
v 0.02230 -0.03388 -0.06114
v 0.01434 -0.03388 -0.05582
v 0.01434 -0.03388 -0.05582
v 0.01434 -0.03388 -0.05582
v 0.01434 -0.03388 -0.05582
v 0.01434 -0.03388 -0.05582
v 0.01289 -0.03833 -0.07362
v 0.01289 -0.03833 -0.07362
v 0.01813 -0.03663 -0.07362
v 0.01813 -0.03663 -0.07362
v 0.01668 -0.04108 -0.07049
v 0.02191 -0.03388 -0.07049
v 0.01813 -0.03113 -0.07362
v 0.01813 -0.03113 -0.07362
v 0.00966 -0.03388 -0.07362
v 0.00966 -0.03388 -0.07362
v 0.00821 -0.03833 -0.07049
v 0.01289 -0.02943 -0.07362
v 0.01289 -0.02943 -0.07362
v 0.00821 -0.02943 -0.07049
v 0.01668 -0.02667 -0.07049
v 0.02281 -0.03663 -0.06544
v 0.02281 -0.03113 -0.06544
v 0.01434 -0.04279 -0.06544
v 0.01957 -0.04108 -0.06544
v 0.00587 -0.03663 -0.06544
v 0.00910 -0.04108 -0.06544
v 0.00910 -0.04108 -0.06544
v 0.00910 -0.02667 -0.06544
v 0.00587 -0.03113 -0.06544
v 0.01957 -0.02667 -0.06544
v 0.01434 -0.02497 -0.06544
v 0.02047 -0.03833 -0.06038
v 0.01200 -0.04108 -0.06038
v 0.00676 -0.03388 -0.06038
v 0.01200 -0.02667 -0.06038
v 0.02047 -0.02943 -0.06038
v 0.01579 -0.03833 -0.05726
v 0.01579 -0.03833 -0.05726
v 0.01902 -0.03388 -0.05726
v 0.01902 -0.03388 -0.05726
v 0.01055 -0.03663 -0.05726
v 0.01055 -0.03663 -0.05726
v 0.01055 -0.03113 -0.05726
v 0.01055 -0.03113 -0.05726
v 0.01579 -0.02943 -0.05726
v 0.01579 -0.02943 -0.05726
v -0.00672 -0.03549 -0.07409
v -0.00672 -0.03549 -0.07409
v -0.00672 -0.03549 -0.07409
v -0.00672 -0.03549 -0.07409
v -0.00672 -0.03549 -0.07409
v -0.00029 -0.04016 -0.06878
v -0.00918 -0.04305 -0.06878
v -0.00918 -0.04305 -0.06878
v -0.01467 -0.03549 -0.06878
v -0.00918 -0.02792 -0.06878
v -0.00029 -0.03081 -0.06878
v -0.00426 -0.04305 -0.06019
v -0.01316 -0.04016 -0.06019
v -0.01316 -0.04016 -0.06019
v -0.01316 -0.03081 -0.06019
v -0.00426 -0.02792 -0.06019
v 0.00123 -0.03549 -0.06019
v -0.00672 -0.03549 -0.05488
v -0.00672 -0.03549 -0.05488
v -0.00672 -0.03549 -0.05488
v -0.00672 -0.03549 -0.05488
v -0.00672 -0.03549 -0.05488
v -0.00817 -0.03993 -0.07266
v -0.00817 -0.03993 -0.07266
v -0.00294 -0.03824 -0.07266
v -0.00294 -0.03824 -0.07266
v -0.00438 -0.04268 -0.06954
v 0.00084 -0.03549 -0.06954
v -0.00294 -0.03274 -0.07266
v -0.00294 -0.03274 -0.07266
v -0.01140 -0.03549 -0.07266
v -0.01140 -0.03549 -0.07266
v -0.01284 -0.03993 -0.06954
v -0.00817 -0.03104 -0.07266
v -0.00817 -0.03104 -0.07266
v -0.01284 -0.03104 -0.06954
v -0.00438 -0.02829 -0.06954
v 0.00174 -0.03824 -0.06449
v 0.00174 -0.03274 -0.06449
v -0.00672 -0.04438 -0.06449
v -0.00149 -0.04268 -0.06449
v -0.01518 -0.03824 -0.06449
v -0.01195 -0.04268 -0.06449
v -0.01195 -0.04268 -0.06449
v -0.01195 -0.02829 -0.06449
v -0.01518 -0.03274 -0.06449
v -0.00149 -0.02829 -0.06449
v -0.00672 -0.02660 -0.06449
v -0.00060 -0.03993 -0.05944
v -0.00906 -0.04268 -0.05944
v -0.01429 -0.03549 -0.05944
v -0.00906 -0.02829 -0.05944
v -0.00060 -0.03104 -0.05944
v -0.00528 -0.03993 -0.05632
v -0.00528 -0.03993 -0.05632
v -0.00205 -0.03549 -0.05632
v -0.00205 -0.03549 -0.05632
v -0.01050 -0.03824 -0.05632
v -0.01050 -0.03824 -0.05632
v -0.01050 -0.03274 -0.05632
v -0.01050 -0.03274 -0.05632
v -0.00528 -0.03104 -0.05632
v -0.00528 -0.03104 -0.05632
v -0.03356 0.01799 -0.09165
v -0.03356 0.01799 -0.09165
v -0.03356 0.01799 -0.09165
v -0.03356 0.01799 -0.09165
v -0.03356 0.01799 -0.09165
v -0.02706 0.01328 -0.08629
v -0.03604 0.01036 -0.08629
v -0.03604 0.01036 -0.08629
v -0.04158 0.01799 -0.08629
v -0.03604 0.02563 -0.08629
v -0.02706 0.02271 -0.08629
v -0.03108 0.01036 -0.07762
v -0.04005 0.01328 -0.07762
v -0.04005 0.01328 -0.07762
v -0.04005 0.02271 -0.07762
v -0.03108 0.02563 -0.07762
v -0.02553 0.01799 -0.07762
v -0.03356 0.01799 -0.07226
v -0.03356 0.01799 -0.07226
v -0.03356 0.01799 -0.07226
v -0.03356 0.01799 -0.07226
v -0.03356 0.01799 -0.07226
v -0.03501 0.01351 -0.09020
v -0.03501 0.01351 -0.09020
v -0.02974 0.01522 -0.09020
v -0.02974 0.01522 -0.09020
v -0.03120 0.01073 -0.08705
v -0.02592 0.01799 -0.08705
v -0.02974 0.02077 -0.09020
v -0.02974 0.02077 -0.09020
v -0.03827 0.01799 -0.09020
v -0.03827 0.01799 -0.09020
v -0.03973 0.01351 -0.08705
v -0.03501 0.02248 -0.09020
v -0.03501 0.02248 -0.09020
v -0.03973 0.02248 -0.08705
v -0.03120 0.02526 -0.08705
v -0.02502 0.01522 -0.08195
v -0.02502 0.02077 -0.08195
v -0.03356 0.00902 -0.08195
v -0.02828 0.01073 -0.08195
v -0.04209 0.01522 -0.08195
v -0.03883 0.01073 -0.08195
v -0.03883 0.01073 -0.08195
v -0.03883 0.02526 -0.08195
v -0.04209 0.02077 -0.08195
v -0.02828 0.02526 -0.08195
v -0.03356 0.02697 -0.08195
v -0.02738 0.01351 -0.07686
v -0.03592 0.01073 -0.07686
v -0.04119 0.01799 -0.07686
v -0.03592 0.02526 -0.07686
v -0.02738 0.02248 -0.07686
v -0.03210 0.01351 -0.07371
v -0.03210 0.01351 -0.07371
v -0.02884 0.01799 -0.07371
v -0.02884 0.01799 -0.07371
v -0.03737 0.01522 -0.07371
v -0.03737 0.01522 -0.07371
v -0.03737 0.02077 -0.07371
v -0.03737 0.02077 -0.07371
v -0.03210 0.02248 -0.07371
v -0.03210 0.02248 -0.07371
v -0.02300 0.03209 -0.09307
v -0.02300 0.03209 -0.09307
v -0.02300 0.03209 -0.09307
v -0.02300 0.03209 -0.09307
v -0.02300 0.03209 -0.09307
v -0.01678 0.02757 -0.08793
v -0.02538 0.02477 -0.08793
v -0.02538 0.02477 -0.08793
v -0.03070 0.03209 -0.08793
v -0.02538 0.03942 -0.08793
v -0.01678 0.03662 -0.08793
v -0.02063 0.02477 -0.07962
v -0.02923 0.02757 -0.07962
v -0.02923 0.02757 -0.07962
v -0.02923 0.03662 -0.07962
v -0.02063 0.03942 -0.07962
v -0.01531 0.03209 -0.07962
v -0.02300 0.03209 -0.07448
v -0.02300 0.03209 -0.07448
v -0.02300 0.03209 -0.07448
v -0.02300 0.03209 -0.07448
v -0.02300 0.03209 -0.07448
v -0.02440 0.02779 -0.09168
v -0.02440 0.02779 -0.09168
v -0.01934 0.02944 -0.09168
v -0.01934 0.02944 -0.09168
v -0.02074 0.02513 -0.08866
v -0.01568 0.03209 -0.08866
v -0.01934 0.03475 -0.09168
v -0.01934 0.03475 -0.09168
v -0.02753 0.03209 -0.09168
v -0.02753 0.03209 -0.09168
v -0.02893 0.02779 -0.08866
v -0.02440 0.03640 -0.09168
v -0.02440 0.03640 -0.09168
v -0.02893 0.03640 -0.08866
v -0.02074 0.03906 -0.08866
v -0.01482 0.02944 -0.08377
v -0.01482 0.03475 -0.08377
v -0.02300 0.02349 -0.08377
v -0.01795 0.02513 -0.08377
v -0.03119 0.02944 -0.08377
v -0.02806 0.02513 -0.08377
v -0.02806 0.02513 -0.08377
v -0.02806 0.03906 -0.08377
v -0.03119 0.03475 -0.08377
v -0.01795 0.03906 -0.08377
v -0.02300 0.04070 -0.08377
v -0.01708 0.02779 -0.07889
v -0.02527 0.02513 -0.07889
v -0.03032 0.03209 -0.07889
v -0.02527 0.03906 -0.07889
v -0.01708 0.03640 -0.07889
v -0.02161 0.02779 -0.07587
v -0.02161 0.02779 -0.07587
v -0.01848 0.03209 -0.07587
v -0.01848 0.03209 -0.07587
v -0.02666 0.02944 -0.07587
v -0.02666 0.02944 -0.07587
v -0.02666 0.03475 -0.07587
v -0.02666 0.03475 -0.07587
v -0.02161 0.03640 -0.07587
v -0.02161 0.03640 -0.07587
v -0.00255 0.04360 -0.09333
v -0.00255 0.04360 -0.09333
v -0.00255 0.04360 -0.09333
v -0.00255 0.04360 -0.09333
v -0.00255 0.04360 -0.09333
v 0.00345 0.03925 -0.08838
v -0.00484 0.03655 -0.08838
v -0.00484 0.03655 -0.08838
v -0.00996 0.04360 -0.08838
v -0.00484 0.05065 -0.08838
v 0.00345 0.04796 -0.08838
v -0.00026 0.03655 -0.08037
v -0.00855 0.03925 -0.08037
v -0.00855 0.03925 -0.08037
v -0.00855 0.04796 -0.08037
v -0.00026 0.05065 -0.08037
v 0.00486 0.04360 -0.08037
v -0.00255 0.04360 -0.07543
v -0.00255 0.04360 -0.07543
v -0.00255 0.04360 -0.07543
v -0.00255 0.04360 -0.07543
v -0.00255 0.04360 -0.07543
v -0.00390 0.03946 -0.09199
v -0.00390 0.03946 -0.09199
v 0.00097 0.04104 -0.09199
v 0.00097 0.04104 -0.09199
v -0.00037 0.03690 -0.08908
v 0.00450 0.04360 -0.08908
v 0.00097 0.04616 -0.09199
v 0.00097 0.04616 -0.09199
v -0.00691 0.04360 -0.09199
v -0.00691 0.04360 -0.09199
v -0.00825 0.03946 -0.08908
v -0.00390 0.04775 -0.09199
v -0.00390 0.04775 -0.09199
v -0.00825 0.04775 -0.08908
v -0.00037 0.05031 -0.08908
v 0.00533 0.04104 -0.08438
v 0.00533 0.04616 -0.08438
v -0.00255 0.03532 -0.08438
v 0.00232 0.03690 -0.08438
v -0.01043 0.04104 -0.08438
v -0.00742 0.03690 -0.08438
v -0.00742 0.03690 -0.08438
v -0.00742 0.05031 -0.08438
v -0.01043 0.04616 -0.08438
v 0.00232 0.05031 -0.08438
v -0.00255 0.05189 -0.08438
v 0.00315 0.03946 -0.07967
v -0.00473 0.03690 -0.07967
v -0.00960 0.04360 -0.07967
v -0.00473 0.05031 -0.07967
v 0.00315 0.04775 -0.07967
v -0.00120 0.03946 -0.07676
v -0.00120 0.03946 -0.07676
v 0.00181 0.04360 -0.07676
v 0.00181 0.04360 -0.07676
v -0.00607 0.04104 -0.07676
v -0.00607 0.04104 -0.07676
v -0.00607 0.04616 -0.07676
v -0.00607 0.04616 -0.07676
v -0.00120 0.04775 -0.07676
v -0.00120 0.04775 -0.07676
v 0.01896 0.03215 -0.09626
v 0.01896 0.03215 -0.09626
v 0.01896 0.03215 -0.09626
v 0.01896 0.03215 -0.09626
v 0.01896 0.03215 -0.09626
v 0.02587 0.02713 -0.09056
v 0.01632 0.02403 -0.09056
v 0.01632 0.02403 -0.09056
v 0.01042 0.03215 -0.09056
v 0.01632 0.04027 -0.09056
v 0.02587 0.03717 -0.09056
v 0.02160 0.02403 -0.08134
v 0.01205 0.02713 -0.08134
v 0.01205 0.02713 -0.08134
v 0.01205 0.03717 -0.08134
v 0.02160 0.04027 -0.08134
v 0.02750 0.03215 -0.08134
v 0.01896 0.03215 -0.07564
v 0.01896 0.03215 -0.07564
v 0.01896 0.03215 -0.07564
v 0.01896 0.03215 -0.07564
v 0.01896 0.03215 -0.07564
v 0.01741 0.02738 -0.09472
v 0.01741 0.02738 -0.09472
v 0.02302 0.02920 -0.09472
v 0.02302 0.02920 -0.09472
v 0.02147 0.02443 -0.09137
v 0.02708 0.03215 -0.09137
v 0.02302 0.03510 -0.09472
v 0.02302 0.03510 -0.09472
v 0.01394 0.03215 -0.09472
v 0.01394 0.03215 -0.09472
v 0.01239 0.02738 -0.09137
v 0.01741 0.03693 -0.09472
v 0.01741 0.03693 -0.09472
v 0.01239 0.03693 -0.09137
v 0.02147 0.03988 -0.09137
v 0.02804 0.02920 -0.08595
v 0.02804 0.03510 -0.08595
v 0.01896 0.02261 -0.08595
v 0.02457 0.02443 -0.08595
v 0.00988 0.02920 -0.08595
v 0.01335 0.02443 -0.08595
v 0.01335 0.02443 -0.08595
v 0.01335 0.03988 -0.08595
v 0.00988 0.03510 -0.08595
v 0.02457 0.03988 -0.08595
v 0.01896 0.04170 -0.08595
v 0.02553 0.02738 -0.08053
v 0.01645 0.02443 -0.08053
v 0.01084 0.03215 -0.08053
v 0.01645 0.03988 -0.08053
v 0.02553 0.03693 -0.08053
v 0.02051 0.02738 -0.07718
v 0.02051 0.02738 -0.07718
v 0.02398 0.03215 -0.07718
v 0.02398 0.03215 -0.07718
v 0.01490 0.02920 -0.07718
v 0.01490 0.02920 -0.07718
v 0.01490 0.03510 -0.07718
v 0.01490 0.03510 -0.07718
v 0.02051 0.03693 -0.07718
v 0.02051 0.03693 -0.07718
v 0.03327 0.01946 -0.09233
v 0.03327 0.01946 -0.09233
v 0.03327 0.01946 -0.09233
v 0.03327 0.01946 -0.09233
v 0.03327 0.01946 -0.09233
v 0.03960 0.01486 -0.08712
v 0.03086 0.01202 -0.08712
v 0.03086 0.01202 -0.08712
v 0.02546 0.01946 -0.08712
v 0.03086 0.02689 -0.08712
v 0.03960 0.02405 -0.08712
v 0.03569 0.01202 -0.07867
v 0.02695 0.01486 -0.07867
v 0.02695 0.01486 -0.07867
v 0.02695 0.02405 -0.07867
v 0.03569 0.02689 -0.07867
v 0.04109 0.01946 -0.07867
v 0.03327 0.01946 -0.07345
v 0.03327 0.01946 -0.07345
v 0.03327 0.01946 -0.07345
v 0.03327 0.01946 -0.07345
v 0.03327 0.01946 -0.07345
v 0.03185 0.01509 -0.09092
v 0.03185 0.01509 -0.09092
v 0.03699 0.01676 -0.09092
v 0.03699 0.01676 -0.09092
v 0.03557 0.01239 -0.08786
v 0.04071 0.01946 -0.08786
v 0.03699 0.02216 -0.09092
v 0.03699 0.02216 -0.09092
v 0.02868 0.01946 -0.09092
v 0.02868 0.01946 -0.09092
v 0.02726 0.01509 -0.08786
v 0.03185 0.02383 -0.09092
v 0.03185 0.02383 -0.09092
v 0.02726 0.02383 -0.08786
v 0.03557 0.02653 -0.08786
v 0.04159 0.01676 -0.08289
v 0.04159 0.02216 -0.08289
v 0.03327 0.01072 -0.08289
v 0.03841 0.01239 -0.08289
v 0.02496 0.01676 -0.08289
v 0.02814 0.01239 -0.08289
v 0.02814 0.01239 -0.08289
v 0.02814 0.02653 -0.08289
v 0.02496 0.02216 -0.08289
v 0.03841 0.02653 -0.08289
v 0.03327 0.02820 -0.08289
v 0.03929 0.01509 -0.07793
v 0.03098 0.01239 -0.07793
v 0.02584 0.01946 -0.07793
v 0.03098 0.02653 -0.07793
v 0.03929 0.02383 -0.07793
v 0.03469 0.01509 -0.07486
v 0.03469 0.01509 -0.07486
v 0.03787 0.01946 -0.07486
v 0.03787 0.01946 -0.07486
v 0.02956 0.01676 -0.07486
v 0.02956 0.01676 -0.07486
v 0.02956 0.02216 -0.07486
v 0.02956 0.02216 -0.07486
v 0.03469 0.02383 -0.07486
v 0.03469 0.02383 -0.07486
v 0.04162 0.00415 -0.08899
v 0.04162 0.00415 -0.08899
v 0.04162 0.00415 -0.08899
v 0.04162 0.00415 -0.08899
v 0.04162 0.00415 -0.08899
v 0.04774 -0.00030 -0.08395
v 0.03929 -0.00304 -0.08395
v 0.03929 -0.00304 -0.08395
v 0.03407 0.00415 -0.08395
v 0.03929 0.01133 -0.08395
v 0.04774 0.00859 -0.08395
v 0.04396 -0.00304 -0.07579
v 0.03551 -0.00030 -0.07579
v 0.03551 -0.00030 -0.07579
v 0.03551 0.00859 -0.07579
v 0.04396 0.01133 -0.07579
v 0.04918 0.00415 -0.07579
v 0.04162 0.00415 -0.07075
v 0.04162 0.00415 -0.07075
v 0.04162 0.00415 -0.07075
v 0.04162 0.00415 -0.07075
v 0.04162 0.00415 -0.07075
v 0.04025 -0.00008 -0.08763
v 0.04025 -0.00008 -0.08763
v 0.04522 0.00154 -0.08763
v 0.04522 0.00154 -0.08763
v 0.04384 -0.00269 -0.08467
v 0.04881 0.00415 -0.08467
v 0.04522 0.00676 -0.08763
v 0.04522 0.00676 -0.08763
v 0.03718 0.00415 -0.08763
v 0.03718 0.00415 -0.08763
v 0.03581 -0.00008 -0.08467
v 0.04025 0.00837 -0.08763
v 0.04025 0.00837 -0.08763
v 0.03581 0.00837 -0.08467
v 0.04384 0.01098 -0.08467
v 0.04966 0.00154 -0.07987
v 0.04966 0.00676 -0.07987
v 0.04162 -0.00430 -0.07987
v 0.04659 -0.00269 -0.07987
v 0.03359 0.00154 -0.07987
v 0.03666 -0.00269 -0.07987
v 0.03666 -0.00269 -0.07987
v 0.03666 0.01098 -0.07987
v 0.03359 0.00676 -0.07987
v 0.04659 0.01098 -0.07987
v 0.04162 0.01259 -0.07987
v 0.04744 -0.00008 -0.07507
v 0.03940 -0.00269 -0.07507
v 0.03444 0.00415 -0.07507
v 0.03940 0.01098 -0.07507
v 0.04744 0.00837 -0.07507
v 0.04300 -0.00008 -0.07211
v 0.04300 -0.00008 -0.07211
v 0.04607 0.00415 -0.07211
v 0.04607 0.00415 -0.07211
v 0.03803 0.00154 -0.07211
v 0.03803 0.00154 -0.07211
v 0.03803 0.00676 -0.07211
v 0.03803 0.00676 -0.07211
v 0.04300 0.00837 -0.07211
v 0.04300 0.00837 -0.07211
v 0.03818 -0.01585 -0.09238
v 0.03818 -0.01585 -0.09238
v 0.03818 -0.01585 -0.09238
v 0.03818 -0.01585 -0.09238
v 0.03818 -0.01585 -0.09238
v 0.04425 -0.02026 -0.08738
v 0.03586 -0.02298 -0.08738
v 0.03586 -0.02298 -0.08738
v 0.03068 -0.01585 -0.08738
v 0.03586 -0.00871 -0.08738
v 0.04425 -0.01144 -0.08738
v 0.04050 -0.02298 -0.07927
v 0.03211 -0.02026 -0.07927
v 0.03211 -0.02026 -0.07927
v 0.03211 -0.01144 -0.07927
v 0.04050 -0.00871 -0.07927
v 0.04568 -0.01585 -0.07927
v 0.03818 -0.01585 -0.07427
v 0.03818 -0.01585 -0.07427
v 0.03818 -0.01585 -0.07427
v 0.03818 -0.01585 -0.07427
v 0.03818 -0.01585 -0.07427
v 0.03682 -0.02004 -0.09103
v 0.03682 -0.02004 -0.09103
v 0.04175 -0.01844 -0.09103
v 0.04175 -0.01844 -0.09103
v 0.04039 -0.02263 -0.08809
v 0.04532 -0.01585 -0.08809
v 0.04175 -0.01325 -0.09103
v 0.04175 -0.01325 -0.09103
v 0.03377 -0.01585 -0.09103
v 0.03377 -0.01585 -0.09103
v 0.03241 -0.02004 -0.08809
v 0.03682 -0.01165 -0.09103
v 0.03682 -0.01165 -0.09103
v 0.03241 -0.01165 -0.08809
v 0.04039 -0.00906 -0.08809
v 0.04616 -0.01844 -0.08333
v 0.04616 -0.01325 -0.08333
v 0.03818 -0.02423 -0.08333
v 0.04311 -0.02263 -0.08333
v 0.03020 -0.01844 -0.08333
v 0.03325 -0.02263 -0.08333
v 0.03325 -0.02263 -0.08333
v 0.03325 -0.00906 -0.08333
v 0.03020 -0.01325 -0.08333
v 0.04311 -0.00906 -0.08333
v 0.03818 -0.00746 -0.08333
v 0.04395 -0.02004 -0.07856
v 0.03598 -0.02263 -0.07856
v 0.03105 -0.01585 -0.07856
v 0.03598 -0.00906 -0.07856
v 0.04395 -0.01165 -0.07856
v 0.03954 -0.02004 -0.07562
v 0.03954 -0.02004 -0.07562
v 0.04259 -0.01585 -0.07562
v 0.04259 -0.01585 -0.07562
v 0.03461 -0.01844 -0.07562
v 0.03461 -0.01844 -0.07562
v 0.03461 -0.01325 -0.07562
v 0.03461 -0.01325 -0.07562
v 0.03954 -0.01165 -0.07562
v 0.03954 -0.01165 -0.07562
v 0.02138 -0.03342 -0.08808
v 0.02138 -0.03342 -0.08808
v 0.02138 -0.03342 -0.08808
v 0.02138 -0.03342 -0.08808
v 0.02138 -0.03342 -0.08808
v 0.02780 -0.03809 -0.08278
v 0.01893 -0.04097 -0.08278
v 0.01893 -0.04097 -0.08278
v 0.01344 -0.03342 -0.08278
v 0.01893 -0.02587 -0.08278
v 0.02780 -0.02875 -0.08278
v 0.02383 -0.04097 -0.07421
v 0.01496 -0.03809 -0.07421
v 0.01496 -0.03809 -0.07421
v 0.01496 -0.02875 -0.07421
v 0.02383 -0.02587 -0.07421
v 0.02932 -0.03342 -0.07421
v 0.02138 -0.03342 -0.06891
v 0.02138 -0.03342 -0.06891
v 0.02138 -0.03342 -0.06891
v 0.02138 -0.03342 -0.06891
v 0.02138 -0.03342 -0.06891
v 0.01994 -0.03786 -0.08665
v 0.01994 -0.03786 -0.08665
v 0.02515 -0.03616 -0.08665
v 0.02515 -0.03616 -0.08665
v 0.02371 -0.04060 -0.08354
v 0.02893 -0.03342 -0.08354
v 0.02515 -0.03068 -0.08665
v 0.02515 -0.03068 -0.08665
v 0.01671 -0.03342 -0.08665
v 0.01671 -0.03342 -0.08665
v 0.01527 -0.03786 -0.08354
v 0.01994 -0.02898 -0.08665
v 0.01994 -0.02898 -0.08665
v 0.01527 -0.02898 -0.08354
v 0.02371 -0.02624 -0.08354
v 0.02982 -0.03616 -0.07850
v 0.02982 -0.03068 -0.07850
v 0.02138 -0.04229 -0.07850
v 0.02659 -0.04060 -0.07850
v 0.01294 -0.03616 -0.07850
v 0.01616 -0.04060 -0.07850
v 0.01616 -0.04060 -0.07850
v 0.01616 -0.02624 -0.07850
v 0.01294 -0.03068 -0.07850
v 0.02659 -0.02624 -0.07850
v 0.02138 -0.02454 -0.07850
v 0.02749 -0.03786 -0.07346
v 0.01905 -0.04060 -0.07346
v 0.01383 -0.03342 -0.07346
v 0.01905 -0.02624 -0.07346
v 0.02749 -0.02898 -0.07346
v 0.02282 -0.03786 -0.07034
v 0.02282 -0.03786 -0.07034
v 0.02604 -0.03342 -0.07034
v 0.02604 -0.03342 -0.07034
v 0.01760 -0.03616 -0.07034
v 0.01760 -0.03616 -0.07034
v 0.01760 -0.03068 -0.07034
v 0.01760 -0.03068 -0.07034
v 0.02282 -0.02898 -0.07034
v 0.02282 -0.02898 -0.07034
v 0.01406 -0.03779 -0.09295
v 0.01406 -0.03779 -0.09295
v 0.01406 -0.03779 -0.09295
v 0.01406 -0.03779 -0.09295
v 0.01406 -0.03779 -0.09295
v 0.02064 -0.04257 -0.08752
v 0.01155 -0.04552 -0.08752
v 0.01155 -0.04552 -0.08752
v 0.00593 -0.03779 -0.08752
v 0.01155 -0.03006 -0.08752
v 0.02064 -0.03301 -0.08752
v 0.01657 -0.04552 -0.07874
v 0.00749 -0.04257 -0.07874
v 0.00749 -0.04257 -0.07874
v 0.00749 -0.03301 -0.07874
v 0.01657 -0.03006 -0.07874
v 0.02219 -0.03779 -0.07874
v 0.01406 -0.03779 -0.07332
v 0.01406 -0.03779 -0.07332
v 0.01406 -0.03779 -0.07332
v 0.01406 -0.03779 -0.07332
v 0.01406 -0.03779 -0.07332
v 0.01259 -0.04233 -0.09148
v 0.01259 -0.04233 -0.09148
v 0.01793 -0.04060 -0.09148
v 0.01793 -0.04060 -0.09148
v 0.01645 -0.04514 -0.08829
v 0.02179 -0.03779 -0.08829
v 0.01793 -0.03498 -0.09148
v 0.01793 -0.03498 -0.09148
v 0.00928 -0.03779 -0.09148
v 0.00928 -0.03779 -0.09148
v 0.00781 -0.04233 -0.08829
v 0.01259 -0.03325 -0.09148
v 0.01259 -0.03325 -0.09148
v 0.00781 -0.03325 -0.08829
v 0.01645 -0.03044 -0.08829
v 0.02271 -0.04060 -0.08313
v 0.02271 -0.03498 -0.08313
v 0.01406 -0.04688 -0.08313
v 0.01940 -0.04514 -0.08313
v 0.00542 -0.04060 -0.08313
v 0.00872 -0.04514 -0.08313
v 0.00872 -0.04514 -0.08313
v 0.00872 -0.03044 -0.08313
v 0.00542 -0.03498 -0.08313
v 0.01940 -0.03044 -0.08313
v 0.01406 -0.02870 -0.08313
v 0.02032 -0.04233 -0.07797
v 0.01167 -0.04514 -0.07797
v 0.00633 -0.03779 -0.07797
v 0.01167 -0.03044 -0.07797
v 0.02032 -0.03325 -0.07797
v 0.01554 -0.04233 -0.07478
v 0.01554 -0.04233 -0.07478
v 0.01884 -0.03779 -0.07478
v 0.01884 -0.03779 -0.07478
v 0.01020 -0.04060 -0.07478
v 0.01020 -0.04060 -0.07478
v 0.01020 -0.03498 -0.07478
v 0.01020 -0.03498 -0.07478
v 0.01554 -0.03325 -0.07478
v 0.01554 -0.03325 -0.07478
v -0.00240 -0.03344 -0.09015
v -0.00240 -0.03344 -0.09015
v -0.00240 -0.03344 -0.09015
v -0.00240 -0.03344 -0.09015
v -0.00240 -0.03344 -0.09015
v 0.00362 -0.03781 -0.08518
v -0.00470 -0.04052 -0.08518
v -0.00470 -0.04052 -0.08518
v -0.00985 -0.03344 -0.08518
v -0.00470 -0.02636 -0.08518
v 0.00362 -0.02906 -0.08518
v -0.00010 -0.04052 -0.07714
v -0.00842 -0.03781 -0.07714
v -0.00842 -0.03781 -0.07714
v -0.00842 -0.02906 -0.07714
v -0.00010 -0.02636 -0.07714
v 0.00505 -0.03344 -0.07714
v -0.00240 -0.03344 -0.07217
v -0.00240 -0.03344 -0.07217
v -0.00240 -0.03344 -0.07217
v -0.00240 -0.03344 -0.07217
v -0.00240 -0.03344 -0.07217
v -0.00375 -0.03760 -0.08881
v -0.00375 -0.03760 -0.08881
v 0.00114 -0.03601 -0.08881
v 0.00114 -0.03601 -0.08881
v -0.00021 -0.04017 -0.08589
v 0.00468 -0.03344 -0.08589
v 0.00114 -0.03086 -0.08881
v 0.00114 -0.03086 -0.08881
v -0.00678 -0.03344 -0.08881
v -0.00678 -0.03344 -0.08881
v -0.00813 -0.03760 -0.08589
v -0.00375 -0.02928 -0.08881
v -0.00375 -0.02928 -0.08881
v -0.00813 -0.02928 -0.08589
v -0.00021 -0.02670 -0.08589
v 0.00552 -0.03601 -0.08116
v 0.00552 -0.03086 -0.08116
v -0.00240 -0.04176 -0.08116
v 0.00249 -0.04017 -0.08116
v -0.01032 -0.03601 -0.08116
v -0.00729 -0.04017 -0.08116
v -0.00729 -0.04017 -0.08116
v -0.00729 -0.02670 -0.08116
v -0.01032 -0.03086 -0.08116
v 0.00249 -0.02670 -0.08116
v -0.00240 -0.02511 -0.08116
v 0.00333 -0.03760 -0.07644
v -0.00459 -0.04017 -0.07644
v -0.00948 -0.03344 -0.07644
v -0.00459 -0.02670 -0.07644
v 0.00333 -0.02928 -0.07644
v -0.00105 -0.03760 -0.07352
v -0.00105 -0.03760 -0.07352
v 0.00198 -0.03344 -0.07352
v 0.00198 -0.03344 -0.07352
v -0.00594 -0.03601 -0.07352
v -0.00594 -0.03601 -0.07352
v -0.00594 -0.03086 -0.07352
v -0.00594 -0.03086 -0.07352
v -0.00105 -0.02928 -0.07352
v -0.00105 -0.02928 -0.07352
v -0.02469 -0.03596 -0.09158
v -0.02469 -0.03596 -0.09158
v -0.02469 -0.03596 -0.09158
v -0.02469 -0.03596 -0.09158
v -0.02469 -0.03596 -0.09158
v -0.01818 -0.04069 -0.08621
v -0.02718 -0.04362 -0.08621
v -0.02718 -0.04362 -0.08621
v -0.03274 -0.03596 -0.08621
v -0.02718 -0.02831 -0.08621
v -0.01818 -0.03123 -0.08621
v -0.02220 -0.04362 -0.07751
v -0.03120 -0.04069 -0.07751
v -0.03120 -0.04069 -0.07751
v -0.03120 -0.03123 -0.07751
v -0.02220 -0.02831 -0.07751
v -0.01664 -0.03596 -0.07751
v -0.02469 -0.03596 -0.07214
v -0.02469 -0.03596 -0.07214
v -0.02469 -0.03596 -0.07214
v -0.02469 -0.03596 -0.07214
v -0.02469 -0.03596 -0.07214
v -0.02615 -0.04046 -0.09013
v -0.02615 -0.04046 -0.09013
v -0.02086 -0.03874 -0.09013
v -0.02086 -0.03874 -0.09013
v -0.02233 -0.04324 -0.08697
v -0.01704 -0.03596 -0.08697
v -0.02086 -0.03318 -0.09013
v -0.02086 -0.03318 -0.09013
v -0.02942 -0.03596 -0.09013
v -0.02942 -0.03596 -0.09013
v -0.03088 -0.04046 -0.08697
v -0.02615 -0.03146 -0.09013
v -0.02615 -0.03146 -0.09013
v -0.03088 -0.03146 -0.08697
v -0.02233 -0.02868 -0.08697
v -0.01613 -0.03874 -0.08186
v -0.01613 -0.03318 -0.08186
v -0.02469 -0.04496 -0.08186
v -0.01940 -0.04324 -0.08186
v -0.03325 -0.03874 -0.08186
v -0.02998 -0.04324 -0.08186
v -0.02998 -0.04324 -0.08186
v -0.02998 -0.02868 -0.08186
v -0.03325 -0.03318 -0.08186
v -0.01940 -0.02868 -0.08186
v -0.02469 -0.02697 -0.08186
v -0.01850 -0.04046 -0.07675
v -0.02706 -0.04324 -0.07675
v -0.03234 -0.03596 -0.07675
v -0.02706 -0.02868 -0.07675
v -0.01850 -0.03146 -0.07675
v -0.02323 -0.04046 -0.07359
v -0.02323 -0.04046 -0.07359
v -0.01996 -0.03596 -0.07359
v -0.01996 -0.03596 -0.07359
v -0.02852 -0.03874 -0.07359
v -0.02852 -0.03874 -0.07359
v -0.02852 -0.03318 -0.07359
v -0.02852 -0.03318 -0.07359
v -0.02323 -0.03146 -0.07359
v -0.02323 -0.03146 -0.07359
v -0.03557 -0.01765 -0.09210
v -0.03557 -0.01765 -0.09210
v -0.03557 -0.01765 -0.09210
v -0.03557 -0.01765 -0.09210
v -0.03557 -0.01765 -0.09210
v -0.02893 -0.02247 -0.08663
v -0.03811 -0.02546 -0.08663
v -0.03811 -0.02546 -0.08663
v -0.04378 -0.01765 -0.08663
v -0.03811 -0.00985 -0.08663
v -0.02893 -0.01283 -0.08663
v -0.03304 -0.02546 -0.07776
v -0.04221 -0.02247 -0.07776
v -0.04221 -0.02247 -0.07776
v -0.04221 -0.01283 -0.07776
v -0.03304 -0.00985 -0.07776
v -0.02737 -0.01765 -0.07776
v -0.03557 -0.01765 -0.07229
v -0.03557 -0.01765 -0.07229
v -0.03557 -0.01765 -0.07229
v -0.03557 -0.01765 -0.07229
v -0.03557 -0.01765 -0.07229
v -0.03706 -0.02224 -0.09062
v -0.03706 -0.02224 -0.09062
v -0.03167 -0.02049 -0.09062
v -0.03167 -0.02049 -0.09062
v -0.03316 -0.02507 -0.08741
v -0.02777 -0.01765 -0.08741
v -0.03167 -0.01482 -0.09062
v -0.03167 -0.01482 -0.09062
v -0.04040 -0.01765 -0.09062
v -0.04040 -0.01765 -0.09062
v -0.04189 -0.02224 -0.08741
v -0.03706 -0.01306 -0.09062
v -0.03706 -0.01306 -0.09062
v -0.04189 -0.01306 -0.08741
v -0.03316 -0.01023 -0.08741
v -0.02685 -0.02049 -0.08220
v -0.02685 -0.01482 -0.08220
v -0.03557 -0.02683 -0.08220
v -0.03018 -0.02507 -0.08220
v -0.04430 -0.02049 -0.08220
v -0.04097 -0.02507 -0.08220
v -0.04097 -0.02507 -0.08220
v -0.04097 -0.01023 -0.08220
v -0.04430 -0.01482 -0.08220
v -0.03018 -0.01023 -0.08220
v -0.03557 -0.00848 -0.08220
v -0.02926 -0.02224 -0.07699
v -0.03798 -0.02507 -0.07699
v -0.04338 -0.01765 -0.07699
v -0.03798 -0.01023 -0.07699
v -0.02926 -0.01306 -0.07699
v -0.03408 -0.02224 -0.07377
v -0.03408 -0.02224 -0.07377
v -0.03075 -0.01765 -0.07377
v -0.03075 -0.01765 -0.07377
v -0.03948 -0.02049 -0.07377
v -0.03948 -0.02049 -0.07377
v -0.03948 -0.01482 -0.07377
v -0.03948 -0.01482 -0.07377
v -0.03408 -0.01306 -0.07377
v -0.03408 -0.01306 -0.07377
v -0.04203 -0.00246 -0.09108
v -0.04203 -0.00246 -0.09108
v -0.04203 -0.00246 -0.09108
v -0.04203 -0.00246 -0.09108
v -0.04203 -0.00246 -0.09108
v -0.03535 -0.00732 -0.08556
v -0.04459 -0.01032 -0.08556
v -0.04459 -0.01032 -0.08556
v -0.05030 -0.00246 -0.08556
v -0.04459 0.00541 -0.08556
v -0.03535 0.00240 -0.08556
v -0.03948 -0.01032 -0.07663
v -0.04872 -0.00732 -0.07663
v -0.04872 -0.00732 -0.07663
v -0.04872 0.00240 -0.07663
v -0.03948 0.00541 -0.07663
v -0.03377 -0.00246 -0.07663
v -0.04203 -0.00246 -0.07111
v -0.04203 -0.00246 -0.07111
v -0.04203 -0.00246 -0.07111
v -0.04203 -0.00246 -0.07111
v -0.04203 -0.00246 -0.07111
v -0.04354 -0.00708 -0.08959
v -0.04354 -0.00708 -0.08959
v -0.03810 -0.00531 -0.08959
v -0.03810 -0.00531 -0.08959
v -0.03960 -0.00993 -0.08634
v -0.03417 -0.00246 -0.08634
v -0.03810 0.00040 -0.08959
v -0.03810 0.00040 -0.08959
v -0.04689 -0.00246 -0.08959
v -0.04689 -0.00246 -0.08959
v -0.04839 -0.00708 -0.08634
v -0.04354 0.00216 -0.08959
v -0.04354 0.00216 -0.08959
v -0.04839 0.00216 -0.08634
v -0.03960 0.00502 -0.08634
v -0.03324 -0.00531 -0.08110
v -0.03324 0.00040 -0.08110
v -0.04203 -0.01170 -0.08110
v -0.03660 -0.00993 -0.08110
v -0.05082 -0.00531 -0.08110
v -0.04747 -0.00993 -0.08110
v -0.04747 -0.00993 -0.08110
v -0.04747 0.00502 -0.08110
v -0.05082 0.00040 -0.08110
v -0.03660 0.00502 -0.08110
v -0.04203 0.00679 -0.08110
v -0.03567 -0.00708 -0.07585
v -0.04446 -0.00993 -0.07585
v -0.04990 -0.00246 -0.07585
v -0.04446 0.00502 -0.07585
v -0.03567 0.00216 -0.07585
v -0.04053 -0.00708 -0.07260
v -0.04053 -0.00708 -0.07260
v -0.03717 -0.00246 -0.07260
v -0.03717 -0.00246 -0.07260
v -0.04596 -0.00531 -0.07260
v -0.04596 -0.00531 -0.07260
v -0.04596 0.00040 -0.07260
v -0.04596 0.00040 -0.07260
v -0.04053 0.00216 -0.07260
v -0.04053 0.00216 -0.07260
v -0.04249 0.00859 -0.10556
v -0.04249 0.00859 -0.10556
v -0.04249 0.00859 -0.10556
v -0.04249 0.00859 -0.10556
v -0.04249 0.00859 -0.10556
v -0.03592 0.00382 -0.10014
v -0.04500 0.00087 -0.10014
v -0.04500 0.00087 -0.10014
v -0.05061 0.00859 -0.10014
v -0.04500 0.01632 -0.10014
v -0.03592 0.01337 -0.10014
v -0.03998 0.00087 -0.09137
v -0.04906 0.00382 -0.09137
v -0.04906 0.00382 -0.09137
v -0.04906 0.01337 -0.09137
v -0.03998 0.01632 -0.09137
v -0.03437 0.00859 -0.09137
v -0.04249 0.00859 -0.08595
v -0.04249 0.00859 -0.08595
v -0.04249 0.00859 -0.08595
v -0.04249 0.00859 -0.08595
v -0.04249 0.00859 -0.08595
v -0.04396 0.00405 -0.10410
v -0.04396 0.00405 -0.10410
v -0.03863 0.00579 -0.10410
v -0.03863 0.00579 -0.10410
v -0.04010 0.00125 -0.10091
v -0.03477 0.00859 -0.10091
v -0.03863 0.01140 -0.10410
v -0.03863 0.01140 -0.10410
v -0.04726 0.00859 -0.10410
v -0.04726 0.00859 -0.10410
v -0.04874 0.00405 -0.10091
v -0.04396 0.01313 -0.10410
v -0.04396 0.01313 -0.10410
v -0.04874 0.01313 -0.10091
v -0.04010 0.01594 -0.10091
v -0.03386 0.00579 -0.09576
v -0.03386 0.01140 -0.09576
v -0.04249 -0.00048 -0.09576
v -0.03715 0.00125 -0.09576
v -0.05112 0.00579 -0.09576
v -0.04782 0.00125 -0.09576
v -0.04782 0.00125 -0.09576
v -0.04782 0.01594 -0.09576
v -0.05112 0.01140 -0.09576
v -0.03715 0.01594 -0.09576
v -0.04249 0.01767 -0.09576
v -0.03624 0.00405 -0.09060
v -0.04487 0.00125 -0.09060
v -0.05021 0.00859 -0.09060
v -0.04487 0.01594 -0.09060
v -0.03624 0.01313 -0.09060
v -0.04101 0.00405 -0.08742
v -0.04101 0.00405 -0.08742
v -0.03772 0.00859 -0.08742
v -0.03772 0.00859 -0.08742
v -0.04635 0.00579 -0.08742
v -0.04635 0.00579 -0.08742
v -0.04635 0.01140 -0.08742
v -0.04635 0.01140 -0.08742
v -0.04101 0.01313 -0.08742
v -0.04101 0.01313 -0.08742
v -0.02510 0.02419 -0.10533
v -0.02510 0.02419 -0.10533
v -0.02510 0.02419 -0.10533
v -0.02510 0.02419 -0.10533
v -0.02510 0.02419 -0.10533
v -0.01865 0.01950 -0.10000
v -0.02756 0.01660 -0.10000
v -0.02756 0.01660 -0.10000
v -0.03307 0.02419 -0.10000
v -0.02756 0.03177 -0.10000
v -0.01865 0.02888 -0.10000
v -0.02263 0.01660 -0.09139
v -0.03155 0.01950 -0.09139
v -0.03155 0.01950 -0.09139
v -0.03155 0.02888 -0.09139
v -0.02263 0.03177 -0.09139
v -0.01712 0.02419 -0.09139
v -0.02510 0.02419 -0.08607
v -0.02510 0.02419 -0.08607
v -0.02510 0.02419 -0.08607
v -0.02510 0.02419 -0.08607
v -0.02510 0.02419 -0.08607
v -0.02655 0.01973 -0.10389
v -0.02655 0.01973 -0.10389
v -0.02131 0.02143 -0.10389
v -0.02131 0.02143 -0.10389
v -0.02275 0.01698 -0.10076
v -0.01751 0.02419 -0.10076
v -0.02131 0.02694 -0.10389
v -0.02131 0.02694 -0.10389
v -0.02979 0.02419 -0.10389
v -0.02979 0.02419 -0.10389
v -0.03123 0.01973 -0.10076
v -0.02655 0.02865 -0.10389
v -0.02655 0.02865 -0.10389
v -0.03123 0.02865 -0.10076
v -0.02275 0.03140 -0.10076
v -0.01662 0.02143 -0.09570
v -0.01662 0.02694 -0.09570
v -0.02510 0.01527 -0.09570
v -0.01986 0.01697 -0.09570
v -0.03358 0.02143 -0.09570
v -0.03034 0.01697 -0.09570
v -0.03034 0.01697 -0.09570
v -0.03034 0.03140 -0.09570
v -0.03358 0.02694 -0.09570
v -0.01986 0.03140 -0.09570
v -0.02510 0.03310 -0.09570
v -0.01896 0.01973 -0.09063
v -0.02744 0.01698 -0.09063
v -0.03268 0.02419 -0.09063
v -0.02744 0.03140 -0.09063
v -0.01896 0.02865 -0.09063
v -0.02365 0.01973 -0.08751
v -0.02365 0.01973 -0.08751
v -0.02041 0.02419 -0.08751
v -0.02041 0.02419 -0.08751
v -0.02889 0.02143 -0.08751
v -0.02889 0.02143 -0.08751
v -0.02889 0.02694 -0.08751
v -0.02889 0.02694 -0.08751
v -0.02365 0.02865 -0.08751
v -0.02365 0.02865 -0.08751
v -0.01824 0.02976 -0.10966
v -0.01824 0.02976 -0.10966
v -0.01824 0.02976 -0.10966
v -0.01824 0.02976 -0.10966
v -0.01824 0.02976 -0.10966
v -0.01212 0.02531 -0.10461
v -0.02058 0.02256 -0.10461
v -0.02058 0.02256 -0.10461
v -0.02581 0.02976 -0.10461
v -0.02058 0.03696 -0.10461
v -0.01212 0.03421 -0.10461
v -0.01590 0.02256 -0.09644
v -0.02437 0.02531 -0.09644
v -0.02437 0.02531 -0.09644
v -0.02437 0.03421 -0.09644
v -0.01590 0.03696 -0.09644
v -0.01067 0.02976 -0.09644
v -0.01824 0.02976 -0.09138
v -0.01824 0.02976 -0.09138
v -0.01824 0.02976 -0.09138
v -0.01824 0.02976 -0.09138
v -0.01824 0.02976 -0.09138
v -0.01962 0.02552 -0.10830
v -0.01962 0.02552 -0.10830
v -0.01464 0.02714 -0.10830
v -0.01464 0.02714 -0.10830
v -0.01602 0.02291 -0.10533
v -0.01104 0.02976 -0.10533
v -0.01464 0.03237 -0.10830
v -0.01464 0.03237 -0.10830
v -0.02269 0.02976 -0.10830
v -0.02269 0.02976 -0.10830
v -0.02407 0.02552 -0.10533
v -0.01962 0.03399 -0.10830
v -0.01962 0.03399 -0.10830
v -0.02407 0.03399 -0.10533
v -0.01602 0.03660 -0.10533
v -0.01019 0.02714 -0.10052
v -0.01019 0.03237 -0.10052
v -0.01824 0.02129 -0.10052
v -0.01327 0.02291 -0.10052
v -0.02629 0.02714 -0.10052
v -0.02322 0.02291 -0.10052
v -0.02322 0.02291 -0.10052
v -0.02322 0.03660 -0.10052
v -0.02629 0.03237 -0.10052
v -0.01327 0.03660 -0.10052
v -0.01824 0.03822 -0.10052
v -0.01242 0.02552 -0.09572
v -0.02047 0.02291 -0.09572
v -0.02544 0.02976 -0.09572
v -0.02047 0.03660 -0.09572
v -0.01242 0.03399 -0.09572
v -0.01687 0.02552 -0.09275
v -0.01687 0.02552 -0.09275
v -0.01379 0.02976 -0.09275
v -0.01379 0.02976 -0.09275
v -0.02184 0.02714 -0.09275
v -0.02184 0.02714 -0.09275
v -0.02184 0.03237 -0.09275
v -0.02184 0.03237 -0.09275
v -0.01687 0.03399 -0.09275
v -0.01687 0.03399 -0.09275
v -0.00226 0.03723 -0.10377
v -0.00226 0.03723 -0.10377
v -0.00226 0.03723 -0.10377
v -0.00226 0.03723 -0.10377
v -0.00226 0.03723 -0.10377
v 0.00341 0.03310 -0.09909
v -0.00443 0.03056 -0.09909
v -0.00443 0.03056 -0.09909
v -0.00928 0.03723 -0.09909
v -0.00443 0.04390 -0.09909
v 0.00341 0.04135 -0.09909
v -0.00010 0.03056 -0.09152
v -0.00794 0.03310 -0.09152
v -0.00794 0.03310 -0.09152
v -0.00794 0.04135 -0.09152
v -0.00010 0.04390 -0.09152
v 0.00475 0.03723 -0.09152
v -0.00226 0.03723 -0.08684
v -0.00226 0.03723 -0.08684
v -0.00226 0.03723 -0.08684
v -0.00226 0.03723 -0.08684
v -0.00226 0.03723 -0.08684
v -0.00354 0.03331 -0.10251
v -0.00354 0.03331 -0.10251
v 0.00107 0.03480 -0.10251
v 0.00107 0.03480 -0.10251
v -0.00020 0.03088 -0.09976
v 0.00441 0.03723 -0.09976
v 0.00107 0.03965 -0.10251
v 0.00107 0.03965 -0.10251
v -0.00638 0.03723 -0.10251
v -0.00638 0.03723 -0.10251
v -0.00766 0.03331 -0.09976
v -0.00354 0.04115 -0.10251
v -0.00354 0.04115 -0.10251
v -0.00766 0.04115 -0.09976
v -0.00020 0.04357 -0.09976
v 0.00519 0.03480 -0.09531
v 0.00519 0.03965 -0.09531
v -0.00226 0.02939 -0.09531
v 0.00235 0.03088 -0.09531
v -0.00972 0.03480 -0.09531
v -0.00687 0.03088 -0.09531
v -0.00687 0.03088 -0.09531
v -0.00687 0.04357 -0.09531
v -0.00972 0.03965 -0.09531
v 0.00235 0.04357 -0.09531
v -0.00226 0.04507 -0.09531
v 0.00313 0.03331 -0.09085
v -0.00432 0.03088 -0.09085
v -0.00893 0.03723 -0.09085
v -0.00432 0.04357 -0.09085
v 0.00313 0.04115 -0.09085
v -0.00099 0.03331 -0.08810
v -0.00099 0.03331 -0.08810
v 0.00186 0.03723 -0.08810
v 0.00186 0.03723 -0.08810
v -0.00560 0.03480 -0.08810
v -0.00560 0.03480 -0.08810
v -0.00560 0.03965 -0.08810
v -0.00560 0.03965 -0.08810
v -0.00099 0.04115 -0.08810
v -0.00099 0.04115 -0.08810
v 0.02239 0.03063 -0.10612
v 0.02239 0.03063 -0.10612
v 0.02239 0.03063 -0.10612
v 0.02239 0.03063 -0.10612
v 0.02239 0.03063 -0.10612
v 0.02885 0.02594 -0.10080
v 0.01993 0.02305 -0.10080
v 0.01993 0.02305 -0.10080
v 0.01441 0.03063 -0.10080
v 0.01993 0.03822 -0.10080
v 0.02885 0.03532 -0.10080
v 0.02486 0.02305 -0.09218
v 0.01594 0.02594 -0.09218
v 0.01594 0.02594 -0.09218
v 0.01594 0.03532 -0.09218
v 0.02486 0.03822 -0.09218
v 0.03037 0.03063 -0.09218
v 0.02239 0.03063 -0.08685
v 0.02239 0.03063 -0.08685
v 0.02239 0.03063 -0.08685
v 0.02239 0.03063 -0.08685
v 0.02239 0.03063 -0.08685
v 0.02094 0.02617 -0.10468
v 0.02094 0.02617 -0.10468
v 0.02619 0.02788 -0.10468
v 0.02619 0.02788 -0.10468
v 0.02474 0.02342 -0.10155
v 0.02998 0.03063 -0.10155
v 0.02619 0.03339 -0.10468
v 0.02619 0.03339 -0.10468
v 0.01770 0.03063 -0.10468
v 0.01770 0.03063 -0.10468
v 0.01625 0.02617 -0.10155
v 0.02094 0.03509 -0.10468
v 0.02094 0.03509 -0.10468
v 0.01625 0.03509 -0.10155
v 0.02474 0.03785 -0.10155
v 0.03088 0.02788 -0.09649
v 0.03088 0.03339 -0.09649
v 0.02239 0.02171 -0.09649
v 0.02764 0.02342 -0.09649
v 0.01391 0.02788 -0.09649
v 0.01715 0.02342 -0.09649
v 0.01715 0.02342 -0.09649
v 0.01715 0.03785 -0.09649
v 0.01391 0.03339 -0.09649
v 0.02764 0.03785 -0.09649
v 0.02239 0.03956 -0.09649
v 0.02853 0.02617 -0.09142
v 0.02005 0.02342 -0.09142
v 0.01480 0.03063 -0.09142
v 0.02005 0.03785 -0.09142
v 0.02853 0.03509 -0.09142
v 0.02384 0.02617 -0.08829
v 0.02384 0.02617 -0.08829
v 0.02708 0.03063 -0.08829
v 0.02708 0.03063 -0.08829
v 0.01860 0.02788 -0.08829
v 0.01860 0.02788 -0.08829
v 0.01860 0.03339 -0.08829
v 0.01860 0.03339 -0.08829
v 0.02384 0.03509 -0.08829
v 0.02384 0.03509 -0.08829
v 0.03521 0.02299 -0.10680
v 0.03521 0.02299 -0.10680
v 0.03521 0.02299 -0.10680
v 0.03521 0.02299 -0.10680
v 0.03521 0.02299 -0.10680
v 0.04178 0.01822 -0.10138
v 0.03271 0.01527 -0.10138
v 0.03271 0.01527 -0.10138
v 0.02710 0.02299 -0.10138
v 0.03271 0.03070 -0.10138
v 0.04178 0.02776 -0.10138
v 0.03772 0.01527 -0.09262
v 0.02865 0.01822 -0.09262
v 0.02865 0.01822 -0.09262
v 0.02865 0.02776 -0.09262
v 0.03772 0.03070 -0.09262
v 0.04333 0.02299 -0.09262
v 0.03521 0.02299 -0.08720
v 0.03521 0.02299 -0.08720
v 0.03521 0.02299 -0.08720
v 0.03521 0.02299 -0.08720
v 0.03521 0.02299 -0.08720
v 0.03374 0.01845 -0.10534
v 0.03374 0.01845 -0.10534
v 0.03907 0.02018 -0.10534
v 0.03907 0.02018 -0.10534
v 0.03760 0.01565 -0.10215
v 0.04293 0.02299 -0.10215
v 0.03907 0.02579 -0.10534
v 0.03907 0.02579 -0.10534
v 0.03045 0.02299 -0.10534
v 0.03045 0.02299 -0.10534
v 0.02897 0.01845 -0.10215
v 0.03374 0.02752 -0.10534
v 0.03374 0.02752 -0.10534
v 0.02897 0.02752 -0.10215
v 0.03760 0.03033 -0.10215
v 0.04384 0.02018 -0.09700
v 0.04384 0.02579 -0.09700
v 0.03521 0.01391 -0.09700
v 0.04055 0.01565 -0.09700
v 0.02659 0.02018 -0.09700
v 0.02988 0.01565 -0.09700
v 0.02988 0.01565 -0.09700
v 0.02988 0.03033 -0.09700
v 0.02659 0.02579 -0.09700
v 0.04055 0.03033 -0.09700
v 0.03521 0.03206 -0.09700
v 0.04146 0.01845 -0.09185
v 0.03283 0.01565 -0.09185
v 0.02750 0.02299 -0.09185
v 0.03283 0.03033 -0.09185
v 0.04146 0.02752 -0.09185
v 0.03669 0.01845 -0.08867
v 0.03669 0.01845 -0.08867
v 0.03998 0.02299 -0.08867
v 0.03998 0.02299 -0.08867
v 0.03136 0.02018 -0.08867
v 0.03136 0.02018 -0.08867
v 0.03136 0.02579 -0.08867
v 0.03136 0.02579 -0.08867
v 0.03669 0.02752 -0.08867
v 0.03669 0.02752 -0.08867
v 0.04335 0.00003 -0.10064
v 0.04335 0.00003 -0.10064
v 0.04335 0.00003 -0.10064
v 0.04335 0.00003 -0.10064
v 0.04335 0.00003 -0.10064
v 0.04961 -0.00452 -0.09549
v 0.04096 -0.00732 -0.09549
v 0.04096 -0.00732 -0.09549
v 0.03562 0.00003 -0.09549
v 0.04096 0.00738 -0.09549
v 0.04961 0.00457 -0.09549
v 0.04574 -0.00732 -0.08714
v 0.03710 -0.00452 -0.08714
v 0.03710 -0.00452 -0.08714
v 0.03710 0.00457 -0.08714
v 0.04574 0.00738 -0.08714
v 0.05108 0.00003 -0.08714
v 0.04335 0.00003 -0.08198
v 0.04335 0.00003 -0.08198
v 0.04335 0.00003 -0.08198
v 0.04335 0.00003 -0.08198
v 0.04335 0.00003 -0.08198
v 0.04195 -0.00429 -0.09925
v 0.04195 -0.00429 -0.09925
v 0.04703 -0.00264 -0.09925
v 0.04703 -0.00264 -0.09925
v 0.04562 -0.00696 -0.09622
v 0.05070 0.00003 -0.09622
v 0.04703 0.00270 -0.09925
v 0.04703 0.00270 -0.09925
v 0.03881 0.00003 -0.09925
v 0.03881 0.00003 -0.09925
v 0.03741 -0.00429 -0.09622
v 0.04195 0.00435 -0.09925
v 0.04195 0.00435 -0.09925
v 0.03741 0.00435 -0.09622
v 0.04562 0.00702 -0.09622
v 0.05157 -0.00264 -0.09131
v 0.05157 0.00270 -0.09131
v 0.04335 -0.00862 -0.09131
v 0.04843 -0.00696 -0.09131
v 0.03514 -0.00264 -0.09131
v 0.03827 -0.00696 -0.09131
v 0.03827 -0.00696 -0.09131
v 0.03827 0.00702 -0.09131
v 0.03514 0.00270 -0.09131
v 0.04843 0.00702 -0.09131
v 0.04335 0.00867 -0.09131
v 0.04930 -0.00429 -0.08641
v 0.04108 -0.00696 -0.08641
v 0.03600 0.00003 -0.08641
v 0.04108 0.00702 -0.08641
v 0.04930 0.00435 -0.08641
v 0.04476 -0.00429 -0.08337
v 0.04476 -0.00429 -0.08337
v 0.04790 0.00003 -0.08337
v 0.04790 0.00003 -0.08337
v 0.03968 -0.00264 -0.08337
v 0.03968 -0.00264 -0.08337
v 0.03968 0.00270 -0.08337
v 0.03968 0.00270 -0.08337
v 0.04476 0.00435 -0.08337
v 0.04476 0.00435 -0.08337
v 0.04060 -0.01580 -0.10336
v 0.04060 -0.01580 -0.10336
v 0.04060 -0.01580 -0.10336
v 0.04060 -0.01580 -0.10336
v 0.04060 -0.01580 -0.10336
v 0.04671 -0.02024 -0.09832
v 0.03827 -0.02299 -0.09832
v 0.03827 -0.02299 -0.09832
v 0.03305 -0.01580 -0.09832
v 0.03827 -0.00862 -0.09832
v 0.04671 -0.01136 -0.09832
v 0.04293 -0.02299 -0.09016
v 0.03449 -0.02024 -0.09016
v 0.03449 -0.02024 -0.09016
v 0.03449 -0.01136 -0.09016
v 0.04293 -0.00862 -0.09016
v 0.04816 -0.01580 -0.09016
v 0.04060 -0.01580 -0.08511
v 0.04060 -0.01580 -0.08511
v 0.04060 -0.01580 -0.08511
v 0.04060 -0.01580 -0.08511
v 0.04060 -0.01580 -0.08511
v 0.03923 -0.02003 -0.10200
v 0.03923 -0.02003 -0.10200
v 0.04419 -0.01841 -0.10200
v 0.04419 -0.01841 -0.10200
v 0.04282 -0.02264 -0.09903
v 0.04779 -0.01580 -0.09903
v 0.04419 -0.01319 -0.10200
v 0.04419 -0.01319 -0.10200
v 0.03616 -0.01580 -0.10200
v 0.03616 -0.01580 -0.10200
v 0.03479 -0.02003 -0.09903
v 0.03923 -0.01158 -0.10200
v 0.03923 -0.01158 -0.10200
v 0.03479 -0.01158 -0.09903
v 0.04282 -0.00897 -0.09903
v 0.04863 -0.01841 -0.09424
v 0.04863 -0.01319 -0.09424
v 0.04060 -0.02425 -0.09424
v 0.04557 -0.02264 -0.09424
v 0.03257 -0.01841 -0.09424
v 0.03564 -0.02264 -0.09424
v 0.03564 -0.02264 -0.09424
v 0.03564 -0.00897 -0.09424
v 0.03257 -0.01319 -0.09424
v 0.04557 -0.00897 -0.09424
v 0.04060 -0.00736 -0.09424
v 0.04641 -0.02003 -0.08944
v 0.03838 -0.02264 -0.08944
v 0.03342 -0.01580 -0.08944
v 0.03838 -0.00897 -0.08944
v 0.04641 -0.01158 -0.08944
v 0.04197 -0.02003 -0.08648
v 0.04197 -0.02003 -0.08648
v 0.04504 -0.01580 -0.08648
v 0.04504 -0.01580 -0.08648
v 0.03701 -0.01841 -0.08648
v 0.03701 -0.01841 -0.08648
v 0.03701 -0.01319 -0.08648
v 0.03701 -0.01319 -0.08648
v 0.04197 -0.01158 -0.08648
v 0.04197 -0.01158 -0.08648
v 0.02564 -0.03385 -0.10187
v 0.02564 -0.03385 -0.10187
v 0.02564 -0.03385 -0.10187
v 0.02564 -0.03385 -0.10187
v 0.02564 -0.03385 -0.10187
v 0.03216 -0.03859 -0.09649
v 0.02315 -0.04151 -0.09649
v 0.02315 -0.04151 -0.09649
v 0.01759 -0.03385 -0.09649
v 0.02315 -0.02619 -0.09649
v 0.03216 -0.02911 -0.09649
v 0.02813 -0.04151 -0.08779
v 0.01913 -0.03859 -0.08779
v 0.01913 -0.03859 -0.08779
v 0.01913 -0.02911 -0.08779
v 0.02813 -0.02619 -0.08779
v 0.03370 -0.03385 -0.08779
v 0.02564 -0.03385 -0.08241
v 0.02564 -0.03385 -0.08241
v 0.02564 -0.03385 -0.08241
v 0.02564 -0.03385 -0.08241
v 0.02564 -0.03385 -0.08241
v 0.02418 -0.03835 -0.10042
v 0.02418 -0.03835 -0.10042
v 0.02948 -0.03663 -0.10042
v 0.02948 -0.03663 -0.10042
v 0.02801 -0.04114 -0.09726
v 0.03331 -0.03385 -0.09726
v 0.02948 -0.03107 -0.10042
v 0.02948 -0.03107 -0.10042
v 0.02091 -0.03385 -0.10042
v 0.02091 -0.03385 -0.10042
v 0.01944 -0.03835 -0.09726
v 0.02418 -0.02935 -0.10042
v 0.02418 -0.02935 -0.10042
v 0.01944 -0.02935 -0.09726
v 0.02801 -0.02656 -0.09726
v 0.03421 -0.03663 -0.09214
v 0.03421 -0.03107 -0.09214
v 0.02564 -0.04286 -0.09214
v 0.03094 -0.04114 -0.09214
v 0.01708 -0.03663 -0.09214
v 0.02035 -0.04114 -0.09214
v 0.02035 -0.04114 -0.09214
v 0.02035 -0.02656 -0.09214
v 0.01708 -0.03107 -0.09214
v 0.03094 -0.02656 -0.09214
v 0.02564 -0.02484 -0.09214
v 0.03184 -0.03835 -0.08703
v 0.02328 -0.04114 -0.08703
v 0.01798 -0.03385 -0.08703
v 0.02328 -0.02656 -0.08703
v 0.03184 -0.02935 -0.08703
v 0.02711 -0.03835 -0.08386
v 0.02711 -0.03835 -0.08386
v 0.03038 -0.03385 -0.08386
v 0.03038 -0.03385 -0.08386
v 0.02181 -0.03663 -0.08386
v 0.02181 -0.03663 -0.08386
v 0.02181 -0.03107 -0.08386
v 0.02181 -0.03107 -0.08386
v 0.02711 -0.02935 -0.08386
v 0.02711 -0.02935 -0.08386
v 0.00915 -0.04376 -0.10370
v 0.00915 -0.04376 -0.10370
v 0.00915 -0.04376 -0.10370
v 0.00915 -0.04376 -0.10370
v 0.00915 -0.04376 -0.10370
v 0.01534 -0.04825 -0.09859
v 0.00679 -0.05103 -0.09859
v 0.00679 -0.05103 -0.09859
v 0.00150 -0.04376 -0.09859
v 0.00679 -0.03649 -0.09859
v 0.01534 -0.03926 -0.09859
v 0.01151 -0.05103 -0.09033
v 0.00296 -0.04825 -0.09033
v 0.00296 -0.04825 -0.09033
v 0.00296 -0.03926 -0.09033
v 0.01151 -0.03649 -0.09033
v 0.01680 -0.04376 -0.09033
v 0.00915 -0.04376 -0.08523
v 0.00915 -0.04376 -0.08523
v 0.00915 -0.04376 -0.08523
v 0.00915 -0.04376 -0.08523
v 0.00915 -0.04376 -0.08523
v 0.00776 -0.04803 -0.10232
v 0.00776 -0.04803 -0.10232
v 0.01279 -0.04640 -0.10232
v 0.01279 -0.04640 -0.10232
v 0.01140 -0.05068 -0.09932
v 0.01642 -0.04376 -0.09932
v 0.01279 -0.04112 -0.10232
v 0.01279 -0.04112 -0.10232
v 0.00466 -0.04376 -0.10232
v 0.00466 -0.04376 -0.10232
v 0.00327 -0.04803 -0.09932
v 0.00776 -0.03948 -0.10232
v 0.00776 -0.03948 -0.10232
v 0.00327 -0.03948 -0.09932
v 0.01140 -0.03684 -0.09932
v 0.01728 -0.04640 -0.09446
v 0.01728 -0.04112 -0.09446
v 0.00915 -0.05231 -0.09446
v 0.01418 -0.05068 -0.09446
v 0.00102 -0.04640 -0.09446
v 0.00413 -0.05068 -0.09446
v 0.00413 -0.05068 -0.09446
v 0.00413 -0.03684 -0.09446
v 0.00102 -0.04112 -0.09446
v 0.01418 -0.03684 -0.09446
v 0.00915 -0.03521 -0.09446
v 0.01503 -0.04803 -0.08961
v 0.00690 -0.05068 -0.08961
v 0.00188 -0.04376 -0.08961
v 0.00690 -0.03684 -0.08961
v 0.01503 -0.03948 -0.08961
v 0.01054 -0.04803 -0.08661
v 0.01054 -0.04803 -0.08661
v 0.01365 -0.04376 -0.08661
v 0.01365 -0.04376 -0.08661
v 0.00551 -0.04640 -0.08661
v 0.00551 -0.04640 -0.08661
v 0.00551 -0.04112 -0.08661
v 0.00551 -0.04112 -0.08661
v 0.01054 -0.03948 -0.08661
v 0.01054 -0.03948 -0.08661
v -0.00702 -0.04189 -0.09883
v -0.00702 -0.04189 -0.09883
v -0.00702 -0.04189 -0.09883
v -0.00702 -0.04189 -0.09883
v -0.00702 -0.04189 -0.09883
v -0.00093 -0.04631 -0.09381
v -0.00935 -0.04905 -0.09381
v -0.00935 -0.04905 -0.09381
v -0.01454 -0.04189 -0.09381
v -0.00935 -0.03474 -0.09381
v -0.00093 -0.03747 -0.09381
v -0.00470 -0.04905 -0.08568
v -0.01311 -0.04631 -0.08568
v -0.01311 -0.04631 -0.08568
v -0.01311 -0.03747 -0.08568
v -0.00470 -0.03474 -0.08568
v 0.00050 -0.04189 -0.08568
v -0.00702 -0.04189 -0.08066
v -0.00702 -0.04189 -0.08066
v -0.00702 -0.04189 -0.08066
v -0.00702 -0.04189 -0.08066
v -0.00702 -0.04189 -0.08066
v -0.00839 -0.04610 -0.09748
v -0.00839 -0.04610 -0.09748
v -0.00344 -0.04449 -0.09748
v -0.00344 -0.04449 -0.09748
v -0.00481 -0.04870 -0.09452
v 0.00014 -0.04189 -0.09452
v -0.00344 -0.03929 -0.09748
v -0.00344 -0.03929 -0.09748
v -0.01144 -0.04189 -0.09748
v -0.01144 -0.04189 -0.09748
v -0.01281 -0.04610 -0.09452
v -0.00839 -0.03768 -0.09748
v -0.00839 -0.03768 -0.09748
v -0.01281 -0.03768 -0.09452
v -0.00481 -0.03509 -0.09452
v 0.00098 -0.04449 -0.08975
v 0.00098 -0.03929 -0.08975
v -0.00702 -0.05030 -0.08975
v -0.00208 -0.04870 -0.08975
v -0.01502 -0.04449 -0.08975
v -0.01196 -0.04870 -0.08975
v -0.01196 -0.04870 -0.08975
v -0.01196 -0.03509 -0.08975
v -0.01502 -0.03929 -0.08975
v -0.00208 -0.03509 -0.08975
v -0.00702 -0.03348 -0.08975
v -0.00123 -0.04610 -0.08497
v -0.00923 -0.04870 -0.08497
v -0.01418 -0.04189 -0.08497
v -0.00923 -0.03509 -0.08497
v -0.00123 -0.03768 -0.08497
v -0.00565 -0.04610 -0.08202
v -0.00565 -0.04610 -0.08202
v -0.00260 -0.04189 -0.08202
v -0.00260 -0.04189 -0.08202
v -0.01060 -0.04449 -0.08202
v -0.01060 -0.04449 -0.08202
v -0.01060 -0.03929 -0.08202
v -0.01060 -0.03929 -0.08202
v -0.00565 -0.03768 -0.08202
v -0.00565 -0.03768 -0.08202
v -0.02905 -0.02752 -0.10484
v -0.02905 -0.02752 -0.10484
v -0.02905 -0.02752 -0.10484
v -0.02905 -0.02752 -0.10484
v -0.02905 -0.02752 -0.10484
v -0.02253 -0.03226 -0.09946
v -0.03154 -0.03519 -0.09946
v -0.03154 -0.03519 -0.09946
v -0.03711 -0.02752 -0.09946
v -0.03154 -0.01986 -0.09946
v -0.02253 -0.02279 -0.09946
v -0.02656 -0.03519 -0.09075
v -0.03557 -0.03226 -0.09075
v -0.03557 -0.03226 -0.09075
v -0.03557 -0.02279 -0.09075
v -0.02656 -0.01986 -0.09075
v -0.02099 -0.02752 -0.09075
v -0.02905 -0.02752 -0.08537
v -0.02905 -0.02752 -0.08537
v -0.02905 -0.02752 -0.08537
v -0.02905 -0.02752 -0.08537
v -0.02905 -0.02752 -0.08537
v -0.03052 -0.03203 -0.10338
v -0.03052 -0.03203 -0.10338
v -0.02522 -0.03031 -0.10338
v -0.02522 -0.03031 -0.10338
v -0.02668 -0.03482 -0.10022
v -0.02138 -0.02752 -0.10022
v -0.02522 -0.02474 -0.10338
v -0.02522 -0.02474 -0.10338
v -0.03379 -0.02752 -0.10338
v -0.03379 -0.02752 -0.10338
v -0.03525 -0.03203 -0.10022
v -0.03052 -0.02302 -0.10338
v -0.03052 -0.02302 -0.10338
v -0.03525 -0.02302 -0.10022
v -0.02668 -0.02023 -0.10022
v -0.02048 -0.03031 -0.09510
v -0.02048 -0.02474 -0.09510
v -0.02905 -0.03654 -0.09510
v -0.02375 -0.03482 -0.09510
v -0.03762 -0.03031 -0.09510
v -0.03435 -0.03482 -0.09510
v -0.03435 -0.03482 -0.09510
v -0.03435 -0.02023 -0.09510
v -0.03762 -0.02474 -0.09510
v -0.02375 -0.02023 -0.09510
v -0.02905 -0.01851 -0.09510
v -0.02285 -0.03203 -0.08998
v -0.03142 -0.03482 -0.08998
v -0.03672 -0.02752 -0.08998
v -0.03142 -0.02023 -0.08998
v -0.02285 -0.02302 -0.08998
v -0.02759 -0.03203 -0.08682
v -0.02759 -0.03203 -0.08682
v -0.02431 -0.02752 -0.08682
v -0.02431 -0.02752 -0.08682
v -0.03289 -0.03031 -0.08682
v -0.03289 -0.03031 -0.08682
v -0.03289 -0.02474 -0.08682
v -0.03289 -0.02474 -0.08682
v -0.02759 -0.02302 -0.08682
v -0.02759 -0.02302 -0.08682
v -0.04355 -0.01178 -0.10118
v -0.04355 -0.01178 -0.10118
v -0.04355 -0.01178 -0.10118
v -0.04355 -0.01178 -0.10118
v -0.04355 -0.01178 -0.10118
v -0.03698 -0.01655 -0.09576
v -0.04606 -0.01950 -0.09576
v -0.04606 -0.01950 -0.09576
v -0.05166 -0.01178 -0.09576
v -0.04606 -0.00406 -0.09576
v -0.03698 -0.00701 -0.09576
v -0.04104 -0.01950 -0.08700
v -0.05011 -0.01655 -0.08700
v -0.05011 -0.01655 -0.08700
v -0.05011 -0.00701 -0.08700
v -0.04104 -0.00406 -0.08700
v -0.03543 -0.01178 -0.08700
v -0.04355 -0.01178 -0.08158
v -0.04355 -0.01178 -0.08158
v -0.04355 -0.01178 -0.08158
v -0.04355 -0.01178 -0.08158
v -0.04355 -0.01178 -0.08158
v -0.04502 -0.01631 -0.09972
v -0.04502 -0.01631 -0.09972
v -0.03969 -0.01458 -0.09972
v -0.03969 -0.01458 -0.09972
v -0.04116 -0.01912 -0.09653
v -0.03583 -0.01178 -0.09653
v -0.03969 -0.00897 -0.09972
v -0.03969 -0.00897 -0.09972
v -0.04832 -0.01178 -0.09972
v -0.04832 -0.01178 -0.09972
v -0.04979 -0.01631 -0.09653
v -0.04502 -0.00724 -0.09972
v -0.04502 -0.00724 -0.09972
v -0.04979 -0.00724 -0.09653
v -0.04116 -0.00444 -0.09653
v -0.03492 -0.01458 -0.09138
v -0.03492 -0.00897 -0.09138
v -0.04355 -0.02085 -0.09138
v -0.03822 -0.01912 -0.09138
v -0.05218 -0.01458 -0.09138
v -0.04888 -0.01912 -0.09138
v -0.04888 -0.01912 -0.09138
v -0.04888 -0.00444 -0.09138
v -0.05218 -0.00897 -0.09138
v -0.03822 -0.00444 -0.09138
v -0.04355 -0.00270 -0.09138
v -0.03730 -0.01631 -0.08623
v -0.04593 -0.01912 -0.08623
v -0.05127 -0.01178 -0.08623
v -0.04593 -0.00444 -0.08623
v -0.03730 -0.00724 -0.08623
v -0.04207 -0.01631 -0.08305
v -0.04207 -0.01631 -0.08305
v -0.03878 -0.01178 -0.08305
v -0.03878 -0.01178 -0.08305
v -0.04741 -0.01458 -0.08305
v -0.04741 -0.01458 -0.08305
v -0.04741 -0.00897 -0.08305
v -0.04741 -0.00897 -0.08305
v -0.04207 -0.00724 -0.08305
v -0.04207 -0.00724 -0.08305
v 0.00605 0.03526 -0.12102
v 0.00605 0.03526 -0.12102
v 0.00605 0.03526 -0.12102
v 0.00605 0.03526 -0.12102
v 0.00605 0.03526 -0.12102
v 0.01273 0.03041 -0.11552
v 0.00351 0.02741 -0.11552
v 0.00351 0.02741 -0.11552
v -0.00219 0.03526 -0.11552
v 0.00351 0.04310 -0.11552
v 0.01273 0.04011 -0.11552
v 0.00860 0.02741 -0.10661
v -0.00062 0.03041 -0.10661
v -0.00062 0.03041 -0.10661
v -0.00062 0.04011 -0.10661
v 0.00860 0.04310 -0.10661
v 0.01430 0.03526 -0.10661
v 0.00605 0.03526 -0.10110
v 0.00605 0.03526 -0.10110
v 0.00605 0.03526 -0.10110
v 0.00605 0.03526 -0.10110
v 0.00605 0.03526 -0.10110
v 0.00456 0.03065 -0.11954
v 0.00456 0.03065 -0.11954
v 0.00998 0.03241 -0.11954
v 0.00998 0.03241 -0.11954
v 0.00848 0.02780 -0.11630
v 0.01390 0.03526 -0.11630
v 0.00998 0.03811 -0.11954
v 0.00998 0.03811 -0.11954
v 0.00121 0.03526 -0.11954
v 0.00121 0.03526 -0.11954
v -0.00029 0.03065 -0.11630
v 0.00456 0.03987 -0.11954
v 0.00456 0.03987 -0.11954
v -0.00029 0.03987 -0.11630
v 0.00848 0.04272 -0.11630
v 0.01483 0.03241 -0.11106
v 0.01483 0.03811 -0.11106
v 0.00605 0.02604 -0.11106
v 0.01148 0.02780 -0.11106
v -0.00272 0.03241 -0.11106
v 0.00063 0.02780 -0.11106
v 0.00063 0.02780 -0.11106
v 0.00063 0.04272 -0.11106
v -0.00272 0.03811 -0.11106
v 0.01148 0.04272 -0.11106
v 0.00605 0.04448 -0.11106
v 0.01240 0.03065 -0.10583
v 0.00363 0.02780 -0.10583
v -0.00179 0.03526 -0.10583
v 0.00363 0.04272 -0.10583
v 0.01240 0.03987 -0.10583
v 0.00755 0.03065 -0.10259
v 0.00755 0.03065 -0.10259
v 0.01090 0.03526 -0.10259
v 0.01090 0.03526 -0.10259
v 0.00213 0.03241 -0.10259
v 0.00213 0.03241 -0.10259
v 0.00213 0.03811 -0.10259
v 0.00213 0.03811 -0.10259
v 0.00755 0.03987 -0.10259
v 0.00755 0.03987 -0.10259
v 0.02232 0.02289 -0.12104
v 0.02232 0.02289 -0.12104
v 0.02232 0.02289 -0.12104
v 0.02232 0.02289 -0.12104
v 0.02232 0.02289 -0.12104
v 0.02904 0.01801 -0.11549
v 0.01975 0.01499 -0.11549
v 0.01975 0.01499 -0.11549
v 0.01401 0.02289 -0.11549
v 0.01975 0.03080 -0.11549
v 0.02904 0.02778 -0.11549
v 0.02489 0.01499 -0.10651
v 0.01559 0.01801 -0.10651
v 0.01559 0.01801 -0.10651
v 0.01559 0.02778 -0.10651
v 0.02489 0.03080 -0.10651
v 0.03063 0.02289 -0.10651
v 0.02232 0.02289 -0.10097
v 0.02232 0.02289 -0.10097
v 0.02232 0.02289 -0.10097
v 0.02232 0.02289 -0.10097
v 0.02232 0.02289 -0.10097
v 0.02081 0.01825 -0.11954
v 0.02081 0.01825 -0.11954
v 0.02627 0.02002 -0.11954
v 0.02627 0.02002 -0.11954
v 0.02476 0.01537 -0.11628
v 0.03023 0.02289 -0.11628
v 0.02627 0.02576 -0.11954
v 0.02627 0.02576 -0.11954
v 0.01743 0.02289 -0.11954
v 0.01743 0.02289 -0.11954
v 0.01592 0.01825 -0.11628
v 0.02081 0.02754 -0.11954
v 0.02081 0.02754 -0.11954
v 0.01592 0.02754 -0.11628
v 0.02476 0.03041 -0.11628
v 0.03116 0.02002 -0.11100
v 0.03116 0.02576 -0.11100
v 0.02232 0.01360 -0.11100
v 0.02778 0.01537 -0.11100
v 0.01348 0.02002 -0.11100
v 0.01686 0.01537 -0.11100
v 0.01686 0.01537 -0.11100
v 0.01686 0.03041 -0.11100
v 0.01348 0.02576 -0.11100
v 0.02778 0.03041 -0.11100
v 0.02232 0.03219 -0.11100
v 0.02872 0.01825 -0.10573
v 0.01988 0.01537 -0.10573
v 0.01441 0.02289 -0.10573
v 0.01988 0.03041 -0.10573
v 0.02872 0.02754 -0.10573
v 0.02383 0.01825 -0.10246
v 0.02383 0.01825 -0.10246
v 0.02721 0.02289 -0.10246
v 0.02721 0.02289 -0.10246
v 0.01837 0.02002 -0.10246
v 0.01837 0.02002 -0.10246
v 0.01837 0.02576 -0.10246
v 0.01837 0.02576 -0.10246
v 0.02383 0.02754 -0.10246
v 0.02383 0.02754 -0.10246
v 0.03762 0.01728 -0.11991
v 0.03762 0.01728 -0.11991
v 0.03762 0.01728 -0.11991
v 0.03762 0.01728 -0.11991
v 0.03762 0.01728 -0.11991
v 0.04396 0.01267 -0.11468
v 0.03519 0.00982 -0.11468
v 0.03519 0.00982 -0.11468
v 0.02978 0.01728 -0.11468
v 0.03519 0.02473 -0.11468
v 0.04396 0.02189 -0.11468
v 0.04004 0.00982 -0.10621
v 0.03127 0.01267 -0.10621
v 0.03127 0.01267 -0.10621
v 0.03127 0.02189 -0.10621
v 0.04004 0.02473 -0.10621
v 0.04545 0.01728 -0.10621
v 0.03762 0.01728 -0.10098
v 0.03762 0.01728 -0.10098
v 0.03762 0.01728 -0.10098
v 0.03762 0.01728 -0.10098
v 0.03762 0.01728 -0.10098
v 0.03619 0.01290 -0.11850
v 0.03619 0.01290 -0.11850
v 0.04134 0.01457 -0.11850
v 0.04134 0.01457 -0.11850
v 0.03992 0.01019 -0.11542
v 0.04507 0.01728 -0.11542
v 0.04134 0.01999 -0.11850
v 0.04134 0.01999 -0.11850
v 0.03301 0.01728 -0.11850
v 0.03301 0.01728 -0.11850
v 0.03158 0.01290 -0.11542
v 0.03619 0.02166 -0.11850
v 0.03619 0.02166 -0.11850
v 0.03158 0.02166 -0.11542
v 0.03992 0.02437 -0.11542
v 0.04595 0.01457 -0.11045
v 0.04595 0.01999 -0.11045
v 0.03762 0.00852 -0.11045
v 0.04277 0.01019 -0.11045
v 0.02928 0.01457 -0.11045
v 0.03246 0.01019 -0.11045
v 0.03246 0.01019 -0.11045
v 0.03246 0.02437 -0.11045
v 0.02928 0.01999 -0.11045
v 0.04277 0.02437 -0.11045
v 0.03762 0.02604 -0.11045
v 0.04365 0.01290 -0.10547
v 0.03531 0.01019 -0.10547
v 0.03016 0.01728 -0.10547
v 0.03531 0.02437 -0.10547
v 0.04365 0.02166 -0.10547
v 0.03904 0.01290 -0.10239
v 0.03904 0.01290 -0.10239
v 0.04222 0.01728 -0.10239
v 0.04222 0.01728 -0.10239
v 0.03389 0.01457 -0.10239
v 0.03389 0.01457 -0.10239
v 0.03389 0.01999 -0.10239
v 0.03389 0.01999 -0.10239
v 0.03904 0.02166 -0.10239
v 0.03904 0.02166 -0.10239
v 0.03959 -0.00134 -0.11628
v 0.03959 -0.00134 -0.11628
v 0.03959 -0.00134 -0.11628
v 0.03959 -0.00134 -0.11628
v 0.03959 -0.00134 -0.11628
v 0.04560 -0.00570 -0.11132
v 0.03730 -0.00840 -0.11132
v 0.03730 -0.00840 -0.11132
v 0.03217 -0.00134 -0.11132
v 0.03730 0.00573 -0.11132
v 0.04560 0.00303 -0.11132
v 0.04189 -0.00840 -0.10330
v 0.03358 -0.00570 -0.10330
v 0.03358 -0.00570 -0.10330
v 0.03358 0.00303 -0.10330
v 0.04189 0.00573 -0.10330
v 0.04702 -0.00134 -0.10330
v 0.03959 -0.00134 -0.09834
v 0.03959 -0.00134 -0.09834
v 0.03959 -0.00134 -0.09834
v 0.03959 -0.00134 -0.09834
v 0.03959 -0.00134 -0.09834
v 0.03824 -0.00549 -0.11494
v 0.03824 -0.00549 -0.11494
v 0.04313 -0.00390 -0.11494
v 0.04313 -0.00390 -0.11494
v 0.04178 -0.00805 -0.11202
v 0.04666 -0.00134 -0.11202
v 0.04313 0.00123 -0.11494
v 0.04313 0.00123 -0.11494
v 0.03523 -0.00134 -0.11494
v 0.03523 -0.00134 -0.11494
v 0.03388 -0.00549 -0.11202
v 0.03824 0.00282 -0.11494
v 0.03824 0.00282 -0.11494
v 0.03388 0.00282 -0.11202
v 0.04178 0.00538 -0.11202
v 0.04749 -0.00390 -0.10731
v 0.04749 0.00123 -0.10731
v 0.03959 -0.00964 -0.10731
v 0.04447 -0.00805 -0.10731
v 0.03170 -0.00390 -0.10731
v 0.03471 -0.00805 -0.10731
v 0.03471 -0.00805 -0.10731
v 0.03471 0.00538 -0.10731
v 0.03170 0.00123 -0.10731
v 0.04447 0.00538 -0.10731
v 0.03959 0.00697 -0.10731
v 0.04531 -0.00549 -0.10259
v 0.03741 -0.00805 -0.10259
v 0.03253 -0.00134 -0.10259
v 0.03741 0.00538 -0.10259
v 0.04531 0.00282 -0.10259
v 0.04094 -0.00549 -0.09968
v 0.04094 -0.00549 -0.09968
v 0.04396 -0.00134 -0.09968
v 0.04396 -0.00134 -0.09968
v 0.03606 -0.00390 -0.09968
v 0.03606 -0.00390 -0.09968
v 0.03606 0.00123 -0.09968
v 0.03606 0.00123 -0.09968
v 0.04094 0.00282 -0.09968
v 0.04094 0.00282 -0.09968
v 0.03902 -0.02428 -0.11927
v 0.03902 -0.02428 -0.11927
v 0.03902 -0.02428 -0.11927
v 0.03902 -0.02428 -0.11927
v 0.03902 -0.02428 -0.11927
v 0.04515 -0.02873 -0.11421
v 0.03668 -0.03148 -0.11421
v 0.03668 -0.03148 -0.11421
v 0.03145 -0.02428 -0.11421
v 0.03668 -0.01708 -0.11421
v 0.04515 -0.01983 -0.11421
v 0.04136 -0.03148 -0.10603
v 0.03289 -0.02873 -0.10603
v 0.03289 -0.02873 -0.10603
v 0.03289 -0.01983 -0.10603
v 0.04136 -0.01708 -0.10603
v 0.04659 -0.02428 -0.10603
v 0.03902 -0.02428 -0.10098
v 0.03902 -0.02428 -0.10098
v 0.03902 -0.02428 -0.10098
v 0.03902 -0.02428 -0.10098
v 0.03902 -0.02428 -0.10098
v 0.03765 -0.02852 -0.11790
v 0.03765 -0.02852 -0.11790
v 0.04262 -0.02690 -0.11790
v 0.04262 -0.02690 -0.11790
v 0.04125 -0.03113 -0.11493
v 0.04622 -0.02428 -0.11493
v 0.04262 -0.02166 -0.11790
v 0.04262 -0.02166 -0.11790
v 0.03457 -0.02428 -0.11790
v 0.03457 -0.02428 -0.11790
v 0.03319 -0.02852 -0.11493
v 0.03765 -0.02005 -0.11790
v 0.03765 -0.02005 -0.11790
v 0.03319 -0.02005 -0.11493
v 0.04125 -0.01743 -0.11493
v 0.04707 -0.02690 -0.11012
v 0.04707 -0.02166 -0.11012
v 0.03902 -0.03275 -0.11012
v 0.04400 -0.03113 -0.11012
v 0.03097 -0.02690 -0.11012
v 0.03404 -0.03113 -0.11012
v 0.03404 -0.03113 -0.11012
v 0.03404 -0.01743 -0.11012
v 0.03097 -0.02166 -0.11012
v 0.04400 -0.01743 -0.11012
v 0.03902 -0.01581 -0.11012
v 0.04485 -0.02852 -0.10531
v 0.03680 -0.03113 -0.10531
v 0.03182 -0.02428 -0.10531
v 0.03680 -0.01743 -0.10531
v 0.04485 -0.02005 -0.10531
v 0.04040 -0.02852 -0.10234
v 0.04040 -0.02852 -0.10234
v 0.04347 -0.02428 -0.10234
v 0.04347 -0.02428 -0.10234
v 0.03542 -0.02690 -0.10234
v 0.03542 -0.02690 -0.10234
v 0.03542 -0.02166 -0.10234
v 0.03542 -0.02166 -0.10234
v 0.04040 -0.02005 -0.10234
v 0.04040 -0.02005 -0.10234
v 0.02115 -0.03610 -0.11262
v 0.02115 -0.03610 -0.11262
v 0.02115 -0.03610 -0.11262
v 0.02115 -0.03610 -0.11262
v 0.02115 -0.03610 -0.11262
v 0.02716 -0.04047 -0.10766
v 0.01886 -0.04317 -0.10766
v 0.01886 -0.04317 -0.10766
v 0.01372 -0.03610 -0.10766
v 0.01886 -0.02904 -0.10766
v 0.02716 -0.03173 -0.10766
v 0.02345 -0.04317 -0.09964
v 0.01514 -0.04047 -0.09964
v 0.01514 -0.04047 -0.09964
v 0.01514 -0.03173 -0.09964
v 0.02345 -0.02904 -0.09964
v 0.02858 -0.03610 -0.09964
v 0.02115 -0.03610 -0.09468
v 0.02115 -0.03610 -0.09468
v 0.02115 -0.03610 -0.09468
v 0.02115 -0.03610 -0.09468
v 0.02115 -0.03610 -0.09468
v 0.01980 -0.04026 -0.11128
v 0.01980 -0.04026 -0.11128
v 0.02469 -0.03867 -0.11128
v 0.02469 -0.03867 -0.11128
v 0.02334 -0.04282 -0.10837
v 0.02822 -0.03610 -0.10837
v 0.02469 -0.03354 -0.11128
v 0.02469 -0.03354 -0.11128
v 0.01679 -0.03610 -0.11128
v 0.01679 -0.03610 -0.11128
v 0.01544 -0.04026 -0.10837
v 0.01980 -0.03195 -0.11128
v 0.01980 -0.03195 -0.11128
v 0.01544 -0.03195 -0.10837
v 0.02334 -0.02938 -0.10837
v 0.02905 -0.03867 -0.10365
v 0.02905 -0.03354 -0.10365
v 0.02115 -0.04441 -0.10365
v 0.02604 -0.04282 -0.10365
v 0.01325 -0.03867 -0.10365
v 0.01627 -0.04282 -0.10365
v 0.01627 -0.04282 -0.10365
v 0.01627 -0.02938 -0.10365
v 0.01325 -0.03354 -0.10365
v 0.02604 -0.02938 -0.10365
v 0.02115 -0.02779 -0.10365
v 0.02687 -0.04026 -0.09894
v 0.01897 -0.04282 -0.09894
v 0.01409 -0.03610 -0.09894
v 0.01897 -0.02938 -0.09894
v 0.02687 -0.03195 -0.09894
v 0.02250 -0.04026 -0.09602
v 0.02250 -0.04026 -0.09602
v 0.02552 -0.03610 -0.09602
v 0.02552 -0.03610 -0.09602
v 0.01762 -0.03867 -0.09602
v 0.01762 -0.03867 -0.09602
v 0.01762 -0.03354 -0.09602
v 0.01762 -0.03354 -0.09602
v 0.02250 -0.03195 -0.09602
v 0.02250 -0.03195 -0.09602
v -0.00303 -0.03864 -0.12029
v -0.00303 -0.03864 -0.12029
v -0.00303 -0.03864 -0.12029
v -0.00303 -0.03864 -0.12029
v -0.00303 -0.03864 -0.12029
v 0.00297 -0.04300 -0.11534
v -0.00531 -0.04569 -0.11534
v -0.00531 -0.04569 -0.11534
v -0.01043 -0.03864 -0.11534
v -0.00531 -0.03160 -0.11534
v 0.00297 -0.03429 -0.11534
v -0.00074 -0.04569 -0.10735
v -0.00902 -0.04300 -0.10735
v -0.00902 -0.04300 -0.10735
v -0.00902 -0.03429 -0.10735
v -0.00074 -0.03160 -0.10735
v 0.00438 -0.03864 -0.10735
v -0.00303 -0.03864 -0.10240
v -0.00303 -0.03864 -0.10240
v -0.00303 -0.03864 -0.10240
v -0.00303 -0.03864 -0.10240
v -0.00303 -0.03864 -0.10240
v -0.00437 -0.04278 -0.11895
v -0.00437 -0.04278 -0.11895
v 0.00050 -0.04120 -0.11895
v 0.00050 -0.04120 -0.11895
v -0.00085 -0.04534 -0.11604
v 0.00402 -0.03864 -0.11604
v 0.00050 -0.03608 -0.11895
v 0.00050 -0.03608 -0.11895
v -0.00738 -0.03864 -0.11895
v -0.00738 -0.03864 -0.11895
v -0.00872 -0.04278 -0.11604
v -0.00437 -0.03450 -0.11895
v -0.00437 -0.03450 -0.11895
v -0.00872 -0.03450 -0.11604
v -0.00085 -0.03195 -0.11604
v 0.00485 -0.04120 -0.11134
v 0.00485 -0.03608 -0.11134
v -0.00303 -0.04692 -0.11134
v 0.00184 -0.04534 -0.11134
v -0.01090 -0.04120 -0.11134
v -0.00789 -0.04534 -0.11134
v -0.00789 -0.04534 -0.11134
v -0.00789 -0.03195 -0.11134
v -0.01090 -0.03608 -0.11134
v 0.00184 -0.03195 -0.11134
v -0.00303 -0.03036 -0.11134
v 0.00267 -0.04278 -0.10664
v -0.00520 -0.04534 -0.10664
v -0.01007 -0.03864 -0.10664
v -0.00520 -0.03195 -0.10664
v 0.00267 -0.03450 -0.10664
v -0.00168 -0.04278 -0.10374
v -0.00168 -0.04278 -0.10374
v 0.00133 -0.03864 -0.10374
v 0.00133 -0.03864 -0.10374
v -0.00655 -0.04120 -0.10374
v -0.00655 -0.04120 -0.10374
v -0.00655 -0.03608 -0.10374
v -0.00655 -0.03608 -0.10374
v -0.00168 -0.03450 -0.10374
v -0.00168 -0.03450 -0.10374
v -0.02129 -0.03711 -0.11286
v -0.02129 -0.03711 -0.11286
v -0.02129 -0.03711 -0.11286
v -0.02129 -0.03711 -0.11286
v -0.02129 -0.03711 -0.11286
v -0.01514 -0.04158 -0.10778
v -0.02365 -0.04435 -0.10778
v -0.02365 -0.04435 -0.10778
v -0.02890 -0.03711 -0.10778
v -0.02365 -0.02987 -0.10778
v -0.01514 -0.03264 -0.10778
v -0.01894 -0.04435 -0.09956
v -0.02745 -0.04158 -0.09956
v -0.02745 -0.04158 -0.09956
v -0.02745 -0.03264 -0.09956
v -0.01894 -0.02987 -0.09956
v -0.01368 -0.03711 -0.09956
v -0.02129 -0.03711 -0.09448
v -0.02129 -0.03711 -0.09448
v -0.02129 -0.03711 -0.09448
v -0.02129 -0.03711 -0.09448
v -0.02129 -0.03711 -0.09448
v -0.02268 -0.04136 -0.11148
v -0.02268 -0.04136 -0.11148
v -0.01768 -0.03974 -0.11148
v -0.01768 -0.03974 -0.11148
v -0.01906 -0.04399 -0.10850
v -0.01406 -0.03711 -0.10850
v -0.01768 -0.03448 -0.11148
v -0.01768 -0.03448 -0.11148
v -0.02577 -0.03711 -0.11148
v -0.02577 -0.03711 -0.11148
v -0.02715 -0.04136 -0.10850
v -0.02268 -0.03286 -0.11148
v -0.02268 -0.03286 -0.11148
v -0.02715 -0.03286 -0.10850
v -0.01906 -0.03023 -0.10850
v -0.01320 -0.03974 -0.10367
v -0.01320 -0.03448 -0.10367
v -0.02129 -0.04562 -0.10367
v -0.01629 -0.04399 -0.10367
v -0.02939 -0.03974 -0.10367
v -0.02630 -0.04399 -0.10367
v -0.02630 -0.04399 -0.10367
v -0.02630 -0.03023 -0.10367
v -0.02939 -0.03448 -0.10367
v -0.01629 -0.03023 -0.10367
v -0.02129 -0.02860 -0.10367
v -0.01544 -0.04136 -0.09884
v -0.02353 -0.04399 -0.09884
v -0.02853 -0.03711 -0.09884
v -0.02353 -0.03023 -0.09884
v -0.01544 -0.03286 -0.09884
v -0.01991 -0.04136 -0.09585
v -0.01991 -0.04136 -0.09585
v -0.01682 -0.03711 -0.09585
v -0.01682 -0.03711 -0.09585
v -0.02491 -0.03974 -0.09585
v -0.02491 -0.03974 -0.09585
v -0.02491 -0.03448 -0.09585
v -0.02491 -0.03448 -0.09585
v -0.01991 -0.03286 -0.09585
v -0.01991 -0.03286 -0.09585
v -0.02599 -0.02170 -0.11850
v -0.02599 -0.02170 -0.11850
v -0.02599 -0.02170 -0.11850
v -0.02599 -0.02170 -0.11850
v -0.02599 -0.02170 -0.11850
v -0.01926 -0.02659 -0.11295
v -0.02856 -0.02961 -0.11295
v -0.02856 -0.02961 -0.11295
v -0.03431 -0.02170 -0.11295
v -0.02856 -0.01379 -0.11295
v -0.01926 -0.01682 -0.11295
v -0.02342 -0.02961 -0.10397
v -0.03272 -0.02659 -0.10397
v -0.03272 -0.02659 -0.10397
v -0.03272 -0.01682 -0.10397
v -0.02342 -0.01379 -0.10397
v -0.01767 -0.02170 -0.10397
v -0.02599 -0.02170 -0.09841
v -0.02599 -0.02170 -0.09841
v -0.02599 -0.02170 -0.09841
v -0.02599 -0.02170 -0.09841
v -0.02599 -0.02170 -0.09841
v -0.02750 -0.02635 -0.11700
v -0.02750 -0.02635 -0.11700
v -0.02203 -0.02458 -0.11700
v -0.02203 -0.02458 -0.11700
v -0.02355 -0.02923 -0.11374
v -0.01808 -0.02170 -0.11374
v -0.02203 -0.01883 -0.11700
v -0.02203 -0.01883 -0.11700
v -0.03088 -0.02170 -0.11700
v -0.03088 -0.02170 -0.11700
v -0.03239 -0.02635 -0.11374
v -0.02750 -0.01705 -0.11700
v -0.02750 -0.01705 -0.11700
v -0.03239 -0.01705 -0.11374
v -0.02355 -0.01418 -0.11374
v -0.01715 -0.02458 -0.10846
v -0.01715 -0.01883 -0.10846
v -0.02599 -0.03100 -0.10846
v -0.02052 -0.02923 -0.10846
v -0.03483 -0.02458 -0.10846
v -0.03146 -0.02923 -0.10846
v -0.03146 -0.02923 -0.10846
v -0.03146 -0.01418 -0.10846
v -0.03483 -0.01883 -0.10846
v -0.02052 -0.01418 -0.10846
v -0.02599 -0.01240 -0.10846
v -0.01959 -0.02635 -0.10318
v -0.02843 -0.02923 -0.10318
v -0.03390 -0.02170 -0.10318
v -0.02843 -0.01418 -0.10318
v -0.01959 -0.01705 -0.10318
v -0.02448 -0.02635 -0.09991
v -0.02448 -0.02635 -0.09991
v -0.02110 -0.02170 -0.09991
v -0.02110 -0.02170 -0.09991
v -0.02995 -0.02458 -0.09991
v -0.02995 -0.02458 -0.09991
v -0.02995 -0.01883 -0.09991
v -0.02995 -0.01883 -0.09991
v -0.02448 -0.01705 -0.09991
v -0.02448 -0.01705 -0.09991
v -0.03266 0.00404 -0.11792
v -0.03266 0.00404 -0.11792
v -0.03266 0.00404 -0.11792
v -0.03266 0.00404 -0.11792
v -0.03266 0.00404 -0.11792
v -0.02712 0.00001 -0.11335
v -0.03478 -0.00248 -0.11335
v -0.03478 -0.00248 -0.11335
v -0.03951 0.00404 -0.11335
v -0.03478 0.01055 -0.11335
v -0.02712 0.00806 -0.11335
v -0.03054 -0.00248 -0.10595
v -0.03820 0.00001 -0.10595
v -0.03820 0.00001 -0.10595
v -0.03820 0.00806 -0.10595
v -0.03054 0.01055 -0.10595
v -0.02581 0.00404 -0.10595
v -0.03266 0.00404 -0.10138
v -0.03266 0.00404 -0.10138
v -0.03266 0.00404 -0.10138
v -0.03266 0.00404 -0.10138
v -0.03266 0.00404 -0.10138
v -0.03390 0.00021 -0.11669
v -0.03390 0.00021 -0.11669
v -0.02940 0.00167 -0.11669
v -0.02940 0.00167 -0.11669
v -0.03065 -0.00216 -0.11400
v -0.02615 0.00404 -0.11400
v -0.02940 0.00640 -0.11669
v -0.02940 0.00640 -0.11669
v -0.03668 0.00404 -0.11669
v -0.03668 0.00404 -0.11669
v -0.03793 0.00021 -0.11400
v -0.03390 0.00787 -0.11669
v -0.03390 0.00787 -0.11669
v -0.03793 0.00787 -0.11400
v -0.03065 0.01023 -0.11400
v -0.02538 0.00167 -0.10965
v -0.02538 0.00640 -0.10965
v -0.03266 -0.00362 -0.10965
v -0.02816 -0.00216 -0.10965
v -0.03994 0.00167 -0.10965
v -0.03716 -0.00216 -0.10965
v -0.03716 -0.00216 -0.10965
v -0.03716 0.01023 -0.10965
v -0.03994 0.00640 -0.10965
v -0.02816 0.01023 -0.10965
v -0.03266 0.01169 -0.10965
v -0.02739 0.00021 -0.10530
v -0.03467 -0.00216 -0.10530
v -0.03917 0.00404 -0.10530
v -0.03467 0.01023 -0.10530
v -0.02739 0.00787 -0.10530
v -0.03142 0.00021 -0.10262
v -0.03142 0.00021 -0.10262
v -0.02863 0.00404 -0.10262
v -0.02863 0.00404 -0.10262
v -0.03592 0.00167 -0.10262
v -0.03592 0.00167 -0.10262
v -0.03592 0.00640 -0.10262
v -0.03592 0.00640 -0.10262
v -0.03142 0.00787 -0.10262
v -0.03142 0.00787 -0.10262
v -0.03356 0.02273 -0.11920
v -0.03356 0.02273 -0.11920
v -0.03356 0.02273 -0.11920
v -0.03356 0.02273 -0.11920
v -0.03356 0.02273 -0.11920
v -0.02700 0.01796 -0.11378
v -0.03607 0.01501 -0.11378
v -0.03607 0.01501 -0.11378
v -0.04168 0.02273 -0.11378
v -0.03607 0.03045 -0.11378
v -0.02700 0.02751 -0.11378
v -0.03105 0.01501 -0.10501
v -0.04013 0.01796 -0.10501
v -0.04013 0.01796 -0.10501
v -0.04013 0.02751 -0.10501
v -0.03105 0.03045 -0.10501
v -0.02544 0.02273 -0.10501
v -0.03356 0.02273 -0.09959
v -0.03356 0.02273 -0.09959
v -0.03356 0.02273 -0.09959
v -0.03356 0.02273 -0.09959
v -0.03356 0.02273 -0.09959
v -0.03504 0.01819 -0.11774
v -0.03504 0.01819 -0.11774
v -0.02970 0.01993 -0.11774
v -0.02970 0.01993 -0.11774
v -0.03118 0.01539 -0.11455
v -0.02584 0.02273 -0.11455
v -0.02970 0.02554 -0.11774
v -0.02970 0.02554 -0.11774
v -0.03834 0.02273 -0.11774
v -0.03834 0.02273 -0.11774
v -0.03981 0.01819 -0.11455
v -0.03504 0.02727 -0.11774
v -0.03504 0.02727 -0.11774
v -0.03981 0.02727 -0.11455
v -0.03118 0.03008 -0.11455
v -0.02493 0.01993 -0.10940
v -0.02493 0.02554 -0.10940
v -0.03356 0.01366 -0.10940
v -0.02823 0.01539 -0.10940
v -0.04220 0.01993 -0.10940
v -0.03890 0.01539 -0.10940
v -0.03890 0.01539 -0.10940
v -0.03890 0.03008 -0.10940
v -0.04220 0.02554 -0.10940
v -0.02823 0.03008 -0.10940
v -0.03356 0.03181 -0.10940
v -0.02732 0.01819 -0.10424
v -0.03595 0.01539 -0.10424
v -0.04128 0.02273 -0.10424
v -0.03595 0.03008 -0.10424
v -0.02732 0.02727 -0.10424
v -0.03209 0.01819 -0.10106
v -0.03209 0.01819 -0.10106
v -0.02879 0.02273 -0.10106
v -0.02879 0.02273 -0.10106
v -0.03742 0.01993 -0.10106
v -0.03742 0.01993 -0.10106
v -0.03742 0.02554 -0.10106
v -0.03742 0.02554 -0.10106
v -0.03209 0.02727 -0.10106
v -0.03209 0.02727 -0.10106
v -0.01029 0.02919 -0.12378
v -0.01029 0.02919 -0.12378
v -0.01029 0.02919 -0.12378
v -0.01029 0.02919 -0.12378
v -0.01029 0.02919 -0.12378
v -0.00418 0.02475 -0.11873
v -0.01263 0.02201 -0.11873
v -0.01263 0.02201 -0.11873
v -0.01785 0.02919 -0.11873
v -0.01263 0.03638 -0.11873
v -0.00418 0.03363 -0.11873
v -0.00796 0.02201 -0.11057
v -0.01641 0.02475 -0.11057
v -0.01641 0.02475 -0.11057
v -0.01641 0.03363 -0.11057
v -0.00796 0.03638 -0.11057
v -0.00274 0.02919 -0.11057
v -0.01029 0.02919 -0.10553
v -0.01029 0.02919 -0.10553
v -0.01029 0.02919 -0.10553
v -0.01029 0.02919 -0.10553
v -0.01029 0.02919 -0.10553
v -0.01167 0.02497 -0.12241
v -0.01167 0.02497 -0.12241
v -0.00670 0.02658 -0.12241
v -0.00670 0.02658 -0.12241
v -0.00807 0.02236 -0.11945
v -0.00311 0.02919 -0.11945
v -0.00670 0.03180 -0.12241
v -0.00670 0.03180 -0.12241
v -0.01474 0.02919 -0.12241
v -0.01474 0.02919 -0.12241
v -0.01611 0.02497 -0.11945
v -0.01167 0.03342 -0.12241
v -0.01167 0.03342 -0.12241
v -0.01611 0.03342 -0.11945
v -0.00807 0.03603 -0.11945
v -0.00226 0.02658 -0.11465
v -0.00226 0.03180 -0.11465
v -0.01029 0.02074 -0.11465
v -0.00533 0.02236 -0.11465
v -0.01833 0.02658 -0.11465
v -0.01526 0.02236 -0.11465
v -0.01526 0.02236 -0.11465
v -0.01526 0.03603 -0.11465
v -0.01833 0.03180 -0.11465
v -0.00533 0.03603 -0.11465
v -0.01029 0.03764 -0.11465
v -0.00448 0.02497 -0.10986
v -0.01251 0.02236 -0.10986
v -0.01748 0.02919 -0.10986
v -0.01251 0.03603 -0.10986
v -0.00448 0.03342 -0.10986
v -0.00892 0.02497 -0.10689
v -0.00892 0.02497 -0.10689
v -0.00585 0.02919 -0.10689
v -0.00585 0.02919 -0.10689
v -0.01389 0.02658 -0.10689
v -0.01389 0.02658 -0.10689
v -0.01389 0.03180 -0.10689
v -0.01389 0.03180 -0.10689
v -0.00892 0.03342 -0.10689
v -0.00892 0.03342 -0.10689
v 0.03426 -0.00243 -0.13189
v 0.03426 -0.00243 -0.13189
v 0.03426 -0.00243 -0.13189
v 0.03426 -0.00243 -0.13189
v 0.03426 -0.00243 -0.13189
v 0.04062 -0.00705 -0.12664
v 0.03183 -0.00990 -0.12664
v 0.03183 -0.00990 -0.12664
v 0.02641 -0.00243 -0.12664
v 0.03183 0.00504 -0.12664
v 0.04062 0.00219 -0.12664
v 0.03669 -0.00990 -0.11816
v 0.02791 -0.00705 -0.11816
v 0.02791 -0.00705 -0.11816
v 0.02791 0.00219 -0.11816
v 0.03669 0.00504 -0.11816
v 0.04212 -0.00243 -0.11816
v 0.03426 -0.00243 -0.11292
v 0.03426 -0.00243 -0.11292
v 0.03426 -0.00243 -0.11292
v 0.03426 -0.00243 -0.11292
v 0.03426 -0.00243 -0.11292
v 0.03284 -0.00682 -0.13047
v 0.03284 -0.00682 -0.13047
v 0.03800 -0.00514 -0.13047
v 0.03800 -0.00514 -0.13047
v 0.03657 -0.00954 -0.12739
v 0.04173 -0.00243 -0.12739
v 0.03800 0.00028 -0.13047
v 0.03800 0.00028 -0.13047
v 0.02965 -0.00243 -0.13047
v 0.02965 -0.00243 -0.13047
v 0.02822 -0.00682 -0.12739
v 0.03284 0.00196 -0.13047
v 0.03284 0.00196 -0.13047
v 0.02822 0.00196 -0.12739
v 0.03657 0.00467 -0.12739
v 0.04261 -0.00514 -0.12240
v 0.04261 0.00028 -0.12240
v 0.03426 -0.01121 -0.12240
v 0.03942 -0.00954 -0.12240
v 0.02591 -0.00514 -0.12240
v 0.02910 -0.00954 -0.12240
v 0.02910 -0.00954 -0.12240
v 0.02910 0.00467 -0.12240
v 0.02591 0.00028 -0.12240
v 0.03942 0.00467 -0.12240
v 0.03426 0.00635 -0.12240
v 0.04031 -0.00682 -0.11741
v 0.03195 -0.00954 -0.11741
v 0.02679 -0.00243 -0.11741
v 0.03195 0.00467 -0.11741
v 0.04031 0.00196 -0.11741
v 0.03569 -0.00682 -0.11433
v 0.03569 -0.00682 -0.11433
v 0.03888 -0.00243 -0.11433
v 0.03888 -0.00243 -0.11433
v 0.03053 -0.00514 -0.11433
v 0.03053 -0.00514 -0.11433
v 0.03053 0.00028 -0.11433
v 0.03053 0.00028 -0.11433
v 0.03569 0.00196 -0.11433
v 0.03569 0.00196 -0.11433
v 0.03229 -0.01227 -0.13035
v 0.03229 -0.01227 -0.13035
v 0.03229 -0.01227 -0.13035
v 0.03229 -0.01227 -0.13035
v 0.03229 -0.01227 -0.13035
v 0.03815 -0.01652 -0.12551
v 0.03005 -0.01916 -0.12551
v 0.03005 -0.01916 -0.12551
v 0.02505 -0.01227 -0.12551
v 0.03005 -0.00538 -0.12551
v 0.03815 -0.00801 -0.12551
v 0.03453 -0.01916 -0.11769
v 0.02643 -0.01652 -0.11769
v 0.02643 -0.01652 -0.11769
v 0.02643 -0.00801 -0.11769
v 0.03453 -0.00538 -0.11769
v 0.03953 -0.01227 -0.11769
v 0.03229 -0.01227 -0.11286
v 0.03229 -0.01227 -0.11286
v 0.03229 -0.01227 -0.11286
v 0.03229 -0.01227 -0.11286
v 0.03229 -0.01227 -0.11286
v 0.03097 -0.01632 -0.12904
v 0.03097 -0.01632 -0.12904
v 0.03573 -0.01477 -0.12904
v 0.03573 -0.01477 -0.12904
v 0.03442 -0.01882 -0.12620
v 0.03918 -0.01227 -0.12620
v 0.03573 -0.00976 -0.12904
v 0.03573 -0.00976 -0.12904
v 0.02803 -0.01227 -0.12904
v 0.02803 -0.01227 -0.12904
v 0.02672 -0.01632 -0.12620
v 0.03097 -0.00822 -0.12904
v 0.03097 -0.00822 -0.12904
v 0.02672 -0.00822 -0.12620
v 0.03442 -0.00572 -0.12620
v 0.03999 -0.01477 -0.12160
v 0.03999 -0.00976 -0.12160
v 0.03229 -0.02037 -0.12160
v 0.03705 -0.01882 -0.12160
v 0.02459 -0.01477 -0.12160
v 0.02753 -0.01882 -0.12160
v 0.02753 -0.01882 -0.12160
v 0.02753 -0.00572 -0.12160
v 0.02459 -0.00976 -0.12160
v 0.03705 -0.00572 -0.12160
v 0.03229 -0.00417 -0.12160
v 0.03786 -0.01632 -0.11700
v 0.03016 -0.01882 -0.11700
v 0.02540 -0.01227 -0.11700
v 0.03016 -0.00572 -0.11700
v 0.03786 -0.00822 -0.11700
v 0.03360 -0.01632 -0.11416
v 0.03360 -0.01632 -0.11416
v 0.03655 -0.01227 -0.11416
v 0.03655 -0.01227 -0.11416
v 0.02884 -0.01477 -0.11416
v 0.02884 -0.01477 -0.11416
v 0.02884 -0.00976 -0.11416
v 0.02884 -0.00976 -0.11416
v 0.03360 -0.00822 -0.11416
v 0.03360 -0.00822 -0.11416
v 0.01773 -0.03254 -0.13535
v 0.01773 -0.03254 -0.13535
v 0.01773 -0.03254 -0.13535
v 0.01773 -0.03254 -0.13535
v 0.01773 -0.03254 -0.13535
v 0.02463 -0.03755 -0.12966
v 0.01510 -0.04065 -0.12966
v 0.01510 -0.04065 -0.12966
v 0.00921 -0.03254 -0.12966
v 0.01510 -0.02444 -0.12966
v 0.02463 -0.02754 -0.12966
v 0.02037 -0.04065 -0.12046
v 0.01084 -0.03755 -0.12046
v 0.01084 -0.03755 -0.12046
v 0.01084 -0.02754 -0.12046
v 0.02037 -0.02444 -0.12046
v 0.02625 -0.03254 -0.12046
v 0.01773 -0.03254 -0.11477
v 0.01773 -0.03254 -0.11477
v 0.01773 -0.03254 -0.11477
v 0.01773 -0.03254 -0.11477
v 0.01773 -0.03254 -0.11477
v 0.01619 -0.03731 -0.13381
v 0.01619 -0.03731 -0.13381
v 0.02179 -0.03549 -0.13381
v 0.02179 -0.03549 -0.13381
v 0.02024 -0.04025 -0.13047
v 0.02584 -0.03254 -0.13047
v 0.02179 -0.02960 -0.13381
v 0.02179 -0.02960 -0.13381
v 0.01273 -0.03254 -0.13381
v 0.01273 -0.03254 -0.13381
v 0.01118 -0.03731 -0.13047
v 0.01619 -0.02778 -0.13381
v 0.01619 -0.02778 -0.13381
v 0.01118 -0.02778 -0.13047
v 0.02024 -0.02484 -0.13047
v 0.02679 -0.03549 -0.12506
v 0.02679 -0.02960 -0.12506
v 0.01773 -0.04207 -0.12506
v 0.02333 -0.04025 -0.12506
v 0.00867 -0.03549 -0.12506
v 0.01213 -0.04025 -0.12506
v 0.01213 -0.04025 -0.12506
v 0.01213 -0.02484 -0.12506
v 0.00867 -0.02960 -0.12506
v 0.02333 -0.02484 -0.12506
v 0.01773 -0.02302 -0.12506
v 0.02429 -0.03731 -0.11965
v 0.01523 -0.04025 -0.11965
v 0.00963 -0.03254 -0.11965
v 0.01523 -0.02484 -0.11965
v 0.02429 -0.02778 -0.11965
v 0.01928 -0.03731 -0.11631
v 0.01928 -0.03731 -0.11631
v 0.02274 -0.03254 -0.11631
v 0.02274 -0.03254 -0.11631
v 0.01368 -0.03549 -0.11631
v 0.01368 -0.03549 -0.11631
v 0.01368 -0.02960 -0.11631
v 0.01368 -0.02960 -0.11631
v 0.01928 -0.02778 -0.11631
v 0.01928 -0.02778 -0.11631
v 0.00148 -0.04175 -0.13513
v 0.00148 -0.04175 -0.13513
v 0.00148 -0.04175 -0.13513
v 0.00148 -0.04175 -0.13513
v 0.00148 -0.04175 -0.13513
v 0.00797 -0.04647 -0.12978
v -0.00100 -0.04938 -0.12978
v -0.00100 -0.04938 -0.12978
v -0.00655 -0.04175 -0.12978
v -0.00100 -0.03412 -0.12978
v 0.00797 -0.03704 -0.12978
v 0.00396 -0.04938 -0.12111
v -0.00501 -0.04647 -0.12111
v -0.00501 -0.04647 -0.12111
v -0.00501 -0.03704 -0.12111
v 0.00396 -0.03412 -0.12111
v 0.00950 -0.04175 -0.12111
v 0.00148 -0.04175 -0.11576
v 0.00148 -0.04175 -0.11576
v 0.00148 -0.04175 -0.11576
v 0.00148 -0.04175 -0.11576
v 0.00148 -0.04175 -0.11576
v 0.00002 -0.04624 -0.13369
v 0.00002 -0.04624 -0.13369
v 0.00529 -0.04452 -0.13369
v 0.00529 -0.04452 -0.13369
v 0.00384 -0.04901 -0.13054
v 0.00911 -0.04175 -0.13054
v 0.00529 -0.03898 -0.13369
v 0.00529 -0.03898 -0.13369
v -0.00324 -0.04175 -0.13369
v -0.00324 -0.04175 -0.13369
v -0.00470 -0.04624 -0.13054
v 0.00002 -0.03727 -0.13369
v 0.00002 -0.03727 -0.13369
v -0.00470 -0.03727 -0.13054
v 0.00384 -0.03449 -0.13054
v 0.01001 -0.04452 -0.12545
v 0.01001 -0.03898 -0.12545
v 0.00148 -0.05072 -0.12545
v 0.00675 -0.04901 -0.12545
v -0.00705 -0.04452 -0.12545
v -0.00380 -0.04901 -0.12545
v -0.00380 -0.04901 -0.12545
v -0.00380 -0.03449 -0.12545
v -0.00705 -0.03898 -0.12545
v 0.00675 -0.03449 -0.12545
v 0.00148 -0.03278 -0.12545
v 0.00765 -0.04624 -0.12035
v -0.00088 -0.04901 -0.12035
v -0.00615 -0.04175 -0.12035
v -0.00088 -0.03449 -0.12035
v 0.00765 -0.03727 -0.12035
v 0.00293 -0.04624 -0.11720
v 0.00293 -0.04624 -0.11720
v 0.00619 -0.04175 -0.11720
v 0.00619 -0.04175 -0.11720
v -0.00234 -0.04452 -0.11720
v -0.00234 -0.04452 -0.11720
v -0.00234 -0.03898 -0.11720
v -0.00234 -0.03898 -0.11720
v 0.00293 -0.03727 -0.11720
v 0.00293 -0.03727 -0.11720
v -0.02167 -0.02649 -0.13260
v -0.02167 -0.02649 -0.13260
v -0.02167 -0.02649 -0.13260
v -0.02167 -0.02649 -0.13260
v -0.02167 -0.02649 -0.13260
v -0.01522 -0.03118 -0.12727
v -0.02414 -0.03408 -0.12727
v -0.02414 -0.03408 -0.12727
v -0.02965 -0.02649 -0.12727
v -0.02414 -0.01890 -0.12727
v -0.01522 -0.02180 -0.12727
v -0.01921 -0.03408 -0.11865
v -0.02813 -0.03118 -0.11865
v -0.02813 -0.03118 -0.11865
v -0.02813 -0.02180 -0.11865
v -0.01921 -0.01890 -0.11865
v -0.01369 -0.02649 -0.11865
v -0.02167 -0.02649 -0.11332
v -0.02167 -0.02649 -0.11332
v -0.02167 -0.02649 -0.11332
v -0.02167 -0.02649 -0.11332
v -0.02167 -0.02649 -0.11332
v -0.02312 -0.03095 -0.13116
v -0.02312 -0.03095 -0.13116
v -0.01788 -0.02925 -0.13116
v -0.01788 -0.02925 -0.13116
v -0.01933 -0.03371 -0.12803
v -0.01408 -0.02649 -0.12803
v -0.01788 -0.02373 -0.13116
v -0.01788 -0.02373 -0.13116
v -0.02636 -0.02649 -0.13116
v -0.02636 -0.02649 -0.13116
v -0.02781 -0.03095 -0.12803
v -0.02312 -0.02203 -0.13116
v -0.02312 -0.02203 -0.13116
v -0.02781 -0.02203 -0.12803
v -0.01933 -0.01927 -0.12803
v -0.01319 -0.02925 -0.12296
v -0.01319 -0.02373 -0.12296
v -0.02167 -0.03541 -0.12296
v -0.01643 -0.03371 -0.12296
v -0.03016 -0.02925 -0.12296
v -0.02692 -0.03371 -0.12296
v -0.02692 -0.03371 -0.12296
v -0.02692 -0.01927 -0.12296
v -0.03016 -0.02373 -0.12296
v -0.01643 -0.01927 -0.12296
v -0.02167 -0.01757 -0.12296
v -0.01553 -0.03095 -0.11789
v -0.02402 -0.03371 -0.11789
v -0.02926 -0.02649 -0.11789
v -0.02402 -0.01927 -0.11789
v -0.01553 -0.02203 -0.11789
v -0.02022 -0.03095 -0.11476
v -0.02022 -0.03095 -0.11476
v -0.01698 -0.02649 -0.11476
v -0.01698 -0.02649 -0.11476
v -0.02547 -0.02925 -0.11476
v -0.02547 -0.02925 -0.11476
v -0.02547 -0.02373 -0.11476
v -0.02547 -0.02373 -0.11476
v -0.02022 -0.02203 -0.11476
v -0.02022 -0.02203 -0.11476
v -0.03045 -0.01379 -0.13387
v -0.03045 -0.01379 -0.13387
v -0.03045 -0.01379 -0.13387
v -0.03045 -0.01379 -0.13387
v -0.03045 -0.01379 -0.13387
v -0.02357 -0.01880 -0.12819
v -0.03308 -0.02189 -0.12819
v -0.03308 -0.02189 -0.12819
v -0.03897 -0.01379 -0.12819
v -0.03308 -0.00570 -0.12819
v -0.02357 -0.00879 -0.12819
v -0.02782 -0.02189 -0.11899
v -0.03734 -0.01880 -0.11899
v -0.03734 -0.01880 -0.11899
v -0.03734 -0.00879 -0.11899
v -0.02782 -0.00570 -0.11899
v -0.02194 -0.01379 -0.11899
v -0.03045 -0.01379 -0.11331
v -0.03045 -0.01379 -0.11331
v -0.03045 -0.01379 -0.11331
v -0.03045 -0.01379 -0.11331
v -0.03045 -0.01379 -0.11331
v -0.03200 -0.01855 -0.13233
v -0.03200 -0.01855 -0.13233
v -0.02640 -0.01674 -0.13233
v -0.02640 -0.01674 -0.13233
v -0.02795 -0.02149 -0.12899
v -0.02236 -0.01379 -0.12899
v -0.02640 -0.01085 -0.13233
v -0.02640 -0.01085 -0.13233
v -0.03546 -0.01379 -0.13233
v -0.03546 -0.01379 -0.13233
v -0.03700 -0.01855 -0.12899
v -0.03200 -0.00904 -0.13233
v -0.03200 -0.00904 -0.13233
v -0.03700 -0.00904 -0.12899
v -0.02795 -0.00609 -0.12899
v -0.02140 -0.01674 -0.12359
v -0.02140 -0.01085 -0.12359
v -0.03045 -0.02331 -0.12359
v -0.02486 -0.02150 -0.12359
v -0.03951 -0.01674 -0.12359
v -0.03605 -0.02150 -0.12359
v -0.03605 -0.02150 -0.12359
v -0.03605 -0.00609 -0.12359
v -0.03951 -0.01085 -0.12359
v -0.02486 -0.00609 -0.12359
v -0.03045 -0.00428 -0.12359
v -0.02390 -0.01855 -0.11818
v -0.03295 -0.02149 -0.11818
v -0.03855 -0.01379 -0.11818
v -0.03295 -0.00609 -0.11818
v -0.02390 -0.00904 -0.11818
v -0.02891 -0.01855 -0.11484
v -0.02891 -0.01855 -0.11484
v -0.02545 -0.01379 -0.11484
v -0.02545 -0.01379 -0.11484
v -0.03450 -0.01674 -0.11484
v -0.03450 -0.01674 -0.11484
v -0.03450 -0.01085 -0.11484
v -0.03450 -0.01085 -0.11484
v -0.02891 -0.00904 -0.11484
v -0.02891 -0.00904 -0.11484
v -0.02670 0.00309 -0.13361
v -0.02670 0.00309 -0.13361
v -0.02670 0.00309 -0.13361
v -0.02670 0.00309 -0.13361
v -0.02670 0.00309 -0.13361
v -0.02071 -0.00126 -0.12867
v -0.02899 -0.00395 -0.12867
v -0.02899 -0.00395 -0.12867
v -0.03411 0.00309 -0.12867
v -0.02899 0.01014 -0.12867
v -0.02071 0.00745 -0.12867
v -0.02442 -0.00395 -0.12067
v -0.03270 -0.00126 -0.12067
v -0.03270 -0.00126 -0.12067
v -0.03270 0.00745 -0.12067
v -0.02442 0.01014 -0.12067
v -0.01930 0.00309 -0.12067
v -0.02670 0.00309 -0.11572
v -0.02670 0.00309 -0.11572
v -0.02670 0.00309 -0.11572
v -0.02670 0.00309 -0.11572
v -0.02670 0.00309 -0.11572
v -0.02805 -0.00105 -0.13228
v -0.02805 -0.00105 -0.13228
v -0.02318 0.00053 -0.13228
v -0.02318 0.00053 -0.13228
v -0.02453 -0.00361 -0.12937
v -0.01966 0.00309 -0.12937
v -0.02318 0.00565 -0.13228
v -0.02318 0.00565 -0.13228
v -0.03106 0.00309 -0.13228
v -0.03106 0.00309 -0.13228
v -0.03241 -0.00105 -0.12937
v -0.02805 0.00724 -0.13228
v -0.02805 0.00724 -0.13228
v -0.03241 0.00724 -0.12937
v -0.02453 0.00979 -0.12937
v -0.01883 0.00053 -0.12467
v -0.01883 0.00565 -0.12467
v -0.02670 -0.00519 -0.12467
v -0.02184 -0.00361 -0.12467
v -0.03458 0.00053 -0.12467
v -0.03157 -0.00361 -0.12467
v -0.03157 -0.00361 -0.12467
v -0.03157 0.00979 -0.12467
v -0.03458 0.00565 -0.12467
v -0.02184 0.00979 -0.12467
v -0.02670 0.01138 -0.12467
v -0.02100 -0.00105 -0.11996
v -0.02888 -0.00361 -0.11996
v -0.03375 0.00309 -0.11996
v -0.02888 0.00979 -0.11996
v -0.02100 0.00724 -0.11996
v -0.02536 -0.00105 -0.11706
v -0.02536 -0.00105 -0.11706
v -0.02235 0.00309 -0.11706
v -0.02235 0.00309 -0.11706
v -0.03023 0.00053 -0.11706
v -0.03023 0.00053 -0.11706
v -0.03023 0.00565 -0.11706
v -0.03023 0.00565 -0.11706
v -0.02536 0.00724 -0.11706
v -0.02536 0.00724 -0.11706
v -0.01721 0.02336 -0.13495
v -0.01721 0.02336 -0.13495
v -0.01721 0.02336 -0.13495
v -0.01721 0.02336 -0.13495
v -0.01721 0.02336 -0.13495
v -0.01080 0.01870 -0.12966
v -0.01965 0.01582 -0.12966
v -0.01965 0.01582 -0.12966
v -0.02513 0.02336 -0.12966
v -0.01965 0.03089 -0.12966
v -0.01080 0.02801 -0.12966
v -0.01476 0.01582 -0.12110
v -0.02361 0.01870 -0.12110
v -0.02361 0.01870 -0.12110
v -0.02361 0.02801 -0.12110
v -0.01476 0.03089 -0.12110
v -0.00928 0.02336 -0.12110
v -0.01721 0.02336 -0.11582
v -0.01721 0.02336 -0.11582
v -0.01721 0.02336 -0.11582
v -0.01721 0.02336 -0.11582
v -0.01721 0.02336 -0.11582
v -0.01864 0.01893 -0.13352
v -0.01864 0.01893 -0.13352
v -0.01344 0.02062 -0.13352
v -0.01344 0.02062 -0.13352
v -0.01488 0.01619 -0.13041
v -0.00967 0.02336 -0.13041
v -0.01344 0.02609 -0.13352
v -0.01344 0.02609 -0.13352
v -0.02186 0.02336 -0.13352
v -0.02186 0.02336 -0.13352
v -0.02330 0.01893 -0.13041
v -0.01864 0.02778 -0.13352
v -0.01864 0.02778 -0.13352
v -0.02330 0.02778 -0.13041
v -0.01488 0.03052 -0.13041
v -0.00878 0.02062 -0.12538
v -0.00878 0.02609 -0.12538
v -0.01721 0.01450 -0.12538
v -0.01200 0.01619 -0.12538
v -0.02563 0.02062 -0.12538
v -0.02241 0.01619 -0.12538
v -0.02241 0.01619 -0.12538
v -0.02241 0.03052 -0.12538
v -0.02563 0.02609 -0.12538
v -0.01200 0.03052 -0.12538
v -0.01721 0.03221 -0.12538
v -0.01111 0.01893 -0.12035
v -0.01953 0.01619 -0.12035
v -0.02474 0.02336 -0.12035
v -0.01953 0.03052 -0.12035
v -0.01111 0.02778 -0.12035
v -0.01577 0.01893 -0.11724
v -0.01577 0.01893 -0.11724
v -0.01255 0.02336 -0.11724
v -0.01255 0.02336 -0.11724
v -0.02097 0.02062 -0.11724
v -0.02097 0.02062 -0.11724
v -0.02097 0.02609 -0.11724
v -0.02097 0.02609 -0.11724
v -0.01577 0.02778 -0.11724
v -0.01577 0.02778 -0.11724
v -0.00623 0.03347 -0.13183
v -0.00623 0.03347 -0.13183
v -0.00623 0.03347 -0.13183
v -0.00623 0.03347 -0.13183
v -0.00623 0.03347 -0.13183
v -0.00018 0.02908 -0.12685
v -0.00853 0.02637 -0.12685
v -0.00853 0.02637 -0.12685
v -0.01370 0.03347 -0.12685
v -0.00853 0.04058 -0.12685
v -0.00018 0.03787 -0.12685
v -0.00392 0.02637 -0.11878
v -0.01227 0.02908 -0.11878
v -0.01227 0.02908 -0.11878
v -0.01227 0.03787 -0.11878
v -0.00392 0.04058 -0.11878
v 0.00125 0.03347 -0.11878
v -0.00623 0.03347 -0.11379
v -0.00623 0.03347 -0.11379
v -0.00623 0.03347 -0.11379
v -0.00623 0.03347 -0.11379
v -0.00623 0.03347 -0.11379
v -0.00758 0.02930 -0.13049
v -0.00758 0.02930 -0.13049
v -0.00267 0.03089 -0.13049
v -0.00267 0.03089 -0.13049
v -0.00403 0.02672 -0.12755
v 0.00088 0.03347 -0.12755
v -0.00267 0.03606 -0.13049
v -0.00267 0.03606 -0.13049
v -0.01062 0.03347 -0.13049
v -0.01062 0.03347 -0.13049
v -0.01197 0.02930 -0.12755
v -0.00758 0.03765 -0.13049
v -0.00758 0.03765 -0.13049
v -0.01197 0.03765 -0.12755
v -0.00403 0.04023 -0.12755
v 0.00172 0.03089 -0.12281
v 0.00172 0.03606 -0.12281
v -0.00623 0.02512 -0.12281
v -0.00132 0.02672 -0.12281
v -0.01417 0.03089 -0.12281
v -0.01113 0.02672 -0.12281
v -0.01113 0.02672 -0.12281
v -0.01113 0.04023 -0.12281
v -0.01417 0.03606 -0.12281
v -0.00132 0.04023 -0.12281
v -0.00623 0.04183 -0.12281
v -0.00048 0.02930 -0.11807
v -0.00842 0.02672 -0.11807
v -0.01333 0.03347 -0.11807
v -0.00842 0.04023 -0.11807
v -0.00048 0.03765 -0.11807
v -0.00487 0.02930 -0.11514
v -0.00487 0.02930 -0.11514
v -0.00183 0.03347 -0.11514
v -0.00183 0.03347 -0.11514
v -0.00978 0.03089 -0.11514
v -0.00978 0.03089 -0.11514
v -0.00978 0.03606 -0.11514
v -0.00978 0.03606 -0.11514
v -0.00487 0.03765 -0.11514
v -0.00487 0.03765 -0.11514
v 0.01299 0.03003 -0.13387
v 0.01299 0.03003 -0.13387
v 0.01299 0.03003 -0.13387
v 0.01299 0.03003 -0.13387
v 0.01299 0.03003 -0.13387
v 0.01984 0.02506 -0.12822
v 0.01038 0.02198 -0.12822
v 0.01038 0.02198 -0.12822
v 0.00453 0.03003 -0.12822
v 0.01038 0.03808 -0.12822
v 0.01984 0.03501 -0.12822
v 0.01561 0.02198 -0.11908
v 0.00614 0.02506 -0.11908
v 0.00614 0.02506 -0.11908
v 0.00614 0.03501 -0.11908
v 0.01561 0.03808 -0.11908
v 0.02146 0.03003 -0.11908
v 0.01299 0.03003 -0.11343
v 0.01299 0.03003 -0.11343
v 0.01299 0.03003 -0.11343
v 0.01299 0.03003 -0.11343
v 0.01299 0.03003 -0.11343
v 0.01145 0.02530 -0.13234
v 0.01145 0.02530 -0.13234
v 0.01702 0.02711 -0.13234
v 0.01702 0.02711 -0.13234
v 0.01548 0.02237 -0.12902
v 0.02104 0.03003 -0.12902
v 0.01702 0.03296 -0.13234
v 0.01702 0.03296 -0.13234
v 0.00802 0.03003 -0.13234
v 0.00802 0.03003 -0.13234
v 0.00648 0.02530 -0.12902
v 0.01145 0.03476 -0.13234
v 0.01145 0.03476 -0.13234
v 0.00648 0.03476 -0.12902
v 0.01548 0.03769 -0.12902
v 0.02199 0.02711 -0.12365
v 0.02199 0.03296 -0.12365
v 0.01299 0.02057 -0.12365
v 0.01856 0.02237 -0.12365
v 0.00399 0.02711 -0.12365
v 0.00743 0.02237 -0.12365
v 0.00743 0.02237 -0.12365
v 0.00743 0.03769 -0.12365
v 0.00399 0.03296 -0.12365
v 0.01856 0.03769 -0.12365
v 0.01299 0.03950 -0.12365
v 0.01951 0.02530 -0.11827
v 0.01050 0.02237 -0.11827
v 0.00494 0.03003 -0.11827
v 0.01050 0.03769 -0.11827
v 0.01951 0.03476 -0.11827
v 0.01453 0.02530 -0.11495
v 0.01453 0.02530 -0.11495
v 0.01797 0.03003 -0.11495
v 0.01797 0.03003 -0.11495
v 0.00897 0.02711 -0.11495
v 0.00897 0.02711 -0.11495
v 0.00897 0.03296 -0.11495
v 0.00897 0.03296 -0.11495
v 0.01453 0.03476 -0.11495
v 0.01453 0.03476 -0.11495
v 0.02734 0.01905 -0.13317
v 0.02734 0.01905 -0.13317
v 0.02734 0.01905 -0.13317
v 0.02734 0.01905 -0.13317
v 0.02734 0.01905 -0.13317
v 0.03360 0.01450 -0.12801
v 0.02494 0.01169 -0.12801
v 0.02494 0.01169 -0.12801
v 0.01960 0.01905 -0.12801
v 0.02494 0.02641 -0.12801
v 0.03360 0.02360 -0.12801
v 0.02973 0.01169 -0.11965
v 0.02108 0.01450 -0.11965
v 0.02108 0.01450 -0.11965
v 0.02108 0.02360 -0.11965
v 0.02973 0.02641 -0.11965
v 0.03507 0.01905 -0.11965
v 0.02734 0.01905 -0.11449
v 0.02734 0.01905 -0.11449
v 0.02734 0.01905 -0.11449
v 0.02734 0.01905 -0.11449
v 0.02734 0.01905 -0.11449
v 0.02593 0.01473 -0.13178
v 0.02593 0.01473 -0.13178
v 0.03102 0.01638 -0.13178
v 0.03102 0.01638 -0.13178
v 0.02961 0.01205 -0.12874
v 0.03470 0.01905 -0.12874
v 0.03102 0.02173 -0.13178
v 0.03102 0.02173 -0.13178
v 0.02279 0.01905 -0.13178
v 0.02279 0.01905 -0.13178
v 0.02138 0.01473 -0.12874
v 0.02593 0.02338 -0.13178
v 0.02593 0.02338 -0.13178
v 0.02138 0.02338 -0.12874
v 0.02961 0.02605 -0.12874
v 0.03556 0.01638 -0.12383
v 0.03556 0.02173 -0.12383
v 0.02734 0.01040 -0.12383
v 0.03242 0.01205 -0.12383
v 0.01911 0.01638 -0.12383
v 0.02225 0.01205 -0.12383
v 0.02225 0.01205 -0.12383
v 0.02225 0.02605 -0.12383
v 0.01911 0.02173 -0.12383
v 0.03242 0.02605 -0.12383
v 0.02734 0.02771 -0.12383
v 0.03329 0.01473 -0.11892
v 0.02506 0.01205 -0.11892
v 0.01998 0.01905 -0.11892
v 0.02506 0.02605 -0.11892
v 0.03329 0.02338 -0.11892
v 0.02874 0.01473 -0.11588
v 0.02874 0.01473 -0.11588
v 0.03188 0.01905 -0.11588
v 0.03188 0.01905 -0.11588
v 0.02366 0.01638 -0.11588
v 0.02366 0.01638 -0.11588
v 0.02366 0.02173 -0.11588
v 0.02366 0.02173 -0.11588
v 0.02874 0.02338 -0.11588
v 0.02874 0.02338 -0.11588
v 0.03532 0.00267 -0.14441
v 0.03532 0.00267 -0.14441
v 0.03532 0.00267 -0.14441
v 0.03532 0.00267 -0.14441
v 0.03532 0.00267 -0.14441
v 0.04151 -0.00183 -0.13930
v 0.03295 -0.00461 -0.13930
v 0.03295 -0.00461 -0.13930
v 0.02766 0.00267 -0.13930
v 0.03295 0.00995 -0.13930
v 0.04151 0.00717 -0.13930
v 0.03768 -0.00461 -0.13104
v 0.02913 -0.00183 -0.13104
v 0.02913 -0.00183 -0.13104
v 0.02913 0.00717 -0.13104
v 0.03768 0.00995 -0.13104
v 0.04297 0.00267 -0.13104
v 0.03532 0.00267 -0.12593
v 0.03532 0.00267 -0.12593
v 0.03532 0.00267 -0.12593
v 0.03532 0.00267 -0.12593
v 0.03532 0.00267 -0.12593
v 0.03393 -0.00161 -0.14303
v 0.03393 -0.00161 -0.14303
v 0.03896 0.00003 -0.14303
v 0.03896 0.00003 -0.14303
v 0.03757 -0.00425 -0.14003
v 0.04259 0.00267 -0.14003
v 0.03896 0.00531 -0.14303
v 0.03896 0.00531 -0.14303
v 0.03082 0.00267 -0.14303
v 0.03082 0.00267 -0.14303
v 0.02943 -0.00161 -0.14003
v 0.03393 0.00695 -0.14303
v 0.03393 0.00695 -0.14303
v 0.02943 0.00695 -0.14003
v 0.03757 0.00959 -0.14003
v 0.04345 0.00003 -0.13517
v 0.04345 0.00531 -0.13517
v 0.03532 -0.00589 -0.13517
v 0.04035 -0.00425 -0.13517
v 0.02718 0.00003 -0.13517
v 0.03029 -0.00425 -0.13517
v 0.03029 -0.00425 -0.13517
v 0.03029 0.00959 -0.13517
v 0.02718 0.00531 -0.13517
v 0.04035 0.00959 -0.13517
v 0.03532 0.01122 -0.13517
v 0.04120 -0.00161 -0.13031
v 0.03307 -0.00425 -0.13031
v 0.02804 0.00267 -0.13031
v 0.03307 0.00959 -0.13031
v 0.04120 0.00695 -0.13031
v 0.03671 -0.00161 -0.12731
v 0.03671 -0.00161 -0.12731
v 0.03981 0.00267 -0.12731
v 0.03981 0.00267 -0.12731
v 0.03168 0.00003 -0.12731
v 0.03168 0.00003 -0.12731
v 0.03168 0.00531 -0.12731
v 0.03168 0.00531 -0.12731
v 0.03671 0.00695 -0.12731
v 0.03671 0.00695 -0.12731
v 0.03552 -0.01365 -0.14506
v 0.03552 -0.01365 -0.14506
v 0.03552 -0.01365 -0.14506
v 0.03552 -0.01365 -0.14506
v 0.03552 -0.01365 -0.14506
v 0.04233 -0.01859 -0.13945
v 0.03292 -0.02165 -0.13945
v 0.03292 -0.02165 -0.13945
v 0.02711 -0.01365 -0.13945
v 0.03292 -0.00565 -0.13945
v 0.04233 -0.00870 -0.13945
v 0.03812 -0.02165 -0.13036
v 0.02872 -0.01859 -0.13036
v 0.02872 -0.01859 -0.13036
v 0.02872 -0.00870 -0.13036
v 0.03812 -0.00565 -0.13036
v 0.04393 -0.01365 -0.13036
v 0.03552 -0.01365 -0.12475
v 0.03552 -0.01365 -0.12475
v 0.03552 -0.01365 -0.12475
v 0.03552 -0.01365 -0.12475
v 0.03552 -0.01365 -0.12475
v 0.03400 -0.01835 -0.14354
v 0.03400 -0.01835 -0.14354
v 0.03952 -0.01655 -0.14354
v 0.03952 -0.01655 -0.14354
v 0.03800 -0.02125 -0.14024
v 0.04352 -0.01365 -0.14024
v 0.03952 -0.01074 -0.14354
v 0.03952 -0.01074 -0.14354
v 0.03058 -0.01365 -0.14354
v 0.03058 -0.01365 -0.14354
v 0.02905 -0.01835 -0.14024
v 0.03400 -0.00895 -0.14354
v 0.03400 -0.00895 -0.14354
v 0.02905 -0.00895 -0.14024
v 0.03800 -0.00604 -0.14024
v 0.04447 -0.01655 -0.13491
v 0.04447 -0.01074 -0.13491
v 0.03552 -0.02305 -0.13491
v 0.04105 -0.02125 -0.13491
v 0.02658 -0.01655 -0.13491
v 0.03000 -0.02125 -0.13491
v 0.03000 -0.02125 -0.13491
v 0.03000 -0.00604 -0.13491
v 0.02658 -0.01074 -0.13491
v 0.04105 -0.00604 -0.13491
v 0.03552 -0.00424 -0.13491
v 0.04199 -0.01835 -0.12957
v 0.03305 -0.02125 -0.12957
v 0.02752 -0.01365 -0.12957
v 0.03305 -0.00604 -0.12957
v 0.04199 -0.00895 -0.12957
v 0.03705 -0.01835 -0.12627
v 0.03705 -0.01835 -0.12627
v 0.04047 -0.01365 -0.12627
v 0.04047 -0.01365 -0.12627
v 0.03152 -0.01655 -0.12627
v 0.03152 -0.01655 -0.12627
v 0.03152 -0.01074 -0.12627
v 0.03152 -0.01074 -0.12627
v 0.03705 -0.00895 -0.12627
v 0.03705 -0.00895 -0.12627
v 0.02255 -0.02541 -0.14621
v 0.02255 -0.02541 -0.14621
v 0.02255 -0.02541 -0.14621
v 0.02255 -0.02541 -0.14621
v 0.02255 -0.02541 -0.14621
v 0.02910 -0.03017 -0.14080
v 0.02004 -0.03312 -0.14080
v 0.02004 -0.03312 -0.14080
v 0.01445 -0.02541 -0.14080
v 0.02004 -0.01771 -0.14080
v 0.02910 -0.02065 -0.14080
v 0.02505 -0.03312 -0.13205
v 0.01599 -0.03017 -0.13205
v 0.01599 -0.03017 -0.13205
v 0.01599 -0.02065 -0.13205
v 0.02505 -0.01771 -0.13205
v 0.03065 -0.02541 -0.13205
v 0.02255 -0.02541 -0.12665
v 0.02255 -0.02541 -0.12665
v 0.02255 -0.02541 -0.12665
v 0.02255 -0.02541 -0.12665
v 0.02255 -0.02541 -0.12665
v 0.02107 -0.02994 -0.14475
v 0.02107 -0.02994 -0.14475
v 0.02640 -0.02821 -0.14475
v 0.02640 -0.02821 -0.14475
v 0.02493 -0.03274 -0.14157
v 0.03025 -0.02541 -0.14157
v 0.02640 -0.02261 -0.14475
v 0.02640 -0.02261 -0.14475
v 0.01778 -0.02541 -0.14475
v 0.01778 -0.02541 -0.14475
v 0.01631 -0.02994 -0.14157
v 0.02107 -0.02088 -0.14475
v 0.02107 -0.02088 -0.14475
v 0.01631 -0.02088 -0.14157
v 0.02493 -0.01809 -0.14157
v 0.03116 -0.02821 -0.13643
v 0.03116 -0.02261 -0.13643
v 0.02255 -0.03447 -0.13643
v 0.02787 -0.03274 -0.13643
v 0.01393 -0.02821 -0.13643
v 0.01722 -0.03274 -0.13643
v 0.01722 -0.03274 -0.13643
v 0.01722 -0.01809 -0.13643
v 0.01393 -0.02261 -0.13643
v 0.02787 -0.01809 -0.13643
v 0.02255 -0.01636 -0.13643
v 0.02878 -0.02994 -0.13128
v 0.02017 -0.03274 -0.13128
v 0.01484 -0.02541 -0.13128
v 0.02017 -0.01809 -0.13128
v 0.02878 -0.02088 -0.13128
v 0.02402 -0.02994 -0.12811
v 0.02402 -0.02994 -0.12811
v 0.02731 -0.02541 -0.12811
v 0.02731 -0.02541 -0.12811
v 0.01869 -0.02821 -0.12811
v 0.01869 -0.02821 -0.12811
v 0.01869 -0.02261 -0.12811
v 0.01869 -0.02261 -0.12811
v 0.02402 -0.02088 -0.12811
v 0.02402 -0.02088 -0.12811
v 0.00764 -0.03506 -0.14566
v 0.00764 -0.03506 -0.14566
v 0.00764 -0.03506 -0.14566
v 0.00764 -0.03506 -0.14566
v 0.00764 -0.03506 -0.14566
v 0.01444 -0.04000 -0.14005
v 0.00505 -0.04305 -0.14005
v 0.00505 -0.04305 -0.14005
v -0.00076 -0.03506 -0.14005
v 0.00505 -0.02708 -0.14005
v 0.01444 -0.03013 -0.14005
v 0.01024 -0.04305 -0.13098
v 0.00085 -0.04000 -0.13098
v 0.00085 -0.04000 -0.13098
v 0.00085 -0.03013 -0.13098
v 0.01024 -0.02708 -0.13098
v 0.01604 -0.03506 -0.13098
v 0.00764 -0.03506 -0.12538
v 0.00764 -0.03506 -0.12538
v 0.00764 -0.03506 -0.12538
v 0.00764 -0.03506 -0.12538
v 0.00764 -0.03506 -0.12538
v 0.00612 -0.03976 -0.14414
v 0.00612 -0.03976 -0.14414
v 0.01164 -0.03796 -0.14414
v 0.01164 -0.03796 -0.14414
v 0.01011 -0.04266 -0.14085
v 0.01563 -0.03506 -0.14085
v 0.01164 -0.03216 -0.14414
v 0.01164 -0.03216 -0.14414
v 0.00271 -0.03506 -0.14414
v 0.00271 -0.03506 -0.14414
v 0.00118 -0.03976 -0.14085
v 0.00612 -0.03037 -0.14414
v 0.00612 -0.03037 -0.14414
v 0.00118 -0.03037 -0.14085
v 0.01011 -0.02747 -0.14085
v 0.01657 -0.03796 -0.13552
v 0.01657 -0.03216 -0.13552
v 0.00764 -0.04445 -0.13552
v 0.01316 -0.04266 -0.13552
v -0.00129 -0.03796 -0.13552
v 0.00212 -0.04266 -0.13552
v 0.00212 -0.04266 -0.13552
v 0.00212 -0.02747 -0.13552
v -0.00129 -0.03216 -0.13552
v 0.01316 -0.02747 -0.13552
v 0.00764 -0.02567 -0.13552
v 0.01410 -0.03976 -0.13019
v 0.00517 -0.04266 -0.13019
v -0.00035 -0.03506 -0.13019
v 0.00517 -0.02747 -0.13019
v 0.01410 -0.03037 -0.13019
v 0.00917 -0.03976 -0.12689
v 0.00917 -0.03976 -0.12689
v 0.01258 -0.03506 -0.12689
v 0.01258 -0.03506 -0.12689
v 0.00365 -0.03796 -0.12689
v 0.00365 -0.03796 -0.12689
v 0.00365 -0.03216 -0.12689
v 0.00365 -0.03216 -0.12689
v 0.00917 -0.03037 -0.12689
v 0.00917 -0.03037 -0.12689
v -0.01458 -0.03143 -0.14377
v -0.01458 -0.03143 -0.14377
v -0.01458 -0.03143 -0.14377
v -0.01458 -0.03143 -0.14377
v -0.01458 -0.03143 -0.14377
v -0.00856 -0.03580 -0.13880
v -0.01688 -0.03850 -0.13880
v -0.01688 -0.03850 -0.13880
v -0.02202 -0.03143 -0.13880
v -0.01688 -0.02435 -0.13880
v -0.00856 -0.02705 -0.13880
v -0.01228 -0.03850 -0.13077
v -0.02060 -0.03580 -0.13077
v -0.02060 -0.03580 -0.13077
v -0.02060 -0.02705 -0.13077
v -0.01228 -0.02435 -0.13077
v -0.00714 -0.03143 -0.13077
v -0.01458 -0.03143 -0.12580
v -0.01458 -0.03143 -0.12580
v -0.01458 -0.03143 -0.12580
v -0.01458 -0.03143 -0.12580
v -0.01458 -0.03143 -0.12580
v -0.01593 -0.03558 -0.14243
v -0.01593 -0.03558 -0.14243
v -0.01104 -0.03400 -0.14243
v -0.01104 -0.03400 -0.14243
v -0.01239 -0.03815 -0.13951
v -0.00750 -0.03143 -0.13951
v -0.01104 -0.02886 -0.14243
v -0.01104 -0.02886 -0.14243
v -0.01895 -0.03143 -0.14243
v -0.01895 -0.03143 -0.14243
v -0.02030 -0.03558 -0.13951
v -0.01593 -0.02727 -0.14243
v -0.01593 -0.02727 -0.14243
v -0.02030 -0.02727 -0.13951
v -0.01239 -0.02470 -0.13951
v -0.00667 -0.03400 -0.13479
v -0.00667 -0.02886 -0.13479
v -0.01458 -0.03974 -0.13479
v -0.00969 -0.03816 -0.13479
v -0.02249 -0.03400 -0.13479
v -0.01947 -0.03816 -0.13479
v -0.01947 -0.03816 -0.13479
v -0.01947 -0.02470 -0.13479
v -0.02249 -0.02886 -0.13479
v -0.00969 -0.02470 -0.13479
v -0.01458 -0.02311 -0.13479
v -0.00885 -0.03558 -0.13006
v -0.01676 -0.03815 -0.13006
v -0.02165 -0.03143 -0.13006
v -0.01676 -0.02470 -0.13006
v -0.00885 -0.02727 -0.13006
v -0.01323 -0.03558 -0.12714
v -0.01323 -0.03558 -0.12714
v -0.01021 -0.03143 -0.12714
v -0.01021 -0.03143 -0.12714
v -0.01811 -0.03400 -0.12714
v -0.01811 -0.03400 -0.12714
v -0.01811 -0.02886 -0.12714
v -0.01811 -0.02886 -0.12714
v -0.01323 -0.02727 -0.12714
v -0.01323 -0.02727 -0.12714
v -0.03280 -0.01579 -0.14432
v -0.03280 -0.01579 -0.14432
v -0.03280 -0.01579 -0.14432
v -0.03280 -0.01579 -0.14432
v -0.03280 -0.01579 -0.14432
v -0.02598 -0.02074 -0.13869
v -0.03541 -0.02381 -0.13869
v -0.03541 -0.02381 -0.13869
v -0.04123 -0.01579 -0.13869
v -0.03541 -0.00777 -0.13869
v -0.02598 -0.01083 -0.13869
v -0.03020 -0.02381 -0.12959
v -0.03962 -0.02074 -0.12959
v -0.03962 -0.02074 -0.12959
v -0.03962 -0.01083 -0.12959
v -0.03020 -0.00777 -0.12959
v -0.02437 -0.01579 -0.12959
v -0.03280 -0.01579 -0.12396
v -0.03280 -0.01579 -0.12396
v -0.03280 -0.01579 -0.12396
v -0.03280 -0.01579 -0.12396
v -0.03280 -0.01579 -0.12396
v -0.03433 -0.02050 -0.14280
v -0.03433 -0.02050 -0.14280
v -0.02879 -0.01870 -0.14280
v -0.02879 -0.01870 -0.14280
v -0.03033 -0.02341 -0.13949
v -0.02478 -0.01579 -0.13949
v -0.02879 -0.01287 -0.14280
v -0.02879 -0.01287 -0.14280
v -0.03776 -0.01579 -0.14280
v -0.03776 -0.01579 -0.14280
v -0.03929 -0.02050 -0.13949
v -0.03433 -0.01107 -0.14280
v -0.03433 -0.01107 -0.14280
v -0.03929 -0.01107 -0.13949
v -0.03033 -0.00816 -0.13949
v -0.02384 -0.01870 -0.13414
v -0.02384 -0.01287 -0.13414
v -0.03280 -0.02521 -0.13414
v -0.02726 -0.02341 -0.13414
v -0.04177 -0.01870 -0.13414
v -0.03834 -0.02341 -0.13414
v -0.03834 -0.02341 -0.13414
v -0.03834 -0.00816 -0.13414
v -0.04177 -0.01287 -0.13414
v -0.02726 -0.00816 -0.13414
v -0.03280 -0.00636 -0.13414
v -0.02632 -0.02050 -0.12879
v -0.03528 -0.02341 -0.12879
v -0.04082 -0.01579 -0.12879
v -0.03528 -0.00816 -0.12879
v -0.02632 -0.01107 -0.12879
v -0.03127 -0.02050 -0.12548
v -0.03127 -0.02050 -0.12548
v -0.02785 -0.01579 -0.12548
v -0.02785 -0.01579 -0.12548
v -0.03681 -0.01870 -0.12548
v -0.03681 -0.01870 -0.12548
v -0.03681 -0.01287 -0.12548
v -0.03681 -0.01287 -0.12548
v -0.03127 -0.01107 -0.12548
v -0.03127 -0.01107 -0.12548
v -0.02545 0.01135 -0.14695
v -0.02545 0.01135 -0.14695
v -0.02545 0.01135 -0.14695
v -0.02545 0.01135 -0.14695
v -0.02545 0.01135 -0.14695
v -0.01924 0.00684 -0.14183
v -0.02782 0.00405 -0.14183
v -0.02782 0.00405 -0.14183
v -0.03313 0.01135 -0.14183
v -0.02782 0.01865 -0.14183
v -0.01924 0.01586 -0.14183
v -0.02308 0.00405 -0.13354
v -0.03166 0.00684 -0.13354
v -0.03166 0.00684 -0.13354
v -0.03166 0.01586 -0.13354
v -0.02308 0.01865 -0.13354
v -0.01777 0.01135 -0.13354
v -0.02545 0.01135 -0.12842
v -0.02545 0.01135 -0.12842
v -0.02545 0.01135 -0.12842
v -0.02545 0.01135 -0.12842
v -0.02545 0.01135 -0.12842
v -0.02684 0.00706 -0.14557
v -0.02684 0.00706 -0.14557
v -0.02180 0.00870 -0.14557
v -0.02180 0.00870 -0.14557
v -0.02319 0.00441 -0.14256
v -0.01815 0.01135 -0.14256
v -0.02180 0.01400 -0.14557
v -0.02180 0.01400 -0.14557
v -0.02996 0.01135 -0.14557
v -0.02996 0.01135 -0.14557
v -0.03136 0.00706 -0.14256
v -0.02684 0.01564 -0.14557
v -0.02684 0.01564 -0.14557
v -0.03136 0.01564 -0.14256
v -0.02319 0.01829 -0.14256
v -0.01729 0.00870 -0.13768
v -0.01729 0.01400 -0.13768
v -0.02545 0.00277 -0.13768
v -0.02041 0.00441 -0.13768
v -0.03361 0.00870 -0.13768
v -0.03049 0.00441 -0.13768
v -0.03049 0.00441 -0.13768
v -0.03049 0.01829 -0.13768
v -0.03361 0.01400 -0.13768
v -0.02041 0.01829 -0.13768
v -0.02545 0.01993 -0.13768
v -0.01954 0.00706 -0.13281
v -0.02771 0.00441 -0.13281
v -0.03275 0.01135 -0.13281
v -0.02771 0.01829 -0.13281
v -0.01954 0.01564 -0.13281
v -0.02406 0.00706 -0.12980
v -0.02406 0.00706 -0.12980
v -0.02094 0.01135 -0.12980
v -0.02094 0.01135 -0.12980
v -0.02910 0.00870 -0.12980
v -0.02910 0.00870 -0.12980
v -0.02910 0.01400 -0.12980
v -0.02910 0.01400 -0.12980
v -0.02406 0.01564 -0.12980
v -0.02406 0.01564 -0.12980
v -0.01322 0.02599 -0.14697
v -0.01322 0.02599 -0.14697
v -0.01322 0.02599 -0.14697
v -0.01322 0.02599 -0.14697
v -0.01322 0.02599 -0.14697
v -0.00724 0.02166 -0.14204
v -0.01550 0.01897 -0.14204
v -0.01550 0.01897 -0.14204
v -0.02060 0.02599 -0.14204
v -0.01550 0.03302 -0.14204
v -0.00724 0.03033 -0.14204
v -0.01093 0.01897 -0.13406
v -0.01919 0.02166 -0.13406
v -0.01919 0.02166 -0.13406
v -0.01919 0.03033 -0.13406
v -0.01093 0.03302 -0.13406
v -0.00583 0.02599 -0.13406
v -0.01322 0.02599 -0.12914
v -0.01322 0.02599 -0.12914
v -0.01322 0.02599 -0.12914
v -0.01322 0.02599 -0.12914
v -0.01322 0.02599 -0.12914
v -0.01456 0.02187 -0.14563
v -0.01456 0.02187 -0.14563
v -0.00970 0.02344 -0.14563
v -0.00970 0.02344 -0.14563
v -0.01105 0.01932 -0.14274
v -0.00619 0.02599 -0.14274
v -0.00970 0.02855 -0.14563
v -0.00970 0.02855 -0.14563
v -0.01756 0.02599 -0.14563
v -0.01756 0.02599 -0.14563
v -0.01890 0.02187 -0.14274
v -0.01456 0.03012 -0.14563
v -0.01456 0.03012 -0.14563
v -0.01890 0.03012 -0.14274
v -0.01105 0.03267 -0.14274
v -0.00536 0.02344 -0.13805
v -0.00536 0.02855 -0.13805
v -0.01322 0.01774 -0.13805
v -0.00836 0.01932 -0.13805
v -0.02107 0.02344 -0.13805
v -0.01807 0.01932 -0.13805
v -0.01807 0.01932 -0.13805
v -0.01807 0.03267 -0.13805
v -0.02107 0.02855 -0.13805
v -0.00836 0.03267 -0.13805
v -0.01322 0.03425 -0.13805
v -0.00753 0.02187 -0.13336
v -0.01539 0.01932 -0.13336
v -0.02024 0.02599 -0.13336
v -0.01539 0.03267 -0.13336
v -0.00753 0.03012 -0.13336
v -0.01187 0.02187 -0.13047
v -0.01187 0.02187 -0.13047
v -0.00888 0.02599 -0.13047
v -0.00888 0.02599 -0.13047
v -0.01673 0.02344 -0.13047
v -0.01673 0.02344 -0.13047
v -0.01673 0.02855 -0.13047
v -0.01673 0.02855 -0.13047
v -0.01187 0.03012 -0.13047
v -0.01187 0.03012 -0.13047
v 0.00164 0.02882 -0.14390
v 0.00164 0.02882 -0.14390
v 0.00164 0.02882 -0.14390
v 0.00164 0.02882 -0.14390
v 0.00164 0.02882 -0.14390
v 0.00798 0.02421 -0.13866
v -0.00079 0.02136 -0.13866
v -0.00079 0.02136 -0.13866
v -0.00621 0.02882 -0.13866
v -0.00079 0.03628 -0.13866
v 0.00798 0.03343 -0.13866
v 0.00406 0.02136 -0.13019
v -0.00471 0.02421 -0.13019
v -0.00471 0.02421 -0.13019
v -0.00471 0.03343 -0.13019
v 0.00406 0.03628 -0.13019
v 0.00948 0.02882 -0.13019
v 0.00164 0.02882 -0.12496
v 0.00164 0.02882 -0.12496
v 0.00164 0.02882 -0.12496
v 0.00164 0.02882 -0.12496
v 0.00164 0.02882 -0.12496
v 0.00021 0.02443 -0.14249
v 0.00021 0.02443 -0.14249
v 0.00537 0.02611 -0.14249
v 0.00537 0.02611 -0.14249
v 0.00394 0.02172 -0.13941
v 0.00910 0.02882 -0.13941
v 0.00537 0.03153 -0.14249
v 0.00537 0.03153 -0.14249
v -0.00297 0.02882 -0.14249
v -0.00297 0.02882 -0.14249
v -0.00440 0.02443 -0.13941
v 0.00021 0.03320 -0.14249
v 0.00021 0.03320 -0.14249
v -0.00440 0.03320 -0.13941
v 0.00394 0.03591 -0.13941
v 0.00998 0.02611 -0.13443
v 0.00998 0.03153 -0.13443
v 0.00164 0.02005 -0.13443
v 0.00679 0.02172 -0.13443
v -0.00670 0.02611 -0.13443
v -0.00352 0.02172 -0.13443
v -0.00352 0.02172 -0.13443
v -0.00352 0.03591 -0.13443
v -0.00670 0.03153 -0.13443
v 0.00679 0.03591 -0.13443
v 0.00164 0.03759 -0.13443
v 0.00767 0.02443 -0.12945
v -0.00067 0.02172 -0.12945
v -0.00582 0.02882 -0.12945
v -0.00067 0.03591 -0.12945
v 0.00767 0.03320 -0.12945
v 0.00306 0.02443 -0.12637
v 0.00306 0.02443 -0.12637
v 0.00625 0.02882 -0.12637
v 0.00625 0.02882 -0.12637
v -0.00209 0.02611 -0.12637
v -0.00209 0.02611 -0.12637
v -0.00209 0.03153 -0.12637
v -0.00209 0.03153 -0.12637
v 0.00306 0.03320 -0.12637
v 0.00306 0.03320 -0.12637
v 0.02092 0.02955 -0.14225
v 0.02092 0.02955 -0.14225
v 0.02092 0.02955 -0.14225
v 0.02092 0.02955 -0.14225
v 0.02092 0.02955 -0.14225
v 0.02748 0.02479 -0.13684
v 0.01842 0.02184 -0.13684
v 0.01842 0.02184 -0.13684
v 0.01282 0.02955 -0.13684
v 0.01842 0.03726 -0.13684
v 0.02748 0.03431 -0.13684
v 0.02342 0.02184 -0.12809
v 0.01437 0.02479 -0.12809
v 0.01437 0.02479 -0.12809
v 0.01437 0.03431 -0.12809
v 0.02342 0.03726 -0.12809
v 0.02902 0.02955 -0.12809
v 0.02092 0.02955 -0.12268
v 0.02092 0.02955 -0.12268
v 0.02092 0.02955 -0.12268
v 0.02092 0.02955 -0.12268
v 0.02092 0.02955 -0.12268
v 0.01945 0.02502 -0.14078
v 0.01945 0.02502 -0.14078
v 0.02477 0.02675 -0.14078
v 0.02477 0.02675 -0.14078
v 0.02330 0.02222 -0.13761
v 0.02863 0.02955 -0.13761
v 0.02477 0.03235 -0.14078
v 0.02477 0.03235 -0.14078
v 0.01616 0.02955 -0.14078
v 0.01616 0.02955 -0.14078
v 0.01469 0.02502 -0.13761
v 0.01945 0.03408 -0.14078
v 0.01945 0.03408 -0.14078
v 0.01469 0.03408 -0.13761
v 0.02330 0.03688 -0.13761
v 0.02954 0.02675 -0.13246
v 0.02954 0.03235 -0.13246
v 0.02092 0.02049 -0.13246
v 0.02625 0.02222 -0.13246
v 0.01231 0.02675 -0.13246
v 0.01560 0.02222 -0.13246
v 0.01560 0.02222 -0.13246
v 0.01560 0.03688 -0.13246
v 0.01231 0.03235 -0.13246
v 0.02625 0.03688 -0.13246
v 0.02092 0.03861 -0.13246
v 0.02716 0.02502 -0.12732
v 0.01854 0.02222 -0.12732
v 0.01322 0.02955 -0.12732
v 0.01854 0.03688 -0.12732
v 0.02716 0.03408 -0.12732
v 0.02239 0.02502 -0.12414
v 0.02239 0.02502 -0.12414
v 0.02568 0.02955 -0.12414
v 0.02568 0.02955 -0.12414
v 0.01707 0.02675 -0.12414
v 0.01707 0.02675 -0.12414
v 0.01707 0.03235 -0.12414
v 0.01707 0.03235 -0.12414
v 0.02239 0.03408 -0.12414
v 0.02239 0.03408 -0.12414
v 0.01360 -0.01678 -0.16094
v 0.01360 -0.01678 -0.16094
v 0.01360 -0.01678 -0.16094
v 0.01360 -0.01678 -0.16094
v 0.01360 -0.01678 -0.16094
v 0.02009 -0.02150 -0.15559
v 0.01112 -0.02441 -0.15559
v 0.01112 -0.02441 -0.15559
v 0.00558 -0.01678 -0.15559
v 0.01112 -0.00915 -0.15559
v 0.02009 -0.01207 -0.15559
v 0.01608 -0.02441 -0.14693
v 0.00711 -0.02150 -0.14693
v 0.00711 -0.02150 -0.14693
v 0.00711 -0.01207 -0.14693
v 0.01608 -0.00915 -0.14693
v 0.02162 -0.01678 -0.14693
v 0.01360 -0.01678 -0.14157
v 0.01360 -0.01678 -0.14157
v 0.01360 -0.01678 -0.14157
v 0.01360 -0.01678 -0.14157
v 0.01360 -0.01678 -0.14157
v 0.01214 -0.02127 -0.15950
v 0.01214 -0.02127 -0.15950
v 0.01741 -0.01955 -0.15950
v 0.01741 -0.01955 -0.15950
v 0.01596 -0.02404 -0.15635
v 0.02123 -0.01678 -0.15635
v 0.01741 -0.01401 -0.15950
v 0.01741 -0.01401 -0.15950
v 0.00888 -0.01678 -0.15950
v 0.00888 -0.01678 -0.15950
v 0.00743 -0.02127 -0.15635
v 0.01214 -0.01230 -0.15950
v 0.01214 -0.01230 -0.15950
v 0.00743 -0.01230 -0.15635
v 0.01596 -0.00953 -0.15635
v 0.02213 -0.01955 -0.15126
v 0.02213 -0.01401 -0.15126
v 0.01360 -0.02575 -0.15126
v 0.01887 -0.02404 -0.15126
v 0.00507 -0.01955 -0.15126
v 0.00833 -0.02404 -0.15126
v 0.00833 -0.02404 -0.15126
v 0.00833 -0.00953 -0.15126
v 0.00507 -0.01401 -0.15126
v 0.01887 -0.00953 -0.15126
v 0.01360 -0.00781 -0.15126
v 0.01977 -0.02127 -0.14617
v 0.01124 -0.02404 -0.14617
v 0.00597 -0.01678 -0.14617
v 0.01124 -0.00953 -0.14617
v 0.01977 -0.01230 -0.14617
v 0.01505 -0.02127 -0.14302
v 0.01505 -0.02127 -0.14302
v 0.01831 -0.01678 -0.14302
v 0.01831 -0.01678 -0.14302
v 0.00978 -0.01955 -0.14302
v 0.00978 -0.01955 -0.14302
v 0.00978 -0.01401 -0.14302
v 0.00978 -0.01401 -0.14302
v 0.01505 -0.01230 -0.14302
v 0.01505 -0.01230 -0.14302
v 0.00564 -0.03511 -0.15451
v 0.00564 -0.03511 -0.15451
v 0.00564 -0.03511 -0.15451
v 0.00564 -0.03511 -0.15451
v 0.00564 -0.03511 -0.15451
v 0.01217 -0.03985 -0.14913
v 0.00315 -0.04278 -0.14913
v 0.00315 -0.04278 -0.14913
v -0.00242 -0.03511 -0.14913
v 0.00315 -0.02744 -0.14913
v 0.01217 -0.03037 -0.14913
v 0.00814 -0.04278 -0.14041
v -0.00088 -0.03985 -0.14041
v -0.00088 -0.03985 -0.14041
v -0.00088 -0.03037 -0.14041
v 0.00814 -0.02744 -0.14041
v 0.01371 -0.03511 -0.14041
v 0.00564 -0.03511 -0.13503
v 0.00564 -0.03511 -0.13503
v 0.00564 -0.03511 -0.13503
v 0.00564 -0.03511 -0.13503
v 0.00564 -0.03511 -0.13503
v 0.00418 -0.03962 -0.15306
v 0.00418 -0.03962 -0.15306
v 0.00948 -0.03790 -0.15306
v 0.00948 -0.03790 -0.15306
v 0.00801 -0.04240 -0.14989
v 0.01332 -0.03511 -0.14989
v 0.00948 -0.03232 -0.15306
v 0.00948 -0.03232 -0.15306
v 0.00090 -0.03511 -0.15306
v 0.00090 -0.03511 -0.15306
v -0.00056 -0.03962 -0.14989
v 0.00418 -0.03060 -0.15306
v 0.00418 -0.03060 -0.15306
v -0.00056 -0.03060 -0.14989
v 0.00801 -0.02781 -0.14989
v 0.01422 -0.03790 -0.14477
v 0.01422 -0.03232 -0.14477
v 0.00564 -0.04413 -0.14477
v 0.01094 -0.04240 -0.14477
v -0.00293 -0.03790 -0.14477
v 0.00034 -0.04240 -0.14477
v 0.00034 -0.04240 -0.14477
v 0.00034 -0.02781 -0.14477
v -0.00293 -0.03232 -0.14477
v 0.01094 -0.02781 -0.14477
v 0.00564 -0.02609 -0.14477
v 0.01185 -0.03962 -0.13965
v 0.00327 -0.04240 -0.13965
v -0.00203 -0.03511 -0.13965
v 0.00327 -0.02781 -0.13965
v 0.01185 -0.03060 -0.13965
v 0.00711 -0.03962 -0.13648
v 0.00711 -0.03962 -0.13648
v 0.01039 -0.03511 -0.13648
v 0.01039 -0.03511 -0.13648
v 0.00181 -0.03790 -0.13648
v 0.00181 -0.03790 -0.13648
v 0.00181 -0.03232 -0.13648
v 0.00181 -0.03232 -0.13648
v 0.00711 -0.03060 -0.13648
v 0.00711 -0.03060 -0.13648
v -0.01535 -0.02380 -0.15883
v -0.01535 -0.02380 -0.15883
v -0.01535 -0.02380 -0.15883
v -0.01535 -0.02380 -0.15883
v -0.01535 -0.02380 -0.15883
v -0.00943 -0.02810 -0.15394
v -0.01761 -0.03076 -0.15394
v -0.01761 -0.03076 -0.15394
v -0.02267 -0.02380 -0.15394
v -0.01761 -0.01684 -0.15394
v -0.00943 -0.01950 -0.15394
v -0.01309 -0.03076 -0.14603
v -0.02127 -0.02810 -0.14603
v -0.02127 -0.02810 -0.14603
v -0.02127 -0.01950 -0.14603
v -0.01309 -0.01684 -0.14603
v -0.00803 -0.02380 -0.14603
v -0.01535 -0.02380 -0.14115
v -0.01535 -0.02380 -0.14115
v -0.01535 -0.02380 -0.14115
v -0.01535 -0.02380 -0.14115
v -0.01535 -0.02380 -0.14115
v -0.01668 -0.02789 -0.15750
v -0.01668 -0.02789 -0.15750
v -0.01187 -0.02633 -0.15750
v -0.01187 -0.02633 -0.15750
v -0.01320 -0.03042 -0.15463
v -0.00839 -0.02380 -0.15463
v -0.01187 -0.02127 -0.15750
v -0.01187 -0.02127 -0.15750
v -0.01965 -0.02380 -0.15750
v -0.01965 -0.02380 -0.15750
v -0.02098 -0.02789 -0.15463
v -0.01668 -0.01971 -0.15750
v -0.01668 -0.01971 -0.15750
v -0.02098 -0.01971 -0.15463
v -0.01320 -0.01718 -0.15463
v -0.00757 -0.02633 -0.14999
v -0.00757 -0.02127 -0.14999
v -0.01535 -0.03198 -0.14999
v -0.01054 -0.03042 -0.14999
v -0.02313 -0.02633 -0.14999
v -0.02016 -0.03042 -0.14999
v -0.02016 -0.03042 -0.14999
v -0.02016 -0.01718 -0.14999
v -0.02313 -0.02127 -0.14999
v -0.01054 -0.01718 -0.14999
v -0.01535 -0.01561 -0.14999
v -0.00972 -0.02789 -0.14534
v -0.01750 -0.03042 -0.14534
v -0.02231 -0.02380 -0.14534
v -0.01750 -0.01718 -0.14534
v -0.00972 -0.01971 -0.14534
v -0.01402 -0.02789 -0.14247
v -0.01402 -0.02789 -0.14247
v -0.01105 -0.02380 -0.14247
v -0.01105 -0.02380 -0.14247
v -0.01883 -0.02633 -0.14247
v -0.01883 -0.02633 -0.14247
v -0.01883 -0.02127 -0.14247
v -0.01883 -0.02127 -0.14247
v -0.01402 -0.01971 -0.14247
v -0.01402 -0.01971 -0.14247
v -0.02409 -0.01318 -0.15696
v -0.02409 -0.01318 -0.15696
v -0.02409 -0.01318 -0.15696
v -0.02409 -0.01318 -0.15696
v -0.02409 -0.01318 -0.15696
v -0.01706 -0.01829 -0.15116
v -0.02677 -0.02145 -0.15116
v -0.02677 -0.02145 -0.15116
v -0.03278 -0.01318 -0.15116
v -0.02677 -0.00492 -0.15116
v -0.01706 -0.00807 -0.15116
v -0.02140 -0.02145 -0.14177
v -0.03112 -0.01829 -0.14177
v -0.03112 -0.01829 -0.14177
v -0.03112 -0.00807 -0.14177
v -0.02140 -0.00492 -0.14177
v -0.01540 -0.01318 -0.14177
v -0.02409 -0.01318 -0.13597
v -0.02409 -0.01318 -0.13597
v -0.02409 -0.01318 -0.13597
v -0.02409 -0.01318 -0.13597
v -0.02409 -0.01318 -0.13597
v -0.02566 -0.01804 -0.15539
v -0.02566 -0.01804 -0.15539
v -0.01995 -0.01618 -0.15539
v -0.01995 -0.01618 -0.15539
v -0.02153 -0.02104 -0.15198
v -0.01582 -0.01318 -0.15198
v -0.01995 -0.01018 -0.15539
v -0.01995 -0.01018 -0.15539
v -0.02919 -0.01318 -0.15539
v -0.02919 -0.01318 -0.15539
v -0.03077 -0.01804 -0.15198
v -0.02566 -0.00832 -0.15539
v -0.02566 -0.00832 -0.15539
v -0.03077 -0.00832 -0.15198
v -0.02153 -0.00532 -0.15198
v -0.01485 -0.01618 -0.14647
v -0.01485 -0.01018 -0.14647
v -0.02409 -0.02290 -0.14647
v -0.01838 -0.02104 -0.14647
v -0.03333 -0.01618 -0.14647
v -0.02980 -0.02104 -0.14647
v -0.02980 -0.02104 -0.14647
v -0.02980 -0.00532 -0.14647
v -0.03333 -0.01018 -0.14647
v -0.01838 -0.00532 -0.14647
v -0.02409 -0.00347 -0.14647
v -0.01740 -0.01804 -0.14095
v -0.02664 -0.02104 -0.14095
v -0.03235 -0.01318 -0.14095
v -0.02664 -0.00532 -0.14095
v -0.01740 -0.00832 -0.14095
v -0.02251 -0.01804 -0.13754
v -0.02251 -0.01804 -0.13754
v -0.01898 -0.01318 -0.13754
v -0.01898 -0.01318 -0.13754
v -0.02822 -0.01618 -0.13754
v -0.02822 -0.01618 -0.13754
v -0.02822 -0.01018 -0.13754
v -0.02822 -0.01018 -0.13754
v -0.02251 -0.00832 -0.13754
v -0.02251 -0.00832 -0.13754
v -0.02498 0.01506 -0.16003
v -0.02498 0.01506 -0.16003
v -0.02498 0.01506 -0.16003
v -0.02498 0.01506 -0.16003
v -0.02498 0.01506 -0.16003
v -0.01808 0.01004 -0.15433
v -0.02761 0.00695 -0.15433
v -0.02761 0.00695 -0.15433
v -0.03351 0.01506 -0.15433
v -0.02761 0.02317 -0.15433
v -0.01808 0.02007 -0.15433
v -0.02234 0.00695 -0.14512
v -0.03188 0.01004 -0.14512
v -0.03188 0.01004 -0.14512
v -0.03188 0.02007 -0.14512
v -0.02234 0.02317 -0.14512
v -0.01645 0.01506 -0.14512
v -0.02498 0.01506 -0.13943
v -0.02498 0.01506 -0.13943
v -0.02498 0.01506 -0.13943
v -0.02498 0.01506 -0.13943
v -0.02498 0.01506 -0.13943
v -0.02653 0.01029 -0.15849
v -0.02653 0.01029 -0.15849
v -0.02092 0.01211 -0.15849
v -0.02092 0.01211 -0.15849
v -0.02247 0.00734 -0.15514
v -0.01687 0.01506 -0.15514
v -0.02092 0.01800 -0.15849
v -0.02092 0.01800 -0.15849
v -0.02999 0.01506 -0.15849
v -0.02999 0.01506 -0.15849
v -0.03154 0.01029 -0.15514
v -0.02653 0.01982 -0.15849
v -0.02653 0.01982 -0.15849
v -0.03154 0.01982 -0.15514
v -0.02247 0.02277 -0.15514
v -0.01591 0.01211 -0.14973
v -0.01591 0.01800 -0.14973
v -0.02498 0.00552 -0.14973
v -0.01937 0.00734 -0.14973
v -0.03405 0.01211 -0.14973
v -0.03058 0.00734 -0.14973
v -0.03058 0.00734 -0.14973
v -0.03058 0.02277 -0.14973
v -0.03405 0.01800 -0.14973
v -0.01937 0.02277 -0.14973
v -0.02498 0.02459 -0.14973
v -0.01842 0.01029 -0.14432
v -0.02748 0.00734 -0.14432
v -0.03309 0.01506 -0.14432
v -0.02748 0.02277 -0.14432
v -0.01842 0.01982 -0.14432
v -0.02343 0.01029 -0.14097
v -0.02343 0.01029 -0.14097
v -0.01997 0.01506 -0.14097
v -0.01997 0.01506 -0.14097
v -0.02903 0.01211 -0.14097
v -0.02903 0.01211 -0.14097
v -0.02903 0.01800 -0.14097
v -0.02903 0.01800 -0.14097
v -0.02343 0.01982 -0.14097
v -0.02343 0.01982 -0.14097
v -0.00284 0.01935 -0.16180
v -0.00284 0.01935 -0.16180
v -0.00284 0.01935 -0.16180
v -0.00284 0.01935 -0.16180
v -0.00284 0.01935 -0.16180
v 0.00310 0.01504 -0.15691
v -0.00511 0.01238 -0.15691
v -0.00511 0.01238 -0.15691
v -0.01017 0.01935 -0.15691
v -0.00511 0.02633 -0.15691
v 0.00310 0.02366 -0.15691
v -0.00057 0.01238 -0.14899
v -0.00877 0.01504 -0.14899
v -0.00877 0.01504 -0.14899
v -0.00877 0.02366 -0.14899
v -0.00057 0.02633 -0.14899
v 0.00450 0.01935 -0.14899
v -0.00284 0.01935 -0.14409
v -0.00284 0.01935 -0.14409
v -0.00284 0.01935 -0.14409
v -0.00284 0.01935 -0.14409
v -0.00284 0.01935 -0.14409
v -0.00417 0.01525 -0.16048
v -0.00417 0.01525 -0.16048
v 0.00065 0.01682 -0.16048
v 0.00065 0.01682 -0.16048
v -0.00068 0.01272 -0.15760
v 0.00414 0.01935 -0.15760
v 0.00065 0.02189 -0.16048
v 0.00065 0.02189 -0.16048
v -0.00715 0.01935 -0.16048
v -0.00715 0.01935 -0.16048
v -0.00848 0.01525 -0.15760
v -0.00417 0.02345 -0.16048
v -0.00417 0.02345 -0.16048
v -0.00848 0.02345 -0.15760
v -0.00068 0.02599 -0.15760
v 0.00496 0.01682 -0.15295
v 0.00496 0.02189 -0.15295
v -0.00284 0.01115 -0.15295
v 0.00198 0.01272 -0.15295
v -0.01064 0.01682 -0.15295
v -0.00766 0.01272 -0.15295
v -0.00766 0.01272 -0.15295
v -0.00766 0.02599 -0.15295
v -0.01064 0.02189 -0.15295
v 0.00198 0.02599 -0.15295
v -0.00284 0.02755 -0.15295
v 0.00280 0.01525 -0.14829
v -0.00499 0.01272 -0.14829
v -0.00982 0.01935 -0.14829
v -0.00499 0.02599 -0.14829
v 0.00280 0.02345 -0.14829
v -0.00151 0.01525 -0.14541
v -0.00151 0.01525 -0.14541
v 0.00147 0.01935 -0.14541
v 0.00147 0.01935 -0.14541
v -0.00633 0.01682 -0.14541
v -0.00633 0.01682 -0.14541
v -0.00633 0.02189 -0.14541
v -0.00633 0.02189 -0.14541
v -0.00151 0.02345 -0.14541
v -0.00151 0.02345 -0.14541
v 0.01356 0.02307 -0.15940
v 0.01356 0.02307 -0.15940
v 0.01356 0.02307 -0.15940
v 0.01356 0.02307 -0.15940
v 0.01356 0.02307 -0.15940
v 0.02031 0.01817 -0.15383
v 0.01098 0.01514 -0.15383
v 0.01098 0.01514 -0.15383
v 0.00522 0.02307 -0.15383
v 0.01098 0.03100 -0.15383
v 0.02031 0.02797 -0.15383
v 0.01614 0.01514 -0.14483
v 0.00681 0.01817 -0.14483
v 0.00681 0.01817 -0.14483
v 0.00681 0.02797 -0.14483
v 0.01614 0.03100 -0.14483
v 0.02190 0.02307 -0.14483
v 0.01356 0.02307 -0.13926
v 0.01356 0.02307 -0.13926
v 0.01356 0.02307 -0.13926
v 0.01356 0.02307 -0.13926
v 0.01356 0.02307 -0.13926
v 0.01205 0.01841 -0.15790
v 0.01205 0.01841 -0.15790
v 0.01753 0.02019 -0.15790
v 0.01753 0.02019 -0.15790
v 0.01601 0.01552 -0.15463
v 0.02149 0.02307 -0.15463
v 0.01753 0.02595 -0.15790
v 0.01753 0.02595 -0.15790
v 0.00866 0.02307 -0.15790
v 0.00866 0.02307 -0.15790
v 0.00714 0.01841 -0.15463
v 0.01205 0.02773 -0.15790
v 0.01205 0.02773 -0.15790
v 0.00714 0.02773 -0.15463
v 0.01601 0.03061 -0.15463
v 0.02243 0.02019 -0.14933
v 0.02243 0.02595 -0.14933
v 0.01356 0.01374 -0.14933
v 0.01904 0.01552 -0.14933
v 0.00469 0.02019 -0.14933
v 0.00808 0.01552 -0.14933
v 0.00808 0.01552 -0.14933
v 0.00808 0.03061 -0.14933
v 0.00469 0.02595 -0.14933
v 0.01904 0.03061 -0.14933
v 0.01356 0.03239 -0.14933
v 0.01998 0.01841 -0.14404
v 0.01111 0.01552 -0.14404
v 0.00563 0.02307 -0.14404
v 0.01111 0.03061 -0.14404
v 0.01998 0.02773 -0.14404
v 0.01508 0.01841 -0.14076
v 0.01508 0.01841 -0.14076
v 0.01846 0.02307 -0.14076
v 0.01846 0.02307 -0.14076
v 0.00960 0.02019 -0.14076
v 0.00960 0.02019 -0.14076
v 0.00960 0.02595 -0.14076
v 0.00960 0.02595 -0.14076
v 0.01508 0.02773 -0.14076
v 0.01508 0.02773 -0.14076
v 0.02134 0.01561 -0.15908
v 0.02134 0.01561 -0.15908
v 0.02134 0.01561 -0.15908
v 0.02134 0.01561 -0.15908
v 0.02134 0.01561 -0.15908
v 0.02709 0.01144 -0.15435
v 0.01915 0.00886 -0.15435
v 0.01915 0.00886 -0.15435
v 0.01424 0.01561 -0.15435
v 0.01915 0.02236 -0.15435
v 0.02709 0.01978 -0.15435
v 0.02354 0.00886 -0.14668
v 0.01560 0.01144 -0.14668
v 0.01560 0.01144 -0.14668
v 0.01560 0.01978 -0.14668
v 0.02354 0.02236 -0.14668
v 0.02844 0.01561 -0.14668
v 0.02134 0.01561 -0.14194
v 0.02134 0.01561 -0.14194
v 0.02134 0.01561 -0.14194
v 0.02134 0.01561 -0.14194
v 0.02134 0.01561 -0.14194
v 0.02005 0.01164 -0.15780
v 0.02005 0.01164 -0.15780
v 0.02472 0.01316 -0.15780
v 0.02472 0.01316 -0.15780
v 0.02343 0.00919 -0.15502
v 0.02810 0.01561 -0.15502
v 0.02472 0.01806 -0.15780
v 0.02472 0.01806 -0.15780
v 0.01717 0.01561 -0.15780
v 0.01717 0.01561 -0.15780
v 0.01588 0.01164 -0.15502
v 0.02005 0.01958 -0.15780
v 0.02005 0.01958 -0.15780
v 0.01588 0.01958 -0.15502
v 0.02343 0.02203 -0.15502
v 0.02889 0.01316 -0.15051
v 0.02889 0.01806 -0.15051
v 0.02134 0.00767 -0.15051
v 0.02601 0.00919 -0.15051
v 0.01379 0.01316 -0.15051
v 0.01668 0.00919 -0.15051
v 0.01668 0.00919 -0.15051
v 0.01668 0.02203 -0.15051
v 0.01379 0.01806 -0.15051
v 0.02601 0.02203 -0.15051
v 0.02134 0.02355 -0.15051
v 0.02681 0.01164 -0.14600
v 0.01926 0.00919 -0.14600
v 0.01459 0.01561 -0.14600
v 0.01926 0.02203 -0.14600
v 0.02681 0.01958 -0.14600
v 0.02263 0.01164 -0.14322
v 0.02263 0.01164 -0.14322
v 0.02552 0.01561 -0.14322
v 0.02552 0.01561 -0.14322
v 0.01797 0.01316 -0.14322
v 0.01797 0.01316 -0.14322
v 0.01797 0.01806 -0.14322
v 0.01797 0.01806 -0.14322
v 0.02263 0.01958 -0.14322
v 0.02263 0.01958 -0.14322
v 0.02655 -0.00958 -0.16167
v 0.02655 -0.00958 -0.16167
v 0.02655 -0.00958 -0.16167
v 0.02655 -0.00958 -0.16167
v 0.02655 -0.00958 -0.16167
v 0.03263 -0.01400 -0.15664
v 0.02422 -0.01674 -0.15664
v 0.02422 -0.01674 -0.15664
v 0.01902 -0.00958 -0.15664
v 0.02422 -0.00243 -0.15664
v 0.03263 -0.00516 -0.15664
v 0.02887 -0.01674 -0.14852
v 0.02046 -0.01400 -0.14852
v 0.02046 -0.01400 -0.14852
v 0.02046 -0.00516 -0.14852
v 0.02887 -0.00243 -0.14852
v 0.03407 -0.00958 -0.14852
v 0.02655 -0.00958 -0.14350
v 0.02655 -0.00958 -0.14350
v 0.02655 -0.00958 -0.14350
v 0.02655 -0.00958 -0.14350
v 0.02655 -0.00958 -0.14350
v 0.02518 -0.01379 -0.16031
v 0.02518 -0.01379 -0.16031
v 0.03012 -0.01218 -0.16031
v 0.03012 -0.01218 -0.16031
v 0.02876 -0.01639 -0.15736
v 0.03370 -0.00958 -0.15736
v 0.03012 -0.00698 -0.16031
v 0.03012 -0.00698 -0.16031
v 0.02212 -0.00958 -0.16031
v 0.02212 -0.00958 -0.16031
v 0.02076 -0.01379 -0.15736
v 0.02518 -0.00538 -0.16031
v 0.02518 -0.00538 -0.16031
v 0.02076 -0.00538 -0.15736
v 0.02876 -0.00278 -0.15736
v 0.03455 -0.01218 -0.15258
v 0.03455 -0.00698 -0.15258
v 0.02655 -0.01799 -0.15258
v 0.03149 -0.01639 -0.15258
v 0.01855 -0.01218 -0.15258
v 0.02160 -0.01639 -0.15258
v 0.02160 -0.01639 -0.15258
v 0.02160 -0.00278 -0.15258
v 0.01855 -0.00698 -0.15258
v 0.03149 -0.00278 -0.15258
v 0.02655 -0.00117 -0.15258
v 0.03233 -0.01379 -0.14781
v 0.02433 -0.01639 -0.14781
v 0.01939 -0.00958 -0.14781
v 0.02433 -0.00278 -0.14781
v 0.03233 -0.00538 -0.14781
v 0.02791 -0.01379 -0.14485
v 0.02791 -0.01379 -0.14485
v 0.03097 -0.00958 -0.14485
v 0.03097 -0.00958 -0.14485
v 0.02297 -0.01218 -0.14485
v 0.02297 -0.01218 -0.14485
v 0.02297 -0.00698 -0.14485
v 0.02297 -0.00698 -0.14485
v 0.02791 -0.00538 -0.14485
v 0.02791 -0.00538 -0.14485
v -0.00164 -0.02891 -0.16769
v -0.00164 -0.02891 -0.16769
v -0.00164 -0.02891 -0.16769
v -0.00164 -0.02891 -0.16769
v -0.00164 -0.02891 -0.16769
v 0.00415 -0.03311 -0.16292
v -0.00385 -0.03571 -0.16292
v -0.00385 -0.03571 -0.16292
v -0.00879 -0.02891 -0.16292
v -0.00385 -0.02211 -0.16292
v 0.00415 -0.02471 -0.16292
v 0.00057 -0.03571 -0.15520
v -0.00743 -0.03311 -0.15520
v -0.00743 -0.03311 -0.15520
v -0.00743 -0.02471 -0.15520
v 0.00057 -0.02211 -0.15520
v 0.00551 -0.02891 -0.15520
v -0.00164 -0.02891 -0.15042
v -0.00164 -0.02891 -0.15042
v -0.00164 -0.02891 -0.15042
v -0.00164 -0.02891 -0.15042
v -0.00164 -0.02891 -0.15042
v -0.00294 -0.03291 -0.16640
v -0.00294 -0.03291 -0.16640
v 0.00176 -0.03138 -0.16640
v 0.00176 -0.03138 -0.16640
v 0.00046 -0.03538 -0.16360
v 0.00516 -0.02891 -0.16360
v 0.00176 -0.02644 -0.16640
v 0.00176 -0.02644 -0.16640
v -0.00584 -0.02891 -0.16640
v -0.00584 -0.02891 -0.16640
v -0.00714 -0.03291 -0.16360
v -0.00294 -0.02491 -0.16640
v -0.00294 -0.02491 -0.16640
v -0.00714 -0.02491 -0.16360
v 0.00046 -0.02244 -0.16360
v 0.00596 -0.03138 -0.15906
v 0.00596 -0.02644 -0.15906
v -0.00164 -0.03691 -0.15906
v 0.00306 -0.03538 -0.15906
v -0.00924 -0.03138 -0.15906
v -0.00634 -0.03538 -0.15906
v -0.00634 -0.03538 -0.15906
v -0.00634 -0.02244 -0.15906
v -0.00924 -0.02644 -0.15906
v 0.00306 -0.02244 -0.15906
v -0.00164 -0.02092 -0.15906
v 0.00386 -0.03291 -0.15452
v -0.00374 -0.03538 -0.15452
v -0.00844 -0.02891 -0.15452
v -0.00374 -0.02244 -0.15452
v 0.00386 -0.02491 -0.15452
v -0.00034 -0.03291 -0.15171
v -0.00034 -0.03291 -0.15171
v 0.00256 -0.02891 -0.15171
v 0.00256 -0.02891 -0.15171
v -0.00504 -0.03138 -0.15171
v -0.00504 -0.03138 -0.15171
v -0.00504 -0.02644 -0.15171
v -0.00504 -0.02644 -0.15171
v -0.00034 -0.02491 -0.15171
v -0.00034 -0.02491 -0.15171
v -0.02261 -0.02374 -0.16936
v -0.02261 -0.02374 -0.16936
v -0.02261 -0.02374 -0.16936
v -0.02261 -0.02374 -0.16936
v -0.02261 -0.02374 -0.16936
v -0.01662 -0.02809 -0.16443
v -0.02490 -0.03078 -0.16443
v -0.02490 -0.03078 -0.16443
v -0.03001 -0.02374 -0.16443
v -0.02490 -0.01670 -0.16443
v -0.01662 -0.01939 -0.16443
v -0.02032 -0.03078 -0.15643
v -0.02860 -0.02809 -0.15643
v -0.02860 -0.02809 -0.15643
v -0.02860 -0.01939 -0.15643
v -0.02032 -0.01670 -0.15643
v -0.01521 -0.02374 -0.15643
v -0.02261 -0.02374 -0.15150
v -0.02261 -0.02374 -0.15150
v -0.02261 -0.02374 -0.15150
v -0.02261 -0.02374 -0.15150
v -0.02261 -0.02374 -0.15150
v -0.02395 -0.02788 -0.16803
v -0.02395 -0.02788 -0.16803
v -0.01909 -0.02630 -0.16803
v -0.01909 -0.02630 -0.16803
v -0.02043 -0.03043 -0.16513
v -0.01557 -0.02374 -0.16513
v -0.01909 -0.02118 -0.16803
v -0.01909 -0.02118 -0.16803
v -0.02696 -0.02374 -0.16803
v -0.02696 -0.02374 -0.16803
v -0.02830 -0.02788 -0.16513
v -0.02395 -0.01960 -0.16803
v -0.02395 -0.01960 -0.16803
v -0.02830 -0.01960 -0.16513
v -0.02043 -0.01705 -0.16513
v -0.01474 -0.02630 -0.16043
v -0.01474 -0.02118 -0.16043
v -0.02261 -0.03201 -0.16043
v -0.01775 -0.03043 -0.16043
v -0.03048 -0.02630 -0.16043
v -0.02747 -0.03043 -0.16043
v -0.02747 -0.03043 -0.16043
v -0.02747 -0.01705 -0.16043
v -0.03048 -0.02118 -0.16043
v -0.01775 -0.01705 -0.16043
v -0.02261 -0.01547 -0.16043
v -0.01692 -0.02788 -0.15573
v -0.02478 -0.03043 -0.15573
v -0.02965 -0.02374 -0.15573
v -0.02478 -0.01705 -0.15573
v -0.01692 -0.01960 -0.15573
v -0.02127 -0.02788 -0.15283
v -0.02127 -0.02788 -0.15283
v -0.01826 -0.02374 -0.15283
v -0.01826 -0.02374 -0.15283
v -0.02613 -0.02630 -0.15283
v -0.02613 -0.02630 -0.15283
v -0.02613 -0.02118 -0.15283
v -0.02613 -0.02118 -0.15283
v -0.02127 -0.01960 -0.15283
v -0.02127 -0.01960 -0.15283
v -0.02444 -0.00304 -0.16911
v -0.02444 -0.00304 -0.16911
v -0.02444 -0.00304 -0.16911
v -0.02444 -0.00304 -0.16911
v -0.02444 -0.00304 -0.16911
v -0.01810 -0.00765 -0.16388
v -0.02686 -0.01049 -0.16388
v -0.02686 -0.01049 -0.16388
v -0.03227 -0.00304 -0.16388
v -0.02686 0.00441 -0.16388
v -0.01810 0.00156 -0.16388
v -0.02202 -0.01049 -0.15542
v -0.03077 -0.00765 -0.15542
v -0.03077 -0.00765 -0.15542
v -0.03077 0.00156 -0.15542
v -0.02202 0.00441 -0.15542
v -0.01660 -0.00304 -0.15542
v -0.02444 -0.00304 -0.15019
v -0.02444 -0.00304 -0.15019
v -0.02444 -0.00304 -0.15019
v -0.02444 -0.00304 -0.15019
v -0.02444 -0.00304 -0.15019
v -0.02586 -0.00742 -0.16770
v -0.02586 -0.00742 -0.16770
v -0.02071 -0.00575 -0.16770
v -0.02071 -0.00575 -0.16770
v -0.02213 -0.01013 -0.16463
v -0.01699 -0.00304 -0.16463
v -0.02071 -0.00034 -0.16770
v -0.02071 -0.00034 -0.16770
v -0.02904 -0.00304 -0.16770
v -0.02904 -0.00304 -0.16770
v -0.03046 -0.00742 -0.16463
v -0.02586 0.00133 -0.16770
v -0.02586 0.00133 -0.16770
v -0.03046 0.00133 -0.16463
v -0.02213 0.00404 -0.16463
v -0.01611 -0.00575 -0.15965
v -0.01611 -0.00034 -0.15965
v -0.02444 -0.01180 -0.15965
v -0.01929 -0.01013 -0.15965
v -0.03277 -0.00575 -0.15965
v -0.02958 -0.01013 -0.15965
v -0.02958 -0.01013 -0.15965
v -0.02958 0.00404 -0.15965
v -0.03277 -0.00034 -0.15965
v -0.01929 0.00404 -0.15965
v -0.02444 0.00571 -0.15965
v -0.01841 -0.00742 -0.15468
v -0.02674 -0.01013 -0.15468
v -0.03189 -0.00304 -0.15468
v -0.02674 0.00404 -0.15468
v -0.01841 0.00133 -0.15468
v -0.02301 -0.00742 -0.15161
v -0.02301 -0.00742 -0.15161
v -0.01983 -0.00304 -0.15161
v -0.01983 -0.00304 -0.15161
v -0.02816 -0.00575 -0.15161
v -0.02816 -0.00575 -0.15161
v -0.02816 -0.00034 -0.15161
v -0.02816 -0.00034 -0.15161
v -0.02301 0.00133 -0.15161
v -0.02301 0.00133 -0.15161
v -0.01014 0.02208 -0.16706
v -0.01014 0.02208 -0.16706
v -0.01014 0.02208 -0.16706
v -0.01014 0.02208 -0.16706
v -0.01014 0.02208 -0.16706
v -0.00420 0.01776 -0.16216
v -0.01241 0.01509 -0.16216
v -0.01241 0.01509 -0.16216
v -0.01749 0.02208 -0.16216
v -0.01241 0.02906 -0.16216
v -0.00420 0.02639 -0.16216
v -0.00787 0.01509 -0.15422
v -0.01609 0.01776 -0.15422
v -0.01609 0.01776 -0.15422
v -0.01609 0.02639 -0.15422
v -0.00787 0.02906 -0.15422
v -0.00279 0.02208 -0.15422
v -0.01014 0.02208 -0.14932
v -0.01014 0.02208 -0.14932
v -0.01014 0.02208 -0.14932
v -0.01014 0.02208 -0.14932
v -0.01014 0.02208 -0.14932
v -0.01148 0.01797 -0.16574
v -0.01148 0.01797 -0.16574
v -0.00665 0.01954 -0.16574
v -0.00665 0.01954 -0.16574
v -0.00798 0.01543 -0.16285
v -0.00315 0.02208 -0.16285
v -0.00665 0.02461 -0.16574
v -0.00665 0.02461 -0.16574
v -0.01446 0.02208 -0.16574
v -0.01446 0.02208 -0.16574
v -0.01579 0.01797 -0.16285
v -0.01148 0.02618 -0.16574
v -0.01148 0.02618 -0.16574
v -0.01579 0.02618 -0.16285
v -0.00798 0.02872 -0.16285
v -0.00233 0.01954 -0.15819
v -0.00233 0.02461 -0.15819
v -0.01014 0.01386 -0.15819
v -0.00531 0.01543 -0.15819
v -0.01795 0.01954 -0.15819
v -0.01497 0.01543 -0.15819
v -0.01497 0.01543 -0.15819
v -0.01497 0.02872 -0.15819
v -0.01795 0.02461 -0.15819
v -0.00531 0.02872 -0.15819
v -0.01014 0.03029 -0.15819
v -0.00449 0.01797 -0.15352
v -0.01230 0.01543 -0.15352
v -0.01713 0.02208 -0.15352
v -0.01230 0.02872 -0.15352
v -0.00449 0.02618 -0.15352
v -0.00881 0.01797 -0.15064
v -0.00881 0.01797 -0.15064
v -0.00582 0.02208 -0.15064
v -0.00582 0.02208 -0.15064
v -0.01364 0.01954 -0.15064
v -0.01364 0.01954 -0.15064
v -0.01364 0.02461 -0.15064
v -0.01364 0.02461 -0.15064
v -0.00881 0.02618 -0.15064
v -0.00881 0.02618 -0.15064
v 0.00682 0.02784 -0.16673
v 0.00682 0.02784 -0.16673
v 0.00682 0.02784 -0.16673
v 0.00682 0.02784 -0.16673
v 0.00682 0.02784 -0.16673
v 0.01311 0.02326 -0.16153
v 0.00441 0.02043 -0.16153
v 0.00441 0.02043 -0.16153
v -0.00097 0.02784 -0.16153
v 0.00441 0.03524 -0.16153
v 0.01311 0.03241 -0.16153
v 0.00922 0.02043 -0.15312
v 0.00052 0.02326 -0.15312
v 0.00052 0.02326 -0.15312
v 0.00052 0.03241 -0.15312
v 0.00922 0.03524 -0.15312
v 0.01460 0.02784 -0.15312
v 0.00682 0.02784 -0.14792
v 0.00682 0.02784 -0.14792
v 0.00682 0.02784 -0.14792
v 0.00682 0.02784 -0.14792
v 0.00682 0.02784 -0.14792
v 0.00540 0.02348 -0.16532
v 0.00540 0.02348 -0.16532
v 0.01052 0.02515 -0.16532
v 0.01052 0.02515 -0.16532
v 0.00910 0.02079 -0.16227
v 0.01422 0.02784 -0.16227
v 0.01052 0.03053 -0.16532
v 0.01052 0.03053 -0.16532
v 0.00224 0.02784 -0.16532
v 0.00224 0.02784 -0.16532
v 0.00082 0.02348 -0.16227
v 0.00540 0.03219 -0.16532
v 0.00540 0.03219 -0.16532
v 0.00082 0.03219 -0.16227
v 0.00910 0.03488 -0.16227
v 0.01509 0.02515 -0.15733
v 0.01509 0.03053 -0.15733
v 0.00682 0.01913 -0.15733
v 0.01193 0.02079 -0.15733
v -0.00146 0.02515 -0.15733
v 0.00170 0.02079 -0.15733
v 0.00170 0.02079 -0.15733
v 0.00170 0.03488 -0.15733
v -0.00146 0.03053 -0.15733
v 0.01193 0.03488 -0.15733
v 0.00682 0.03654 -0.15733
v 0.01281 0.02348 -0.15238
v 0.00453 0.02079 -0.15238
v -0.00059 0.02784 -0.15238
v 0.00453 0.03488 -0.15238
v 0.01281 0.03219 -0.15238
v 0.00823 0.02348 -0.14933
v 0.00823 0.02348 -0.14933
v 0.01139 0.02784 -0.14933
v 0.01139 0.02784 -0.14933
v 0.00311 0.02515 -0.14933
v 0.00311 0.02515 -0.14933
v 0.00311 0.03053 -0.14933
v 0.00311 0.03053 -0.14933
v 0.00823 0.03219 -0.14933
v 0.00823 0.03219 -0.14933
v 0.02700 0.00715 -0.16667
v 0.02700 0.00715 -0.16667
v 0.02700 0.00715 -0.16667
v 0.02700 0.00715 -0.16667
v 0.02700 0.00715 -0.16667
v 0.03284 0.00290 -0.16185
v 0.02476 0.00027 -0.16185
v 0.02476 0.00027 -0.16185
v 0.01977 0.00715 -0.16185
v 0.02476 0.01402 -0.16185
v 0.03284 0.01140 -0.16185
v 0.02923 0.00027 -0.15404
v 0.02115 0.00290 -0.15404
v 0.02115 0.00290 -0.15404
v 0.02115 0.01140 -0.15404
v 0.02923 0.01402 -0.15404
v 0.03422 0.00715 -0.15404
v 0.02700 0.00715 -0.14922
v 0.02700 0.00715 -0.14922
v 0.02700 0.00715 -0.14922
v 0.02700 0.00715 -0.14922
v 0.02700 0.00715 -0.14922
v 0.02568 0.00311 -0.16537
v 0.02568 0.00311 -0.16537
v 0.03043 0.00465 -0.16537
v 0.03043 0.00465 -0.16537
v 0.02912 0.00061 -0.16253
v 0.03387 0.00715 -0.16253
v 0.03043 0.00964 -0.16537
v 0.03043 0.00964 -0.16537
v 0.02275 0.00715 -0.16537
v 0.02275 0.00715 -0.16537
v 0.02143 0.00311 -0.16253
v 0.02568 0.01119 -0.16537
v 0.02568 0.01119 -0.16537
v 0.02143 0.01119 -0.16253
v 0.02912 0.01368 -0.16253
v 0.03468 0.00465 -0.15794
v 0.03468 0.00964 -0.15794
v 0.02700 -0.00093 -0.15794
v 0.03175 0.00061 -0.15794
v 0.01931 0.00465 -0.15794
v 0.02225 0.00061 -0.15794
v 0.02225 0.00061 -0.15794
v 0.02225 0.01368 -0.15794
v 0.01931 0.00964 -0.15794
v 0.03175 0.01368 -0.15794
v 0.02700 0.01523 -0.15794
v 0.03256 0.00311 -0.15336
v 0.02487 0.00061 -0.15336
v 0.02012 0.00715 -0.15336
v 0.02487 0.01368 -0.15336
v 0.03256 0.01119 -0.15336
v 0.02831 0.00311 -0.15052
v 0.02831 0.00311 -0.15052
v 0.03124 0.00715 -0.15052
v 0.03124 0.00715 -0.15052
v 0.02356 0.00465 -0.15052
v 0.02356 0.00465 -0.15052
v 0.02356 0.00964 -0.15052
v 0.02356 0.00964 -0.15052
v 0.02831 0.01119 -0.15052
v 0.02831 0.01119 -0.15052
v 0.02923 -0.01763 -0.17123
v 0.02923 -0.01763 -0.17123
v 0.02923 -0.01763 -0.17123
v 0.02923 -0.01763 -0.17123
v 0.02923 -0.01763 -0.17123
v 0.03578 -0.02239 -0.16582
v 0.02672 -0.02533 -0.16582
v 0.02672 -0.02533 -0.16582
v 0.02112 -0.01763 -0.16582
v 0.02672 -0.00992 -0.16582
v 0.03578 -0.01286 -0.16582
v 0.03173 -0.02533 -0.15707
v 0.02267 -0.02239 -0.15707
v 0.02267 -0.02239 -0.15707
v 0.02267 -0.01286 -0.15707
v 0.03173 -0.00992 -0.15707
v 0.03733 -0.01763 -0.15707
v 0.02923 -0.01763 -0.15166
v 0.02923 -0.01763 -0.15166
v 0.02923 -0.01763 -0.15166
v 0.02923 -0.01763 -0.15166
v 0.02923 -0.01763 -0.15166
v 0.02776 -0.02216 -0.16977
v 0.02776 -0.02216 -0.16977
v 0.03308 -0.02043 -0.16977
v 0.03308 -0.02043 -0.16977
v 0.03161 -0.02496 -0.16659
v 0.03693 -0.01763 -0.16659
v 0.03308 -0.01483 -0.16977
v 0.03308 -0.01483 -0.16977
v 0.02446 -0.01763 -0.16977
v 0.02446 -0.01763 -0.16977
v 0.02299 -0.02216 -0.16659
v 0.02776 -0.01310 -0.16977
v 0.02776 -0.01310 -0.16977
v 0.02299 -0.01310 -0.16659
v 0.03161 -0.01030 -0.16659
v 0.03784 -0.02043 -0.16145
v 0.03784 -0.01483 -0.16145
v 0.02923 -0.02669 -0.16145
v 0.03455 -0.02496 -0.16145
v 0.02061 -0.02043 -0.16145
v 0.02390 -0.02496 -0.16145
v 0.02390 -0.02496 -0.16145
v 0.02390 -0.01030 -0.16145
v 0.02061 -0.01483 -0.16145
v 0.03455 -0.01030 -0.16145
v 0.02923 -0.00857 -0.16145
v 0.03546 -0.02216 -0.15630
v 0.02685 -0.02496 -0.15630
v 0.02152 -0.01763 -0.15630
v 0.02685 -0.01030 -0.15630
v 0.03546 -0.01310 -0.15630
v 0.03070 -0.02216 -0.15312
v 0.03070 -0.02216 -0.15312
v 0.03399 -0.01763 -0.15312
v 0.03399 -0.01763 -0.15312
v 0.02537 -0.02043 -0.15312
v 0.02537 -0.02043 -0.15312
v 0.02537 -0.01483 -0.15312
v 0.02537 -0.01483 -0.15312
v 0.03070 -0.01310 -0.15312
v 0.03070 -0.01310 -0.15312
v -0.01041 0.00885 -0.18314
v -0.01041 0.00885 -0.18314
v -0.01041 0.00885 -0.18314
v -0.01041 0.00885 -0.18314
v -0.01041 0.00885 -0.18314
v -0.00437 0.00445 -0.17815
v -0.01272 0.00174 -0.17815
v -0.01272 0.00174 -0.17815
v -0.01789 0.00885 -0.17815
v -0.01272 0.01595 -0.17815
v -0.00437 0.01324 -0.17815
v -0.00811 0.00174 -0.17008
v -0.01646 0.00445 -0.17008
v -0.01646 0.00445 -0.17008
v -0.01646 0.01324 -0.17008
v -0.00811 0.01595 -0.17008
v -0.00294 0.00885 -0.17008
v -0.01041 0.00885 -0.16509
v -0.01041 0.00885 -0.16509
v -0.01041 0.00885 -0.16509
v -0.01041 0.00885 -0.16509
v -0.01041 0.00885 -0.16509
v -0.01177 0.00467 -0.18179
v -0.01177 0.00467 -0.18179
v -0.00686 0.00626 -0.18179
v -0.00686 0.00626 -0.18179
v -0.00822 0.00209 -0.17886
v -0.00331 0.00885 -0.17886
v -0.00686 0.01143 -0.18179
v -0.00686 0.01143 -0.18179
v -0.01481 0.00885 -0.18179
v -0.01481 0.00885 -0.18179
v -0.01616 0.00467 -0.17886
v -0.01177 0.01302 -0.18179
v -0.01177 0.01302 -0.18179
v -0.01616 0.01302 -0.17886
v -0.00822 0.01560 -0.17886
v -0.00247 0.00626 -0.17412
v -0.00247 0.01143 -0.17412
v -0.01041 0.00049 -0.17412
v -0.00550 0.00209 -0.17412
v -0.01836 0.00626 -0.17412
v -0.01532 0.00209 -0.17412
v -0.01532 0.00209 -0.17412
v -0.01532 0.01560 -0.17412
v -0.01836 0.01143 -0.17412
v -0.00550 0.01560 -0.17412
v -0.01041 0.01720 -0.17412
v -0.00467 0.00467 -0.16937
v -0.01261 0.00209 -0.16937
v -0.01752 0.00885 -0.16937
v -0.01261 0.01560 -0.16937
v -0.00467 0.01302 -0.16937
v -0.00906 0.00467 -0.16644
v -0.00906 0.00467 -0.16644
v -0.00602 0.00885 -0.16644
v -0.00602 0.00885 -0.16644
v -0.01397 0.00626 -0.16644
v -0.01397 0.00626 -0.16644
v -0.01397 0.01143 -0.16644
v -0.01397 0.01143 -0.16644
v -0.00906 0.01302 -0.16644
v -0.00906 0.01302 -0.16644
v 0.00683 0.02305 -0.18131
v 0.00683 0.02305 -0.18131
v 0.00683 0.02305 -0.18131
v 0.00683 0.02305 -0.18131
v 0.00683 0.02305 -0.18131
v 0.01334 0.01832 -0.17594
v 0.00434 0.01539 -0.17594
v 0.00434 0.01539 -0.17594
v -0.00122 0.02305 -0.17594
v 0.00434 0.03070 -0.17594
v 0.01334 0.02778 -0.17594
v 0.00931 0.01539 -0.16725
v 0.00032 0.01832 -0.16725
v 0.00032 0.01832 -0.16725
v 0.00032 0.02778 -0.16725
v 0.00931 0.03070 -0.16725
v 0.01487 0.02305 -0.16725
v 0.00683 0.02305 -0.16187
v 0.00683 0.02305 -0.16187
v 0.00683 0.02305 -0.16187
v 0.00683 0.02305 -0.16187
v 0.00683 0.02305 -0.16187
v 0.00537 0.01855 -0.17986
v 0.00537 0.01855 -0.17986
v 0.01065 0.02027 -0.17986
v 0.01065 0.02027 -0.17986
v 0.00919 0.01577 -0.17670
v 0.01448 0.02305 -0.17670
v 0.01065 0.02583 -0.17986
v 0.01065 0.02583 -0.17986
v 0.00210 0.02305 -0.17986
v 0.00210 0.02305 -0.17986
v 0.00064 0.01855 -0.17670
v 0.00537 0.02754 -0.17986
v 0.00537 0.02754 -0.17986
v 0.00064 0.02754 -0.17670
v 0.00919 0.03032 -0.17670
v 0.01538 0.02027 -0.17159
v 0.01538 0.02583 -0.17159
v 0.00683 0.01405 -0.17159
v 0.01212 0.01577 -0.17159
v -0.00173 0.02027 -0.17159
v 0.00154 0.01577 -0.17159
v 0.00154 0.01577 -0.17159
v 0.00154 0.03032 -0.17159
v -0.00173 0.02583 -0.17159
v 0.01212 0.03032 -0.17159
v 0.00683 0.03204 -0.17159
v 0.01302 0.01855 -0.16648
v 0.00446 0.01577 -0.16648
v -0.00083 0.02305 -0.16648
v 0.00446 0.03032 -0.16648
v 0.01302 0.02754 -0.16648
v 0.00829 0.01855 -0.16332
v 0.00829 0.01855 -0.16332
v 0.01156 0.02305 -0.16332
v 0.01156 0.02305 -0.16332
v 0.00300 0.02027 -0.16332
v 0.00300 0.02027 -0.16332
v 0.00300 0.02583 -0.16332
v 0.00300 0.02583 -0.16332
v 0.00829 0.02754 -0.16332
v 0.00829 0.02754 -0.16332
v 0.01831 -0.00358 -0.18355
v 0.01831 -0.00358 -0.18355
v 0.01831 -0.00358 -0.18355
v 0.01831 -0.00358 -0.18355
v 0.01831 -0.00358 -0.18355
v 0.02463 -0.00818 -0.17833
v 0.01589 -0.01102 -0.17833
v 0.01589 -0.01102 -0.17833
v 0.01049 -0.00358 -0.17833
v 0.01589 0.00385 -0.17833
v 0.02463 0.00101 -0.17833
v 0.02072 -0.01102 -0.16988
v 0.01198 -0.00818 -0.16988
v 0.01198 -0.00818 -0.16988
v 0.01198 0.00101 -0.16988
v 0.02072 0.00385 -0.16988
v 0.02613 -0.00358 -0.16988
v 0.01831 -0.00358 -0.16466
v 0.01831 -0.00358 -0.16466
v 0.01831 -0.00358 -0.16466
v 0.01831 -0.00358 -0.16466
v 0.01831 -0.00358 -0.16466
v 0.01689 -0.00796 -0.18214
v 0.01689 -0.00796 -0.18214
v 0.02203 -0.00629 -0.18214
v 0.02203 -0.00629 -0.18214
v 0.02061 -0.01066 -0.17907
v 0.02575 -0.00358 -0.17907
v 0.02203 -0.00088 -0.18214
v 0.02203 -0.00088 -0.18214
v 0.01371 -0.00358 -0.18214
v 0.01371 -0.00358 -0.18214
v 0.01229 -0.00796 -0.17907
v 0.01689 0.00079 -0.18214
v 0.01689 0.00079 -0.18214
v 0.01229 0.00079 -0.17907
v 0.02061 0.00349 -0.17907
v 0.02662 -0.00629 -0.17411
v 0.02662 -0.00088 -0.17411
v 0.01831 -0.01233 -0.17411
v 0.02345 -0.01066 -0.17411
v 0.00999 -0.00629 -0.17411
v 0.01317 -0.01066 -0.17411
v 0.01317 -0.01066 -0.17411
v 0.01317 0.00349 -0.17411
v 0.00999 -0.00088 -0.17411
v 0.02345 0.00349 -0.17411
v 0.01831 0.00516 -0.17411
v 0.02432 -0.00796 -0.16914
v 0.01601 -0.01066 -0.16914
v 0.01087 -0.00358 -0.16914
v 0.01601 0.00349 -0.16914
v 0.02432 0.00079 -0.16914
v 0.01973 -0.00796 -0.16607
v 0.01973 -0.00796 -0.16607
v 0.02290 -0.00358 -0.16607
v 0.02290 -0.00358 -0.16607
v 0.01459 -0.00629 -0.16607
v 0.01459 -0.00629 -0.16607
v 0.01459 -0.00088 -0.16607
v 0.01459 -0.00088 -0.16607
v 0.01973 0.00079 -0.16607
v 0.01973 0.00079 -0.16607
v 0.01756 -0.02162 -0.18055
v 0.01756 -0.02162 -0.18055
v 0.01756 -0.02162 -0.18055
v 0.01756 -0.02162 -0.18055
v 0.01756 -0.02162 -0.18055
v 0.02409 -0.02637 -0.17517
v 0.01507 -0.02930 -0.17517
v 0.01507 -0.02930 -0.17517
v 0.00949 -0.02162 -0.17517
v 0.01507 -0.01395 -0.17517
v 0.02409 -0.01688 -0.17517
v 0.02006 -0.02930 -0.16645
v 0.01103 -0.02637 -0.16645
v 0.01103 -0.02637 -0.16645
v 0.01103 -0.01688 -0.16645
v 0.02006 -0.01395 -0.16645
v 0.02563 -0.02162 -0.16645
v 0.01756 -0.02162 -0.16107
v 0.01756 -0.02162 -0.16107
v 0.01756 -0.02162 -0.16107
v 0.01756 -0.02162 -0.16107
v 0.01756 -0.02162 -0.16107
v 0.01610 -0.02614 -0.17910
v 0.01610 -0.02614 -0.17910
v 0.02140 -0.02441 -0.17910
v 0.02140 -0.02441 -0.17910
v 0.01993 -0.02892 -0.17593
v 0.02524 -0.02162 -0.17593
v 0.02140 -0.01884 -0.17910
v 0.02140 -0.01884 -0.17910
v 0.01282 -0.02162 -0.17910
v 0.01282 -0.02162 -0.17910
v 0.01135 -0.02614 -0.17593
v 0.01610 -0.01711 -0.17910
v 0.01610 -0.01711 -0.17910
v 0.01135 -0.01711 -0.17593
v 0.01993 -0.01433 -0.17593
v 0.02614 -0.02441 -0.17081
v 0.02614 -0.01884 -0.17081
v 0.01756 -0.03065 -0.17081
v 0.02287 -0.02892 -0.17081
v 0.00898 -0.02441 -0.17081
v 0.01226 -0.02892 -0.17081
v 0.01226 -0.02892 -0.17081
v 0.01226 -0.01433 -0.17081
v 0.00898 -0.01884 -0.17081
v 0.02287 -0.01433 -0.17081
v 0.01756 -0.01260 -0.17081
v 0.02377 -0.02614 -0.16569
v 0.01519 -0.02892 -0.16569
v 0.00989 -0.02162 -0.16569
v 0.01519 -0.01433 -0.16569
v 0.02377 -0.01711 -0.16569
v 0.01903 -0.02614 -0.16252
v 0.01903 -0.02614 -0.16252
v 0.02231 -0.02162 -0.16252
v 0.02231 -0.02162 -0.16252
v 0.01373 -0.02441 -0.16252
v 0.01373 -0.02441 -0.16252
v 0.01373 -0.01884 -0.16252
v 0.01373 -0.01884 -0.16252
v 0.01903 -0.01711 -0.16252
v 0.01903 -0.01711 -0.16252
v -0.01809 -0.01697 -0.18084
v -0.01809 -0.01697 -0.18084
v -0.01809 -0.01697 -0.18084
v -0.01809 -0.01697 -0.18084
v -0.01809 -0.01697 -0.18084
v -0.01197 -0.02141 -0.17580
v -0.02042 -0.02416 -0.17580
v -0.02042 -0.02416 -0.17580
v -0.02565 -0.01697 -0.17580
v -0.02042 -0.00977 -0.17580
v -0.01197 -0.01252 -0.17580
v -0.01575 -0.02416 -0.16763
v -0.02420 -0.02141 -0.16763
v -0.02420 -0.02141 -0.16763
v -0.02420 -0.01252 -0.16763
v -0.01575 -0.00977 -0.16763
v -0.01052 -0.01697 -0.16763
v -0.01809 -0.01697 -0.16258
v -0.01809 -0.01697 -0.16258
v -0.01809 -0.01697 -0.16258
v -0.01809 -0.01697 -0.16258
v -0.01809 -0.01697 -0.16258
v -0.01946 -0.02119 -0.17948
v -0.01946 -0.02119 -0.17948
v -0.01449 -0.01958 -0.17948
v -0.01449 -0.01958 -0.17948
v -0.01586 -0.02381 -0.17651
v -0.01089 -0.01697 -0.17651
v -0.01449 -0.01435 -0.17948
v -0.01449 -0.01435 -0.17948
v -0.02253 -0.01697 -0.17948
v -0.02253 -0.01697 -0.17948
v -0.02390 -0.02119 -0.17651
v -0.01946 -0.01274 -0.17948
v -0.01946 -0.01274 -0.17948
v -0.02390 -0.01274 -0.17651
v -0.01586 -0.01013 -0.17651
v -0.01004 -0.01958 -0.17171
v -0.01004 -0.01435 -0.17171
v -0.01809 -0.02542 -0.17171
v -0.01312 -0.02381 -0.17171
v -0.02613 -0.01958 -0.17171
v -0.02306 -0.02381 -0.17171
v -0.02306 -0.02381 -0.17171
v -0.02306 -0.01013 -0.17171
v -0.02613 -0.01435 -0.17171
v -0.01312 -0.01013 -0.17171
v -0.01809 -0.00851 -0.17171
v -0.01227 -0.02119 -0.16691
v -0.02031 -0.02381 -0.16691
v -0.02528 -0.01697 -0.16691
v -0.02031 -0.01013 -0.16691
v -0.01227 -0.01274 -0.16691
v -0.01671 -0.02119 -0.16395
v -0.01671 -0.02119 -0.16395
v -0.01364 -0.01697 -0.16395
v -0.01364 -0.01697 -0.16395
v -0.02168 -0.01958 -0.16395
v -0.02168 -0.01958 -0.16395
v -0.02168 -0.01435 -0.16395
v -0.02168 -0.01435 -0.16395
v -0.01671 -0.01274 -0.16395
v -0.01671 -0.01274 -0.16395
v -0.00632 0.01120 -0.19113
v -0.00632 0.01120 -0.19113
v -0.00632 0.01120 -0.19113
v -0.00632 0.01120 -0.19113
v -0.00632 0.01120 -0.19113
v 0.00002 0.00659 -0.18591
v -0.00874 0.00375 -0.18591
v -0.00874 0.00375 -0.18591
v -0.01415 0.01120 -0.18591
v -0.00874 0.01864 -0.18591
v 0.00002 0.01580 -0.18591
v -0.00390 0.00375 -0.17746
v -0.01265 0.00659 -0.17746
v -0.01265 0.00659 -0.17746
v -0.01265 0.01580 -0.17746
v -0.00390 0.01864 -0.17746
v 0.00151 0.01120 -0.17746
v -0.00632 0.01120 -0.17223
v -0.00632 0.01120 -0.17223
v -0.00632 0.01120 -0.17223
v -0.00632 0.01120 -0.17223
v -0.00632 0.01120 -0.17223
v -0.00774 0.00682 -0.18972
v -0.00774 0.00682 -0.18972
v -0.00259 0.00849 -0.18972
v -0.00259 0.00849 -0.18972
v -0.00402 0.00412 -0.18665
v 0.00113 0.01120 -0.18665
v -0.00259 0.01390 -0.18972
v -0.00259 0.01390 -0.18972
v -0.01092 0.01120 -0.18972
v -0.01092 0.01120 -0.18972
v -0.01234 0.00682 -0.18665
v -0.00774 0.01557 -0.18972
v -0.00774 0.01557 -0.18972
v -0.01234 0.01557 -0.18665
v -0.00402 0.01828 -0.18665
v 0.00201 0.00849 -0.18168
v 0.00201 0.01390 -0.18168
v -0.00632 0.00244 -0.18168
v -0.00117 0.00412 -0.18168
v -0.01464 0.00849 -0.18168
v -0.01146 0.00412 -0.18168
v -0.01146 0.00412 -0.18168
v -0.01146 0.01828 -0.18168
v -0.01464 0.01390 -0.18168
v -0.00117 0.01828 -0.18168
v -0.00632 0.01995 -0.18168
v -0.00029 0.00682 -0.17671
v -0.00862 0.00412 -0.17671
v -0.01376 0.01120 -0.17671
v -0.00862 0.01828 -0.17671
v -0.00029 0.01557 -0.17671
v -0.00490 0.00682 -0.17364
v -0.00490 0.00682 -0.17364
v -0.00172 0.01120 -0.17364
v -0.00172 0.01120 -0.17364
v -0.01004 0.00849 -0.17364
v -0.01004 0.00849 -0.17364
v -0.01004 0.01390 -0.17364
v -0.01004 0.01390 -0.17364
v -0.00490 0.01557 -0.17364
v -0.00490 0.01557 -0.17364
v 0.01510 0.00465 -0.19149
v 0.01510 0.00465 -0.19149
v 0.01510 0.00465 -0.19149
v 0.01510 0.00465 -0.19149
v 0.01510 0.00465 -0.19149
v 0.02100 0.00037 -0.18662
v 0.01285 -0.00228 -0.18662
v 0.01285 -0.00228 -0.18662
v 0.00781 0.00465 -0.18662
v 0.01285 0.01159 -0.18662
v 0.02100 0.00894 -0.18662
v 0.01735 -0.00228 -0.17875
v 0.00920 0.00037 -0.17875
v 0.00920 0.00037 -0.17875
v 0.00920 0.00894 -0.17875
v 0.01735 0.01159 -0.17875
v 0.02239 0.00465 -0.17875
v 0.01510 0.00465 -0.17388
v 0.01510 0.00465 -0.17388
v 0.01510 0.00465 -0.17388
v 0.01510 0.00465 -0.17388
v 0.01510 0.00465 -0.17388
v 0.01378 0.00058 -0.19017
v 0.01378 0.00058 -0.19017
v 0.01857 0.00214 -0.19017
v 0.01857 0.00214 -0.19017
v 0.01724 -0.00194 -0.18731
v 0.02203 0.00465 -0.18731
v 0.01857 0.00717 -0.19017
v 0.01857 0.00717 -0.19017
v 0.01082 0.00465 -0.19017
v 0.01082 0.00465 -0.19017
v 0.00949 0.00058 -0.18731
v 0.01378 0.00873 -0.19017
v 0.01378 0.00873 -0.19017
v 0.00949 0.00873 -0.18731
v 0.01724 0.01125 -0.18731
v 0.02285 0.00214 -0.18268
v 0.02285 0.00717 -0.18268
v 0.01510 -0.00350 -0.18268
v 0.01989 -0.00194 -0.18268
v 0.00735 0.00214 -0.18268
v 0.01031 -0.00194 -0.18268
v 0.01031 -0.00194 -0.18268
v 0.01031 0.01125 -0.18268
v 0.00735 0.00717 -0.18268
v 0.01989 0.01125 -0.18268
v 0.01510 0.01280 -0.18268
v 0.02071 0.00058 -0.17806
v 0.01296 -0.00194 -0.17806
v 0.00817 0.00465 -0.17806
v 0.01296 0.01125 -0.17806
v 0.02071 0.00873 -0.17806
v 0.01643 0.00058 -0.17520
v 0.01643 0.00058 -0.17520
v 0.01939 0.00465 -0.17520
v 0.01939 0.00465 -0.17520
v 0.01163 0.00214 -0.17520
v 0.01163 0.00214 -0.17520
v 0.01163 0.00717 -0.17520
v 0.01163 0.00717 -0.17520
v 0.01643 0.00873 -0.17520
v 0.01643 0.00873 -0.17520
v 0.01445 -0.00948 -0.19157
v 0.01445 -0.00948 -0.19157
v 0.01445 -0.00948 -0.19157
v 0.01445 -0.00948 -0.19157
v 0.01445 -0.00948 -0.19157
v 0.02017 -0.01364 -0.18686
v 0.01227 -0.01620 -0.18686
v 0.01227 -0.01620 -0.18686
v 0.00739 -0.00948 -0.18686
v 0.01227 -0.00276 -0.18686
v 0.02017 -0.00533 -0.18686
v 0.01664 -0.01620 -0.17923
v 0.00874 -0.01364 -0.17923
v 0.00874 -0.01364 -0.17923
v 0.00874 -0.00533 -0.17923
v 0.01664 -0.00276 -0.17923
v 0.02152 -0.00948 -0.17923
v 0.01445 -0.00948 -0.17451
v 0.01445 -0.00948 -0.17451
v 0.01445 -0.00948 -0.17451
v 0.01445 -0.00948 -0.17451
v 0.01445 -0.00948 -0.17451
v 0.01317 -0.01343 -0.19030
v 0.01317 -0.01343 -0.19030
v 0.01781 -0.01192 -0.19030
v 0.01781 -0.01192 -0.19030
v 0.01653 -0.01587 -0.18753
v 0.02117 -0.00948 -0.18753
v 0.01781 -0.00704 -0.19030
v 0.01781 -0.00704 -0.19030
v 0.01030 -0.00948 -0.19030
v 0.01030 -0.00948 -0.19030
v 0.00902 -0.01343 -0.18753
v 0.01317 -0.00553 -0.19030
v 0.01317 -0.00553 -0.19030
v 0.00902 -0.00553 -0.18753
v 0.01653 -0.00309 -0.18753
v 0.02196 -0.01192 -0.18304
v 0.02196 -0.00704 -0.18304
v 0.01445 -0.01738 -0.18304
v 0.01910 -0.01587 -0.18304
v 0.00694 -0.01192 -0.18304
v 0.00981 -0.01587 -0.18304
v 0.00981 -0.01587 -0.18304
v 0.00981 -0.00309 -0.18304
v 0.00694 -0.00704 -0.18304
v 0.01910 -0.00309 -0.18304
v 0.01445 -0.00158 -0.18304
v 0.01989 -0.01343 -0.17856
v 0.01238 -0.01587 -0.17856
v 0.00773 -0.00948 -0.17856
v 0.01238 -0.00309 -0.17856
v 0.01989 -0.00553 -0.17856
v 0.01574 -0.01343 -0.17579
v 0.01574 -0.01343 -0.17579
v 0.01861 -0.00948 -0.17579
v 0.01861 -0.00948 -0.17579
v 0.01109 -0.01192 -0.17579
v 0.01109 -0.01192 -0.17579
v 0.01109 -0.00704 -0.17579
v 0.01109 -0.00704 -0.17579
v 0.01574 -0.00553 -0.17579
v 0.01574 -0.00553 -0.17579
v -0.01362 -0.01037 -0.19367
v -0.01362 -0.01037 -0.19367
v -0.01362 -0.01037 -0.19367
v -0.01362 -0.01037 -0.19367
v -0.01362 -0.01037 -0.19367
v -0.00747 -0.01484 -0.18859
v -0.01597 -0.01760 -0.18859
v -0.01597 -0.01760 -0.18859
v -0.02122 -0.01037 -0.18859
v -0.01597 -0.00314 -0.18859
v -0.00747 -0.00590 -0.18859
v -0.01127 -0.01760 -0.18038
v -0.01977 -0.01484 -0.18038
v -0.01977 -0.01484 -0.18038
v -0.01977 -0.00590 -0.18038
v -0.01127 -0.00314 -0.18038
v -0.00601 -0.01037 -0.18038
v -0.01362 -0.01037 -0.17530
v -0.01362 -0.01037 -0.17530
v -0.01362 -0.01037 -0.17530
v -0.01362 -0.01037 -0.17530
v -0.01362 -0.01037 -0.17530
v -0.01500 -0.01462 -0.19230
v -0.01500 -0.01462 -0.19230
v -0.01000 -0.01300 -0.19230
v -0.01000 -0.01300 -0.19230
v -0.01138 -0.01725 -0.18931
v -0.00639 -0.01037 -0.18931
v -0.01000 -0.00774 -0.19230
v -0.01000 -0.00774 -0.19230
v -0.01809 -0.01037 -0.19230
v -0.01809 -0.01037 -0.19230
v -0.01947 -0.01462 -0.18931
v -0.01500 -0.00612 -0.19230
v -0.01500 -0.00612 -0.19230
v -0.01947 -0.00612 -0.18931
v -0.01138 -0.00349 -0.18931
v -0.00553 -0.01300 -0.18449
v -0.00553 -0.00774 -0.18449
v -0.01362 -0.01887 -0.18449
v -0.00862 -0.01725 -0.18449
v -0.02170 -0.01300 -0.18449
v -0.01862 -0.01725 -0.18449
v -0.01862 -0.01725 -0.18449
v -0.01862 -0.00349 -0.18449
v -0.02170 -0.00774 -0.18449
v -0.00862 -0.00349 -0.18449
v -0.01362 -0.00187 -0.18449
v -0.00777 -0.01462 -0.17966
v -0.01585 -0.01725 -0.17966
v -0.02085 -0.01037 -0.17966
v -0.01585 -0.00349 -0.17966
v -0.00777 -0.00612 -0.17966
v -0.01224 -0.01462 -0.17667
v -0.01224 -0.01462 -0.17667
v -0.00915 -0.01037 -0.17667
v -0.00915 -0.01037 -0.17667
v -0.01723 -0.01300 -0.17667
v -0.01723 -0.01300 -0.17667
v -0.01723 -0.00774 -0.17667
v -0.01723 -0.00774 -0.17667
v -0.01224 -0.00612 -0.17667
v -0.01224 -0.00612 -0.17667
v -0.01191 -0.00537 -0.20203
v -0.01191 -0.00537 -0.20203
v -0.01191 -0.00537 -0.20203
v -0.01191 -0.00537 -0.20203
v -0.01191 -0.00537 -0.20203
v -0.00596 -0.00970 -0.19712
v -0.01419 -0.01237 -0.19712
v -0.01419 -0.01237 -0.19712
v -0.01927 -0.00537 -0.19712
v -0.01419 0.00163 -0.19712
v -0.00596 -0.00105 -0.19712
v -0.00964 -0.01237 -0.18916
v -0.01787 -0.00970 -0.18916
v -0.01787 -0.00970 -0.18916
v -0.01787 -0.00105 -0.18916
v -0.00964 0.00163 -0.18916
v -0.00455 -0.00537 -0.18916
v -0.01191 -0.00537 -0.18425
v -0.01191 -0.00537 -0.18425
v -0.01191 -0.00537 -0.18425
v -0.01191 -0.00537 -0.18425
v -0.01191 -0.00537 -0.18425
v -0.01325 -0.00949 -0.20070
v -0.01325 -0.00949 -0.20070
v -0.00841 -0.00792 -0.20070
v -0.00841 -0.00792 -0.20070
v -0.00975 -0.01203 -0.19781
v -0.00491 -0.00537 -0.19781
v -0.00841 -0.00283 -0.20070
v -0.00841 -0.00283 -0.20070
v -0.01624 -0.00537 -0.20070
v -0.01624 -0.00537 -0.20070
v -0.01758 -0.00949 -0.19781
v -0.01325 -0.00126 -0.20070
v -0.01325 -0.00126 -0.20070
v -0.01758 -0.00126 -0.19781
v -0.00975 0.00129 -0.19781
v -0.00408 -0.00792 -0.19314
v -0.00408 -0.00283 -0.19314
v -0.01191 -0.01360 -0.19314
v -0.00707 -0.01203 -0.19314
v -0.01974 -0.00792 -0.19314
v -0.01675 -0.01203 -0.19314
v -0.01675 -0.01203 -0.19314
v -0.01675 0.00129 -0.19314
v -0.01974 -0.00283 -0.19314
v -0.00707 0.00129 -0.19314
v -0.01191 0.00286 -0.19314
v -0.00625 -0.00949 -0.18847
v -0.01408 -0.01203 -0.18847
v -0.01891 -0.00537 -0.18847
v -0.01408 0.00129 -0.18847
v -0.00625 -0.00126 -0.18847
v -0.01058 -0.00949 -0.18558
v -0.01058 -0.00949 -0.18558
v -0.00759 -0.00537 -0.18558
v -0.00759 -0.00537 -0.18558
v -0.01541 -0.00792 -0.18558
v -0.01541 -0.00792 -0.18558
v -0.01541 -0.00283 -0.18558
v -0.01541 -0.00283 -0.18558
v -0.01058 -0.00126 -0.18558
v -0.01058 -0.00126 -0.18558
v 0.01449 -0.00116 -0.20114
v 0.01449 -0.00116 -0.20114
v 0.01449 -0.00116 -0.20114
v 0.01449 -0.00116 -0.20114
v 0.01449 -0.00116 -0.20114
v 0.02056 -0.00558 -0.19612
v 0.01216 -0.00831 -0.19612
v 0.01216 -0.00831 -0.19612
v 0.00697 -0.00116 -0.19612
v 0.01216 0.00598 -0.19612
v 0.02056 0.00325 -0.19612
v 0.01681 -0.00831 -0.18801
v 0.00841 -0.00558 -0.18801
v 0.00841 -0.00558 -0.18801
v 0.00841 0.00325 -0.18801
v 0.01681 0.00598 -0.18801
v 0.02200 -0.00116 -0.18801
v 0.01449 -0.00116 -0.18299
v 0.01449 -0.00116 -0.18299
v 0.01449 -0.00116 -0.18299
v 0.01449 -0.00116 -0.18299
v 0.01449 -0.00116 -0.18299
v 0.01312 -0.00536 -0.19978
v 0.01312 -0.00536 -0.19978
v 0.01806 -0.00376 -0.19978
v 0.01806 -0.00376 -0.19978
v 0.01669 -0.00796 -0.19683
v 0.02163 -0.00116 -0.19683
v 0.01806 0.00143 -0.19978
v 0.01806 0.00143 -0.19978
v 0.01007 -0.00116 -0.19978
v 0.01007 -0.00116 -0.19978
v 0.00870 -0.00536 -0.19683
v 0.01312 0.00304 -0.19978
v 0.01312 0.00304 -0.19978
v 0.00870 0.00304 -0.19683
v 0.01669 0.00563 -0.19683
v 0.02248 -0.00376 -0.19206
v 0.02248 0.00143 -0.19206
v 0.01449 -0.00956 -0.19206
v 0.01942 -0.00796 -0.19206
v 0.00650 -0.00376 -0.19206
v 0.00955 -0.00796 -0.19206
v 0.00955 -0.00796 -0.19206
v 0.00955 0.00563 -0.19206
v 0.00650 0.00143 -0.19206
v 0.01942 0.00563 -0.19206
v 0.01449 0.00724 -0.19206
v 0.02027 -0.00536 -0.18729
v 0.01228 -0.00796 -0.18729
v 0.00734 -0.00116 -0.18729
v 0.01228 0.00563 -0.18729
v 0.02027 0.00304 -0.18729
v 0.01585 -0.00536 -0.18435
v 0.01585 -0.00536 -0.18435
v 0.01890 -0.00116 -0.18435
v 0.01890 -0.00116 -0.18435
v 0.01091 -0.00376 -0.18435
v 0.01091 -0.00376 -0.18435
v 0.01091 0.00143 -0.18435
v 0.01091 0.00143 -0.18435
v 0.01585 0.00304 -0.18435
v 0.01585 0.00304 -0.18435
v -0.00469 0.00396 -0.21339
v -0.00469 0.00396 -0.21339
v -0.00469 0.00396 -0.21339
v -0.00469 0.00396 -0.21339
v -0.00469 0.00396 -0.21339
v 0.00157 -0.00059 -0.20822
v -0.00709 -0.00340 -0.20822
v -0.00709 -0.00340 -0.20822
v -0.01244 0.00396 -0.20822
v -0.00709 0.01133 -0.20822
v 0.00157 0.00851 -0.20822
v -0.00230 -0.00340 -0.19986
v -0.01096 -0.00059 -0.19986
v -0.01096 -0.00059 -0.19986
v -0.01096 0.00851 -0.19986
v -0.00230 0.01133 -0.19986
v 0.00305 0.00396 -0.19986
v -0.00469 0.00396 -0.19469
v -0.00469 0.00396 -0.19469
v -0.00469 0.00396 -0.19469
v -0.00469 0.00396 -0.19469
v -0.00469 0.00396 -0.19469
v -0.00610 -0.00037 -0.21200
v -0.00610 -0.00037 -0.21200
v -0.00101 0.00129 -0.21200
v -0.00101 0.00129 -0.21200
v -0.00242 -0.00304 -0.20896
v 0.00267 0.00396 -0.20896
v -0.00101 0.00664 -0.21200
v -0.00101 0.00664 -0.21200
v -0.00924 0.00396 -0.21200
v -0.00924 0.00396 -0.21200
v -0.01065 -0.00037 -0.20896
v -0.00610 0.00829 -0.21200
v -0.00610 0.00829 -0.21200
v -0.01065 0.00829 -0.20896
v -0.00242 0.01097 -0.20896
v 0.00354 0.00129 -0.20404
v 0.00354 0.00664 -0.20404
v -0.00469 -0.00470 -0.20404
v 0.00040 -0.00304 -0.20404
v -0.01293 0.00129 -0.20404
v -0.00978 -0.00304 -0.20404
v -0.00978 -0.00304 -0.20404
v -0.00978 0.01097 -0.20404
v -0.01293 0.00664 -0.20404
v 0.00040 0.01097 -0.20404
v -0.00469 0.01262 -0.20404
v 0.00127 -0.00037 -0.19913
v -0.00697 -0.00304 -0.19913
v -0.01206 0.00396 -0.19913
v -0.00697 0.01097 -0.19913
v 0.00127 0.00829 -0.19913
v -0.00329 -0.00037 -0.19609
v -0.00329 -0.00037 -0.19609
v -0.00014 0.00396 -0.19609
v -0.00014 0.00396 -0.19609
v -0.00838 0.00129 -0.19609
v -0.00838 0.00129 -0.19609
v -0.00838 0.00664 -0.19609
v -0.00838 0.00664 -0.19609
v -0.00329 0.00829 -0.19609
v -0.00329 0.00829 -0.19609
vn 0.1096 -0.3372 -0.9350
vn 0.3546 0.0000 -0.9350
vn 0.1096 0.3372 -0.9350
vn -0.2869 0.2084 -0.9350
vn -0.2869 -0.2084 -0.9350
vn 0.7323 -0.5320 -0.4251
vn -0.1058 -0.9230 -0.3701
vn -0.5111 -0.7155 -0.4763
vn -0.9052 0.0000 -0.4251
vn -0.2797 0.8609 -0.4251
vn 0.7323 0.5320 -0.4251
vn 0.2797 -0.8609 0.4251
vn -0.5225 -0.7072 0.4763
vn -0.8451 -0.3858 0.3701
vn -0.7323 0.5320 0.4251
vn 0.2797 0.8609 0.4251
vn 0.9052 0.0000 0.4251
vn -0.1096 -0.3372 0.9350
vn 0.2869 -0.2084 0.9350
vn 0.2869 0.2084 0.9350
vn -0.1096 0.3372 0.9350
vn -0.3546 0.0000 0.9350
vn 0.0961 -0.5871 -0.8038
vn -0.4228 -0.4185 -0.8038
vn 0.2673 -0.5315 -0.8038
vn 0.5881 -0.0900 -0.8038
vn 0.2670 -0.8218 -0.5034
vn 0.8641 0.0000 -0.5033
vn 0.5881 0.0900 -0.8038
vn 0.2673 0.5315 -0.8038
vn -0.5287 0.2728 -0.8038
vn -0.5287 -0.2728 -0.8038
vn -0.6991 -0.5079 -0.5033
vn 0.0961 0.5871 -0.8038
vn -0.4228 0.4185 -0.8038
vn -0.6991 0.5079 -0.5033
vn 0.2670 0.8218 -0.5034
vn 0.9511 -0.3090 -0.0000
vn 0.9511 0.3090 -0.0000
vn 0.0000 -1.0000 0.0000
vn 0.5878 -0.8090 0.0000
vn -0.9511 -0.3090 0.0000
vn -0.3859 -0.9146 0.1205
vn -0.7506 -0.6497 -0.1205
vn -0.5878 0.8090 -0.0000
vn -0.9511 0.3090 0.0000
vn 0.5878 0.8090 0.0000
vn -0.0000 1.0000 0.0000
vn 0.6991 -0.5079 0.5033
vn -0.2670 -0.8218 0.5034
vn -0.8641 0.0000 0.5033
vn -0.2670 0.8218 0.5034
vn 0.6991 0.5079 0.5033
vn -0.0961 -0.5871 0.8038
vn 0.4228 -0.4185 0.8038
vn 0.5287 -0.2728 0.8038
vn 0.5287 0.2728 0.8038
vn -0.2673 -0.5315 0.8038
vn -0.5881 -0.0900 0.8038
vn -0.2673 0.5315 0.8038
vn -0.5881 0.0900 0.8038
vn 0.4228 0.4185 0.8038
vn -0.0961 0.5871 0.8038
vn 0.1096 -0.3372 -0.9350
vn 0.3546 0.0000 -0.9350
vn 0.1096 0.3372 -0.9350
vn -0.2869 0.2084 -0.9350
vn -0.2869 -0.2084 -0.9350
vn 0.7323 -0.5320 -0.4251
vn -0.1058 -0.9230 -0.3701
vn -0.5111 -0.7155 -0.4763
vn -0.9052 -0.0000 -0.4251
vn -0.2797 0.8609 -0.4251
vn 0.7323 0.5320 -0.4251
vn 0.2797 -0.8609 0.4251
vn -0.5225 -0.7072 0.4763
vn -0.8451 -0.3858 0.3701
vn -0.7323 0.5320 0.4251
vn 0.2797 0.8609 0.4251
vn 0.9052 0.0000 0.4251
vn -0.1096 -0.3372 0.9350
vn 0.2869 -0.2084 0.9350
vn 0.2869 0.2084 0.9350
vn -0.1096 0.3372 0.9350
vn -0.3546 0.0000 0.9350
vn 0.0961 -0.5871 -0.8038
vn -0.4228 -0.4185 -0.8038
vn 0.2673 -0.5315 -0.8038
vn 0.5881 -0.0900 -0.8038
vn 0.2670 -0.8218 -0.5034
vn 0.8641 0.0000 -0.5033
vn 0.5881 0.0900 -0.8038
vn 0.2673 0.5315 -0.8038
vn -0.5287 0.2728 -0.8038
vn -0.5287 -0.2728 -0.8038
vn -0.6991 -0.5079 -0.5033
vn 0.0961 0.5871 -0.8038
vn -0.4228 0.4185 -0.8038
vn -0.6991 0.5079 -0.5033
vn 0.2670 0.8218 -0.5034
vn 0.9511 -0.3090 -0.0000
vn 0.9511 0.3090 -0.0000
vn 0.0000 -1.0000 0.0000
vn 0.5878 -0.8090 0.0000
vn -0.9511 -0.3090 0.0000
vn -0.3859 -0.9146 0.1205
vn -0.7506 -0.6497 -0.1205
vn -0.5878 0.8090 -0.0000
vn -0.9511 0.3090 0.0000
vn 0.5878 0.8090 0.0000
vn 0.0000 1.0000 0.0000
vn 0.6991 -0.5079 0.5033
vn -0.2670 -0.8218 0.5034
vn -0.8641 0.0000 0.5033
vn -0.2670 0.8218 0.5034
vn 0.6991 0.5079 0.5033
vn -0.0961 -0.5871 0.8038
vn 0.4228 -0.4185 0.8038
vn 0.5287 -0.2728 0.8038
vn 0.5287 0.2728 0.8038
vn -0.2673 -0.5315 0.8038
vn -0.5881 -0.0900 0.8038
vn -0.2673 0.5315 0.8038
vn -0.5881 0.0900 0.8038
vn 0.4228 0.4185 0.8038
vn -0.0961 0.5871 0.8038
vn 0.1096 -0.3372 -0.9350
vn 0.3546 0.0000 -0.9350
vn 0.1096 0.3372 -0.9350
vn -0.2869 0.2084 -0.9350
vn -0.2869 -0.2084 -0.9350
vn 0.7323 -0.5320 -0.4251
vn -0.1058 -0.9230 -0.3701
vn -0.5111 -0.7155 -0.4763
vn -0.9052 -0.0000 -0.4251
vn -0.2797 0.8609 -0.4251
vn 0.7323 0.5320 -0.4251
vn 0.2797 -0.8609 0.4251
vn -0.5225 -0.7072 0.4763
vn -0.8451 -0.3858 0.3701
vn -0.7323 0.5320 0.4251
vn 0.2797 0.8609 0.4251
vn 0.9052 -0.0000 0.4251
vn -0.1096 -0.3372 0.9350
vn 0.2869 -0.2084 0.9350
vn 0.2869 0.2084 0.9350
vn -0.1096 0.3372 0.9350
vn -0.3546 0.0000 0.9350
vn 0.0961 -0.5871 -0.8038
vn -0.4228 -0.4185 -0.8038
vn 0.2673 -0.5315 -0.8038
vn 0.5881 -0.0900 -0.8038
vn 0.2670 -0.8218 -0.5034
vn 0.8641 0.0000 -0.5033
vn 0.5881 0.0900 -0.8038
vn 0.2673 0.5315 -0.8038
vn -0.5287 0.2728 -0.8038
vn -0.5287 -0.2728 -0.8038
vn -0.6991 -0.5079 -0.5033
vn 0.0961 0.5871 -0.8038
vn -0.4228 0.4185 -0.8038
vn -0.6991 0.5079 -0.5033
vn 0.2670 0.8218 -0.5034
vn 0.9511 -0.3090 -0.0000
vn 0.9511 0.3090 -0.0000
vn -0.0000 -1.0000 0.0000
vn 0.5878 -0.8090 0.0000
vn -0.9511 -0.3090 0.0000
vn -0.3859 -0.9146 0.1205
vn -0.7506 -0.6497 -0.1205
vn -0.5878 0.8090 -0.0000
vn -0.9511 0.3090 0.0000
vn 0.5878 0.8090 0.0000
vn -0.0000 1.0000 0.0000
vn 0.6991 -0.5079 0.5033
vn -0.2670 -0.8218 0.5034
vn -0.8641 0.0000 0.5033
vn -0.2670 0.8218 0.5034
vn 0.6991 0.5079 0.5033
vn -0.0961 -0.5871 0.8038
vn 0.4228 -0.4185 0.8038
vn 0.5287 -0.2728 0.8038
vn 0.5287 0.2728 0.8038
vn -0.2673 -0.5315 0.8038
vn -0.5881 -0.0900 0.8038
vn -0.2673 0.5315 0.8038
vn -0.5881 0.0900 0.8038
vn 0.4228 0.4185 0.8038
vn -0.0961 0.5871 0.8038
vn 0.1096 -0.3372 -0.9350
vn 0.3546 0.0000 -0.9350
vn 0.1096 0.3372 -0.9350
vn -0.2869 0.2084 -0.9350
vn -0.2869 -0.2084 -0.9350
vn 0.7323 -0.5320 -0.4251
vn -0.1058 -0.9230 -0.3701
vn -0.5111 -0.7155 -0.4763
vn -0.9052 -0.0000 -0.4251
vn -0.2797 0.8609 -0.4251
vn 0.7323 0.5320 -0.4251
vn 0.2797 -0.8609 0.4251
vn -0.5225 -0.7072 0.4763
vn -0.8451 -0.3858 0.3701
vn -0.7323 0.5320 0.4251
vn 0.2797 0.8609 0.4251
vn 0.9052 -0.0000 0.4251
vn -0.1096 -0.3372 0.9350
vn 0.2869 -0.2084 0.9350
vn 0.2869 0.2084 0.9350
vn -0.1096 0.3372 0.9350
vn -0.3546 0.0000 0.9350
vn 0.0961 -0.5871 -0.8038
vn -0.4228 -0.4185 -0.8038
vn 0.2673 -0.5315 -0.8038
vn 0.5881 -0.0900 -0.8038
vn 0.2670 -0.8218 -0.5034
vn 0.8641 -0.0000 -0.5033
vn 0.5881 0.0900 -0.8038
vn 0.2673 0.5315 -0.8038
vn -0.5287 0.2728 -0.8038
vn -0.5287 -0.2728 -0.8038
vn -0.6991 -0.5079 -0.5033
vn 0.0961 0.5871 -0.8038
vn -0.4228 0.4185 -0.8038
vn -0.6991 0.5079 -0.5033
vn 0.2670 0.8218 -0.5034
vn 0.9511 -0.3090 -0.0000
vn 0.9511 0.3090 -0.0000
vn 0.0000 -1.0000 0.0000
vn 0.5878 -0.8090 0.0000
vn -0.9511 -0.3090 0.0000
vn -0.3859 -0.9146 0.1205
vn -0.7506 -0.6497 -0.1205
vn -0.5878 0.8090 -0.0000
vn -0.9511 0.3090 0.0000
vn 0.5878 0.8090 0.0000
vn 0.0000 1.0000 0.0000
vn 0.6991 -0.5079 0.5033
vn -0.2670 -0.8218 0.5034
vn -0.8641 -0.0000 0.5033
vn -0.2670 0.8218 0.5034
vn 0.6991 0.5079 0.5033
vn -0.0961 -0.5871 0.8038
vn 0.4228 -0.4185 0.8038
vn 0.5287 -0.2728 0.8038
vn 0.5287 0.2728 0.8038
vn -0.2673 -0.5315 0.8038
vn -0.5881 -0.0900 0.8038
vn -0.2673 0.5315 0.8038
vn -0.5881 0.0900 0.8038
vn 0.4228 0.4185 0.8038
vn -0.0961 0.5871 0.8038
vn 0.1096 -0.3372 -0.9350
vn 0.3546 0.0000 -0.9350
vn 0.1096 0.3372 -0.9350
vn -0.2869 0.2084 -0.9350
vn -0.2869 -0.2084 -0.9350
vn 0.7323 -0.5320 -0.4251
vn -0.1058 -0.9230 -0.3701
vn -0.5111 -0.7155 -0.4763
vn -0.9052 -0.0000 -0.4251
vn -0.2797 0.8609 -0.4251
vn 0.7323 0.5320 -0.4251
vn 0.2797 -0.8609 0.4251
vn -0.5225 -0.7072 0.4763
vn -0.8451 -0.3858 0.3701
vn -0.7323 0.5320 0.4251
vn 0.2797 0.8609 0.4251
vn 0.9052 0.0000 0.4251
vn -0.1096 -0.3372 0.9350
vn 0.2869 -0.2084 0.9350
vn 0.2869 0.2084 0.9350
vn -0.1096 0.3372 0.9350
vn -0.3546 0.0000 0.9350
vn 0.0961 -0.5871 -0.8038
vn -0.4228 -0.4185 -0.8038
vn 0.2673 -0.5315 -0.8038
vn 0.5881 -0.0900 -0.8038
vn 0.2670 -0.8218 -0.5034
vn 0.8641 -0.0000 -0.5033
vn 0.5881 0.0900 -0.8038
vn 0.2673 0.5315 -0.8038
vn -0.5287 0.2728 -0.8038
vn -0.5287 -0.2728 -0.8038
vn -0.6991 -0.5079 -0.5033
vn 0.0961 0.5871 -0.8038
vn -0.4228 0.4185 -0.8038
vn -0.6991 0.5079 -0.5033
vn 0.2670 0.8218 -0.5034
vn 0.9511 -0.3090 -0.0000
vn 0.9511 0.3090 -0.0000
vn 0.0000 -1.0000 -0.0000
vn 0.5878 -0.8090 0.0000
vn -0.9511 -0.3090 0.0000
vn -0.3859 -0.9146 0.1205
vn -0.7506 -0.6497 -0.1205
vn -0.5878 0.8090 -0.0000
vn -0.9511 0.3090 0.0000
vn 0.5878 0.8090 0.0000
vn 0.0000 1.0000 -0.0000
vn 0.6991 -0.5079 0.5033
vn -0.2670 -0.8218 0.5034
vn -0.8641 0.0000 0.5033
vn -0.2670 0.8218 0.5034
vn 0.6991 0.5079 0.5033
vn -0.0961 -0.5871 0.8038
vn 0.4228 -0.4185 0.8038
vn 0.5287 -0.2728 0.8038
vn 0.5287 0.2728 0.8038
vn -0.2673 -0.5315 0.8038
vn -0.5881 -0.0900 0.8038
vn -0.2673 0.5315 0.8038
vn -0.5881 0.0900 0.8038
vn 0.4228 0.4185 0.8038
vn -0.0961 0.5871 0.8038
vn 0.1096 -0.3372 -0.9350
vn 0.3546 0.0000 -0.9350
vn 0.1096 0.3372 -0.9350
vn -0.2869 0.2084 -0.9350
vn -0.2869 -0.2084 -0.9350
vn 0.7323 -0.5320 -0.4251
vn -0.1058 -0.9230 -0.3701
vn -0.5111 -0.7155 -0.4763
vn -0.9052 0.0000 -0.4251
vn -0.2797 0.8609 -0.4251
vn 0.7323 0.5320 -0.4251
vn 0.2797 -0.8609 0.4251
vn -0.5225 -0.7072 0.4763
vn -0.8451 -0.3858 0.3701
vn -0.7323 0.5320 0.4251
vn 0.2797 0.8609 0.4251
vn 0.9052 -0.0000 0.4251
vn -0.1096 -0.3372 0.9350
vn 0.2869 -0.2084 0.9350
vn 0.2869 0.2084 0.9350
vn -0.1096 0.3372 0.9350
vn -0.3546 0.0000 0.9350
vn 0.0961 -0.5871 -0.8038
vn -0.4228 -0.4185 -0.8038
vn 0.2673 -0.5315 -0.8038
vn 0.5881 -0.0900 -0.8038
vn 0.2670 -0.8218 -0.5034
vn 0.8641 0.0000 -0.5033
vn 0.5881 0.0900 -0.8038
vn 0.2673 0.5315 -0.8038
vn -0.5287 0.2728 -0.8038
vn -0.5287 -0.2728 -0.8038
vn -0.6991 -0.5079 -0.5033
vn 0.0961 0.5871 -0.8038
vn -0.4228 0.4185 -0.8038
vn -0.6991 0.5079 -0.5033
vn 0.2670 0.8218 -0.5034
vn 0.9511 -0.3090 -0.0000
vn 0.9511 0.3090 -0.0000
vn -0.0000 -1.0000 0.0000
vn 0.5878 -0.8090 0.0000
vn -0.9511 -0.3090 0.0000
vn -0.3859 -0.9146 0.1205
vn -0.7506 -0.6497 -0.1205
vn -0.5878 0.8090 -0.0000
vn -0.9511 0.3090 0.0000
vn 0.5878 0.8090 0.0000
vn 0.0000 1.0000 -0.0000
vn 0.6991 -0.5079 0.5033
vn -0.2670 -0.8218 0.5034
vn -0.8641 0.0000 0.5033
vn -0.2670 0.8218 0.5034
vn 0.6991 0.5079 0.5033
vn -0.0961 -0.5871 0.8038
vn 0.4228 -0.4185 0.8038
vn 0.5287 -0.2728 0.8038
vn 0.5287 0.2728 0.8038
vn -0.2673 -0.5315 0.8038
vn -0.5881 -0.0900 0.8038
vn -0.2673 0.5315 0.8038
vn -0.5881 0.0900 0.8038
vn 0.4228 0.4185 0.8038
vn -0.0961 0.5871 0.8038
vn 0.1096 -0.3372 -0.9350
vn 0.3546 0.0000 -0.9350
vn 0.1096 0.3372 -0.9350
vn -0.2869 0.2084 -0.9350
vn -0.2869 -0.2084 -0.9350
vn 0.7323 -0.5320 -0.4251
vn -0.1058 -0.9230 -0.3701
vn -0.5111 -0.7155 -0.4763
vn -0.9052 0.0000 -0.4251
vn -0.2797 0.8609 -0.4251
vn 0.7323 0.5320 -0.4251
vn 0.2797 -0.8609 0.4251
vn -0.5225 -0.7072 0.4763
vn -0.8451 -0.3858 0.3701
vn -0.7323 0.5320 0.4251
vn 0.2797 0.8609 0.4251
vn 0.9052 0.0000 0.4251
vn -0.1096 -0.3372 0.9350
vn 0.2869 -0.2084 0.9350
vn 0.2869 0.2084 0.9350
vn -0.1096 0.3372 0.9350
vn -0.3546 0.0000 0.9350
vn 0.0961 -0.5871 -0.8038
vn -0.4228 -0.4185 -0.8038
vn 0.2673 -0.5315 -0.8038
vn 0.5881 -0.0900 -0.8038
vn 0.2670 -0.8218 -0.5034
vn 0.8641 0.0000 -0.5033
vn 0.5881 0.0900 -0.8038
vn 0.2673 0.5315 -0.8038
vn -0.5287 0.2728 -0.8038
vn -0.5287 -0.2728 -0.8038
vn -0.6991 -0.5079 -0.5033
vn 0.0961 0.5871 -0.8038
vn -0.4228 0.4185 -0.8038
vn -0.6991 0.5079 -0.5033
vn 0.2670 0.8218 -0.5034
vn 0.9511 -0.3090 -0.0000
vn 0.9511 0.3090 -0.0000
vn -0.0000 -1.0000 0.0000
vn 0.5878 -0.8090 0.0000
vn -0.9511 -0.3090 0.0000
vn -0.3859 -0.9146 0.1205
vn -0.7506 -0.6497 -0.1205
vn -0.5878 0.8090 -0.0000
vn -0.9511 0.3090 0.0000
vn 0.5878 0.8090 0.0000
vn 0.0000 1.0000 -0.0000
vn 0.6991 -0.5079 0.5033
vn -0.2670 -0.8218 0.5034
vn -0.8641 0.0000 0.5033
vn -0.2670 0.8218 0.5034
vn 0.6991 0.5079 0.5033
vn -0.0961 -0.5871 0.8038
vn 0.4228 -0.4185 0.8038
vn 0.5287 -0.2728 0.8038
vn 0.5287 0.2728 0.8038
vn -0.2673 -0.5315 0.8038
vn -0.5881 -0.0900 0.8038
vn -0.2673 0.5315 0.8038
vn -0.5881 0.0900 0.8038
vn 0.4228 0.4185 0.8038
vn -0.0961 0.5871 0.8038
vn 0.1096 -0.3372 -0.9350
vn 0.3546 0.0000 -0.9350
vn 0.1096 0.3372 -0.9350
vn -0.2869 0.2084 -0.9350
vn -0.2869 -0.2084 -0.9350
vn 0.7323 -0.5320 -0.4251
vn -0.1058 -0.9230 -0.3701
vn -0.5111 -0.7155 -0.4763
vn -0.9052 -0.0000 -0.4251
vn -0.2797 0.8609 -0.4251
vn 0.7323 0.5320 -0.4251
vn 0.2797 -0.8609 0.4251
vn -0.5225 -0.7072 0.4763
vn -0.8451 -0.3858 0.3701
vn -0.7323 0.5320 0.4251
vn 0.2797 0.8609 0.4251
vn 0.9052 -0.0000 0.4251
vn -0.1096 -0.3372 0.9350
vn 0.2869 -0.2084 0.9350
vn 0.2869 0.2084 0.9350
vn -0.1096 0.3372 0.9350
vn -0.3546 0.0000 0.9350
vn 0.0961 -0.5871 -0.8038
vn -0.4228 -0.4185 -0.8038
vn 0.2673 -0.5315 -0.8038
vn 0.5881 -0.0900 -0.8038
vn 0.2670 -0.8218 -0.5034
vn 0.8641 -0.0000 -0.5033
vn 0.5881 0.0900 -0.8038
vn 0.2673 0.5315 -0.8038
vn -0.5287 0.2728 -0.8038
vn -0.5287 -0.2728 -0.8038
vn -0.6991 -0.5079 -0.5033
vn 0.0961 0.5871 -0.8038
vn -0.4228 0.4185 -0.8038
vn -0.6991 0.5079 -0.5033
vn 0.2670 0.8218 -0.5034
vn 0.9511 -0.3090 -0.0000
vn 0.9511 0.3090 -0.0000
vn 0.0000 -1.0000 -0.0000
vn 0.5878 -0.8090 0.0000
vn -0.9511 -0.3090 0.0000
vn -0.3859 -0.9146 0.1205
vn -0.7506 -0.6497 -0.1205
vn -0.5878 0.8090 -0.0000
vn -0.9511 0.3090 0.0000
vn 0.5878 0.8090 0.0000
vn -0.0000 1.0000 0.0000
vn 0.6991 -0.5079 0.5033
vn -0.2670 -0.8218 0.5034
vn -0.8641 -0.0000 0.5033
vn -0.2670 0.8218 0.5034
vn 0.6991 0.5079 0.5033
vn -0.0961 -0.5871 0.8038
vn 0.4228 -0.4185 0.8038
vn 0.5287 -0.2728 0.8038
vn 0.5287 0.2728 0.8038
vn -0.2673 -0.5315 0.8038
vn -0.5881 -0.0900 0.8038
vn -0.2673 0.5315 0.8038
vn -0.5881 0.0900 0.8038
vn 0.4228 0.4185 0.8038
vn -0.0961 0.5871 0.8038
vn 0.1096 -0.3372 -0.9350
vn 0.3546 0.0000 -0.9350
vn 0.1096 0.3372 -0.9350
vn -0.2869 0.2084 -0.9350
vn -0.2869 -0.2084 -0.9350
vn 0.7323 -0.5320 -0.4251
vn -0.1058 -0.9230 -0.3701
vn -0.5111 -0.7155 -0.4763
vn -0.9052 0.0000 -0.4251
vn -0.2797 0.8609 -0.4251
vn 0.7323 0.5320 -0.4251
vn 0.2797 -0.8609 0.4251
vn -0.5225 -0.7072 0.4763
vn -0.8451 -0.3858 0.3701
vn -0.7323 0.5320 0.4251
vn 0.2797 0.8609 0.4251
vn 0.9052 0.0000 0.4251
vn -0.1096 -0.3372 0.9350
vn 0.2869 -0.2084 0.9350
vn 0.2869 0.2084 0.9350
vn -0.1096 0.3372 0.9350
vn -0.3546 0.0000 0.9350
vn 0.0961 -0.5871 -0.8038
vn -0.4228 -0.4185 -0.8038
vn 0.2673 -0.5315 -0.8038
vn 0.5881 -0.0900 -0.8038
vn 0.2670 -0.8218 -0.5034
vn 0.8641 -0.0000 -0.5033
vn 0.5881 0.0900 -0.8038
vn 0.2673 0.5315 -0.8038
vn -0.5287 0.2728 -0.8038
vn -0.5287 -0.2728 -0.8038
vn -0.6991 -0.5079 -0.5033
vn 0.0961 0.5871 -0.8038
vn -0.4228 0.4185 -0.8038
vn -0.6991 0.5079 -0.5033
vn 0.2670 0.8218 -0.5034
vn 0.9511 -0.3090 -0.0000
vn 0.9511 0.3090 0.0000
vn 0.0000 -1.0000 0.0000
vn 0.5878 -0.8090 0.0000
vn -0.9511 -0.3090 0.0000
vn -0.3859 -0.9146 0.1205
vn -0.7506 -0.6497 -0.1205
vn -0.5878 0.8090 -0.0000
vn -0.9511 0.3090 0.0000
vn 0.5878 0.8090 0.0000
vn 0.0000 1.0000 0.0000
vn 0.6991 -0.5079 0.5033
vn -0.2670 -0.8218 0.5034
vn -0.8641 -0.0000 0.5033
vn -0.2670 0.8218 0.5034
vn 0.6991 0.5079 0.5033
vn -0.0961 -0.5871 0.8038
vn 0.4228 -0.4185 0.8038
vn 0.5287 -0.2728 0.8038
vn 0.5287 0.2728 0.8038
vn -0.2673 -0.5315 0.8038
vn -0.5881 -0.0900 0.8038
vn -0.2673 0.5315 0.8038
vn -0.5881 0.0900 0.8038
vn 0.4228 0.4185 0.8038
vn -0.0961 0.5871 0.8038
vn 0.1096 -0.3372 -0.9350
vn 0.3546 0.0000 -0.9350
vn 0.1096 0.3372 -0.9350
vn -0.2869 0.2084 -0.9350
vn -0.2869 -0.2084 -0.9350
vn 0.7323 -0.5320 -0.4251
vn -0.1058 -0.9230 -0.3701
vn -0.5111 -0.7155 -0.4763
vn -0.9052 0.0000 -0.4251
vn -0.2797 0.8609 -0.4251
vn 0.7323 0.5320 -0.4251
vn 0.2797 -0.8609 0.4251
vn -0.5225 -0.7072 0.4763
vn -0.8451 -0.3858 0.3701
vn -0.7323 0.5320 0.4251
vn 0.2797 0.8609 0.4251
vn 0.9052 0.0000 0.4251
vn -0.1096 -0.3372 0.9350
vn 0.2869 -0.2084 0.9350
vn 0.2869 0.2084 0.9350
vn -0.1096 0.3372 0.9350
vn -0.3546 0.0000 0.9350
vn 0.0961 -0.5871 -0.8038
vn -0.4228 -0.4185 -0.8038
vn 0.2673 -0.5315 -0.8038
vn 0.5881 -0.0900 -0.8038
vn 0.2670 -0.8218 -0.5034
vn 0.8641 -0.0000 -0.5033
vn 0.5881 0.0900 -0.8038
vn 0.2673 0.5315 -0.8038
vn -0.5287 0.2728 -0.8038
vn -0.5287 -0.2728 -0.8038
vn -0.6991 -0.5079 -0.5033
vn 0.0961 0.5871 -0.8038
vn -0.4228 0.4185 -0.8038
vn -0.6991 0.5079 -0.5033
vn 0.2670 0.8218 -0.5034
vn 0.9511 -0.3090 -0.0000
vn 0.9511 0.3090 -0.0000
vn 0.0000 -1.0000 -0.0000
vn 0.5878 -0.8090 0.0000
vn -0.9511 -0.3090 0.0000
vn -0.3859 -0.9146 0.1205
vn -0.7506 -0.6497 -0.1205
vn -0.5878 0.8090 -0.0000
vn -0.9511 0.3090 0.0000
vn 0.5878 0.8090 0.0000
vn 0.0000 1.0000 -0.0000
vn 0.6991 -0.5079 0.5033
vn -0.2670 -0.8218 0.5034
vn -0.8641 -0.0000 0.5033
vn -0.2670 0.8218 0.5034
vn 0.6991 0.5079 0.5033
vn -0.0961 -0.5871 0.8038
vn 0.4228 -0.4185 0.8038
vn 0.5287 -0.2728 0.8038
vn 0.5287 0.2728 0.8038
vn -0.2673 -0.5315 0.8038
vn -0.5881 -0.0900 0.8038
vn -0.2673 0.5315 0.8038
vn -0.5881 0.0900 0.8038
vn 0.4228 0.4185 0.8038
vn -0.0961 0.5871 0.8038
vn 0.1096 -0.3372 -0.9350
vn 0.3546 0.0000 -0.9350
vn 0.1096 0.3372 -0.9350
vn -0.2869 0.2084 -0.9350
vn -0.2869 -0.2084 -0.9350
vn 0.7323 -0.5320 -0.4251
vn -0.1058 -0.9230 -0.3701
vn -0.5111 -0.7155 -0.4763
vn -0.9052 -0.0000 -0.4251
vn -0.2797 0.8609 -0.4251
vn 0.7323 0.5320 -0.4251
vn 0.2797 -0.8609 0.4251
vn -0.5225 -0.7072 0.4763
vn -0.8451 -0.3858 0.3701
vn -0.7323 0.5320 0.4251
vn 0.2797 0.8609 0.4251
vn 0.9052 -0.0000 0.4251
vn -0.1096 -0.3372 0.9350
vn 0.2869 -0.2084 0.9350
vn 0.2869 0.2084 0.9350
vn -0.1096 0.3372 0.9350
vn -0.3546 0.0000 0.9350
vn 0.0961 -0.5871 -0.8038
vn -0.4228 -0.4185 -0.8038
vn 0.2673 -0.5315 -0.8038
vn 0.5881 -0.0900 -0.8038
vn 0.2670 -0.8218 -0.5034
vn 0.8641 -0.0000 -0.5033
vn 0.5881 0.0900 -0.8038
vn 0.2673 0.5315 -0.8038
vn -0.5287 0.2728 -0.8038
vn -0.5287 -0.2728 -0.8038
vn -0.6991 -0.5079 -0.5033
vn 0.0961 0.5871 -0.8038
vn -0.4228 0.4185 -0.8038
vn -0.6991 0.5079 -0.5033
vn 0.2670 0.8218 -0.5034
vn 0.9511 -0.3090 -0.0000
vn 0.9511 0.3090 -0.0000
vn -0.0000 -1.0000 0.0000
vn 0.5878 -0.8090 0.0000
vn -0.9511 -0.3090 0.0000
vn -0.3859 -0.9146 0.1205
vn -0.7506 -0.6497 -0.1205
vn -0.5878 0.8090 -0.0000
vn -0.9511 0.3090 0.0000
vn 0.5878 0.8090 0.0000
vn -0.0000 1.0000 0.0000
vn 0.6991 -0.5079 0.5033
vn -0.2670 -0.8218 0.5034
vn -0.8641 -0.0000 0.5033
vn -0.2670 0.8218 0.5034
vn 0.6991 0.5079 0.5033
vn -0.0961 -0.5871 0.8038
vn 0.4228 -0.4185 0.8038
vn 0.5287 -0.2728 0.8038
vn 0.5287 0.2728 0.8038
vn -0.2673 -0.5315 0.8038
vn -0.5881 -0.0900 0.8038
vn -0.2673 0.5315 0.8038
vn -0.5881 0.0900 0.8038
vn 0.4228 0.4185 0.8038
vn -0.0961 0.5871 0.8038
vn 0.1096 -0.3372 -0.9350
vn 0.3546 0.0000 -0.9350
vn 0.1096 0.3372 -0.9350
vn -0.2869 0.2084 -0.9350
vn -0.2869 -0.2084 -0.9350
vn 0.7323 -0.5320 -0.4251
vn -0.1058 -0.9230 -0.3701
vn -0.5111 -0.7155 -0.4763
vn -0.9052 0.0000 -0.4251
vn -0.2797 0.8609 -0.4251
vn 0.7323 0.5320 -0.4251
vn 0.2797 -0.8609 0.4251
vn -0.5225 -0.7072 0.4763
vn -0.8451 -0.3858 0.3701
vn -0.7323 0.5320 0.4251
vn 0.2797 0.8609 0.4251
vn 0.9052 0.0000 0.4251
vn -0.1096 -0.3372 0.9350
vn 0.2869 -0.2084 0.9350
vn 0.2869 0.2084 0.9350
vn -0.1096 0.3372 0.9350
vn -0.3546 0.0000 0.9350
vn 0.0961 -0.5871 -0.8038
vn -0.4228 -0.4185 -0.8038
vn 0.2673 -0.5315 -0.8038
vn 0.5881 -0.0900 -0.8038
vn 0.2670 -0.8218 -0.5034
vn 0.8641 0.0000 -0.5033
vn 0.5881 0.0900 -0.8038
vn 0.2673 0.5315 -0.8038
vn -0.5287 0.2728 -0.8038
vn -0.5287 -0.2728 -0.8038
vn -0.6991 -0.5079 -0.5033
vn 0.0961 0.5871 -0.8038
vn -0.4228 0.4185 -0.8038
vn -0.6991 0.5079 -0.5033
vn 0.2670 0.8218 -0.5034
vn 0.9511 -0.3090 -0.0000
vn 0.9511 0.3090 -0.0000
vn 0.0000 -1.0000 -0.0000
vn 0.5878 -0.8090 0.0000
vn -0.9511 -0.3090 0.0000
vn -0.3859 -0.9146 0.1205
vn -0.7506 -0.6497 -0.1205
vn -0.5878 0.8090 -0.0000
vn -0.9511 0.3090 0.0000
vn 0.5878 0.8090 0.0000
vn 0.0000 1.0000 -0.0000
vn 0.6991 -0.5079 0.5033
vn -0.2670 -0.8218 0.5034
vn -0.8641 0.0000 0.5033
vn -0.2670 0.8218 0.5034
vn 0.6991 0.5079 0.5033
vn -0.0961 -0.5871 0.8038
vn 0.4228 -0.4185 0.8038
vn 0.5287 -0.2728 0.8038
vn 0.5287 0.2728 0.8038
vn -0.2673 -0.5315 0.8038
vn -0.5881 -0.0900 0.8038
vn -0.2673 0.5315 0.8038
vn -0.5881 0.0900 0.8038
vn 0.4228 0.4185 0.8038
vn -0.0961 0.5871 0.8038
vn 0.1096 -0.3372 -0.9350
vn 0.3546 0.0000 -0.9350
vn 0.1096 0.3372 -0.9350
vn -0.2869 0.2084 -0.9350
vn -0.2869 -0.2084 -0.9350
vn 0.7323 -0.5320 -0.4251
vn -0.1058 -0.9230 -0.3701
vn -0.5111 -0.7155 -0.4763
vn -0.9052 -0.0000 -0.4251
vn -0.2797 0.8609 -0.4251
vn 0.7323 0.5320 -0.4251
vn 0.2797 -0.8609 0.4251
vn -0.5225 -0.7072 0.4763
vn -0.8451 -0.3858 0.3701
vn -0.7323 0.5320 0.4251
vn 0.2797 0.8609 0.4251
vn 0.9052 0.0000 0.4251
vn -0.1096 -0.3372 0.9350
vn 0.2869 -0.2084 0.9350
vn 0.2869 0.2084 0.9350
vn -0.1096 0.3372 0.9350
vn -0.3546 0.0000 0.9350
vn 0.0961 -0.5871 -0.8038
vn -0.4228 -0.4185 -0.8038
vn 0.2673 -0.5315 -0.8038
vn 0.5881 -0.0900 -0.8038
vn 0.2670 -0.8218 -0.5034
vn 0.8641 0.0000 -0.5033
vn 0.5881 0.0900 -0.8038
vn 0.2673 0.5315 -0.8038
vn -0.5287 0.2728 -0.8038
vn -0.5287 -0.2728 -0.8038
vn -0.6991 -0.5079 -0.5033
vn 0.0961 0.5871 -0.8038
vn -0.4228 0.4185 -0.8038
vn -0.6991 0.5079 -0.5033
vn 0.2670 0.8218 -0.5034
vn 0.9511 -0.3090 -0.0000
vn 0.9511 0.3090 -0.0000
vn 0.0000 -1.0000 -0.0000
vn 0.5878 -0.8090 0.0000
vn -0.9511 -0.3090 0.0000
vn -0.3859 -0.9146 0.1205
vn -0.7506 -0.6497 -0.1205
vn -0.5878 0.8090 -0.0000
vn -0.9511 0.3090 0.0000
vn 0.5878 0.8090 0.0000
vn 0.0000 1.0000 0.0000
vn 0.6991 -0.5079 0.5033
vn -0.2670 -0.8218 0.5034
vn -0.8641 0.0000 0.5033
vn -0.2670 0.8218 0.5034
vn 0.6991 0.5079 0.5033
vn -0.0961 -0.5871 0.8038
vn 0.4228 -0.4185 0.8038
vn 0.5287 -0.2728 0.8038
vn 0.5287 0.2728 0.8038
vn -0.2673 -0.5315 0.8038
vn -0.5881 -0.0900 0.8038
vn -0.2673 0.5315 0.8038
vn -0.5881 0.0900 0.8038
vn 0.4228 0.4185 0.8038
vn -0.0961 0.5871 0.8038
vn 0.1096 -0.3372 -0.9350
vn 0.3546 0.0000 -0.9350
vn 0.1096 0.3372 -0.9350
vn -0.2869 0.2084 -0.9350
vn -0.2869 -0.2084 -0.9350
vn 0.7323 -0.5320 -0.4251
vn -0.1058 -0.9230 -0.3701
vn -0.5111 -0.7155 -0.4763
vn -0.9052 -0.0000 -0.4251
vn -0.2797 0.8609 -0.4251
vn 0.7323 0.5320 -0.4251
vn 0.2797 -0.8609 0.4251
vn -0.5225 -0.7072 0.4763
vn -0.8451 -0.3858 0.3701
vn -0.7323 0.5320 0.4251
vn 0.2797 0.8609 0.4251
vn 0.9052 0.0000 0.4251
vn -0.1096 -0.3372 0.9350
vn 0.2869 -0.2084 0.9350
vn 0.2869 0.2084 0.9350
vn -0.1096 0.3372 0.9350
vn -0.3546 0.0000 0.9350
vn 0.0961 -0.5871 -0.8038
vn -0.4228 -0.4185 -0.8038
vn 0.2673 -0.5315 -0.8038
vn 0.5881 -0.0900 -0.8038
vn 0.2670 -0.8218 -0.5034
vn 0.8641 -0.0000 -0.5033
vn 0.5881 0.0900 -0.8038
vn 0.2673 0.5315 -0.8038
vn -0.5287 0.2728 -0.8038
vn -0.5287 -0.2728 -0.8038
vn -0.6991 -0.5079 -0.5033
vn 0.0961 0.5871 -0.8038
vn -0.4228 0.4185 -0.8038
vn -0.6991 0.5079 -0.5033
vn 0.2670 0.8218 -0.5034
vn 0.9511 -0.3090 -0.0000
vn 0.9511 0.3090 -0.0000
vn 0.0000 -1.0000 0.0000
vn 0.5878 -0.8090 0.0000
vn -0.9511 -0.3090 0.0000
vn -0.3859 -0.9146 0.1205
vn -0.7506 -0.6497 -0.1205
vn -0.5878 0.8090 -0.0000
vn -0.9511 0.3090 0.0000
vn 0.5878 0.8090 0.0000
vn 0.0000 1.0000 0.0000
vn 0.6991 -0.5079 0.5033
vn -0.2670 -0.8218 0.5034
vn -0.8641 -0.0000 0.5033
vn -0.2670 0.8218 0.5034
vn 0.6991 0.5079 0.5033
vn -0.0961 -0.5871 0.8038
vn 0.4228 -0.4185 0.8038
vn 0.5287 -0.2728 0.8038
vn 0.5287 0.2728 0.8038
vn -0.2673 -0.5315 0.8038
vn -0.5881 -0.0900 0.8038
vn -0.2673 0.5315 0.8038
vn -0.5881 0.0900 0.8038
vn 0.4228 0.4185 0.8038
vn -0.0961 0.5871 0.8038
vn 0.1096 -0.3372 -0.9350
vn 0.3546 0.0000 -0.9350
vn 0.1096 0.3372 -0.9350
vn -0.2869 0.2084 -0.9350
vn -0.2869 -0.2084 -0.9350
vn 0.7323 -0.5320 -0.4251
vn -0.1058 -0.9230 -0.3701
vn -0.5111 -0.7155 -0.4763
vn -0.9052 -0.0000 -0.4251
vn -0.2797 0.8609 -0.4251
vn 0.7323 0.5320 -0.4251
vn 0.2797 -0.8609 0.4251
vn -0.5225 -0.7072 0.4763
vn -0.8451 -0.3858 0.3701
vn -0.7323 0.5320 0.4251
vn 0.2797 0.8609 0.4251
vn 0.9052 -0.0000 0.4251
vn -0.1096 -0.3372 0.9350
vn 0.2869 -0.2084 0.9350
vn 0.2869 0.2084 0.9350
vn -0.1096 0.3372 0.9350
vn -0.3546 0.0000 0.9350
vn 0.0961 -0.5871 -0.8038
vn -0.4228 -0.4185 -0.8038
vn 0.2673 -0.5315 -0.8038
vn 0.5881 -0.0900 -0.8038
vn 0.2670 -0.8218 -0.5034
vn 0.8641 -0.0000 -0.5033
vn 0.5881 0.0900 -0.8038
vn 0.2673 0.5315 -0.8038
vn -0.5287 0.2728 -0.8038
vn -0.5287 -0.2728 -0.8038
vn -0.6991 -0.5079 -0.5033
vn 0.0961 0.5871 -0.8038
vn -0.4228 0.4185 -0.8038
vn -0.6991 0.5079 -0.5033
vn 0.2670 0.8218 -0.5034
vn 0.9511 -0.3090 -0.0000
vn 0.9511 0.3090 -0.0000
vn 0.0000 -1.0000 0.0000
vn 0.5878 -0.8090 0.0000
vn -0.9511 -0.3090 0.0000
vn -0.3859 -0.9146 0.1205
vn -0.7506 -0.6497 -0.1205
vn -0.5878 0.8090 -0.0000
vn -0.9511 0.3090 0.0000
vn 0.5878 0.8090 0.0000
vn -0.0000 1.0000 -0.0000
vn 0.6991 -0.5079 0.5033
vn -0.2670 -0.8218 0.5034
vn -0.8641 -0.0000 0.5033
vn -0.2670 0.8218 0.5034
vn 0.6991 0.5079 0.5033
vn -0.0961 -0.5871 0.8038
vn 0.4228 -0.4185 0.8038
vn 0.5287 -0.2728 0.8038
vn 0.5287 0.2728 0.8038
vn -0.2673 -0.5315 0.8038
vn -0.5881 -0.0900 0.8038
vn -0.2673 0.5315 0.8038
vn -0.5881 0.0900 0.8038
vn 0.4228 0.4185 0.8038
vn -0.0961 0.5871 0.8038
vn 0.1096 -0.3372 -0.9350
vn 0.3546 0.0000 -0.9350
vn 0.1096 0.3372 -0.9350
vn -0.2869 0.2084 -0.9350
vn -0.2869 -0.2084 -0.9350
vn 0.7323 -0.5320 -0.4251
vn -0.1058 -0.9230 -0.3701
vn -0.5111 -0.7155 -0.4763
vn -0.9052 -0.0000 -0.4251
vn -0.2797 0.8609 -0.4251
vn 0.7323 0.5320 -0.4251
vn 0.2797 -0.8609 0.4251
vn -0.5225 -0.7072 0.4763
vn -0.8451 -0.3858 0.3701
vn -0.7323 0.5320 0.4251
vn 0.2797 0.8609 0.4251
vn 0.9052 -0.0000 0.4251
vn -0.1096 -0.3372 0.9350
vn 0.2869 -0.2084 0.9350
vn 0.2869 0.2084 0.9350
vn -0.1096 0.3372 0.9350
vn -0.3546 0.0000 0.9350
vn 0.0961 -0.5871 -0.8038
vn -0.4228 -0.4185 -0.8038
vn 0.2673 -0.5315 -0.8038
vn 0.5881 -0.0900 -0.8038
vn 0.2670 -0.8218 -0.5034
vn 0.8641 0.0000 -0.5033
vn 0.5881 0.0900 -0.8038
vn 0.2673 0.5315 -0.8038
vn -0.5287 0.2728 -0.8038
vn -0.5287 -0.2728 -0.8038
vn -0.6991 -0.5079 -0.5033
vn 0.0961 0.5871 -0.8038
vn -0.4228 0.4185 -0.8038
vn -0.6991 0.5079 -0.5033
vn 0.2670 0.8218 -0.5034
vn 0.9511 -0.3090 -0.0000
vn 0.9511 0.3090 -0.0000
vn -0.0000 -1.0000 -0.0000
vn 0.5878 -0.8090 0.0000
vn -0.9511 -0.3090 0.0000
vn -0.3859 -0.9146 0.1205
vn -0.7506 -0.6497 -0.1205
vn -0.5878 0.8090 -0.0000
vn -0.9511 0.3090 0.0000
vn 0.5878 0.8090 0.0000
vn -0.0000 1.0000 0.0000
vn 0.6991 -0.5079 0.5033
vn -0.2670 -0.8218 0.5034
vn -0.8641 -0.0000 0.5033
vn -0.2670 0.8218 0.5034
vn 0.6991 0.5079 0.5033
vn -0.0961 -0.5871 0.8038
vn 0.4228 -0.4185 0.8038
vn 0.5287 -0.2728 0.8038
vn 0.5287 0.2728 0.8038
vn -0.2673 -0.5315 0.8038
vn -0.5881 -0.0900 0.8038
vn -0.2673 0.5315 0.8038
vn -0.5881 0.0900 0.8038
vn 0.4228 0.4185 0.8038
vn -0.0961 0.5871 0.8038
vn 0.1096 -0.3372 -0.9350
vn 0.3546 0.0000 -0.9350
vn 0.1096 0.3372 -0.9350
vn -0.2869 0.2084 -0.9350
vn -0.2869 -0.2084 -0.9350
vn 0.7323 -0.5320 -0.4251
vn -0.1058 -0.9230 -0.3701
vn -0.5111 -0.7155 -0.4763
vn -0.9052 0.0000 -0.4251
vn -0.2797 0.8609 -0.4251
vn 0.7323 0.5320 -0.4251
vn 0.2797 -0.8609 0.4251
vn -0.5225 -0.7072 0.4763
vn -0.8451 -0.3858 0.3701
vn -0.7323 0.5320 0.4251
vn 0.2797 0.8609 0.4251
vn 0.9052 -0.0000 0.4251
vn -0.1096 -0.3372 0.9350
vn 0.2869 -0.2084 0.9350
vn 0.2869 0.2084 0.9350
vn -0.1096 0.3372 0.9350
vn -0.3546 0.0000 0.9350
vn 0.0961 -0.5871 -0.8038
vn -0.4228 -0.4185 -0.8038
vn 0.2673 -0.5315 -0.8038
vn 0.5881 -0.0900 -0.8038
vn 0.2670 -0.8218 -0.5034
vn 0.8641 0.0000 -0.5033
vn 0.5881 0.0900 -0.8038
vn 0.2673 0.5315 -0.8038
vn -0.5287 0.2728 -0.8038
vn -0.5287 -0.2728 -0.8038
vn -0.6991 -0.5079 -0.5033
vn 0.0961 0.5871 -0.8038
vn -0.4228 0.4185 -0.8038
vn -0.6991 0.5079 -0.5033
vn 0.2670 0.8218 -0.5034
vn 0.9511 -0.3090 -0.0000
vn 0.9511 0.3090 -0.0000
vn 0.0000 -1.0000 0.0000
vn 0.5878 -0.8090 0.0000
vn -0.9511 -0.3090 0.0000
vn -0.3859 -0.9146 0.1205
vn -0.7506 -0.6497 -0.1205
vn -0.5878 0.8090 -0.0000
vn -0.9511 0.3090 0.0000
vn 0.5878 0.8090 0.0000
vn -0.0000 1.0000 0.0000
vn 0.6991 -0.5079 0.5033
vn -0.2670 -0.8218 0.5034
vn -0.8641 0.0000 0.5033
vn -0.2670 0.8218 0.5034
vn 0.6991 0.5079 0.5033
vn -0.0961 -0.5871 0.8038
vn 0.4228 -0.4185 0.8038
vn 0.5287 -0.2728 0.8038
vn 0.5287 0.2728 0.8038
vn -0.2673 -0.5315 0.8038
vn -0.5881 -0.0900 0.8038
vn -0.2673 0.5315 0.8038
vn -0.5881 0.0900 0.8038
vn 0.4228 0.4185 0.8038
vn -0.0961 0.5871 0.8038
vn 0.1096 -0.3372 -0.9350
vn 0.3546 0.0000 -0.9350
vn 0.1096 0.3372 -0.9350
vn -0.2869 0.2084 -0.9350
vn -0.2869 -0.2084 -0.9350
vn 0.7323 -0.5320 -0.4251
vn -0.1058 -0.9230 -0.3701
vn -0.5111 -0.7155 -0.4763
vn -0.9052 0.0000 -0.4251
vn -0.2797 0.8609 -0.4251
vn 0.7323 0.5320 -0.4251
vn 0.2797 -0.8609 0.4251
vn -0.5225 -0.7072 0.4763
vn -0.8451 -0.3858 0.3701
vn -0.7323 0.5320 0.4251
vn 0.2797 0.8609 0.4251
vn 0.9052 -0.0000 0.4251
vn -0.1096 -0.3372 0.9350
vn 0.2869 -0.2084 0.9350
vn 0.2869 0.2084 0.9350
vn -0.1096 0.3372 0.9350
vn -0.3546 0.0000 0.9350
vn 0.0961 -0.5871 -0.8038
vn -0.4228 -0.4185 -0.8038
vn 0.2673 -0.5315 -0.8038
vn 0.5881 -0.0900 -0.8038
vn 0.2670 -0.8218 -0.5034
vn 0.8641 0.0000 -0.5033
vn 0.5881 0.0900 -0.8038
vn 0.2673 0.5315 -0.8038
vn -0.5287 0.2728 -0.8038
vn -0.5287 -0.2728 -0.8038
vn -0.6991 -0.5079 -0.5033
vn 0.0961 0.5871 -0.8038
vn -0.4228 0.4185 -0.8038
vn -0.6991 0.5079 -0.5033
vn 0.2670 0.8218 -0.5034
vn 0.9511 -0.3090 -0.0000
vn 0.9511 0.3090 -0.0000
vn 0.0000 -1.0000 -0.0000
vn 0.5878 -0.8090 0.0000
vn -0.9511 -0.3090 0.0000
vn -0.3859 -0.9146 0.1205
vn -0.7506 -0.6497 -0.1205
vn -0.5878 0.8090 -0.0000
vn -0.9511 0.3090 0.0000
vn 0.5878 0.8090 0.0000
vn 0.0000 1.0000 -0.0000
vn 0.6991 -0.5079 0.5033
vn -0.2670 -0.8218 0.5034
vn -0.8641 0.0000 0.5033
vn -0.2670 0.8218 0.5034
vn 0.6991 0.5079 0.5033
vn -0.0961 -0.5871 0.8038
vn 0.4228 -0.4185 0.8038
vn 0.5287 -0.2728 0.8038
vn 0.5287 0.2728 0.8038
vn -0.2673 -0.5315 0.8038
vn -0.5881 -0.0900 0.8038
vn -0.2673 0.5315 0.8038
vn -0.5881 0.0900 0.8038
vn 0.4228 0.4185 0.8038
vn -0.0961 0.5871 0.8038
vn 0.1096 -0.3372 -0.9350
vn 0.3546 0.0000 -0.9350
vn 0.1096 0.3372 -0.9350
vn -0.2869 0.2084 -0.9350
vn -0.2869 -0.2084 -0.9350
vn 0.7323 -0.5320 -0.4251
vn -0.1058 -0.9230 -0.3701
vn -0.5111 -0.7155 -0.4763
vn -0.9052 0.0000 -0.4251
vn -0.2797 0.8609 -0.4251
vn 0.7323 0.5320 -0.4251
vn 0.2797 -0.8609 0.4251
vn -0.5225 -0.7072 0.4763
vn -0.8451 -0.3858 0.3701
vn -0.7323 0.5320 0.4251
vn 0.2797 0.8609 0.4251
vn 0.9052 0.0000 0.4251
vn -0.1096 -0.3372 0.9350
vn 0.2869 -0.2084 0.9350
vn 0.2869 0.2084 0.9350
vn -0.1096 0.3372 0.9350
vn -0.3546 0.0000 0.9350
vn 0.0961 -0.5871 -0.8038
vn -0.4228 -0.4185 -0.8038
vn 0.2673 -0.5315 -0.8038
vn 0.5881 -0.0900 -0.8038
vn 0.2670 -0.8218 -0.5034
vn 0.8641 -0.0000 -0.5033
vn 0.5881 0.0900 -0.8038
vn 0.2673 0.5315 -0.8038
vn -0.5287 0.2728 -0.8038
vn -0.5287 -0.2728 -0.8038
vn -0.6991 -0.5079 -0.5033
vn 0.0961 0.5871 -0.8038
vn -0.4228 0.4185 -0.8038
vn -0.6991 0.5079 -0.5033
vn 0.2670 0.8218 -0.5034
vn 0.9511 -0.3090 -0.0000
vn 0.9511 0.3090 -0.0000
vn -0.0000 -1.0000 -0.0000
vn 0.5878 -0.8090 0.0000
vn -0.9511 -0.3090 0.0000
vn -0.3859 -0.9146 0.1205
vn -0.7506 -0.6497 -0.1205
vn -0.5878 0.8090 -0.0000
vn -0.9511 0.3090 0.0000
vn 0.5878 0.8090 0.0000
vn -0.0000 1.0000 -0.0000
vn 0.6991 -0.5079 0.5033
vn -0.2670 -0.8218 0.5034
vn -0.8641 -0.0000 0.5033
vn -0.2670 0.8218 0.5034
vn 0.6991 0.5079 0.5033
vn -0.0961 -0.5871 0.8038
vn 0.4228 -0.4185 0.8038
vn 0.5287 -0.2728 0.8038
vn 0.5287 0.2728 0.8038
vn -0.2673 -0.5315 0.8038
vn -0.5881 -0.0900 0.8038
vn -0.2673 0.5315 0.8038
vn -0.5881 0.0900 0.8038
vn 0.4228 0.4185 0.8038
vn -0.0961 0.5871 0.8038
vn 0.1096 -0.3372 -0.9350
vn 0.3546 0.0000 -0.9350
vn 0.1096 0.3372 -0.9350
vn -0.2869 0.2084 -0.9350
vn -0.2869 -0.2084 -0.9350
vn 0.7323 -0.5320 -0.4251
vn -0.1058 -0.9230 -0.3701
vn -0.5111 -0.7155 -0.4763
vn -0.9052 -0.0000 -0.4251
vn -0.2797 0.8609 -0.4251
vn 0.7323 0.5320 -0.4251
vn 0.2797 -0.8609 0.4251
vn -0.5225 -0.7072 0.4763
vn -0.8451 -0.3858 0.3701
vn -0.7323 0.5320 0.4251
vn 0.2797 0.8609 0.4251
vn 0.9052 -0.0000 0.4251
vn -0.1096 -0.3372 0.9350
vn 0.2869 -0.2084 0.9350
vn 0.2869 0.2084 0.9350
vn -0.1096 0.3372 0.9350
vn -0.3546 0.0000 0.9350
vn 0.0961 -0.5871 -0.8038
vn -0.4228 -0.4185 -0.8038
vn 0.2673 -0.5315 -0.8038
vn 0.5881 -0.0900 -0.8038
vn 0.2670 -0.8218 -0.5034
vn 0.8641 -0.0000 -0.5033
vn 0.5881 0.0900 -0.8038
vn 0.2673 0.5315 -0.8038
vn -0.5287 0.2728 -0.8038
vn -0.5287 -0.2728 -0.8038
vn -0.6991 -0.5079 -0.5033
vn 0.0961 0.5871 -0.8038
vn -0.4228 0.4185 -0.8038
vn -0.6991 0.5079 -0.5033
vn 0.2670 0.8218 -0.5034
vn 0.9511 -0.3090 -0.0000
vn 0.9511 0.3090 -0.0000
vn -0.0000 -1.0000 0.0000
vn 0.5878 -0.8090 0.0000
vn -0.9511 -0.3090 0.0000
vn -0.3859 -0.9146 0.1205
vn -0.7506 -0.6497 -0.1205
vn -0.5878 0.8090 -0.0000
vn -0.9511 0.3090 0.0000
vn 0.5878 0.8090 0.0000
vn 0.0000 1.0000 -0.0000
vn 0.6991 -0.5079 0.5033
vn -0.2670 -0.8218 0.5034
vn -0.8641 -0.0000 0.5033
vn -0.2670 0.8218 0.5034
vn 0.6991 0.5079 0.5033
vn -0.0961 -0.5871 0.8038
vn 0.4228 -0.4185 0.8038
vn 0.5287 -0.2728 0.8038
vn 0.5287 0.2728 0.8038
vn -0.2673 -0.5315 0.8038
vn -0.5881 -0.0900 0.8038
vn -0.2673 0.5315 0.8038
vn -0.5881 0.0900 0.8038
vn 0.4228 0.4185 0.8038
vn -0.0961 0.5871 0.8038
vn 0.1096 -0.3372 -0.9350
vn 0.3546 0.0000 -0.9350
vn 0.1096 0.3372 -0.9350
vn -0.2869 0.2084 -0.9350
vn -0.2869 -0.2084 -0.9350
vn 0.7323 -0.5320 -0.4251
vn -0.1058 -0.9230 -0.3701
vn -0.5111 -0.7155 -0.4763
vn -0.9052 -0.0000 -0.4251
vn -0.2797 0.8609 -0.4251
vn 0.7323 0.5320 -0.4251
vn 0.2797 -0.8609 0.4251
vn -0.5225 -0.7072 0.4763
vn -0.8451 -0.3858 0.3701
vn -0.7323 0.5320 0.4251
vn 0.2797 0.8609 0.4251
vn 0.9052 -0.0000 0.4251
vn -0.1096 -0.3372 0.9350
vn 0.2869 -0.2084 0.9350
vn 0.2869 0.2084 0.9350
vn -0.1096 0.3372 0.9350
vn -0.3546 0.0000 0.9350
vn 0.0961 -0.5871 -0.8038
vn -0.4228 -0.4185 -0.8038
vn 0.2673 -0.5315 -0.8038
vn 0.5881 -0.0900 -0.8038
vn 0.2670 -0.8218 -0.5034
vn 0.8641 0.0000 -0.5033
vn 0.5881 0.0900 -0.8038
vn 0.2673 0.5315 -0.8038
vn -0.5287 0.2728 -0.8038
vn -0.5287 -0.2728 -0.8038
vn -0.6991 -0.5079 -0.5033
vn 0.0961 0.5871 -0.8038
vn -0.4228 0.4185 -0.8038
vn -0.6991 0.5079 -0.5033
vn 0.2670 0.8218 -0.5034
vn 0.9511 -0.3090 -0.0000
vn 0.9511 0.3090 -0.0000
vn 0.0000 -1.0000 -0.0000
vn 0.5878 -0.8090 0.0000
vn -0.9511 -0.3090 0.0000
vn -0.3859 -0.9146 0.1205
vn -0.7506 -0.6497 -0.1205
vn -0.5878 0.8090 -0.0000
vn -0.9511 0.3090 0.0000
vn 0.5878 0.8090 0.0000
vn -0.0000 1.0000 -0.0000
vn 0.6991 -0.5079 0.5033
vn -0.2670 -0.8218 0.5034
vn -0.8641 -0.0000 0.5033
vn -0.2670 0.8218 0.5034
vn 0.6991 0.5079 0.5033
vn -0.0961 -0.5871 0.8038
vn 0.4228 -0.4185 0.8038
vn 0.5287 -0.2728 0.8038
vn 0.5287 0.2728 0.8038
vn -0.2673 -0.5315 0.8038
vn -0.5881 -0.0900 0.8038
vn -0.2673 0.5315 0.8038
vn -0.5881 0.0900 0.8038
vn 0.4228 0.4185 0.8038
vn -0.0961 0.5871 0.8038
vn 0.1096 -0.3372 -0.9350
vn 0.3546 0.0000 -0.9350
vn 0.1096 0.3372 -0.9350
vn -0.2869 0.2084 -0.9350
vn -0.2869 -0.2084 -0.9350
vn 0.7323 -0.5320 -0.4251
vn -0.1058 -0.9230 -0.3701
vn -0.5111 -0.7155 -0.4763
vn -0.9052 -0.0000 -0.4251
vn -0.2797 0.8609 -0.4251
vn 0.7323 0.5320 -0.4251
vn 0.2797 -0.8609 0.4251
vn -0.5225 -0.7072 0.4763
vn -0.8451 -0.3858 0.3701
vn -0.7323 0.5320 0.4251
vn 0.2797 0.8609 0.4251
vn 0.9052 -0.0000 0.4251
vn -0.1096 -0.3372 0.9350
vn 0.2869 -0.2084 0.9350
vn 0.2869 0.2084 0.9350
vn -0.1096 0.3372 0.9350
vn -0.3546 0.0000 0.9350
vn 0.0961 -0.5871 -0.8038
vn -0.4228 -0.4185 -0.8038
vn 0.2673 -0.5315 -0.8038
vn 0.5881 -0.0900 -0.8038
vn 0.2670 -0.8218 -0.5034
vn 0.8641 -0.0000 -0.5033
vn 0.5881 0.0900 -0.8038
vn 0.2673 0.5315 -0.8038
vn -0.5287 0.2728 -0.8038
vn -0.5287 -0.2728 -0.8038
vn -0.6991 -0.5079 -0.5033
vn 0.0961 0.5871 -0.8038
vn -0.4228 0.4185 -0.8038
vn -0.6991 0.5079 -0.5033
vn 0.2670 0.8218 -0.5034
vn 0.9511 -0.3090 -0.0000
vn 0.9511 0.3090 -0.0000
vn 0.0000 -1.0000 0.0000
vn 0.5878 -0.8090 0.0000
vn -0.9511 -0.3090 0.0000
vn -0.3859 -0.9146 0.1205
vn -0.7506 -0.6497 -0.1205
vn -0.5878 0.8090 -0.0000
vn -0.9511 0.3090 0.0000
vn 0.5878 0.8090 0.0000
vn -0.0000 1.0000 -0.0000
vn 0.6991 -0.5079 0.5033
vn -0.2670 -0.8218 0.5034
vn -0.8641 -0.0000 0.5033
vn -0.2670 0.8218 0.5034
vn 0.6991 0.5079 0.5033
vn -0.0961 -0.5871 0.8038
vn 0.4228 -0.4185 0.8038
vn 0.5287 -0.2728 0.8038
vn 0.5287 0.2728 0.8038
vn -0.2673 -0.5315 0.8038
vn -0.5881 -0.0900 0.8038
vn -0.2673 0.5315 0.8038
vn -0.5881 0.0900 0.8038
vn 0.4228 0.4185 0.8038
vn -0.0961 0.5871 0.8038
vn 0.1096 -0.3372 -0.9350
vn 0.3546 0.0000 -0.9350
vn 0.1096 0.3372 -0.9350
vn -0.2869 0.2084 -0.9350
vn -0.2869 -0.2084 -0.9350
vn 0.7323 -0.5320 -0.4251
vn -0.1058 -0.9230 -0.3701
vn -0.5111 -0.7155 -0.4763
vn -0.9052 0.0000 -0.4251
vn -0.2797 0.8609 -0.4251
vn 0.7323 0.5320 -0.4251
vn 0.2797 -0.8609 0.4251
vn -0.5225 -0.7072 0.4763
vn -0.8451 -0.3858 0.3701
vn -0.7323 0.5320 0.4251
vn 0.2797 0.8609 0.4251
vn 0.9052 0.0000 0.4251
vn -0.1096 -0.3372 0.9350
vn 0.2869 -0.2084 0.9350
vn 0.2869 0.2084 0.9350
vn -0.1096 0.3372 0.9350
vn -0.3546 0.0000 0.9350
vn 0.0961 -0.5871 -0.8038
vn -0.4228 -0.4185 -0.8038
vn 0.2673 -0.5315 -0.8038
vn 0.5881 -0.0900 -0.8038
vn 0.2670 -0.8218 -0.5034
vn 0.8641 0.0000 -0.5033
vn 0.5881 0.0900 -0.8038
vn 0.2673 0.5315 -0.8038
vn -0.5287 0.2728 -0.8038
vn -0.5287 -0.2728 -0.8038
vn -0.6991 -0.5079 -0.5033
vn 0.0961 0.5871 -0.8038
vn -0.4228 0.4185 -0.8038
vn -0.6991 0.5079 -0.5033
vn 0.2670 0.8218 -0.5034
vn 0.9511 -0.3090 -0.0000
vn 0.9511 0.3090 -0.0000
vn -0.0000 -1.0000 0.0000
vn 0.5878 -0.8090 0.0000
vn -0.9511 -0.3090 -0.0000
vn -0.3859 -0.9146 0.1205
vn -0.7506 -0.6497 -0.1205
vn -0.5878 0.8090 -0.0000
vn -0.9511 0.3090 -0.0000
vn 0.5878 0.8090 0.0000
vn 0.0000 1.0000 -0.0000
vn 0.6991 -0.5079 0.5033
vn -0.2670 -0.8218 0.5034
vn -0.8641 0.0000 0.5033
vn -0.2670 0.8218 0.5034
vn 0.6991 0.5079 0.5033
vn -0.0961 -0.5871 0.8038
vn 0.4228 -0.4185 0.8038
vn 0.5287 -0.2728 0.8038
vn 0.5287 0.2728 0.8038
vn -0.2673 -0.5315 0.8038
vn -0.5881 -0.0900 0.8038
vn -0.2673 0.5315 0.8038
vn -0.5881 0.0900 0.8038
vn 0.4228 0.4185 0.8038
vn -0.0961 0.5871 0.8038
vn 0.1096 -0.3372 -0.9350
vn 0.3546 0.0000 -0.9350
vn 0.1096 0.3372 -0.9350
vn -0.2869 0.2084 -0.9350
vn -0.2869 -0.2084 -0.9350
vn 0.7323 -0.5320 -0.4251
vn -0.1058 -0.9230 -0.3701
vn -0.5111 -0.7155 -0.4763
vn -0.9052 0.0000 -0.4251
vn -0.2797 0.8609 -0.4251
vn 0.7323 0.5320 -0.4251
vn 0.2797 -0.8609 0.4251
vn -0.5225 -0.7072 0.4763
vn -0.8451 -0.3858 0.3701
vn -0.7323 0.5320 0.4251
vn 0.2797 0.8609 0.4251
vn 0.9052 0.0000 0.4251
vn -0.1096 -0.3372 0.9350
vn 0.2869 -0.2084 0.9350
vn 0.2869 0.2084 0.9350
vn -0.1096 0.3372 0.9350
vn -0.3546 0.0000 0.9350
vn 0.0961 -0.5871 -0.8038
vn -0.4228 -0.4185 -0.8038
vn 0.2673 -0.5315 -0.8038
vn 0.5881 -0.0900 -0.8038
vn 0.2670 -0.8218 -0.5034
vn 0.8641 0.0000 -0.5033
vn 0.5881 0.0900 -0.8038
vn 0.2673 0.5315 -0.8038
vn -0.5287 0.2728 -0.8038
vn -0.5287 -0.2728 -0.8038
vn -0.6991 -0.5079 -0.5033
vn 0.0961 0.5871 -0.8038
vn -0.4228 0.4185 -0.8038
vn -0.6991 0.5079 -0.5033
vn 0.2670 0.8218 -0.5034
vn 0.9511 -0.3090 -0.0000
vn 0.9511 0.3090 -0.0000
vn 0.0000 -1.0000 0.0000
vn 0.5878 -0.8090 0.0000
vn -0.9511 -0.3090 0.0000
vn -0.3859 -0.9146 0.1205
vn -0.7506 -0.6497 -0.1205
vn -0.5878 0.8090 -0.0000
vn -0.9511 0.3090 0.0000
vn 0.5878 0.8090 0.0000
vn 0.0000 1.0000 -0.0000
vn 0.6991 -0.5079 0.5033
vn -0.2670 -0.8218 0.5034
vn -0.8641 0.0000 0.5033
vn -0.2670 0.8218 0.5034
vn 0.6991 0.5079 0.5033
vn -0.0961 -0.5871 0.8038
vn 0.4228 -0.4185 0.8038
vn 0.5287 -0.2728 0.8038
vn 0.5287 0.2728 0.8038
vn -0.2673 -0.5315 0.8038
vn -0.5881 -0.0900 0.8038
vn -0.2673 0.5315 0.8038
vn -0.5881 0.0900 0.8038
vn 0.4228 0.4185 0.8038
vn -0.0961 0.5871 0.8038
vn 0.1096 -0.3372 -0.9350
vn 0.3546 0.0000 -0.9350
vn 0.1096 0.3372 -0.9350
vn -0.2869 0.2084 -0.9350
vn -0.2869 -0.2084 -0.9350
vn 0.7323 -0.5320 -0.4251
vn -0.1058 -0.9230 -0.3701
vn -0.5111 -0.7155 -0.4763
vn -0.9052 0.0000 -0.4251
vn -0.2797 0.8609 -0.4251
vn 0.7323 0.5320 -0.4251
vn 0.2797 -0.8609 0.4251
vn -0.5225 -0.7072 0.4763
vn -0.8451 -0.3858 0.3701
vn -0.7323 0.5320 0.4251
vn 0.2797 0.8609 0.4251
vn 0.9052 -0.0000 0.4251
vn -0.1096 -0.3372 0.9350
vn 0.2869 -0.2084 0.9350
vn 0.2869 0.2084 0.9350
vn -0.1096 0.3372 0.9350
vn -0.3546 0.0000 0.9350
vn 0.0961 -0.5871 -0.8038
vn -0.4228 -0.4185 -0.8038
vn 0.2673 -0.5315 -0.8038
vn 0.5881 -0.0900 -0.8038
vn 0.2670 -0.8218 -0.5034
vn 0.8641 0.0000 -0.5033
vn 0.5881 0.0900 -0.8038
vn 0.2673 0.5315 -0.8038
vn -0.5287 0.2728 -0.8038
vn -0.5287 -0.2728 -0.8038
vn -0.6991 -0.5079 -0.5033
vn 0.0961 0.5871 -0.8038
vn -0.4228 0.4185 -0.8038
vn -0.6991 0.5079 -0.5033
vn 0.2670 0.8218 -0.5034
vn 0.9511 -0.3090 -0.0000
vn 0.9511 0.3090 -0.0000
vn 0.0000 -1.0000 0.0000
vn 0.5878 -0.8090 0.0000
vn -0.9511 -0.3090 0.0000
vn -0.3859 -0.9146 0.1205
vn -0.7506 -0.6497 -0.1205
vn -0.5878 0.8090 -0.0000
vn -0.9511 0.3090 0.0000
vn 0.5878 0.8090 0.0000
vn 0.0000 1.0000 -0.0000
vn 0.6991 -0.5079 0.5033
vn -0.2670 -0.8218 0.5034
vn -0.8641 0.0000 0.5033
vn -0.2670 0.8218 0.5034
vn 0.6991 0.5079 0.5033
vn -0.0961 -0.5871 0.8038
vn 0.4228 -0.4185 0.8038
vn 0.5287 -0.2728 0.8038
vn 0.5287 0.2728 0.8038
vn -0.2673 -0.5315 0.8038
vn -0.5881 -0.0900 0.8038
vn -0.2673 0.5315 0.8038
vn -0.5881 0.0900 0.8038
vn 0.4228 0.4185 0.8038
vn -0.0961 0.5871 0.8038
vn 0.1096 -0.3372 -0.9350
vn 0.3546 0.0000 -0.9350
vn 0.1096 0.3372 -0.9350
vn -0.2869 0.2084 -0.9350
vn -0.2869 -0.2084 -0.9350
vn 0.7323 -0.5320 -0.4251
vn -0.1058 -0.9230 -0.3701
vn -0.5111 -0.7155 -0.4763
vn -0.9052 -0.0000 -0.4251
vn -0.2797 0.8609 -0.4251
vn 0.7323 0.5320 -0.4251
vn 0.2797 -0.8609 0.4251
vn -0.5225 -0.7072 0.4763
vn -0.8451 -0.3858 0.3701
vn -0.7323 0.5320 0.4251
vn 0.2797 0.8609 0.4251
vn 0.9052 -0.0000 0.4251
vn -0.1096 -0.3372 0.9350
vn 0.2869 -0.2084 0.9350
vn 0.2869 0.2084 0.9350
vn -0.1096 0.3372 0.9350
vn -0.3546 0.0000 0.9350
vn 0.0961 -0.5871 -0.8038
vn -0.4228 -0.4185 -0.8038
vn 0.2673 -0.5315 -0.8038
vn 0.5881 -0.0900 -0.8038
vn 0.2670 -0.8218 -0.5034
vn 0.8641 -0.0000 -0.5033
vn 0.5881 0.0900 -0.8038
vn 0.2673 0.5315 -0.8038
vn -0.5287 0.2728 -0.8038
vn -0.5287 -0.2728 -0.8038
vn -0.6991 -0.5079 -0.5033
vn 0.0961 0.5871 -0.8038
vn -0.4228 0.4185 -0.8038
vn -0.6991 0.5079 -0.5033
vn 0.2670 0.8218 -0.5034
vn 0.9511 -0.3090 0.0000
vn 0.9511 0.3090 0.0000
vn -0.0000 -1.0000 -0.0000
vn 0.5878 -0.8090 0.0000
vn -0.9511 -0.3090 0.0000
vn -0.3859 -0.9146 0.1205
vn -0.7506 -0.6497 -0.1205
vn -0.5878 0.8090 -0.0000
vn -0.9511 0.3090 0.0000
vn 0.5878 0.8090 0.0000
vn -0.0000 1.0000 0.0000
vn 0.6991 -0.5079 0.5033
vn -0.2670 -0.8218 0.5034
vn -0.8641 -0.0000 0.5033
vn -0.2670 0.8218 0.5034
vn 0.6991 0.5079 0.5033
vn -0.0961 -0.5871 0.8038
vn 0.4228 -0.4185 0.8038
vn 0.5287 -0.2728 0.8038
vn 0.5287 0.2728 0.8038
vn -0.2673 -0.5315 0.8038
vn -0.5881 -0.0900 0.8038
vn -0.2673 0.5315 0.8038
vn -0.5881 0.0900 0.8038
vn 0.4228 0.4185 0.8038
vn -0.0961 0.5871 0.8038
vn 0.1096 -0.3372 -0.9350
vn 0.3546 0.0000 -0.9350
vn 0.1096 0.3372 -0.9350
vn -0.2869 0.2084 -0.9350
vn -0.2869 -0.2084 -0.9350
vn 0.7323 -0.5320 -0.4251
vn -0.1058 -0.9230 -0.3701
vn -0.5111 -0.7155 -0.4763
vn -0.9052 -0.0000 -0.4251
vn -0.2797 0.8609 -0.4251
vn 0.7323 0.5320 -0.4251
vn 0.2797 -0.8609 0.4251
vn -0.5225 -0.7072 0.4763
vn -0.8451 -0.3858 0.3701
vn -0.7323 0.5320 0.4251
vn 0.2797 0.8609 0.4251
vn 0.9052 -0.0000 0.4251
vn -0.1096 -0.3372 0.9350
vn 0.2869 -0.2084 0.9350
vn 0.2869 0.2084 0.9350
vn -0.1096 0.3372 0.9350
vn -0.3546 0.0000 0.9350
vn 0.0961 -0.5871 -0.8038
vn -0.4228 -0.4185 -0.8038
vn 0.2673 -0.5315 -0.8038
vn 0.5881 -0.0900 -0.8038
vn 0.2670 -0.8218 -0.5034
vn 0.8641 -0.0000 -0.5033
vn 0.5881 0.0900 -0.8038
vn 0.2673 0.5315 -0.8038
vn -0.5287 0.2728 -0.8038
vn -0.5287 -0.2728 -0.8038
vn -0.6991 -0.5079 -0.5033
vn 0.0961 0.5871 -0.8038
vn -0.4228 0.4185 -0.8038
vn -0.6991 0.5079 -0.5033
vn 0.2670 0.8218 -0.5034
vn 0.9511 -0.3090 -0.0000
vn 0.9511 0.3090 -0.0000
vn -0.0000 -1.0000 -0.0000
vn 0.5878 -0.8090 0.0000
vn -0.9511 -0.3090 0.0000
vn -0.3859 -0.9146 0.1205
vn -0.7506 -0.6497 -0.1205
vn -0.5878 0.8090 -0.0000
vn -0.9511 0.3090 0.0000
vn 0.5878 0.8090 0.0000
vn -0.0000 1.0000 -0.0000
vn 0.6991 -0.5079 0.5033
vn -0.2670 -0.8218 0.5034
vn -0.8641 -0.0000 0.5033
vn -0.2670 0.8218 0.5034
vn 0.6991 0.5079 0.5033
vn -0.0961 -0.5871 0.8038
vn 0.4228 -0.4185 0.8038
vn 0.5287 -0.2728 0.8038
vn 0.5287 0.2728 0.8038
vn -0.2673 -0.5315 0.8038
vn -0.5881 -0.0900 0.8038
vn -0.2673 0.5315 0.8038
vn -0.5881 0.0900 0.8038
vn 0.4228 0.4185 0.8038
vn -0.0961 0.5871 0.8038
vn 0.1096 -0.3372 -0.9350
vn 0.3546 0.0000 -0.9350
vn 0.1096 0.3372 -0.9350
vn -0.2869 0.2084 -0.9350
vn -0.2869 -0.2084 -0.9350
vn 0.7323 -0.5320 -0.4251
vn -0.1058 -0.9230 -0.3701
vn -0.5111 -0.7155 -0.4763
vn -0.9052 -0.0000 -0.4251
vn -0.2797 0.8609 -0.4251
vn 0.7323 0.5320 -0.4251
vn 0.2797 -0.8609 0.4251
vn -0.5225 -0.7072 0.4763
vn -0.8451 -0.3858 0.3701
vn -0.7323 0.5320 0.4251
vn 0.2797 0.8609 0.4251
vn 0.9052 -0.0000 0.4251
vn -0.1096 -0.3372 0.9350
vn 0.2869 -0.2084 0.9350
vn 0.2869 0.2084 0.9350
vn -0.1096 0.3372 0.9350
vn -0.3546 0.0000 0.9350
vn 0.0961 -0.5871 -0.8038
vn -0.4228 -0.4185 -0.8038
vn 0.2673 -0.5315 -0.8038
vn 0.5881 -0.0900 -0.8038
vn 0.2670 -0.8218 -0.5034
vn 0.8641 -0.0000 -0.5033
vn 0.5881 0.0900 -0.8038
vn 0.2673 0.5315 -0.8038
vn -0.5287 0.2728 -0.8038
vn -0.5287 -0.2728 -0.8038
vn -0.6991 -0.5079 -0.5033
vn 0.0961 0.5871 -0.8038
vn -0.4228 0.4185 -0.8038
vn -0.6991 0.5079 -0.5033
vn 0.2670 0.8218 -0.5034
vn 0.9511 -0.3090 -0.0000
vn 0.9511 0.3090 -0.0000
vn -0.0000 -1.0000 0.0000
vn 0.5878 -0.8090 0.0000
vn -0.9511 -0.3090 0.0000
vn -0.3859 -0.9146 0.1205
vn -0.7506 -0.6497 -0.1205
vn -0.5878 0.8090 -0.0000
vn -0.9511 0.3090 0.0000
vn 0.5878 0.8090 0.0000
vn 0.0000 1.0000 -0.0000
vn 0.6991 -0.5079 0.5033
vn -0.2670 -0.8218 0.5034
vn -0.8641 -0.0000 0.5033
vn -0.2670 0.8218 0.5034
vn 0.6991 0.5079 0.5033
vn -0.0961 -0.5871 0.8038
vn 0.4228 -0.4185 0.8038
vn 0.5287 -0.2728 0.8038
vn 0.5287 0.2728 0.8038
vn -0.2673 -0.5315 0.8038
vn -0.5881 -0.0900 0.8038
vn -0.2673 0.5315 0.8038
vn -0.5881 0.0900 0.8038
vn 0.4228 0.4185 0.8038
vn -0.0961 0.5871 0.8038
vn 0.1096 -0.3372 -0.9350
vn 0.3546 0.0000 -0.9350
vn 0.1096 0.3372 -0.9350
vn -0.2869 0.2084 -0.9350
vn -0.2869 -0.2084 -0.9350
vn 0.7323 -0.5320 -0.4251
vn -0.1058 -0.9230 -0.3701
vn -0.5111 -0.7155 -0.4763
vn -0.9052 0.0000 -0.4251
vn -0.2797 0.8609 -0.4251
vn 0.7323 0.5320 -0.4251
vn 0.2797 -0.8609 0.4251
vn -0.5225 -0.7072 0.4763
vn -0.8451 -0.3858 0.3701
vn -0.7323 0.5320 0.4251
vn 0.2797 0.8609 0.4251
vn 0.9052 0.0000 0.4251
vn -0.1096 -0.3372 0.9350
vn 0.2869 -0.2084 0.9350
vn 0.2869 0.2084 0.9350
vn -0.1096 0.3372 0.9350
vn -0.3546 0.0000 0.9350
vn 0.0961 -0.5871 -0.8038
vn -0.4228 -0.4185 -0.8038
vn 0.2673 -0.5315 -0.8038
vn 0.5881 -0.0900 -0.8038
vn 0.2670 -0.8218 -0.5034
vn 0.8641 0.0000 -0.5033
vn 0.5881 0.0900 -0.8038
vn 0.2673 0.5315 -0.8038
vn -0.5287 0.2728 -0.8038
vn -0.5287 -0.2728 -0.8038
vn -0.6991 -0.5079 -0.5033
vn 0.0961 0.5871 -0.8038
vn -0.4228 0.4185 -0.8038
vn -0.6991 0.5079 -0.5033
vn 0.2670 0.8218 -0.5034
vn 0.9511 -0.3090 -0.0000
vn 0.9511 0.3090 -0.0000
vn -0.0000 -1.0000 0.0000
vn 0.5878 -0.8090 0.0000
vn -0.9511 -0.3090 0.0000
vn -0.3859 -0.9146 0.1205
vn -0.7506 -0.6497 -0.1205
vn -0.5878 0.8090 -0.0000
vn -0.9511 0.3090 0.0000
vn 0.5878 0.8090 0.0000
vn 0.0000 1.0000 -0.0000
vn 0.6991 -0.5079 0.5033
vn -0.2670 -0.8218 0.5034
vn -0.8641 0.0000 0.5033
vn -0.2670 0.8218 0.5034
vn 0.6991 0.5079 0.5033
vn -0.0961 -0.5871 0.8038
vn 0.4228 -0.4185 0.8038
vn 0.5287 -0.2728 0.8038
vn 0.5287 0.2728 0.8038
vn -0.2673 -0.5315 0.8038
vn -0.5881 -0.0900 0.8038
vn -0.2673 0.5315 0.8038
vn -0.5881 0.0900 0.8038
vn 0.4228 0.4185 0.8038
vn -0.0961 0.5871 0.8038
vn 0.1096 -0.3372 -0.9350
vn 0.3546 0.0000 -0.9350
vn 0.1096 0.3372 -0.9350
vn -0.2869 0.2084 -0.9350
vn -0.2869 -0.2084 -0.9350
vn 0.7323 -0.5320 -0.4251
vn -0.1058 -0.9230 -0.3701
vn -0.5111 -0.7155 -0.4763
vn -0.9052 0.0000 -0.4251
vn -0.2797 0.8609 -0.4251
vn 0.7323 0.5320 -0.4251
vn 0.2797 -0.8609 0.4251
vn -0.5225 -0.7072 0.4763
vn -0.8451 -0.3858 0.3701
vn -0.7323 0.5320 0.4251
vn 0.2797 0.8609 0.4251
vn 0.9052 -0.0000 0.4251
vn -0.1096 -0.3372 0.9350
vn 0.2869 -0.2084 0.9350
vn 0.2869 0.2084 0.9350
vn -0.1096 0.3372 0.9350
vn -0.3546 0.0000 0.9350
vn 0.0961 -0.5871 -0.8038
vn -0.4228 -0.4185 -0.8038
vn 0.2673 -0.5315 -0.8038
vn 0.5881 -0.0900 -0.8038
vn 0.2670 -0.8218 -0.5034
vn 0.8641 0.0000 -0.5033
vn 0.5881 0.0900 -0.8038
vn 0.2673 0.5315 -0.8038
vn -0.5287 0.2728 -0.8038
vn -0.5287 -0.2728 -0.8038
vn -0.6991 -0.5079 -0.5033
vn 0.0961 0.5871 -0.8038
vn -0.4228 0.4185 -0.8038
vn -0.6991 0.5079 -0.5033
vn 0.2670 0.8218 -0.5034
vn 0.9511 -0.3090 -0.0000
vn 0.9511 0.3090 -0.0000
vn 0.0000 -1.0000 0.0000
vn 0.5878 -0.8090 0.0000
vn -0.9511 -0.3090 0.0000
vn -0.3859 -0.9146 0.1205
vn -0.7506 -0.6497 -0.1205
vn -0.5878 0.8090 -0.0000
vn -0.9511 0.3090 0.0000
vn 0.5878 0.8090 0.0000
vn -0.0000 1.0000 0.0000
vn 0.6991 -0.5079 0.5034
vn -0.2670 -0.8218 0.5034
vn -0.8641 0.0000 0.5033
vn -0.2670 0.8218 0.5034
vn 0.6991 0.5079 0.5033
vn -0.0961 -0.5871 0.8038
vn 0.4228 -0.4185 0.8038
vn 0.5287 -0.2728 0.8038
vn 0.5287 0.2728 0.8038
vn -0.2673 -0.5315 0.8038
vn -0.5881 -0.0900 0.8038
vn -0.2673 0.5315 0.8038
vn -0.5881 0.0900 0.8038
vn 0.4228 0.4185 0.8038
vn -0.0961 0.5871 0.8038
vn 0.1096 -0.3372 -0.9350
vn 0.3546 0.0000 -0.9350
vn 0.1096 0.3372 -0.9350
vn -0.2869 0.2084 -0.9350
vn -0.2869 -0.2084 -0.9350
vn 0.7323 -0.5320 -0.4251
vn -0.1058 -0.9230 -0.3701
vn -0.5111 -0.7155 -0.4763
vn -0.9052 0.0000 -0.4251
vn -0.2797 0.8609 -0.4251
vn 0.7323 0.5320 -0.4251
vn 0.2797 -0.8609 0.4251
vn -0.5225 -0.7072 0.4763
vn -0.8451 -0.3858 0.3701
vn -0.7323 0.5320 0.4251
vn 0.2797 0.8609 0.4251
vn 0.9052 0.0000 0.4251
vn -0.1096 -0.3372 0.9350
vn 0.2869 -0.2084 0.9350
vn 0.2869 0.2084 0.9350
vn -0.1096 0.3372 0.9350
vn -0.3546 0.0000 0.9350
vn 0.0961 -0.5871 -0.8038
vn -0.4228 -0.4185 -0.8038
vn 0.2673 -0.5315 -0.8038
vn 0.5881 -0.0900 -0.8038
vn 0.2670 -0.8218 -0.5034
vn 0.8641 -0.0000 -0.5033
vn 0.5881 0.0900 -0.8038
vn 0.2673 0.5315 -0.8038
vn -0.5287 0.2728 -0.8038
vn -0.5287 -0.2728 -0.8038
vn -0.6991 -0.5079 -0.5033
vn 0.0961 0.5871 -0.8038
vn -0.4228 0.4185 -0.8038
vn -0.6991 0.5079 -0.5033
vn 0.2670 0.8218 -0.5034
vn 0.9511 -0.3090 -0.0000
vn 0.9511 0.3090 -0.0000
vn -0.0000 -1.0000 0.0000
vn 0.5878 -0.8090 0.0000
vn -0.9511 -0.3090 0.0000
vn -0.3859 -0.9146 0.1205
vn -0.7506 -0.6497 -0.1205
vn -0.5878 0.8090 -0.0000
vn -0.9511 0.3090 0.0000
vn 0.5878 0.8090 0.0000
vn -0.0000 1.0000 0.0000
vn 0.6991 -0.5079 0.5033
vn -0.2670 -0.8218 0.5034
vn -0.8641 -0.0000 0.5033
vn -0.2670 0.8218 0.5034
vn 0.6991 0.5079 0.5033
vn -0.0961 -0.5871 0.8038
vn 0.4228 -0.4185 0.8038
vn 0.5287 -0.2728 0.8038
vn 0.5287 0.2728 0.8038
vn -0.2673 -0.5315 0.8038
vn -0.5881 -0.0900 0.8038
vn -0.2673 0.5315 0.8038
vn -0.5881 0.0900 0.8038
vn 0.4228 0.4185 0.8038
vn -0.0961 0.5871 0.8038
vn 0.1096 -0.3372 -0.9350
vn 0.3546 0.0000 -0.9350
vn 0.1096 0.3372 -0.9350
vn -0.2869 0.2084 -0.9350
vn -0.2869 -0.2084 -0.9350
vn 0.7323 -0.5320 -0.4251
vn -0.1058 -0.9230 -0.3701
vn -0.5111 -0.7155 -0.4763
vn -0.9052 -0.0000 -0.4251
vn -0.2797 0.8609 -0.4251
vn 0.7323 0.5320 -0.4251
vn 0.2797 -0.8609 0.4251
vn -0.5225 -0.7072 0.4763
vn -0.8451 -0.3858 0.3701
vn -0.7323 0.5320 0.4251
vn 0.2797 0.8609 0.4251
vn 0.9052 -0.0000 0.4251
vn -0.1096 -0.3372 0.9350
vn 0.2869 -0.2084 0.9350
vn 0.2869 0.2084 0.9350
vn -0.1096 0.3372 0.9350
vn -0.3546 0.0000 0.9350
vn 0.0961 -0.5871 -0.8038
vn -0.4228 -0.4185 -0.8038
vn 0.2673 -0.5315 -0.8038
vn 0.5881 -0.0900 -0.8038
vn 0.2670 -0.8218 -0.5034
vn 0.8641 0.0000 -0.5034
vn 0.5881 0.0900 -0.8038
vn 0.2673 0.5315 -0.8038
vn -0.5287 0.2728 -0.8038
vn -0.5287 -0.2728 -0.8038
vn -0.6991 -0.5079 -0.5033
vn 0.0961 0.5871 -0.8038
vn -0.4228 0.4185 -0.8038
vn -0.6991 0.5079 -0.5033
vn 0.2670 0.8218 -0.5034
vn 0.9511 -0.3090 -0.0000
vn 0.9511 0.3090 -0.0000
vn 0.0000 -1.0000 -0.0000
vn 0.5878 -0.8090 0.0000
vn -0.9511 -0.3090 0.0000
vn -0.3859 -0.9146 0.1205
vn -0.7506 -0.6497 -0.1205
vn -0.5878 0.8090 -0.0000
vn -0.9511 0.3090 0.0000
vn 0.5878 0.8090 0.0000
vn -0.0000 1.0000 0.0000
vn 0.6991 -0.5079 0.5033
vn -0.2670 -0.8218 0.5034
vn -0.8641 -0.0000 0.5033
vn -0.2670 0.8218 0.5034
vn 0.6991 0.5079 0.5033
vn -0.0961 -0.5871 0.8038
vn 0.4228 -0.4185 0.8038
vn 0.5287 -0.2728 0.8038
vn 0.5287 0.2728 0.8038
vn -0.2673 -0.5315 0.8038
vn -0.5881 -0.0900 0.8038
vn -0.2673 0.5315 0.8038
vn -0.5881 0.0900 0.8038
vn 0.4228 0.4185 0.8038
vn -0.0961 0.5871 0.8038
vn 0.1096 -0.3372 -0.9350
vn 0.3546 0.0000 -0.9350
vn 0.1096 0.3372 -0.9350
vn -0.2869 0.2084 -0.9350
vn -0.2869 -0.2084 -0.9350
vn 0.7323 -0.5320 -0.4251
vn -0.1058 -0.9230 -0.3701
vn -0.5111 -0.7155 -0.4763
vn -0.9052 0.0000 -0.4251
vn -0.2797 0.8609 -0.4251
vn 0.7323 0.5320 -0.4251
vn 0.2797 -0.8609 0.4251
vn -0.5225 -0.7072 0.4763
vn -0.8451 -0.3858 0.3701
vn -0.7323 0.5320 0.4251
vn 0.2797 0.8609 0.4251
vn 0.9052 0.0000 0.4251
vn -0.1096 -0.3372 0.9350
vn 0.2869 -0.2084 0.9350
vn 0.2869 0.2084 0.9350
vn -0.1096 0.3372 0.9350
vn -0.3546 0.0000 0.9350
vn 0.0961 -0.5871 -0.8038
vn -0.4228 -0.4185 -0.8038
vn 0.2673 -0.5315 -0.8038
vn 0.5881 -0.0900 -0.8038
vn 0.2670 -0.8218 -0.5034
vn 0.8641 -0.0000 -0.5033
vn 0.5881 0.0900 -0.8038
vn 0.2673 0.5315 -0.8038
vn -0.5287 0.2728 -0.8038
vn -0.5287 -0.2728 -0.8038
vn -0.6991 -0.5079 -0.5033
vn 0.0961 0.5871 -0.8038
vn -0.4228 0.4185 -0.8038
vn -0.6991 0.5079 -0.5033
vn 0.2670 0.8218 -0.5034
vn 0.9511 -0.3090 -0.0000
vn 0.9511 0.3090 -0.0000
vn 0.0000 -1.0000 0.0000
vn 0.5878 -0.8090 0.0000
vn -0.9511 -0.3090 0.0000
vn -0.3859 -0.9146 0.1205
vn -0.7506 -0.6497 -0.1205
vn -0.5878 0.8090 -0.0000
vn -0.9511 0.3090 0.0000
vn 0.5878 0.8090 0.0000
vn 0.0000 1.0000 0.0000
vn 0.6991 -0.5079 0.5033
vn -0.2670 -0.8218 0.5034
vn -0.8641 -0.0000 0.5033
vn -0.2670 0.8218 0.5034
vn 0.6991 0.5079 0.5033
vn -0.0961 -0.5871 0.8038
vn 0.4228 -0.4185 0.8038
vn 0.5287 -0.2728 0.8038
vn 0.5287 0.2728 0.8038
vn -0.2673 -0.5315 0.8038
vn -0.5881 -0.0900 0.8038
vn -0.2673 0.5315 0.8038
vn -0.5881 0.0900 0.8038
vn 0.4228 0.4185 0.8038
vn -0.0961 0.5871 0.8038
vn 0.1096 -0.3372 -0.9350
vn 0.3546 0.0000 -0.9350
vn 0.1096 0.3372 -0.9350
vn -0.2869 0.2084 -0.9350
vn -0.2869 -0.2084 -0.9350
vn 0.7323 -0.5320 -0.4251
vn -0.1058 -0.9230 -0.3701
vn -0.5111 -0.7155 -0.4763
vn -0.9052 0.0000 -0.4251
vn -0.2797 0.8609 -0.4251
vn 0.7323 0.5320 -0.4251
vn 0.2797 -0.8609 0.4251
vn -0.5225 -0.7072 0.4763
vn -0.8451 -0.3858 0.3701
vn -0.7323 0.5320 0.4251
vn 0.2797 0.8609 0.4251
vn 0.9052 0.0000 0.4251
vn -0.1096 -0.3372 0.9350
vn 0.2869 -0.2084 0.9350
vn 0.2869 0.2084 0.9350
vn -0.1096 0.3372 0.9350
vn -0.3546 0.0000 0.9350
vn 0.0961 -0.5871 -0.8038
vn -0.4228 -0.4185 -0.8038
vn 0.2673 -0.5315 -0.8038
vn 0.5881 -0.0900 -0.8038
vn 0.2670 -0.8218 -0.5034
vn 0.8641 0.0000 -0.5033
vn 0.5881 0.0900 -0.8038
vn 0.2673 0.5315 -0.8038
vn -0.5287 0.2728 -0.8038
vn -0.5287 -0.2728 -0.8038
vn -0.6991 -0.5079 -0.5033
vn 0.0961 0.5871 -0.8038
vn -0.4228 0.4185 -0.8038
vn -0.6991 0.5079 -0.5033
vn 0.2670 0.8218 -0.5034
vn 0.9511 -0.3090 -0.0000
vn 0.9511 0.3090 -0.0000
vn 0.0000 -1.0000 -0.0000
vn 0.5878 -0.8090 0.0000
vn -0.9511 -0.3090 0.0000
vn -0.3859 -0.9146 0.1205
vn -0.7506 -0.6497 -0.1205
vn -0.5878 0.8090 -0.0000
vn -0.9511 0.3090 0.0000
vn 0.5878 0.8090 0.0000
vn 0.0000 1.0000 -0.0000
vn 0.6991 -0.5079 0.5033
vn -0.2670 -0.8218 0.5034
vn -0.8641 0.0000 0.5033
vn -0.2670 0.8218 0.5034
vn 0.6991 0.5079 0.5033
vn -0.0961 -0.5871 0.8038
vn 0.4228 -0.4185 0.8038
vn 0.5287 -0.2728 0.8038
vn 0.5287 0.2728 0.8038
vn -0.2673 -0.5315 0.8038
vn -0.5881 -0.0900 0.8038
vn -0.2673 0.5315 0.8038
vn -0.5881 0.0900 0.8038
vn 0.4228 0.4185 0.8038
vn -0.0961 0.5871 0.8038
vn 0.1096 -0.3372 -0.9350
vn 0.3546 0.0000 -0.9350
vn 0.1096 0.3372 -0.9350
vn -0.2869 0.2084 -0.9350
vn -0.2869 -0.2084 -0.9350
vn 0.7323 -0.5320 -0.4251
vn -0.1058 -0.9230 -0.3701
vn -0.5111 -0.7155 -0.4763
vn -0.9052 -0.0000 -0.4251
vn -0.2797 0.8609 -0.4251
vn 0.7323 0.5320 -0.4251
vn 0.2797 -0.8609 0.4251
vn -0.5225 -0.7072 0.4763
vn -0.8451 -0.3858 0.3701
vn -0.7323 0.5320 0.4251
vn 0.2797 0.8609 0.4251
vn 0.9052 -0.0000 0.4251
vn -0.1096 -0.3372 0.9350
vn 0.2869 -0.2084 0.9350
vn 0.2869 0.2084 0.9350
vn -0.1096 0.3372 0.9350
vn -0.3546 0.0000 0.9350
vn 0.0961 -0.5871 -0.8038
vn -0.4228 -0.4185 -0.8038
vn 0.2673 -0.5315 -0.8038
vn 0.5881 -0.0900 -0.8038
vn 0.2670 -0.8218 -0.5034
vn 0.8641 -0.0000 -0.5033
vn 0.5881 0.0900 -0.8038
vn 0.2673 0.5315 -0.8038
vn -0.5287 0.2728 -0.8038
vn -0.5287 -0.2728 -0.8038
vn -0.6991 -0.5079 -0.5033
vn 0.0961 0.5871 -0.8038
vn -0.4228 0.4185 -0.8038
vn -0.6991 0.5079 -0.5033
vn 0.2670 0.8218 -0.5034
vn 0.9511 -0.3090 -0.0000
vn 0.9511 0.3090 -0.0000
vn 0.0000 -1.0000 -0.0000
vn 0.5878 -0.8090 0.0000
vn -0.9511 -0.3090 0.0000
vn -0.3859 -0.9146 0.1205
vn -0.7506 -0.6497 -0.1205
vn -0.5878 0.8090 -0.0000
vn -0.9511 0.3090 0.0000
vn 0.5878 0.8090 -0.0000
vn 0.0000 1.0000 -0.0000
vn 0.6991 -0.5079 0.5033
vn -0.2670 -0.8218 0.5034
vn -0.8641 -0.0000 0.5033
vn -0.2670 0.8218 0.5034
vn 0.6991 0.5079 0.5033
vn -0.0961 -0.5871 0.8038
vn 0.4228 -0.4185 0.8038
vn 0.5287 -0.2728 0.8038
vn 0.5287 0.2728 0.8038
vn -0.2673 -0.5315 0.8038
vn -0.5881 -0.0900 0.8038
vn -0.2673 0.5315 0.8038
vn -0.5881 0.0900 0.8038
vn 0.4228 0.4185 0.8038
vn -0.0961 0.5871 0.8038
vn 0.1096 -0.3372 -0.9350
vn 0.3546 0.0000 -0.9350
vn 0.1096 0.3372 -0.9350
vn -0.2869 0.2084 -0.9350
vn -0.2869 -0.2084 -0.9350
vn 0.7323 -0.5320 -0.4251
vn -0.1058 -0.9230 -0.3701
vn -0.5111 -0.7155 -0.4763
vn -0.9052 0.0000 -0.4251
vn -0.2797 0.8609 -0.4251
vn 0.7323 0.5320 -0.4251
vn 0.2797 -0.8609 0.4251
vn -0.5225 -0.7072 0.4763
vn -0.8451 -0.3858 0.3701
vn -0.7323 0.5320 0.4251
vn 0.2797 0.8609 0.4251
vn 0.9052 -0.0000 0.4251
vn -0.1096 -0.3372 0.9350
vn 0.2869 -0.2084 0.9350
vn 0.2869 0.2084 0.9350
vn -0.1096 0.3372 0.9350
vn -0.3546 0.0000 0.9350
vn 0.0961 -0.5871 -0.8038
vn -0.4228 -0.4185 -0.8038
vn 0.2673 -0.5315 -0.8038
vn 0.5881 -0.0900 -0.8038
vn 0.2670 -0.8218 -0.5034
vn 0.8641 -0.0000 -0.5033
vn 0.5881 0.0900 -0.8038
vn 0.2673 0.5315 -0.8038
vn -0.5287 0.2728 -0.8038
vn -0.5287 -0.2728 -0.8038
vn -0.6991 -0.5079 -0.5033
vn 0.0961 0.5871 -0.8038
vn -0.4228 0.4185 -0.8038
vn -0.6991 0.5079 -0.5033
vn 0.2670 0.8218 -0.5034
vn 0.9511 -0.3090 -0.0000
vn 0.9511 0.3090 -0.0000
vn 0.0000 -1.0000 0.0000
vn 0.5878 -0.8090 0.0000
vn -0.9511 -0.3090 0.0000
vn -0.3859 -0.9146 0.1205
vn -0.7506 -0.6497 -0.1205
vn -0.5878 0.8090 -0.0000
vn -0.9511 0.3090 0.0000
vn 0.5878 0.8090 0.0000
vn -0.0000 1.0000 0.0000
vn 0.6991 -0.5079 0.5033
vn -0.2670 -0.8218 0.5034
vn -0.8641 -0.0000 0.5033
vn -0.2670 0.8218 0.5034
vn 0.6991 0.5079 0.5033
vn -0.0961 -0.5871 0.8038
vn 0.4228 -0.4185 0.8038
vn 0.5287 -0.2728 0.8038
vn 0.5287 0.2728 0.8038
vn -0.2673 -0.5315 0.8038
vn -0.5881 -0.0900 0.8038
vn -0.2673 0.5315 0.8038
vn -0.5881 0.0900 0.8038
vn 0.4228 0.4185 0.8038
vn -0.0961 0.5871 0.8038
vn 0.1096 -0.3372 -0.9350
vn 0.3546 0.0000 -0.9350
vn 0.1096 0.3372 -0.9350
vn -0.2869 0.2084 -0.9350
vn -0.2869 -0.2084 -0.9350
vn 0.7323 -0.5320 -0.4251
vn -0.1058 -0.9230 -0.3701
vn -0.5111 -0.7155 -0.4763
vn -0.9052 0.0000 -0.4251
vn -0.2797 0.8609 -0.4251
vn 0.7323 0.5320 -0.4251
vn 0.2797 -0.8609 0.4251
vn -0.5225 -0.7072 0.4763
vn -0.8451 -0.3858 0.3701
vn -0.7323 0.5320 0.4251
vn 0.2797 0.8609 0.4251
vn 0.9052 0.0000 0.4251
vn -0.1096 -0.3372 0.9350
vn 0.2869 -0.2084 0.9350
vn 0.2869 0.2084 0.9350
vn -0.1096 0.3372 0.9350
vn -0.3546 0.0000 0.9350
vn 0.0961 -0.5871 -0.8038
vn -0.4228 -0.4185 -0.8038
vn 0.2673 -0.5315 -0.8038
vn 0.5881 -0.0900 -0.8038
vn 0.2670 -0.8218 -0.5034
vn 0.8641 -0.0000 -0.5033
vn 0.5881 0.0900 -0.8038
vn 0.2673 0.5315 -0.8038
vn -0.5287 0.2728 -0.8038
vn -0.5287 -0.2728 -0.8038
vn -0.6991 -0.5079 -0.5033
vn 0.0961 0.5871 -0.8038
vn -0.4228 0.4185 -0.8038
vn -0.6991 0.5079 -0.5033
vn 0.2670 0.8218 -0.5034
vn 0.9511 -0.3090 -0.0000
vn 0.9511 0.3090 0.0000
vn -0.0000 -1.0000 0.0000
vn 0.5878 -0.8090 0.0000
vn -0.9511 -0.3090 0.0000
vn -0.3859 -0.9146 0.1205
vn -0.7506 -0.6497 -0.1205
vn -0.5878 0.8090 -0.0000
vn -0.9511 0.3090 -0.0000
vn 0.5878 0.8090 0.0000
vn -0.0000 1.0000 0.0000
vn 0.6991 -0.5079 0.5033
vn -0.2670 -0.8218 0.5034
vn -0.8641 -0.0000 0.5033
vn -0.2670 0.8218 0.5034
vn 0.6991 0.5079 0.5033
vn -0.0961 -0.5871 0.8038
vn 0.4228 -0.4185 0.8038
vn 0.5287 -0.2728 0.8038
vn 0.5287 0.2728 0.8038
vn -0.2673 -0.5315 0.8038
vn -0.5881 -0.0900 0.8038
vn -0.2673 0.5315 0.8038
vn -0.5881 0.0900 0.8038
vn 0.4228 0.4185 0.8038
vn -0.0961 0.5871 0.8038
vn 0.1096 -0.3372 -0.9350
vn 0.3546 0.0000 -0.9350
vn 0.1096 0.3372 -0.9350
vn -0.2869 0.2084 -0.9350
vn -0.2869 -0.2084 -0.9350
vn 0.7323 -0.5320 -0.4251
vn -0.1058 -0.9230 -0.3701
vn -0.5111 -0.7155 -0.4763
vn -0.9052 0.0000 -0.4251
vn -0.2797 0.8609 -0.4251
vn 0.7323 0.5320 -0.4251
vn 0.2797 -0.8609 0.4251
vn -0.5225 -0.7072 0.4763
vn -0.8451 -0.3858 0.3701
vn -0.7323 0.5320 0.4251
vn 0.2797 0.8609 0.4251
vn 0.9052 -0.0000 0.4251
vn -0.1096 -0.3372 0.9350
vn 0.2869 -0.2084 0.9350
vn 0.2869 0.2084 0.9350
vn -0.1096 0.3372 0.9350
vn -0.3546 0.0000 0.9350
vn 0.0961 -0.5871 -0.8038
vn -0.4228 -0.4185 -0.8038
vn 0.2673 -0.5315 -0.8038
vn 0.5881 -0.0900 -0.8038
vn 0.2670 -0.8218 -0.5034
vn 0.8641 0.0000 -0.5033
vn 0.5881 0.0900 -0.8038
vn 0.2673 0.5315 -0.8038
vn -0.5287 0.2728 -0.8038
vn -0.5287 -0.2728 -0.8038
vn -0.6991 -0.5079 -0.5033
vn 0.0961 0.5871 -0.8038
vn -0.4228 0.4185 -0.8038
vn -0.6991 0.5079 -0.5033
vn 0.2670 0.8218 -0.5034
vn 0.9511 -0.3090 -0.0000
vn 0.9511 0.3090 -0.0000
vn 0.0000 -1.0000 -0.0000
vn 0.5878 -0.8090 0.0000
vn -0.9511 -0.3090 0.0000
vn -0.3859 -0.9146 0.1205
vn -0.7506 -0.6497 -0.1205
vn -0.5878 0.8090 -0.0000
vn -0.9511 0.3090 0.0000
vn 0.5878 0.8090 0.0000
vn 0.0000 1.0000 -0.0000
vn 0.6991 -0.5079 0.5033
vn -0.2670 -0.8218 0.5034
vn -0.8641 -0.0000 0.5033
vn -0.2670 0.8218 0.5034
vn 0.6991 0.5079 0.5033
vn -0.0961 -0.5871 0.8038
vn 0.4228 -0.4185 0.8038
vn 0.5287 -0.2728 0.8038
vn 0.5287 0.2728 0.8038
vn -0.2673 -0.5315 0.8038
vn -0.5881 -0.0900 0.8038
vn -0.2673 0.5315 0.8038
vn -0.5881 0.0900 0.8038
vn 0.4228 0.4185 0.8038
vn -0.0961 0.5871 0.8038
vn 0.1096 -0.3372 -0.9350
vn 0.3546 0.0000 -0.9350
vn 0.1096 0.3372 -0.9350
vn -0.2869 0.2084 -0.9350
vn -0.2869 -0.2084 -0.9350
vn 0.7323 -0.5320 -0.4251
vn -0.1058 -0.9230 -0.3701
vn -0.5111 -0.7155 -0.4763
vn -0.9052 -0.0000 -0.4251
vn -0.2797 0.8609 -0.4251
vn 0.7323 0.5320 -0.4251
vn 0.2797 -0.8609 0.4251
vn -0.5225 -0.7072 0.4763
vn -0.8451 -0.3858 0.3701
vn -0.7323 0.5320 0.4251
vn 0.2797 0.8609 0.4251
vn 0.9052 0.0000 0.4251
vn -0.1096 -0.3372 0.9350
vn 0.2869 -0.2084 0.9350
vn 0.2869 0.2084 0.9350
vn -0.1096 0.3372 0.9350
vn -0.3546 0.0000 0.9350
vn 0.0961 -0.5871 -0.8038
vn -0.4228 -0.4185 -0.8038
vn 0.2673 -0.5315 -0.8038
vn 0.5881 -0.0900 -0.8038
vn 0.2670 -0.8218 -0.5034
vn 0.8641 -0.0000 -0.5033
vn 0.5881 0.0900 -0.8038
vn 0.2673 0.5315 -0.8038
vn -0.5287 0.2728 -0.8038
vn -0.5287 -0.2728 -0.8038
vn -0.6991 -0.5079 -0.5033
vn 0.0961 0.5871 -0.8038
vn -0.4228 0.4185 -0.8038
vn -0.6991 0.5079 -0.5033
vn 0.2670 0.8218 -0.5034
vn 0.9511 -0.3090 -0.0000
vn 0.9511 0.3090 -0.0000
vn 0.0000 -1.0000 0.0000
vn 0.5878 -0.8090 0.0000
vn -0.9511 -0.3090 0.0000
vn -0.3859 -0.9146 0.1205
vn -0.7506 -0.6497 -0.1205
vn -0.5878 0.8090 -0.0000
vn -0.9511 0.3090 0.0000
vn 0.5878 0.8090 0.0000
vn -0.0000 1.0000 0.0000
vn 0.6991 -0.5079 0.5033
vn -0.2670 -0.8218 0.5034
vn -0.8641 0.0000 0.5033
vn -0.2670 0.8218 0.5034
vn 0.6991 0.5079 0.5033
vn -0.0961 -0.5871 0.8038
vn 0.4228 -0.4185 0.8038
vn 0.5287 -0.2728 0.8038
vn 0.5287 0.2728 0.8038
vn -0.2673 -0.5315 0.8038
vn -0.5881 -0.0900 0.8038
vn -0.2673 0.5315 0.8038
vn -0.5881 0.0900 0.8038
vn 0.4228 0.4185 0.8038
vn -0.0961 0.5871 0.8038
vn 0.1096 -0.3372 -0.9350
vn 0.3546 0.0000 -0.9350
vn 0.1096 0.3372 -0.9350
vn -0.2869 0.2084 -0.9350
vn -0.2869 -0.2084 -0.9350
vn 0.7323 -0.5320 -0.4251
vn -0.1058 -0.9230 -0.3701
vn -0.5111 -0.7155 -0.4763
vn -0.9052 0.0000 -0.4251
vn -0.2797 0.8609 -0.4251
vn 0.7323 0.5320 -0.4251
vn 0.2797 -0.8609 0.4251
vn -0.5225 -0.7072 0.4763
vn -0.8451 -0.3858 0.3701
vn -0.7323 0.5320 0.4251
vn 0.2797 0.8609 0.4251
vn 0.9052 0.0000 0.4251
vn -0.1096 -0.3372 0.9350
vn 0.2869 -0.2084 0.9350
vn 0.2869 0.2084 0.9350
vn -0.1096 0.3372 0.9350
vn -0.3546 0.0000 0.9350
vn 0.0961 -0.5871 -0.8038
vn -0.4228 -0.4185 -0.8038
vn 0.2673 -0.5315 -0.8038
vn 0.5881 -0.0900 -0.8038
vn 0.2670 -0.8218 -0.5034
vn 0.8641 0.0000 -0.5033
vn 0.5881 0.0900 -0.8038
vn 0.2673 0.5315 -0.8038
vn -0.5287 0.2728 -0.8038
vn -0.5287 -0.2728 -0.8038
vn -0.6991 -0.5079 -0.5033
vn 0.0961 0.5871 -0.8038
vn -0.4228 0.4185 -0.8038
vn -0.6991 0.5079 -0.5033
vn 0.2670 0.8218 -0.5034
vn 0.9511 -0.3090 -0.0000
vn 0.9511 0.3090 -0.0000
vn -0.0000 -1.0000 0.0000
vn 0.5878 -0.8090 0.0000
vn -0.9511 -0.3090 0.0000
vn -0.3859 -0.9146 0.1205
vn -0.7506 -0.6497 -0.1205
vn -0.5878 0.8090 -0.0000
vn -0.9511 0.3090 0.0000
vn 0.5878 0.8090 0.0000
vn -0.0000 1.0000 0.0000
vn 0.6991 -0.5079 0.5033
vn -0.2670 -0.8218 0.5034
vn -0.8641 0.0000 0.5033
vn -0.2670 0.8218 0.5034
vn 0.6991 0.5079 0.5033
vn -0.0961 -0.5871 0.8038
vn 0.4228 -0.4185 0.8038
vn 0.5287 -0.2728 0.8038
vn 0.5287 0.2728 0.8038
vn -0.2673 -0.5315 0.8038
vn -0.5881 -0.0900 0.8038
vn -0.2673 0.5315 0.8038
vn -0.5881 0.0900 0.8038
vn 0.4228 0.4185 0.8038
vn -0.0961 0.5871 0.8038
vn 0.1096 -0.3372 -0.9350
vn 0.3546 0.0000 -0.9350
vn 0.1096 0.3372 -0.9350
vn -0.2869 0.2084 -0.9350
vn -0.2869 -0.2084 -0.9350
vn 0.7323 -0.5320 -0.4251
vn -0.1058 -0.9230 -0.3701
vn -0.5111 -0.7155 -0.4763
vn -0.9052 -0.0000 -0.4251
vn -0.2797 0.8609 -0.4251
vn 0.7323 0.5320 -0.4251
vn 0.2797 -0.8609 0.4251
vn -0.5225 -0.7072 0.4763
vn -0.8451 -0.3858 0.3701
vn -0.7323 0.5320 0.4251
vn 0.2797 0.8609 0.4251
vn 0.9052 0.0000 0.4251
vn -0.1096 -0.3372 0.9350
vn 0.2869 -0.2084 0.9350
vn 0.2869 0.2084 0.9350
vn -0.1096 0.3372 0.9350
vn -0.3546 0.0000 0.9350
vn 0.0961 -0.5871 -0.8038
vn -0.4228 -0.4185 -0.8038
vn 0.2673 -0.5315 -0.8038
vn 0.5881 -0.0900 -0.8038
vn 0.2670 -0.8218 -0.5034
vn 0.8641 0.0000 -0.5033
vn 0.5881 0.0900 -0.8038
vn 0.2673 0.5315 -0.8038
vn -0.5287 0.2728 -0.8038
vn -0.5287 -0.2728 -0.8038
vn -0.6991 -0.5079 -0.5033
vn 0.0961 0.5871 -0.8038
vn -0.4228 0.4185 -0.8038
vn -0.6991 0.5079 -0.5033
vn 0.2670 0.8218 -0.5034
vn 0.9511 -0.3090 -0.0000
vn 0.9511 0.3090 -0.0000
vn 0.0000 -1.0000 -0.0000
vn 0.5878 -0.8090 0.0000
vn -0.9511 -0.3090 0.0000
vn -0.3859 -0.9146 0.1205
vn -0.7506 -0.6497 -0.1205
vn -0.5878 0.8090 -0.0000
vn -0.9511 0.3090 0.0000
vn 0.5878 0.8090 0.0000
vn -0.0000 1.0000 0.0000
vn 0.6991 -0.5079 0.5033
vn -0.2670 -0.8218 0.5034
vn -0.8641 0.0000 0.5033
vn -0.2670 0.8218 0.5034
vn 0.6991 0.5079 0.5033
vn -0.0961 -0.5871 0.8038
vn 0.4228 -0.4185 0.8038
vn 0.5287 -0.2728 0.8038
vn 0.5287 0.2728 0.8038
vn -0.2673 -0.5315 0.8038
vn -0.5881 -0.0900 0.8038
vn -0.2673 0.5315 0.8038
vn -0.5881 0.0900 0.8038
vn 0.4228 0.4185 0.8038
vn -0.0961 0.5871 0.8038
vn 0.1096 -0.3372 -0.9350
vn 0.3546 0.0000 -0.9350
vn 0.1096 0.3372 -0.9350
vn -0.2869 0.2084 -0.9350
vn -0.2869 -0.2084 -0.9350
vn 0.7323 -0.5320 -0.4251
vn -0.1058 -0.9230 -0.3701
vn -0.5111 -0.7155 -0.4763
vn -0.9052 0.0000 -0.4251
vn -0.2797 0.8609 -0.4251
vn 0.7323 0.5320 -0.4251
vn 0.2797 -0.8609 0.4251
vn -0.5225 -0.7072 0.4763
vn -0.8451 -0.3858 0.3701
vn -0.7323 0.5320 0.4251
vn 0.2797 0.8609 0.4251
vn 0.9052 0.0000 0.4251
vn -0.1096 -0.3372 0.9350
vn 0.2869 -0.2084 0.9350
vn 0.2869 0.2084 0.9350
vn -0.1096 0.3372 0.9350
vn -0.3546 0.0000 0.9350
vn 0.0961 -0.5871 -0.8038
vn -0.4228 -0.4185 -0.8038
vn 0.2673 -0.5315 -0.8038
vn 0.5881 -0.0900 -0.8038
vn 0.2670 -0.8218 -0.5034
vn 0.8641 0.0000 -0.5033
vn 0.5881 0.0900 -0.8038
vn 0.2673 0.5315 -0.8038
vn -0.5287 0.2728 -0.8038
vn -0.5287 -0.2728 -0.8038
vn -0.6991 -0.5079 -0.5033
vn 0.0961 0.5871 -0.8038
vn -0.4228 0.4185 -0.8038
vn -0.6991 0.5079 -0.5033
vn 0.2670 0.8218 -0.5034
vn 0.9511 -0.3090 -0.0000
vn 0.9511 0.3090 -0.0000
vn 0.0000 -1.0000 0.0000
vn 0.5878 -0.8090 0.0000
vn -0.9511 -0.3090 0.0000
vn -0.3859 -0.9146 0.1205
vn -0.7506 -0.6497 -0.1205
vn -0.5878 0.8090 -0.0000
vn -0.9511 0.3090 0.0000
vn 0.5878 0.8090 0.0000
vn -0.0000 1.0000 0.0000
vn 0.6991 -0.5079 0.5033
vn -0.2670 -0.8218 0.5034
vn -0.8641 0.0000 0.5033
vn -0.2670 0.8218 0.5034
vn 0.6991 0.5079 0.5033
vn -0.0961 -0.5871 0.8038
vn 0.4228 -0.4185 0.8038
vn 0.5287 -0.2728 0.8038
vn 0.5287 0.2728 0.8038
vn -0.2673 -0.5315 0.8038
vn -0.5881 -0.0900 0.8038
vn -0.2673 0.5315 0.8038
vn -0.5881 0.0900 0.8038
vn 0.4228 0.4185 0.8038
vn -0.0961 0.5871 0.8038
vn 0.1096 -0.3372 -0.9350
vn 0.3546 0.0000 -0.9350
vn 0.1096 0.3372 -0.9350
vn -0.2869 0.2084 -0.9350
vn -0.2869 -0.2084 -0.9350
vn 0.7323 -0.5320 -0.4251
vn -0.1058 -0.9230 -0.3701
vn -0.5111 -0.7155 -0.4763
vn -0.9052 0.0000 -0.4251
vn -0.2797 0.8609 -0.4251
vn 0.7323 0.5320 -0.4251
vn 0.2797 -0.8609 0.4251
vn -0.5225 -0.7072 0.4763
vn -0.8451 -0.3858 0.3701
vn -0.7323 0.5320 0.4251
vn 0.2797 0.8609 0.4251
vn 0.9052 0.0000 0.4251
vn -0.1096 -0.3372 0.9350
vn 0.2869 -0.2084 0.9350
vn 0.2869 0.2084 0.9350
vn -0.1096 0.3372 0.9350
vn -0.3546 0.0000 0.9350
vn 0.0961 -0.5871 -0.8038
vn -0.4228 -0.4185 -0.8038
vn 0.2673 -0.5315 -0.8038
vn 0.5881 -0.0900 -0.8038
vn 0.2670 -0.8218 -0.5034
vn 0.8641 -0.0000 -0.5033
vn 0.5881 0.0900 -0.8038
vn 0.2673 0.5315 -0.8038
vn -0.5287 0.2728 -0.8038
vn -0.5287 -0.2728 -0.8038
vn -0.6991 -0.5079 -0.5033
vn 0.0961 0.5871 -0.8038
vn -0.4228 0.4185 -0.8038
vn -0.6991 0.5079 -0.5033
vn 0.2670 0.8218 -0.5034
vn 0.9511 -0.3090 -0.0000
vn 0.9511 0.3090 -0.0000
vn -0.0000 -1.0000 0.0000
vn 0.5878 -0.8090 0.0000
vn -0.9511 -0.3090 0.0000
vn -0.3859 -0.9146 0.1205
vn -0.7506 -0.6497 -0.1205
vn -0.5878 0.8090 -0.0000
vn -0.9511 0.3090 0.0000
vn 0.5878 0.8090 0.0000
vn -0.0000 1.0000 0.0000
vn 0.6991 -0.5079 0.5033
vn -0.2670 -0.8218 0.5034
vn -0.8641 -0.0000 0.5033
vn -0.2670 0.8218 0.5034
vn 0.6991 0.5079 0.5033
vn -0.0961 -0.5871 0.8038
vn 0.4228 -0.4185 0.8038
vn 0.5287 -0.2728 0.8038
vn 0.5287 0.2728 0.8038
vn -0.2673 -0.5315 0.8038
vn -0.5881 -0.0900 0.8038
vn -0.2673 0.5315 0.8038
vn -0.5881 0.0900 0.8038
vn 0.4228 0.4185 0.8038
vn -0.0961 0.5871 0.8038
vn 0.1096 -0.3372 -0.9350
vn 0.3546 0.0000 -0.9350
vn 0.1096 0.3372 -0.9350
vn -0.2869 0.2084 -0.9350
vn -0.2869 -0.2084 -0.9350
vn 0.7323 -0.5320 -0.4251
vn -0.1058 -0.9230 -0.3701
vn -0.5111 -0.7155 -0.4763
vn -0.9052 -0.0000 -0.4251
vn -0.2797 0.8609 -0.4251
vn 0.7323 0.5320 -0.4251
vn 0.2797 -0.8609 0.4251
vn -0.5225 -0.7072 0.4763
vn -0.8451 -0.3858 0.3701
vn -0.7323 0.5320 0.4251
vn 0.2797 0.8609 0.4251
vn 0.9052 0.0000 0.4251
vn -0.1096 -0.3372 0.9350
vn 0.2869 -0.2084 0.9350
vn 0.2869 0.2084 0.9350
vn -0.1096 0.3372 0.9350
vn -0.3546 0.0000 0.9350
vn 0.0961 -0.5871 -0.8038
vn -0.4228 -0.4185 -0.8038
vn 0.2673 -0.5315 -0.8038
vn 0.5881 -0.0900 -0.8038
vn 0.2670 -0.8218 -0.5034
vn 0.8641 -0.0000 -0.5033
vn 0.5881 0.0900 -0.8038
vn 0.2673 0.5315 -0.8038
vn -0.5287 0.2728 -0.8038
vn -0.5287 -0.2728 -0.8038
vn -0.6991 -0.5079 -0.5033
vn 0.0961 0.5871 -0.8038
vn -0.4228 0.4185 -0.8038
vn -0.6991 0.5079 -0.5033
vn 0.2670 0.8218 -0.5034
vn 0.9511 -0.3090 -0.0000
vn 0.9511 0.3090 -0.0000
vn -0.0000 -1.0000 -0.0000
vn 0.5878 -0.8090 0.0000
vn -0.9511 -0.3090 0.0000
vn -0.3859 -0.9146 0.1205
vn -0.7506 -0.6497 -0.1205
vn -0.5878 0.8090 -0.0000
vn -0.9511 0.3090 0.0000
vn 0.5878 0.8090 0.0000
vn 0.0000 1.0000 -0.0000
vn 0.6991 -0.5079 0.5033
vn -0.2670 -0.8218 0.5034
vn -0.8641 -0.0000 0.5033
vn -0.2670 0.8218 0.5034
vn 0.6991 0.5079 0.5033
vn -0.0961 -0.5871 0.8038
vn 0.4228 -0.4185 0.8038
vn 0.5287 -0.2728 0.8038
vn 0.5287 0.2728 0.8038
vn -0.2673 -0.5315 0.8038
vn -0.5881 -0.0900 0.8038
vn -0.2673 0.5315 0.8038
vn -0.5881 0.0900 0.8038
vn 0.4228 0.4185 0.8038
vn -0.0961 0.5871 0.8038
vn 0.1096 -0.3372 -0.9350
vn 0.3546 0.0000 -0.9350
vn 0.1096 0.3372 -0.9350
vn -0.2869 0.2084 -0.9350
vn -0.2869 -0.2084 -0.9350
vn 0.7323 -0.5320 -0.4251
vn -0.1058 -0.9230 -0.3701
vn -0.5111 -0.7155 -0.4763
vn -0.9052 0.0000 -0.4251
vn -0.2797 0.8609 -0.4251
vn 0.7323 0.5320 -0.4251
vn 0.2797 -0.8609 0.4251
vn -0.5225 -0.7072 0.4763
vn -0.8451 -0.3858 0.3701
vn -0.7323 0.5320 0.4251
vn 0.2797 0.8609 0.4251
vn 0.9052 -0.0000 0.4251
vn -0.1096 -0.3372 0.9350
vn 0.2869 -0.2084 0.9350
vn 0.2869 0.2084 0.9350
vn -0.1096 0.3372 0.9350
vn -0.3546 0.0000 0.9350
vn 0.0961 -0.5871 -0.8038
vn -0.4228 -0.4185 -0.8038
vn 0.2673 -0.5315 -0.8038
vn 0.5881 -0.0900 -0.8038
vn 0.2670 -0.8218 -0.5034
vn 0.8641 -0.0000 -0.5033
vn 0.5881 0.0900 -0.8038
vn 0.2673 0.5315 -0.8038
vn -0.5287 0.2728 -0.8038
vn -0.5287 -0.2728 -0.8038
vn -0.6991 -0.5079 -0.5033
vn 0.0961 0.5871 -0.8038
vn -0.4228 0.4185 -0.8038
vn -0.6991 0.5079 -0.5033
vn 0.2670 0.8218 -0.5034
vn 0.9511 -0.3090 -0.0000
vn 0.9511 0.3090 -0.0000
vn 0.0000 -1.0000 0.0000
vn 0.5878 -0.8090 0.0000
vn -0.9511 -0.3090 0.0000
vn -0.3859 -0.9146 0.1205
vn -0.7506 -0.6497 -0.1205
vn -0.5878 0.8090 -0.0000
vn -0.9511 0.3090 0.0000
vn 0.5878 0.8090 0.0000
vn -0.0000 1.0000 0.0000
vn 0.6991 -0.5079 0.5033
vn -0.2670 -0.8218 0.5034
vn -0.8641 -0.0000 0.5033
vn -0.2670 0.8218 0.5034
vn 0.6991 0.5079 0.5033
vn -0.0961 -0.5871 0.8038
vn 0.4228 -0.4185 0.8038
vn 0.5287 -0.2728 0.8038
vn 0.5287 0.2728 0.8038
vn -0.2673 -0.5315 0.8038
vn -0.5881 -0.0900 0.8038
vn -0.2673 0.5315 0.8038
vn -0.5881 0.0900 0.8038
vn 0.4228 0.4185 0.8038
vn -0.0961 0.5871 0.8038
vn 0.1096 -0.3372 -0.9350
vn 0.3546 0.0000 -0.9350
vn 0.1096 0.3372 -0.9350
vn -0.2869 0.2084 -0.9350
vn -0.2869 -0.2084 -0.9350
vn 0.7323 -0.5320 -0.4251
vn -0.1058 -0.9230 -0.3701
vn -0.5111 -0.7155 -0.4763
vn -0.9052 0.0000 -0.4251
vn -0.2797 0.8609 -0.4251
vn 0.7323 0.5320 -0.4251
vn 0.2797 -0.8609 0.4251
vn -0.5225 -0.7072 0.4763
vn -0.8451 -0.3858 0.3701
vn -0.7323 0.5320 0.4251
vn 0.2797 0.8609 0.4251
vn 0.9052 -0.0000 0.4251
vn -0.1096 -0.3372 0.9350
vn 0.2869 -0.2084 0.9350
vn 0.2869 0.2084 0.9350
vn -0.1096 0.3372 0.9350
vn -0.3546 0.0000 0.9350
vn 0.0961 -0.5871 -0.8038
vn -0.4228 -0.4185 -0.8038
vn 0.2673 -0.5315 -0.8038
vn 0.5881 -0.0900 -0.8038
vn 0.2670 -0.8218 -0.5034
vn 0.8641 0.0000 -0.5033
vn 0.5881 0.0900 -0.8038
vn 0.2673 0.5315 -0.8038
vn -0.5287 0.2728 -0.8038
vn -0.5287 -0.2728 -0.8038
vn -0.6991 -0.5079 -0.5033
vn 0.0961 0.5871 -0.8038
vn -0.4228 0.4185 -0.8038
vn -0.6991 0.5079 -0.5033
vn 0.2670 0.8218 -0.5034
vn 0.9511 -0.3090 -0.0000
vn 0.9511 0.3090 -0.0000
vn -0.0000 -1.0000 0.0000
vn 0.5878 -0.8090 0.0000
vn -0.9511 -0.3090 0.0000
vn -0.3859 -0.9146 0.1205
vn -0.7506 -0.6497 -0.1205
vn -0.5878 0.8090 -0.0000
vn -0.9511 0.3090 0.0000
vn 0.5878 0.8090 0.0000
vn -0.0000 1.0000 0.0000
vn 0.6991 -0.5079 0.5033
vn -0.2670 -0.8218 0.5034
vn -0.8641 0.0000 0.5033
vn -0.2670 0.8218 0.5034
vn 0.6991 0.5079 0.5033
vn -0.0961 -0.5871 0.8038
vn 0.4228 -0.4185 0.8038
vn 0.5287 -0.2728 0.8038
vn 0.5287 0.2728 0.8038
vn -0.2673 -0.5315 0.8038
vn -0.5881 -0.0900 0.8038
vn -0.2673 0.5315 0.8038
vn -0.5881 0.0900 0.8038
vn 0.4228 0.4185 0.8038
vn -0.0961 0.5871 0.8038
vn 0.1096 -0.3372 -0.9350
vn 0.3546 0.0000 -0.9350
vn 0.1096 0.3372 -0.9350
vn -0.2869 0.2084 -0.9350
vn -0.2869 -0.2084 -0.9350
vn 0.7323 -0.5320 -0.4251
vn -0.1058 -0.9230 -0.3701
vn -0.5111 -0.7155 -0.4763
vn -0.9052 0.0000 -0.4251
vn -0.2797 0.8609 -0.4251
vn 0.7323 0.5320 -0.4251
vn 0.2797 -0.8609 0.4251
vn -0.5225 -0.7072 0.4763
vn -0.8451 -0.3858 0.3701
vn -0.7323 0.5320 0.4251
vn 0.2797 0.8609 0.4251
vn 0.9052 0.0000 0.4251
vn -0.1096 -0.3372 0.9350
vn 0.2869 -0.2084 0.9350
vn 0.2869 0.2084 0.9350
vn -0.1096 0.3372 0.9350
vn -0.3546 0.0000 0.9350
vn 0.0961 -0.5871 -0.8038
vn -0.4228 -0.4185 -0.8038
vn 0.2673 -0.5315 -0.8038
vn 0.5881 -0.0900 -0.8038
vn 0.2670 -0.8218 -0.5034
vn 0.8641 -0.0000 -0.5033
vn 0.5881 0.0900 -0.8038
vn 0.2673 0.5315 -0.8038
vn -0.5287 0.2728 -0.8038
vn -0.5287 -0.2728 -0.8038
vn -0.6991 -0.5079 -0.5033
vn 0.0961 0.5871 -0.8038
vn -0.4228 0.4185 -0.8038
vn -0.6991 0.5079 -0.5033
vn 0.2670 0.8218 -0.5034
vn 0.9511 -0.3090 -0.0000
vn 0.9511 0.3090 -0.0000
vn -0.0000 -1.0000 -0.0000
vn 0.5878 -0.8090 0.0000
vn -0.9511 -0.3090 0.0000
vn -0.3859 -0.9146 0.1205
vn -0.7506 -0.6497 -0.1205
vn -0.5878 0.8090 -0.0000
vn -0.9511 0.3090 0.0000
vn 0.5878 0.8090 0.0000
vn 0.0000 1.0000 0.0000
vn 0.6991 -0.5079 0.5033
vn -0.2670 -0.8218 0.5034
vn -0.8641 -0.0000 0.5033
vn -0.2670 0.8218 0.5034
vn 0.6991 0.5079 0.5033
vn -0.0961 -0.5871 0.8038
vn 0.4228 -0.4185 0.8038
vn 0.5287 -0.2728 0.8038
vn 0.5287 0.2728 0.8038
vn -0.2673 -0.5315 0.8038
vn -0.5881 -0.0900 0.8038
vn -0.2673 0.5315 0.8038
vn -0.5881 0.0900 0.8038
vn 0.4228 0.4185 0.8038
vn -0.0961 0.5871 0.8038
vn 0.1096 -0.3372 -0.9350
vn 0.3546 0.0000 -0.9350
vn 0.1096 0.3372 -0.9350
vn -0.2869 0.2084 -0.9350
vn -0.2869 -0.2084 -0.9350
vn 0.7323 -0.5320 -0.4251
vn -0.1058 -0.9230 -0.3701
vn -0.5111 -0.7155 -0.4763
vn -0.9052 0.0000 -0.4251
vn -0.2797 0.8609 -0.4251
vn 0.7323 0.5320 -0.4251
vn 0.2797 -0.8609 0.4251
vn -0.5225 -0.7072 0.4763
vn -0.8451 -0.3858 0.3701
vn -0.7323 0.5320 0.4251
vn 0.2797 0.8609 0.4251
vn 0.9052 0.0000 0.4251
vn -0.1096 -0.3372 0.9350
vn 0.2869 -0.2084 0.9350
vn 0.2869 0.2084 0.9350
vn -0.1096 0.3372 0.9350
vn -0.3546 0.0000 0.9350
vn 0.0961 -0.5871 -0.8038
vn -0.4228 -0.4185 -0.8038
vn 0.2673 -0.5315 -0.8038
vn 0.5881 -0.0900 -0.8038
vn 0.2670 -0.8218 -0.5034
vn 0.8641 -0.0000 -0.5033
vn 0.5881 0.0900 -0.8038
vn 0.2673 0.5315 -0.8038
vn -0.5287 0.2728 -0.8038
vn -0.5287 -0.2728 -0.8038
vn -0.6991 -0.5079 -0.5033
vn 0.0961 0.5871 -0.8038
vn -0.4228 0.4185 -0.8038
vn -0.6991 0.5079 -0.5033
vn 0.2670 0.8218 -0.5034
vn 0.9511 -0.3090 -0.0000
vn 0.9511 0.3090 -0.0000
vn 0.0000 -1.0000 -0.0000
vn 0.5878 -0.8090 0.0000
vn -0.9511 -0.3090 0.0000
vn -0.3859 -0.9146 0.1205
vn -0.7506 -0.6497 -0.1205
vn -0.5878 0.8090 -0.0000
vn -0.9511 0.3090 0.0000
vn 0.5878 0.8090 0.0000
vn -0.0000 1.0000 0.0000
vn 0.6991 -0.5079 0.5033
vn -0.2670 -0.8218 0.5034
vn -0.8641 0.0000 0.5033
vn -0.2670 0.8218 0.5034
vn 0.6991 0.5079 0.5033
vn -0.0961 -0.5871 0.8038
vn 0.4228 -0.4185 0.8038
vn 0.5287 -0.2728 0.8038
vn 0.5287 0.2728 0.8038
vn -0.2673 -0.5315 0.8038
vn -0.5881 -0.0900 0.8038
vn -0.2673 0.5315 0.8038
vn -0.5881 0.0900 0.8038
vn 0.4228 0.4185 0.8038
vn -0.0961 0.5871 0.8038
vn 0.1096 -0.3372 -0.9350
vn 0.3546 0.0000 -0.9350
vn 0.1096 0.3372 -0.9350
vn -0.2869 0.2084 -0.9350
vn -0.2869 -0.2084 -0.9350
vn 0.7323 -0.5320 -0.4251
vn -0.1058 -0.9230 -0.3701
vn -0.5111 -0.7155 -0.4763
vn -0.9052 0.0000 -0.4251
vn -0.2797 0.8609 -0.4251
vn 0.7323 0.5320 -0.4251
vn 0.2797 -0.8609 0.4251
vn -0.5225 -0.7072 0.4763
vn -0.8451 -0.3858 0.3701
vn -0.7323 0.5320 0.4251
vn 0.2797 0.8609 0.4251
vn 0.9052 0.0000 0.4251
vn -0.1096 -0.3372 0.9350
vn 0.2869 -0.2084 0.9350
vn 0.2869 0.2084 0.9350
vn -0.1096 0.3372 0.9350
vn -0.3546 0.0000 0.9350
vn 0.0961 -0.5871 -0.8038
vn -0.4228 -0.4185 -0.8038
vn 0.2673 -0.5315 -0.8038
vn 0.5881 -0.0900 -0.8038
vn 0.2670 -0.8218 -0.5034
vn 0.8641 0.0000 -0.5033
vn 0.5881 0.0900 -0.8038
vn 0.2673 0.5315 -0.8038
vn -0.5287 0.2728 -0.8038
vn -0.5287 -0.2728 -0.8038
vn -0.6991 -0.5079 -0.5033
vn 0.0961 0.5871 -0.8038
vn -0.4228 0.4185 -0.8038
vn -0.6991 0.5079 -0.5033
vn 0.2670 0.8218 -0.5034
vn 0.9511 -0.3090 -0.0000
vn 0.9511 0.3090 -0.0000
vn 0.0000 -1.0000 0.0000
vn 0.5878 -0.8090 0.0000
vn -0.9511 -0.3090 0.0000
vn -0.3859 -0.9146 0.1205
vn -0.7506 -0.6497 -0.1205
vn -0.5878 0.8090 -0.0000
vn -0.9511 0.3090 0.0000
vn 0.5878 0.8090 0.0000
vn 0.0000 1.0000 -0.0000
vn 0.6991 -0.5079 0.5033
vn -0.2670 -0.8218 0.5034
vn -0.8641 0.0000 0.5033
vn -0.2670 0.8218 0.5034
vn 0.6991 0.5079 0.5033
vn -0.0961 -0.5871 0.8038
vn 0.4228 -0.4185 0.8038
vn 0.5287 -0.2728 0.8038
vn 0.5287 0.2728 0.8038
vn -0.2673 -0.5315 0.8038
vn -0.5881 -0.0900 0.8038
vn -0.2673 0.5315 0.8038
vn -0.5881 0.0900 0.8038
vn 0.4228 0.4185 0.8038
vn -0.0961 0.5871 0.8038
vn 0.1096 -0.3372 -0.9350
vn 0.3546 0.0000 -0.9350
vn 0.1096 0.3372 -0.9350
vn -0.2869 0.2084 -0.9350
vn -0.2869 -0.2084 -0.9350
vn 0.7323 -0.5320 -0.4251
vn -0.1058 -0.9230 -0.3701
vn -0.5111 -0.7155 -0.4763
vn -0.9052 0.0000 -0.4251
vn -0.2797 0.8609 -0.4251
vn 0.7323 0.5320 -0.4251
vn 0.2797 -0.8609 0.4251
vn -0.5225 -0.7072 0.4763
vn -0.8451 -0.3858 0.3701
vn -0.7323 0.5320 0.4251
vn 0.2797 0.8609 0.4251
vn 0.9052 0.0000 0.4251
vn -0.1096 -0.3372 0.9350
vn 0.2869 -0.2084 0.9350
vn 0.2869 0.2084 0.9350
vn -0.1096 0.3372 0.9350
vn -0.3546 0.0000 0.9350
vn 0.0961 -0.5871 -0.8038
vn -0.4228 -0.4185 -0.8038
vn 0.2673 -0.5315 -0.8038
vn 0.5881 -0.0900 -0.8038
vn 0.2670 -0.8218 -0.5034
vn 0.8641 -0.0000 -0.5033
vn 0.5881 0.0900 -0.8038
vn 0.2673 0.5315 -0.8038
vn -0.5287 0.2728 -0.8038
vn -0.5287 -0.2728 -0.8038
vn -0.6991 -0.5079 -0.5033
vn 0.0961 0.5871 -0.8038
vn -0.4228 0.4185 -0.8038
vn -0.6991 0.5079 -0.5033
vn 0.2670 0.8218 -0.5034
vn 0.9511 -0.3090 -0.0000
vn 0.9511 0.3090 -0.0000
vn 0.0000 -1.0000 0.0000
vn 0.5878 -0.8090 0.0000
vn -0.9511 -0.3090 0.0000
vn -0.3859 -0.9146 0.1205
vn -0.7506 -0.6497 -0.1205
vn -0.5878 0.8090 -0.0000
vn -0.9511 0.3090 0.0000
vn 0.5878 0.8090 0.0000
vn 0.0000 1.0000 0.0000
vn 0.6991 -0.5079 0.5033
vn -0.2670 -0.8218 0.5034
vn -0.8641 0.0000 0.5033
vn -0.2670 0.8218 0.5034
vn 0.6991 0.5079 0.5033
vn -0.0961 -0.5871 0.8038
vn 0.4228 -0.4185 0.8038
vn 0.5287 -0.2728 0.8038
vn 0.5287 0.2728 0.8038
vn -0.2673 -0.5315 0.8038
vn -0.5881 -0.0900 0.8038
vn -0.2673 0.5315 0.8038
vn -0.5881 0.0900 0.8038
vn 0.4228 0.4185 0.8038
vn -0.0961 0.5871 0.8038
vn 0.1096 -0.3372 -0.9350
vn 0.3546 0.0000 -0.9350
vn 0.1096 0.3372 -0.9350
vn -0.2869 0.2084 -0.9350
vn -0.2869 -0.2084 -0.9350
vn 0.7323 -0.5320 -0.4251
vn -0.1058 -0.9230 -0.3701
vn -0.5111 -0.7155 -0.4763
vn -0.9052 -0.0000 -0.4251
vn -0.2797 0.8609 -0.4251
vn 0.7323 0.5320 -0.4251
vn 0.2797 -0.8609 0.4251
vn -0.5225 -0.7072 0.4763
vn -0.8451 -0.3858 0.3701
vn -0.7323 0.5320 0.4251
vn 0.2797 0.8609 0.4251
vn 0.9052 -0.0000 0.4251
vn -0.1096 -0.3372 0.9350
vn 0.2869 -0.2084 0.9350
vn 0.2869 0.2084 0.9350
vn -0.1096 0.3372 0.9350
vn -0.3546 0.0000 0.9350
vn 0.0961 -0.5871 -0.8038
vn -0.4228 -0.4185 -0.8038
vn 0.2673 -0.5315 -0.8038
vn 0.5881 -0.0900 -0.8038
vn 0.2670 -0.8218 -0.5034
vn 0.8641 -0.0000 -0.5033
vn 0.5881 0.0900 -0.8038
vn 0.2673 0.5315 -0.8038
vn -0.5287 0.2728 -0.8038
vn -0.5287 -0.2728 -0.8038
vn -0.6991 -0.5079 -0.5033
vn 0.0961 0.5871 -0.8038
vn -0.4228 0.4185 -0.8038
vn -0.6991 0.5079 -0.5033
vn 0.2670 0.8218 -0.5034
vn 0.9511 -0.3090 -0.0000
vn 0.9511 0.3090 -0.0000
vn 0.0000 -1.0000 0.0000
vn 0.5878 -0.8090 0.0000
vn -0.9511 -0.3090 0.0000
vn -0.3859 -0.9146 0.1205
vn -0.7506 -0.6497 -0.1205
vn -0.5878 0.8090 -0.0000
vn -0.9511 0.3090 0.0000
vn 0.5878 0.8090 0.0000
vn 0.0000 1.0000 -0.0000
vn 0.6991 -0.5079 0.5033
vn -0.2670 -0.8218 0.5034
vn -0.8641 -0.0000 0.5034
vn -0.2670 0.8218 0.5034
vn 0.6991 0.5079 0.5033
vn -0.0961 -0.5871 0.8038
vn 0.4228 -0.4185 0.8038
vn 0.5287 -0.2728 0.8038
vn 0.5287 0.2728 0.8038
vn -0.2673 -0.5315 0.8038
vn -0.5881 -0.0900 0.8038
vn -0.2673 0.5315 0.8038
vn -0.5881 0.0900 0.8038
vn 0.4228 0.4185 0.8038
vn -0.0961 0.5871 0.8038
vn 0.1096 -0.3372 -0.9350
vn 0.3546 0.0000 -0.9350
vn 0.1096 0.3372 -0.9350
vn -0.2869 0.2084 -0.9350
vn -0.2869 -0.2084 -0.9350
vn 0.7323 -0.5320 -0.4251
vn -0.1058 -0.9230 -0.3701
vn -0.5111 -0.7155 -0.4763
vn -0.9052 0.0000 -0.4251
vn -0.2797 0.8609 -0.4251
vn 0.7323 0.5320 -0.4251
vn 0.2797 -0.8609 0.4251
vn -0.5225 -0.7072 0.4763
vn -0.8451 -0.3858 0.3701
vn -0.7323 0.5320 0.4251
vn 0.2797 0.8609 0.4251
vn 0.9052 0.0000 0.4251
vn -0.1096 -0.3372 0.9350
vn 0.2869 -0.2084 0.9350
vn 0.2869 0.2084 0.9350
vn -0.1096 0.3372 0.9350
vn -0.3546 0.0000 0.9350
vn 0.0961 -0.5871 -0.8038
vn -0.4228 -0.4185 -0.8038
vn 0.2673 -0.5315 -0.8038
vn 0.5881 -0.0900 -0.8038
vn 0.2670 -0.8218 -0.5034
vn 0.8641 0.0000 -0.5034
vn 0.5881 0.0900 -0.8038
vn 0.2673 0.5315 -0.8038
vn -0.5287 0.2728 -0.8038
vn -0.5287 -0.2728 -0.8038
vn -0.6991 -0.5079 -0.5033
vn 0.0961 0.5871 -0.8038
vn -0.4228 0.4185 -0.8038
vn -0.6991 0.5079 -0.5033
vn 0.2670 0.8218 -0.5034
vn 0.9511 -0.3090 -0.0000
vn 0.9511 0.3090 -0.0000
vn 0.0000 -1.0000 -0.0000
vn 0.5878 -0.8090 0.0000
vn -0.9511 -0.3090 0.0000
vn -0.3859 -0.9146 0.1205
vn -0.7506 -0.6497 -0.1205
vn -0.5878 0.8090 -0.0000
vn -0.9511 0.3090 0.0000
vn 0.5878 0.8090 0.0000
vn -0.0000 1.0000 -0.0000
vn 0.6991 -0.5079 0.5033
vn -0.2670 -0.8218 0.5034
vn -0.8641 0.0000 0.5033
vn -0.2670 0.8218 0.5034
vn 0.6991 0.5079 0.5033
vn -0.0961 -0.5871 0.8038
vn 0.4228 -0.4185 0.8038
vn 0.5287 -0.2728 0.8038
vn 0.5287 0.2728 0.8038
vn -0.2673 -0.5315 0.8038
vn -0.5881 -0.0900 0.8038
vn -0.2673 0.5315 0.8038
vn -0.5881 0.0900 0.8038
vn 0.4228 0.4185 0.8038
vn -0.0961 0.5871 0.8038
vn 0.1096 -0.3372 -0.9350
vn 0.3546 0.0000 -0.9350
vn 0.1096 0.3372 -0.9350
vn -0.2869 0.2084 -0.9350
vn -0.2869 -0.2084 -0.9350
vn 0.7323 -0.5320 -0.4251
vn -0.1058 -0.9230 -0.3701
vn -0.5111 -0.7155 -0.4763
vn -0.9052 0.0000 -0.4251
vn -0.2797 0.8609 -0.4251
vn 0.7323 0.5320 -0.4251
vn 0.2797 -0.8609 0.4251
vn -0.5225 -0.7072 0.4763
vn -0.8451 -0.3858 0.3701
vn -0.7323 0.5320 0.4251
vn 0.2797 0.8609 0.4251
vn 0.9052 0.0000 0.4251
vn -0.1096 -0.3372 0.9350
vn 0.2869 -0.2084 0.9350
vn 0.2869 0.2084 0.9350
vn -0.1096 0.3372 0.9350
vn -0.3546 0.0000 0.9350
vn 0.0961 -0.5871 -0.8038
vn -0.4228 -0.4185 -0.8038
vn 0.2673 -0.5315 -0.8038
vn 0.5881 -0.0900 -0.8038
vn 0.2670 -0.8218 -0.5034
vn 0.8641 -0.0000 -0.5033
vn 0.5881 0.0900 -0.8038
vn 0.2673 0.5315 -0.8038
vn -0.5287 0.2728 -0.8038
vn -0.5287 -0.2728 -0.8038
vn -0.6991 -0.5079 -0.5033
vn 0.0961 0.5871 -0.8038
vn -0.4228 0.4185 -0.8038
vn -0.6991 0.5079 -0.5033
vn 0.2670 0.8218 -0.5034
vn 0.9511 -0.3090 -0.0000
vn 0.9511 0.3090 -0.0000
vn 0.0000 -1.0000 0.0000
vn 0.5878 -0.8090 0.0000
vn -0.9511 -0.3090 0.0000
vn -0.3859 -0.9146 0.1205
vn -0.7506 -0.6497 -0.1205
vn -0.5878 0.8090 -0.0000
vn -0.9511 0.3090 0.0000
vn 0.5878 0.8090 0.0000
vn -0.0000 1.0000 0.0000
vn 0.6991 -0.5079 0.5033
vn -0.2670 -0.8218 0.5034
vn -0.8641 -0.0000 0.5033
vn -0.2670 0.8218 0.5034
vn 0.6991 0.5079 0.5033
vn -0.0961 -0.5871 0.8038
vn 0.4228 -0.4185 0.8038
vn 0.5287 -0.2728 0.8038
vn 0.5287 0.2728 0.8038
vn -0.2673 -0.5315 0.8038
vn -0.5881 -0.0900 0.8038
vn -0.2673 0.5315 0.8038
vn -0.5881 0.0900 0.8038
vn 0.4228 0.4185 0.8038
vn -0.0961 0.5871 0.8038
vn 0.1096 -0.3372 -0.9350
vn 0.3546 0.0000 -0.9350
vn 0.1096 0.3372 -0.9350
vn -0.2869 0.2084 -0.9350
vn -0.2869 -0.2084 -0.9350
vn 0.7323 -0.5320 -0.4251
vn -0.1058 -0.9230 -0.3701
vn -0.5111 -0.7155 -0.4763
vn -0.9052 0.0000 -0.4251
vn -0.2797 0.8609 -0.4251
vn 0.7323 0.5320 -0.4251
vn 0.2797 -0.8609 0.4251
vn -0.5225 -0.7072 0.4763
vn -0.8451 -0.3858 0.3701
vn -0.7323 0.5320 0.4251
vn 0.2797 0.8609 0.4251
vn 0.9052 0.0000 0.4251
vn -0.1096 -0.3372 0.9350
vn 0.2869 -0.2084 0.9350
vn 0.2869 0.2084 0.9350
vn -0.1096 0.3372 0.9350
vn -0.3546 0.0000 0.9350
vn 0.0961 -0.5871 -0.8038
vn -0.4228 -0.4185 -0.8038
vn 0.2673 -0.5315 -0.8038
vn 0.5881 -0.0900 -0.8038
vn 0.2670 -0.8218 -0.5034
vn 0.8641 0.0000 -0.5033
vn 0.5881 0.0900 -0.8038
vn 0.2673 0.5315 -0.8038
vn -0.5287 0.2728 -0.8038
vn -0.5287 -0.2728 -0.8038
vn -0.6991 -0.5079 -0.5033
vn 0.0961 0.5871 -0.8038
vn -0.4228 0.4185 -0.8038
vn -0.6991 0.5079 -0.5033
vn 0.2670 0.8218 -0.5034
vn 0.9511 -0.3090 -0.0000
vn 0.9511 0.3090 -0.0000
vn -0.0000 -1.0000 0.0000
vn 0.5878 -0.8090 0.0000
vn -0.9511 -0.3090 0.0000
vn -0.3859 -0.9146 0.1205
vn -0.7506 -0.6497 -0.1205
vn -0.5878 0.8090 -0.0000
vn -0.9511 0.3090 0.0000
vn 0.5878 0.8090 0.0000
vn 0.0000 1.0000 -0.0000
vn 0.6991 -0.5079 0.5033
vn -0.2670 -0.8218 0.5034
vn -0.8641 0.0000 0.5033
vn -0.2670 0.8218 0.5034
vn 0.6991 0.5079 0.5033
vn -0.0961 -0.5871 0.8038
vn 0.4228 -0.4185 0.8038
vn 0.5287 -0.2728 0.8038
vn 0.5287 0.2728 0.8038
vn -0.2673 -0.5315 0.8038
vn -0.5881 -0.0900 0.8038
vn -0.2673 0.5315 0.8038
vn -0.5881 0.0900 0.8038
vn 0.4228 0.4185 0.8038
vn -0.0961 0.5871 0.8038
vn 0.1096 -0.3372 -0.9350
vn 0.3546 0.0000 -0.9350
vn 0.1096 0.3372 -0.9350
vn -0.2869 0.2084 -0.9350
vn -0.2869 -0.2084 -0.9350
vn 0.7323 -0.5320 -0.4251
vn -0.1058 -0.9230 -0.3701
vn -0.5111 -0.7155 -0.4763
vn -0.9052 0.0000 -0.4251
vn -0.2797 0.8609 -0.4251
vn 0.7323 0.5320 -0.4251
vn 0.2797 -0.8609 0.4251
vn -0.5225 -0.7072 0.4763
vn -0.8451 -0.3858 0.3701
vn -0.7323 0.5320 0.4251
vn 0.2797 0.8609 0.4251
vn 0.9052 0.0000 0.4251
vn -0.1096 -0.3372 0.9350
vn 0.2869 -0.2084 0.9350
vn 0.2869 0.2084 0.9350
vn -0.1096 0.3372 0.9350
vn -0.3546 0.0000 0.9350
vn 0.0961 -0.5871 -0.8038
vn -0.4228 -0.4185 -0.8038
vn 0.2673 -0.5315 -0.8038
vn 0.5881 -0.0900 -0.8038
vn 0.2670 -0.8218 -0.5034
vn 0.8641 0.0000 -0.5033
vn 0.5881 0.0900 -0.8038
vn 0.2673 0.5315 -0.8038
vn -0.5287 0.2728 -0.8038
vn -0.5287 -0.2728 -0.8038
vn -0.6991 -0.5079 -0.5033
vn 0.0961 0.5871 -0.8038
vn -0.4228 0.4185 -0.8038
vn -0.6991 0.5079 -0.5033
vn 0.2670 0.8218 -0.5034
vn 0.9511 -0.3090 -0.0000
vn 0.9511 0.3090 -0.0000
vn -0.0000 -1.0000 -0.0000
vn 0.5878 -0.8090 0.0000
vn -0.9511 -0.3090 0.0000
vn -0.3859 -0.9146 0.1205
vn -0.7506 -0.6497 -0.1205
vn -0.5878 0.8090 -0.0000
vn -0.9511 0.3090 0.0000
vn 0.5878 0.8090 0.0000
vn -0.0000 1.0000 -0.0000
vn 0.6991 -0.5079 0.5033
vn -0.2670 -0.8218 0.5034
vn -0.8641 0.0000 0.5033
vn -0.2670 0.8218 0.5034
vn 0.6991 0.5079 0.5033
vn -0.0961 -0.5871 0.8038
vn 0.4228 -0.4185 0.8038
vn 0.5287 -0.2728 0.8038
vn 0.5287 0.2728 0.8038
vn -0.2673 -0.5315 0.8038
vn -0.5881 -0.0900 0.8038
vn -0.2673 0.5315 0.8038
vn -0.5881 0.0900 0.8038
vn 0.4228 0.4185 0.8038
vn -0.0961 0.5871 0.8038
vn 0.1096 -0.3372 -0.9350
vn 0.3546 0.0000 -0.9350
vn 0.1096 0.3372 -0.9350
vn -0.2869 0.2084 -0.9350
vn -0.2869 -0.2084 -0.9350
vn 0.7323 -0.5320 -0.4251
vn -0.1058 -0.9230 -0.3701
vn -0.5111 -0.7155 -0.4763
vn -0.9052 0.0000 -0.4251
vn -0.2797 0.8609 -0.4251
vn 0.7323 0.5320 -0.4251
vn 0.2797 -0.8609 0.4251
vn -0.5225 -0.7072 0.4763
vn -0.8451 -0.3858 0.3701
vn -0.7323 0.5320 0.4251
vn 0.2797 0.8609 0.4251
vn 0.9052 0.0000 0.4251
vn -0.1096 -0.3372 0.9350
vn 0.2869 -0.2084 0.9350
vn 0.2869 0.2084 0.9350
vn -0.1096 0.3372 0.9350
vn -0.3546 0.0000 0.9350
vn 0.0961 -0.5871 -0.8038
vn -0.4228 -0.4185 -0.8038
vn 0.2673 -0.5315 -0.8038
vn 0.5881 -0.0900 -0.8038
vn 0.2670 -0.8218 -0.5034
vn 0.8641 0.0000 -0.5033
vn 0.5881 0.0900 -0.8038
vn 0.2673 0.5315 -0.8038
vn -0.5287 0.2728 -0.8038
vn -0.5287 -0.2728 -0.8038
vn -0.6991 -0.5079 -0.5033
vn 0.0961 0.5871 -0.8038
vn -0.4228 0.4185 -0.8038
vn -0.6991 0.5079 -0.5033
vn 0.2670 0.8218 -0.5034
vn 0.9511 -0.3090 -0.0000
vn 0.9511 0.3090 -0.0000
vn 0.0000 -1.0000 0.0000
vn 0.5878 -0.8090 0.0000
vn -0.9511 -0.3090 0.0000
vn -0.3859 -0.9146 0.1205
vn -0.7506 -0.6497 -0.1205
vn -0.5878 0.8090 -0.0000
vn -0.9511 0.3090 0.0000
vn 0.5878 0.8090 0.0000
vn 0.0000 1.0000 0.0000
vn 0.6991 -0.5079 0.5033
vn -0.2670 -0.8218 0.5034
vn -0.8641 0.0000 0.5033
vn -0.2670 0.8218 0.5034
vn 0.6991 0.5079 0.5033
vn -0.0961 -0.5871 0.8038
vn 0.4228 -0.4185 0.8038
vn 0.5287 -0.2728 0.8038
vn 0.5287 0.2728 0.8038
vn -0.2673 -0.5315 0.8038
vn -0.5881 -0.0900 0.8038
vn -0.2673 0.5315 0.8038
vn -0.5881 0.0900 0.8038
vn 0.4228 0.4185 0.8038
vn -0.0961 0.5871 0.8038
vn 0.1096 -0.3372 -0.9350
vn 0.3546 0.0000 -0.9350
vn 0.1096 0.3372 -0.9350
vn -0.2869 0.2084 -0.9350
vn -0.2869 -0.2084 -0.9350
vn 0.7323 -0.5320 -0.4251
vn -0.1058 -0.9230 -0.3701
vn -0.5111 -0.7155 -0.4763
vn -0.9052 0.0000 -0.4251
vn -0.2797 0.8609 -0.4251
vn 0.7323 0.5320 -0.4251
vn 0.2797 -0.8609 0.4251
vn -0.5225 -0.7072 0.4763
vn -0.8451 -0.3858 0.3701
vn -0.7323 0.5320 0.4251
vn 0.2797 0.8609 0.4251
vn 0.9052 -0.0000 0.4251
vn -0.1096 -0.3372 0.9350
vn 0.2869 -0.2084 0.9350
vn 0.2869 0.2084 0.9350
vn -0.1096 0.3372 0.9350
vn -0.3546 0.0000 0.9350
vn 0.0961 -0.5871 -0.8038
vn -0.4228 -0.4185 -0.8038
vn 0.2673 -0.5315 -0.8038
vn 0.5881 -0.0900 -0.8038
vn 0.2670 -0.8218 -0.5034
vn 0.8641 -0.0000 -0.5033
vn 0.5881 0.0900 -0.8038
vn 0.2673 0.5315 -0.8038
vn -0.5287 0.2728 -0.8038
vn -0.5287 -0.2728 -0.8038
vn -0.6991 -0.5079 -0.5033
vn 0.0961 0.5871 -0.8038
vn -0.4228 0.4185 -0.8038
vn -0.6991 0.5079 -0.5033
vn 0.2670 0.8218 -0.5034
vn 0.9511 -0.3090 -0.0000
vn 0.9511 0.3090 -0.0000
vn -0.0000 -1.0000 0.0000
vn 0.5878 -0.8090 0.0000
vn -0.9511 -0.3090 0.0000
vn -0.3859 -0.9146 0.1205
vn -0.7506 -0.6497 -0.1205
vn -0.5878 0.8090 -0.0000
vn -0.9511 0.3090 0.0000
vn 0.5878 0.8090 0.0000
vn -0.0000 1.0000 0.0000
vn 0.6991 -0.5079 0.5033
vn -0.2670 -0.8218 0.5034
vn -0.8641 -0.0000 0.5033
vn -0.2670 0.8218 0.5034
vn 0.6991 0.5079 0.5033
vn -0.0961 -0.5871 0.8038
vn 0.4228 -0.4185 0.8038
vn 0.5287 -0.2728 0.8038
vn 0.5287 0.2728 0.8038
vn -0.2673 -0.5315 0.8038
vn -0.5881 -0.0900 0.8038
vn -0.2673 0.5315 0.8038
vn -0.5881 0.0900 0.8038
vn 0.4228 0.4185 0.8038
vn -0.0961 0.5871 0.8038
vn 0.1096 -0.3372 -0.9350
vn 0.3546 0.0000 -0.9350
vn 0.1096 0.3372 -0.9350
vn -0.2869 0.2084 -0.9350
vn -0.2869 -0.2084 -0.9350
vn 0.7323 -0.5320 -0.4251
vn -0.1058 -0.9230 -0.3701
vn -0.5111 -0.7155 -0.4763
vn -0.9052 0.0000 -0.4251
vn -0.2797 0.8609 -0.4251
vn 0.7323 0.5320 -0.4251
vn 0.2797 -0.8609 0.4251
vn -0.5225 -0.7072 0.4763
vn -0.8451 -0.3858 0.3701
vn -0.7323 0.5320 0.4251
vn 0.2797 0.8609 0.4251
vn 0.9052 -0.0000 0.4251
vn -0.1096 -0.3372 0.9350
vn 0.2869 -0.2084 0.9350
vn 0.2869 0.2084 0.9350
vn -0.1096 0.3372 0.9350
vn -0.3546 0.0000 0.9350
vn 0.0961 -0.5871 -0.8038
vn -0.4228 -0.4185 -0.8038
vn 0.2673 -0.5315 -0.8038
vn 0.5881 -0.0900 -0.8038
vn 0.2670 -0.8218 -0.5034
vn 0.8641 0.0000 -0.5033
vn 0.5881 0.0900 -0.8038
vn 0.2673 0.5315 -0.8038
vn -0.5287 0.2728 -0.8038
vn -0.5287 -0.2728 -0.8038
vn -0.6991 -0.5079 -0.5033
vn 0.0961 0.5871 -0.8038
vn -0.4228 0.4185 -0.8038
vn -0.6991 0.5079 -0.5033
vn 0.2670 0.8218 -0.5034
vn 0.9511 -0.3090 -0.0000
vn 0.9511 0.3090 -0.0000
vn 0.0000 -1.0000 0.0000
vn 0.5878 -0.8090 0.0000
vn -0.9511 -0.3090 0.0000
vn -0.3859 -0.9146 0.1205
vn -0.7506 -0.6497 -0.1205
vn -0.5878 0.8090 -0.0000
vn -0.9511 0.3090 0.0000
vn 0.5878 0.8090 0.0000
vn 0.0000 1.0000 -0.0000
vn 0.6991 -0.5079 0.5033
vn -0.2670 -0.8218 0.5034
vn -0.8641 -0.0000 0.5033
vn -0.2670 0.8218 0.5034
vn 0.6991 0.5079 0.5033
vn -0.0961 -0.5871 0.8038
vn 0.4228 -0.4185 0.8038
vn 0.5287 -0.2728 0.8038
vn 0.5287 0.2728 0.8038
vn -0.2673 -0.5315 0.8038
vn -0.5881 -0.0900 0.8038
vn -0.2673 0.5315 0.8038
vn -0.5881 0.0900 0.8038
vn 0.4228 0.4185 0.8038
vn -0.0961 0.5871 0.8038
vn 0.1096 -0.3372 -0.9350
vn 0.3546 0.0000 -0.9350
vn 0.1096 0.3372 -0.9350
vn -0.2869 0.2084 -0.9350
vn -0.2869 -0.2084 -0.9350
vn 0.7323 -0.5320 -0.4251
vn -0.1058 -0.9230 -0.3701
vn -0.5111 -0.7155 -0.4763
vn -0.9052 0.0000 -0.4251
vn -0.2797 0.8609 -0.4251
vn 0.7323 0.5320 -0.4251
vn 0.2797 -0.8609 0.4251
vn -0.5225 -0.7072 0.4763
vn -0.8451 -0.3858 0.3701
vn -0.7323 0.5320 0.4251
vn 0.2797 0.8609 0.4251
vn 0.9052 0.0000 0.4251
vn -0.1096 -0.3372 0.9350
vn 0.2869 -0.2084 0.9350
vn 0.2869 0.2084 0.9350
vn -0.1096 0.3372 0.9350
vn -0.3546 0.0000 0.9350
vn 0.0961 -0.5871 -0.8038
vn -0.4228 -0.4185 -0.8038
vn 0.2673 -0.5315 -0.8038
vn 0.5881 -0.0900 -0.8038
vn 0.2670 -0.8218 -0.5034
vn 0.8641 0.0000 -0.5033
vn 0.5881 0.0900 -0.8038
vn 0.2673 0.5315 -0.8038
vn -0.5287 0.2728 -0.8038
vn -0.5287 -0.2728 -0.8038
vn -0.6991 -0.5079 -0.5033
vn 0.0961 0.5871 -0.8038
vn -0.4228 0.4185 -0.8038
vn -0.6991 0.5079 -0.5033
vn 0.2670 0.8218 -0.5034
vn 0.9511 -0.3090 -0.0000
vn 0.9511 0.3090 -0.0000
vn 0.0000 -1.0000 -0.0000
vn 0.5878 -0.8090 0.0000
vn -0.9511 -0.3090 0.0000
vn -0.3859 -0.9146 0.1205
vn -0.7506 -0.6497 -0.1205
vn -0.5878 0.8090 -0.0000
vn -0.9511 0.3090 0.0000
vn 0.5878 0.8090 0.0000
vn -0.0000 1.0000 0.0000
vn 0.6991 -0.5079 0.5033
vn -0.2670 -0.8218 0.5034
vn -0.8641 0.0000 0.5033
vn -0.2670 0.8218 0.5034
vn 0.6991 0.5079 0.5033
vn -0.0961 -0.5871 0.8038
vn 0.4228 -0.4185 0.8038
vn 0.5287 -0.2728 0.8038
vn 0.5287 0.2728 0.8038
vn -0.2673 -0.5315 0.8038
vn -0.5881 -0.0900 0.8038
vn -0.2673 0.5315 0.8038
vn -0.5881 0.0900 0.8038
vn 0.4228 0.4185 0.8038
vn -0.0961 0.5871 0.8038
vn 0.1096 -0.3372 -0.9350
vn 0.3546 0.0000 -0.9350
vn 0.1096 0.3372 -0.9350
vn -0.2869 0.2084 -0.9350
vn -0.2869 -0.2084 -0.9350
vn 0.7323 -0.5320 -0.4251
vn -0.1058 -0.9230 -0.3701
vn -0.5111 -0.7155 -0.4763
vn -0.9052 -0.0000 -0.4251
vn -0.2797 0.8609 -0.4251
vn 0.7323 0.5320 -0.4251
vn 0.2797 -0.8609 0.4251
vn -0.5225 -0.7072 0.4763
vn -0.8451 -0.3858 0.3701
vn -0.7323 0.5320 0.4251
vn 0.2797 0.8609 0.4251
vn 0.9052 -0.0000 0.4251
vn -0.1096 -0.3372 0.9350
vn 0.2869 -0.2084 0.9350
vn 0.2869 0.2084 0.9350
vn -0.1096 0.3372 0.9350
vn -0.3546 0.0000 0.9350
vn 0.0961 -0.5871 -0.8038
vn -0.4228 -0.4185 -0.8038
vn 0.2673 -0.5315 -0.8038
vn 0.5881 -0.0900 -0.8038
vn 0.2670 -0.8218 -0.5034
vn 0.8641 -0.0000 -0.5033
vn 0.5881 0.0900 -0.8038
vn 0.2673 0.5315 -0.8038
vn -0.5287 0.2728 -0.8038
vn -0.5287 -0.2728 -0.8038
vn -0.6991 -0.5079 -0.5033
vn 0.0961 0.5871 -0.8038
vn -0.4228 0.4185 -0.8038
vn -0.6991 0.5079 -0.5033
vn 0.2670 0.8218 -0.5034
vn 0.9511 -0.3090 -0.0000
vn 0.9511 0.3090 -0.0000
vn 0.0000 -1.0000 0.0000
vn 0.5878 -0.8090 0.0000
vn -0.9511 -0.3090 0.0000
vn -0.3859 -0.9146 0.1205
vn -0.7506 -0.6497 -0.1205
vn -0.5878 0.8090 -0.0000
vn -0.9511 0.3090 0.0000
vn 0.5878 0.8090 0.0000
vn -0.0000 1.0000 -0.0000
vn 0.6991 -0.5079 0.5033
vn -0.2670 -0.8218 0.5034
vn -0.8641 -0.0000 0.5033
vn -0.2670 0.8218 0.5034
vn 0.6991 0.5079 0.5033
vn -0.0961 -0.5871 0.8038
vn 0.4228 -0.4185 0.8038
vn 0.5287 -0.2728 0.8038
vn 0.5287 0.2728 0.8038
vn -0.2673 -0.5315 0.8038
vn -0.5881 -0.0900 0.8038
vn -0.2673 0.5315 0.8038
vn -0.5881 0.0900 0.8038
vn 0.4228 0.4185 0.8038
vn -0.0961 0.5871 0.8038
vn 0.1096 -0.3372 -0.9350
vn 0.3546 0.0000 -0.9350
vn 0.1096 0.3372 -0.9350
vn -0.2869 0.2084 -0.9350
vn -0.2869 -0.2084 -0.9350
vn 0.7323 -0.5320 -0.4251
vn -0.1058 -0.9230 -0.3701
vn -0.5111 -0.7155 -0.4763
vn -0.9052 0.0000 -0.4251
vn -0.2797 0.8609 -0.4251
vn 0.7323 0.5320 -0.4251
vn 0.2797 -0.8609 0.4251
vn -0.5225 -0.7072 0.4763
vn -0.8451 -0.3858 0.3701
vn -0.7323 0.5320 0.4251
vn 0.2797 0.8609 0.4251
vn 0.9052 0.0000 0.4251
vn -0.1096 -0.3372 0.9350
vn 0.2869 -0.2084 0.9350
vn 0.2869 0.2084 0.9350
vn -0.1096 0.3372 0.9350
vn -0.3546 0.0000 0.9350
vn 0.0961 -0.5871 -0.8038
vn -0.4228 -0.4185 -0.8038
vn 0.2673 -0.5315 -0.8038
vn 0.5881 -0.0900 -0.8038
vn 0.2670 -0.8218 -0.5034
vn 0.8641 0.0000 -0.5033
vn 0.5881 0.0900 -0.8038
vn 0.2673 0.5315 -0.8038
vn -0.5287 0.2728 -0.8038
vn -0.5287 -0.2728 -0.8038
vn -0.6991 -0.5079 -0.5033
vn 0.0961 0.5871 -0.8038
vn -0.4228 0.4185 -0.8038
vn -0.6991 0.5079 -0.5033
vn 0.2670 0.8218 -0.5034
vn 0.9511 -0.3090 -0.0000
vn 0.9511 0.3090 -0.0000
vn -0.0000 -1.0000 0.0000
vn 0.5878 -0.8090 0.0000
vn -0.9511 -0.3090 0.0000
vn -0.3859 -0.9146 0.1205
vn -0.7506 -0.6497 -0.1205
vn -0.5878 0.8090 -0.0000
vn -0.9511 0.3090 0.0000
vn 0.5878 0.8090 0.0000
vn 0.0000 1.0000 0.0000
vn 0.6991 -0.5079 0.5033
vn -0.2670 -0.8218 0.5034
vn -0.8641 0.0000 0.5033
vn -0.2670 0.8218 0.5034
vn 0.6991 0.5079 0.5033
vn -0.0961 -0.5871 0.8038
vn 0.4228 -0.4185 0.8038
vn 0.5287 -0.2728 0.8038
vn 0.5287 0.2728 0.8038
vn -0.2673 -0.5315 0.8038
vn -0.5881 -0.0900 0.8038
vn -0.2673 0.5315 0.8038
vn -0.5881 0.0900 0.8038
vn 0.4228 0.4185 0.8038
vn -0.0961 0.5871 0.8038
vn 0.1096 -0.3372 -0.9350
vn 0.3546 0.0000 -0.9350
vn 0.1096 0.3372 -0.9350
vn -0.2869 0.2084 -0.9350
vn -0.2869 -0.2084 -0.9350
vn 0.7323 -0.5320 -0.4251
vn -0.1058 -0.9230 -0.3701
vn -0.5111 -0.7155 -0.4763
vn -0.9052 -0.0000 -0.4251
vn -0.2797 0.8609 -0.4251
vn 0.7323 0.5320 -0.4251
vn 0.2797 -0.8609 0.4251
vn -0.5225 -0.7072 0.4763
vn -0.8451 -0.3858 0.3701
vn -0.7323 0.5320 0.4251
vn 0.2797 0.8609 0.4251
vn 0.9052 0.0000 0.4251
vn -0.1096 -0.3372 0.9350
vn 0.2869 -0.2084 0.9350
vn 0.2869 0.2084 0.9350
vn -0.1096 0.3372 0.9350
vn -0.3546 0.0000 0.9350
vn 0.0961 -0.5871 -0.8038
vn -0.4228 -0.4185 -0.8038
vn 0.2673 -0.5315 -0.8038
vn 0.5881 -0.0900 -0.8038
vn 0.2670 -0.8218 -0.5034
vn 0.8641 -0.0000 -0.5033
vn 0.5881 0.0900 -0.8038
vn 0.2673 0.5315 -0.8038
vn -0.5287 0.2728 -0.8038
vn -0.5287 -0.2728 -0.8038
vn -0.6991 -0.5079 -0.5033
vn 0.0961 0.5871 -0.8038
vn -0.4228 0.4185 -0.8038
vn -0.6991 0.5079 -0.5033
vn 0.2670 0.8218 -0.5034
vn 0.9511 -0.3090 -0.0000
vn 0.9511 0.3090 -0.0000
vn -0.0000 -1.0000 0.0000
vn 0.5878 -0.8090 0.0000
vn -0.9511 -0.3090 0.0000
vn -0.3859 -0.9146 0.1205
vn -0.7506 -0.6497 -0.1205
vn -0.5878 0.8090 -0.0000
vn -0.9511 0.3090 0.0000
vn 0.5878 0.8090 0.0000
vn 0.0000 1.0000 -0.0000
vn 0.6991 -0.5079 0.5033
vn -0.2670 -0.8218 0.5034
vn -0.8641 0.0000 0.5033
vn -0.2670 0.8218 0.5034
vn 0.6991 0.5079 0.5033
vn -0.0961 -0.5871 0.8038
vn 0.4228 -0.4185 0.8038
vn 0.5287 -0.2728 0.8038
vn 0.5287 0.2728 0.8038
vn -0.2673 -0.5315 0.8038
vn -0.5881 -0.0900 0.8038
vn -0.2673 0.5315 0.8038
vn -0.5881 0.0900 0.8038
vn 0.4228 0.4185 0.8038
vn -0.0961 0.5871 0.8038
vn 0.1096 -0.3372 -0.9350
vn 0.3546 0.0000 -0.9350
vn 0.1096 0.3372 -0.9350
vn -0.2869 0.2084 -0.9350
vn -0.2869 -0.2084 -0.9350
vn 0.7323 -0.5320 -0.4251
vn -0.1058 -0.9230 -0.3701
vn -0.5111 -0.7155 -0.4763
vn -0.9052 0.0000 -0.4251
vn -0.2797 0.8609 -0.4251
vn 0.7323 0.5320 -0.4251
vn 0.2797 -0.8609 0.4251
vn -0.5225 -0.7072 0.4763
vn -0.8451 -0.3858 0.3701
vn -0.7323 0.5320 0.4251
vn 0.2797 0.8609 0.4251
vn 0.9052 0.0000 0.4251
vn -0.1096 -0.3372 0.9350
vn 0.2869 -0.2084 0.9350
vn 0.2869 0.2084 0.9350
vn -0.1096 0.3372 0.9350
vn -0.3546 0.0000 0.9350
vn 0.0961 -0.5871 -0.8038
vn -0.4228 -0.4185 -0.8038
vn 0.2673 -0.5315 -0.8038
vn 0.5881 -0.0900 -0.8038
vn 0.2670 -0.8218 -0.5034
vn 0.8641 0.0000 -0.5033
vn 0.5881 0.0900 -0.8038
vn 0.2673 0.5315 -0.8038
vn -0.5287 0.2728 -0.8038
vn -0.5287 -0.2728 -0.8038
vn -0.6991 -0.5079 -0.5033
vn 0.0961 0.5871 -0.8038
vn -0.4228 0.4185 -0.8038
vn -0.6991 0.5079 -0.5033
vn 0.2670 0.8218 -0.5034
vn 0.9511 -0.3090 0.0000
vn 0.9511 0.3090 0.0000
vn -0.0000 -1.0000 -0.0000
vn 0.5878 -0.8090 0.0000
vn -0.9511 -0.3090 -0.0000
vn -0.3859 -0.9146 0.1205
vn -0.7506 -0.6497 -0.1205
vn -0.5878 0.8090 -0.0000
vn -0.9511 0.3090 -0.0000
vn 0.5878 0.8090 0.0000
vn -0.0000 1.0000 -0.0000
vn 0.6991 -0.5079 0.5033
vn -0.2670 -0.8218 0.5034
vn -0.8641 0.0000 0.5033
vn -0.2670 0.8218 0.5034
vn 0.6991 0.5079 0.5033
vn -0.0961 -0.5871 0.8038
vn 0.4228 -0.4185 0.8038
vn 0.5287 -0.2728 0.8038
vn 0.5287 0.2728 0.8038
vn -0.2673 -0.5315 0.8038
vn -0.5881 -0.0900 0.8038
vn -0.2673 0.5315 0.8038
vn -0.5881 0.0900 0.8038
vn 0.4228 0.4185 0.8038
vn -0.0961 0.5871 0.8038
vn 0.1096 -0.3372 -0.9350
vn 0.3546 0.0000 -0.9350
vn 0.1096 0.3372 -0.9350
vn -0.2869 0.2084 -0.9350
vn -0.2869 -0.2084 -0.9350
vn 0.7323 -0.5320 -0.4251
vn -0.1058 -0.9230 -0.3701
vn -0.5111 -0.7155 -0.4763
vn -0.9052 0.0000 -0.4251
vn -0.2797 0.8609 -0.4251
vn 0.7323 0.5320 -0.4251
vn 0.2797 -0.8609 0.4251
vn -0.5225 -0.7072 0.4763
vn -0.8451 -0.3858 0.3701
vn -0.7323 0.5320 0.4251
vn 0.2797 0.8609 0.4251
vn 0.9052 -0.0000 0.4251
vn -0.1096 -0.3372 0.9350
vn 0.2869 -0.2084 0.9350
vn 0.2869 0.2084 0.9350
vn -0.1096 0.3372 0.9350
vn -0.3546 0.0000 0.9350
vn 0.0961 -0.5871 -0.8038
vn -0.4228 -0.4185 -0.8038
vn 0.2673 -0.5315 -0.8038
vn 0.5881 -0.0900 -0.8038
vn 0.2670 -0.8218 -0.5034
vn 0.8641 0.0000 -0.5033
vn 0.5881 0.0900 -0.8038
vn 0.2673 0.5315 -0.8038
vn -0.5287 0.2728 -0.8038
vn -0.5287 -0.2728 -0.8038
vn -0.6991 -0.5079 -0.5033
vn 0.0961 0.5871 -0.8038
vn -0.4228 0.4185 -0.8038
vn -0.6991 0.5079 -0.5033
vn 0.2670 0.8218 -0.5034
vn 0.9511 -0.3090 -0.0000
vn 0.9511 0.3090 -0.0000
vn -0.0000 -1.0000 0.0000
vn 0.5878 -0.8090 0.0000
vn -0.9511 -0.3090 0.0000
vn -0.3859 -0.9146 0.1205
vn -0.7506 -0.6497 -0.1205
vn -0.5878 0.8090 -0.0000
vn -0.9511 0.3090 0.0000
vn 0.5878 0.8090 0.0000
vn 0.0000 1.0000 -0.0000
vn 0.6991 -0.5079 0.5033
vn -0.2670 -0.8218 0.5034
vn -0.8641 0.0000 0.5033
vn -0.2670 0.8218 0.5034
vn 0.6991 0.5079 0.5033
vn -0.0961 -0.5871 0.8038
vn 0.4228 -0.4185 0.8038
vn 0.5287 -0.2728 0.8038
vn 0.5287 0.2728 0.8038
vn -0.2673 -0.5315 0.8038
vn -0.5881 -0.0900 0.8038
vn -0.2673 0.5315 0.8038
vn -0.5881 0.0900 0.8038
vn 0.4228 0.4185 0.8038
vn -0.0961 0.5871 0.8038
vn 0.1096 -0.3372 -0.9350
vn 0.3546 0.0000 -0.9350
vn 0.1096 0.3372 -0.9350
vn -0.2869 0.2084 -0.9350
vn -0.2869 -0.2084 -0.9350
vn 0.7323 -0.5320 -0.4251
vn -0.1058 -0.9230 -0.3701
vn -0.5111 -0.7155 -0.4763
vn -0.9052 0.0000 -0.4251
vn -0.2797 0.8609 -0.4251
vn 0.7323 0.5320 -0.4251
vn 0.2797 -0.8609 0.4251
vn -0.5225 -0.7072 0.4763
vn -0.8451 -0.3858 0.3701
vn -0.7323 0.5320 0.4251
vn 0.2797 0.8609 0.4251
vn 0.9052 0.0000 0.4251
vn -0.1096 -0.3372 0.9350
vn 0.2869 -0.2084 0.9350
vn 0.2869 0.2084 0.9350
vn -0.1096 0.3372 0.9350
vn -0.3546 0.0000 0.9350
vn 0.0961 -0.5871 -0.8038
vn -0.4228 -0.4185 -0.8038
vn 0.2673 -0.5315 -0.8038
vn 0.5881 -0.0900 -0.8038
vn 0.2670 -0.8218 -0.5034
vn 0.8641 0.0000 -0.5033
vn 0.5881 0.0900 -0.8038
vn 0.2673 0.5315 -0.8038
vn -0.5287 0.2728 -0.8038
vn -0.5287 -0.2728 -0.8038
vn -0.6991 -0.5079 -0.5033
vn 0.0961 0.5871 -0.8038
vn -0.4228 0.4185 -0.8038
vn -0.6991 0.5079 -0.5033
vn 0.2670 0.8218 -0.5034
vn 0.9511 -0.3090 -0.0000
vn 0.9511 0.3090 -0.0000
vn -0.0000 -1.0000 -0.0000
vn 0.5878 -0.8090 0.0000
vn -0.9511 -0.3090 0.0000
vn -0.3859 -0.9146 0.1205
vn -0.7506 -0.6497 -0.1205
vn -0.5878 0.8090 -0.0000
vn -0.9511 0.3090 0.0000
vn 0.5878 0.8090 0.0000
vn -0.0000 1.0000 0.0000
vn 0.6991 -0.5079 0.5033
vn -0.2670 -0.8218 0.5034
vn -0.8641 -0.0000 0.5033
vn -0.2670 0.8218 0.5034
vn 0.6991 0.5079 0.5033
vn -0.0961 -0.5871 0.8038
vn 0.4228 -0.4185 0.8038
vn 0.5287 -0.2728 0.8038
vn 0.5287 0.2728 0.8038
vn -0.2673 -0.5315 0.8038
vn -0.5881 -0.0900 0.8038
vn -0.2673 0.5315 0.8038
vn -0.5881 0.0900 0.8038
vn 0.4228 0.4185 0.8038
vn -0.0961 0.5871 0.8038
vn 0.1096 -0.3372 -0.9350
vn 0.3546 0.0000 -0.9350
vn 0.1096 0.3372 -0.9350
vn -0.2869 0.2084 -0.9350
vn -0.2869 -0.2084 -0.9350
vn 0.7323 -0.5320 -0.4251
vn -0.1058 -0.9230 -0.3701
vn -0.5111 -0.7155 -0.4763
vn -0.9052 -0.0000 -0.4251
vn -0.2797 0.8609 -0.4251
vn 0.7323 0.5320 -0.4251
vn 0.2797 -0.8609 0.4251
vn -0.5225 -0.7072 0.4763
vn -0.8451 -0.3858 0.3701
vn -0.7323 0.5320 0.4251
vn 0.2797 0.8609 0.4251
vn 0.9052 0.0000 0.4251
vn -0.1096 -0.3372 0.9350
vn 0.2869 -0.2084 0.9350
vn 0.2869 0.2084 0.9350
vn -0.1096 0.3372 0.9350
vn -0.3546 0.0000 0.9350
vn 0.0961 -0.5871 -0.8038
vn -0.4228 -0.4185 -0.8038
vn 0.2673 -0.5315 -0.8038
vn 0.5881 -0.0900 -0.8038
vn 0.2670 -0.8218 -0.5034
vn 0.8641 -0.0000 -0.5033
vn 0.5881 0.0900 -0.8038
vn 0.2673 0.5315 -0.8038
vn -0.5287 0.2728 -0.8038
vn -0.5287 -0.2728 -0.8038
vn -0.6991 -0.5079 -0.5033
vn 0.0961 0.5871 -0.8038
vn -0.4228 0.4185 -0.8038
vn -0.6991 0.5079 -0.5033
vn 0.2670 0.8218 -0.5034
vn 0.9511 -0.3090 -0.0000
vn 0.9511 0.3090 -0.0000
vn 0.0000 -1.0000 -0.0000
vn 0.5878 -0.8090 0.0000
vn -0.9511 -0.3090 0.0000
vn -0.3859 -0.9146 0.1205
vn -0.7506 -0.6497 -0.1205
vn -0.5878 0.8090 -0.0000
vn -0.9511 0.3090 0.0000
vn 0.5878 0.8090 0.0000
vn 0.0000 1.0000 -0.0000
vn 0.6991 -0.5079 0.5033
vn -0.2670 -0.8218 0.5034
vn -0.8641 0.0000 0.5033
vn -0.2670 0.8218 0.5034
vn 0.6991 0.5079 0.5033
vn -0.0961 -0.5871 0.8038
vn 0.4228 -0.4185 0.8038
vn 0.5287 -0.2728 0.8038
vn 0.5287 0.2728 0.8038
vn -0.2673 -0.5315 0.8038
vn -0.5881 -0.0900 0.8038
vn -0.2673 0.5315 0.8038
vn -0.5881 0.0900 0.8038
vn 0.4228 0.4185 0.8038
vn -0.0961 0.5871 0.8038
vn 0.1096 -0.3372 -0.9350
vn 0.3546 0.0000 -0.9350
vn 0.1096 0.3372 -0.9350
vn -0.2869 0.2084 -0.9350
vn -0.2869 -0.2084 -0.9350
vn 0.7323 -0.5320 -0.4251
vn -0.1058 -0.9230 -0.3701
vn -0.5111 -0.7155 -0.4763
vn -0.9052 -0.0000 -0.4251
vn -0.2797 0.8609 -0.4251
vn 0.7323 0.5320 -0.4251
vn 0.2797 -0.8609 0.4251
vn -0.5225 -0.7072 0.4763
vn -0.8451 -0.3858 0.3701
vn -0.7323 0.5320 0.4251
vn 0.2797 0.8609 0.4251
vn 0.9052 -0.0000 0.4251
vn -0.1096 -0.3372 0.9350
vn 0.2869 -0.2084 0.9350
vn 0.2869 0.2084 0.9350
vn -0.1096 0.3372 0.9350
vn -0.3546 0.0000 0.9350
vn 0.0961 -0.5871 -0.8038
vn -0.4228 -0.4185 -0.8038
vn 0.2673 -0.5315 -0.8038
vn 0.5881 -0.0900 -0.8038
vn 0.2670 -0.8218 -0.5034
vn 0.8641 -0.0000 -0.5033
vn 0.5881 0.0900 -0.8038
vn 0.2673 0.5315 -0.8038
vn -0.5287 0.2728 -0.8038
vn -0.5287 -0.2728 -0.8038
vn -0.6991 -0.5079 -0.5033
vn 0.0961 0.5871 -0.8038
vn -0.4228 0.4185 -0.8038
vn -0.6991 0.5079 -0.5033
vn 0.2670 0.8218 -0.5034
vn 0.9511 -0.3090 0.0000
vn 0.9511 0.3090 0.0000
vn 0.0000 -1.0000 0.0000
vn 0.5878 -0.8090 0.0000
vn -0.9511 -0.3090 -0.0000
vn -0.3859 -0.9146 0.1205
vn -0.7506 -0.6497 -0.1205
vn -0.5878 0.8090 -0.0000
vn -0.9511 0.3090 -0.0000
vn 0.5878 0.8090 0.0000
vn 0.0000 1.0000 0.0000
vn 0.6991 -0.5079 0.5033
vn -0.2670 -0.8218 0.5034
vn -0.8641 -0.0000 0.5033
vn -0.2670 0.8218 0.5034
vn 0.6991 0.5079 0.5033
vn -0.0961 -0.5871 0.8038
vn 0.4228 -0.4185 0.8038
vn 0.5287 -0.2728 0.8038
vn 0.5287 0.2728 0.8038
vn -0.2673 -0.5315 0.8038
vn -0.5881 -0.0900 0.8038
vn -0.2673 0.5315 0.8038
vn -0.5881 0.0900 0.8038
vn 0.4228 0.4185 0.8038
vn -0.0961 0.5871 0.8038
vn 0.1096 -0.3372 -0.9350
vn 0.3546 0.0000 -0.9350
vn 0.1096 0.3372 -0.9350
vn -0.2869 0.2084 -0.9350
vn -0.2869 -0.2084 -0.9350
vn 0.7323 -0.5320 -0.4251
vn -0.1058 -0.9230 -0.3701
vn -0.5111 -0.7155 -0.4763
vn -0.9052 -0.0000 -0.4251
vn -0.2797 0.8609 -0.4251
vn 0.7323 0.5320 -0.4251
vn 0.2797 -0.8609 0.4251
vn -0.5225 -0.7072 0.4763
vn -0.8451 -0.3858 0.3701
vn -0.7323 0.5320 0.4251
vn 0.2797 0.8609 0.4251
vn 0.9052 0.0000 0.4251
vn -0.1096 -0.3372 0.9350
vn 0.2869 -0.2084 0.9350
vn 0.2869 0.2084 0.9350
vn -0.1096 0.3372 0.9350
vn -0.3546 0.0000 0.9350
vn 0.0961 -0.5871 -0.8038
vn -0.4228 -0.4185 -0.8038
vn 0.2673 -0.5315 -0.8038
vn 0.5881 -0.0900 -0.8038
vn 0.2670 -0.8218 -0.5034
vn 0.8641 0.0000 -0.5033
vn 0.5881 0.0900 -0.8038
vn 0.2673 0.5315 -0.8038
vn -0.5287 0.2728 -0.8038
vn -0.5287 -0.2728 -0.8038
vn -0.6991 -0.5079 -0.5033
vn 0.0961 0.5871 -0.8038
vn -0.4228 0.4185 -0.8038
vn -0.6991 0.5079 -0.5033
vn 0.2670 0.8218 -0.5034
vn 0.9511 -0.3090 -0.0000
vn 0.9511 0.3090 -0.0000
vn 0.0000 -1.0000 -0.0000
vn 0.5878 -0.8090 0.0000
vn -0.9511 -0.3090 0.0000
vn -0.3859 -0.9146 0.1205
vn -0.7506 -0.6497 -0.1205
vn -0.5878 0.8090 -0.0000
vn -0.9511 0.3090 0.0000
vn 0.5878 0.8090 0.0000
vn -0.0000 1.0000 0.0000
vn 0.6991 -0.5079 0.5033
vn -0.2670 -0.8218 0.5034
vn -0.8641 0.0000 0.5033
vn -0.2670 0.8218 0.5034
vn 0.6991 0.5079 0.5033
vn -0.0961 -0.5871 0.8038
vn 0.4228 -0.4185 0.8038
vn 0.5287 -0.2728 0.8038
vn 0.5287 0.2728 0.8038
vn -0.2673 -0.5315 0.8038
vn -0.5881 -0.0900 0.8038
vn -0.2673 0.5315 0.8038
vn -0.5881 0.0900 0.8038
vn 0.4228 0.4185 0.8038
vn -0.0961 0.5871 0.8038
vn 0.1096 -0.3372 -0.9350
vn 0.3546 0.0000 -0.9350
vn 0.1096 0.3372 -0.9350
vn -0.2869 0.2084 -0.9350
vn -0.2869 -0.2084 -0.9350
vn 0.7323 -0.5320 -0.4251
vn -0.1058 -0.9230 -0.3701
vn -0.5111 -0.7155 -0.4763
vn -0.9052 0.0000 -0.4251
vn -0.2797 0.8609 -0.4251
vn 0.7323 0.5320 -0.4251
vn 0.2797 -0.8609 0.4251
vn -0.5225 -0.7072 0.4763
vn -0.8451 -0.3858 0.3701
vn -0.7323 0.5320 0.4251
vn 0.2797 0.8609 0.4251
vn 0.9052 0.0000 0.4251
vn -0.1096 -0.3372 0.9350
vn 0.2869 -0.2084 0.9350
vn 0.2869 0.2084 0.9350
vn -0.1096 0.3372 0.9350
vn -0.3546 0.0000 0.9350
vn 0.0961 -0.5871 -0.8038
vn -0.4228 -0.4185 -0.8038
vn 0.2673 -0.5315 -0.8038
vn 0.5881 -0.0900 -0.8038
vn 0.2670 -0.8218 -0.5034
vn 0.8641 -0.0000 -0.5033
vn 0.5881 0.0900 -0.8038
vn 0.2673 0.5315 -0.8038
vn -0.5287 0.2728 -0.8038
vn -0.5287 -0.2728 -0.8038
vn -0.6991 -0.5079 -0.5033
vn 0.0961 0.5871 -0.8038
vn -0.4228 0.4185 -0.8038
vn -0.6991 0.5079 -0.5033
vn 0.2670 0.8218 -0.5034
vn 0.9511 -0.3090 -0.0000
vn 0.9511 0.3090 -0.0000
vn 0.0000 -1.0000 -0.0000
vn 0.5878 -0.8090 0.0000
vn -0.9511 -0.3090 0.0000
vn -0.3859 -0.9146 0.1205
vn -0.7506 -0.6497 -0.1205
vn -0.5878 0.8090 -0.0000
vn -0.9511 0.3090 0.0000
vn 0.5878 0.8090 0.0000
vn -0.0000 1.0000 0.0000
vn 0.6991 -0.5079 0.5033
vn -0.2670 -0.8218 0.5034
vn -0.8641 -0.0000 0.5033
vn -0.2670 0.8218 0.5034
vn 0.6991 0.5079 0.5033
vn -0.0961 -0.5871 0.8038
vn 0.4228 -0.4185 0.8038
vn 0.5287 -0.2728 0.8038
vn 0.5287 0.2728 0.8038
vn -0.2673 -0.5315 0.8038
vn -0.5881 -0.0900 0.8038
vn -0.2673 0.5315 0.8038
vn -0.5881 0.0900 0.8038
vn 0.4228 0.4185 0.8038
vn -0.0961 0.5871 0.8038
vn 0.1096 -0.3372 -0.9350
vn 0.3546 0.0000 -0.9350
vn 0.1096 0.3372 -0.9350
vn -0.2869 0.2084 -0.9350
vn -0.2869 -0.2084 -0.9350
vn 0.7323 -0.5320 -0.4251
vn -0.1058 -0.9230 -0.3701
vn -0.5111 -0.7155 -0.4763
vn -0.9052 0.0000 -0.4251
vn -0.2797 0.8609 -0.4251
vn 0.7323 0.5320 -0.4251
vn 0.2797 -0.8609 0.4251
vn -0.5225 -0.7072 0.4763
vn -0.8451 -0.3858 0.3701
vn -0.7323 0.5320 0.4251
vn 0.2797 0.8609 0.4251
vn 0.9052 0.0000 0.4251
vn -0.1096 -0.3372 0.9350
vn 0.2869 -0.2084 0.9350
vn 0.2869 0.2084 0.9350
vn -0.1096 0.3372 0.9350
vn -0.3546 0.0000 0.9350
vn 0.0961 -0.5871 -0.8038
vn -0.4228 -0.4185 -0.8038
vn 0.2673 -0.5315 -0.8038
vn 0.5881 -0.0900 -0.8038
vn 0.2670 -0.8218 -0.5034
vn 0.8641 0.0000 -0.5033
vn 0.5881 0.0900 -0.8038
vn 0.2673 0.5315 -0.8038
vn -0.5287 0.2728 -0.8038
vn -0.5287 -0.2728 -0.8038
vn -0.6991 -0.5079 -0.5033
vn 0.0961 0.5871 -0.8038
vn -0.4228 0.4185 -0.8038
vn -0.6991 0.5079 -0.5033
vn 0.2670 0.8218 -0.5034
vn 0.9511 -0.3090 -0.0000
vn 0.9511 0.3090 -0.0000
vn 0.0000 -1.0000 0.0000
vn 0.5878 -0.8090 0.0000
vn -0.9511 -0.3090 0.0000
vn -0.3859 -0.9146 0.1205
vn -0.7506 -0.6497 -0.1205
vn -0.5878 0.8090 -0.0000
vn -0.9511 0.3090 0.0000
vn 0.5878 0.8090 0.0000
vn 0.0000 1.0000 0.0000
vn 0.6991 -0.5079 0.5033
vn -0.2670 -0.8218 0.5034
vn -0.8641 0.0000 0.5033
vn -0.2670 0.8218 0.5034
vn 0.6991 0.5079 0.5033
vn -0.0961 -0.5871 0.8038
vn 0.4228 -0.4185 0.8038
vn 0.5287 -0.2728 0.8038
vn 0.5287 0.2728 0.8038
vn -0.2673 -0.5315 0.8038
vn -0.5881 -0.0900 0.8038
vn -0.2673 0.5315 0.8038
vn -0.5881 0.0900 0.8038
vn 0.4228 0.4185 0.8038
vn -0.0961 0.5871 0.8038
vn 0.1096 -0.3372 -0.9350
vn 0.3546 0.0000 -0.9350
vn 0.1096 0.3372 -0.9350
vn -0.2869 0.2084 -0.9350
vn -0.2869 -0.2084 -0.9350
vn 0.7323 -0.5320 -0.4251
vn -0.1058 -0.9230 -0.3701
vn -0.5111 -0.7155 -0.4763
vn -0.9052 -0.0000 -0.4251
vn -0.2797 0.8609 -0.4251
vn 0.7323 0.5320 -0.4251
vn 0.2797 -0.8609 0.4251
vn -0.5225 -0.7072 0.4763
vn -0.8451 -0.3858 0.3701
vn -0.7323 0.5320 0.4251
vn 0.2797 0.8609 0.4251
vn 0.9052 0.0000 0.4251
vn -0.1096 -0.3372 0.9350
vn 0.2869 -0.2084 0.9350
vn 0.2869 0.2084 0.9350
vn -0.1096 0.3372 0.9350
vn -0.3546 0.0000 0.9350
vn 0.0961 -0.5871 -0.8038
vn -0.4228 -0.4185 -0.8038
vn 0.2673 -0.5315 -0.8038
vn 0.5881 -0.0900 -0.8038
vn 0.2670 -0.8218 -0.5034
vn 0.8641 -0.0000 -0.5033
vn 0.5881 0.0900 -0.8038
vn 0.2673 0.5315 -0.8038
vn -0.5287 0.2728 -0.8038
vn -0.5287 -0.2728 -0.8038
vn -0.6991 -0.5079 -0.5033
vn 0.0961 0.5871 -0.8038
vn -0.4228 0.4185 -0.8038
vn -0.6991 0.5079 -0.5033
vn 0.2670 0.8218 -0.5034
vn 0.9511 -0.3090 0.0000
vn 0.9511 0.3090 0.0000
vn -0.0000 -1.0000 0.0000
vn 0.5878 -0.8090 0.0000
vn -0.9511 -0.3090 0.0000
vn -0.3859 -0.9146 0.1205
vn -0.7506 -0.6497 -0.1205
vn -0.5878 0.8090 -0.0000
vn -0.9511 0.3090 0.0000
vn 0.5878 0.8090 0.0000
vn -0.0000 1.0000 0.0000
vn 0.6991 -0.5079 0.5033
vn -0.2670 -0.8218 0.5034
vn -0.8641 0.0000 0.5033
vn -0.2670 0.8218 0.5034
vn 0.6991 0.5079 0.5033
vn -0.0961 -0.5871 0.8038
vn 0.4228 -0.4185 0.8038
vn 0.5287 -0.2728 0.8038
vn 0.5287 0.2728 0.8038
vn -0.2673 -0.5315 0.8038
vn -0.5881 -0.0900 0.8038
vn -0.2673 0.5315 0.8038
vn -0.5881 0.0900 0.8038
vn 0.4228 0.4185 0.8038
vn -0.0961 0.5871 0.8038
vn 0.1096 -0.3372 -0.9350
vn 0.3546 0.0000 -0.9350
vn 0.1096 0.3372 -0.9350
vn -0.2869 0.2084 -0.9350
vn -0.2869 -0.2084 -0.9350
vn 0.7323 -0.5320 -0.4251
vn -0.1058 -0.9230 -0.3701
vn -0.5111 -0.7155 -0.4763
vn -0.9052 0.0000 -0.4251
vn -0.2797 0.8609 -0.4251
vn 0.7323 0.5320 -0.4251
vn 0.2797 -0.8609 0.4251
vn -0.5225 -0.7072 0.4763
vn -0.8451 -0.3858 0.3701
vn -0.7323 0.5320 0.4251
vn 0.2797 0.8609 0.4251
vn 0.9052 0.0000 0.4251
vn -0.1096 -0.3372 0.9350
vn 0.2869 -0.2084 0.9350
vn 0.2869 0.2084 0.9350
vn -0.1096 0.3372 0.9350
vn -0.3546 0.0000 0.9350
vn 0.0961 -0.5871 -0.8038
vn -0.4228 -0.4185 -0.8038
vn 0.2673 -0.5315 -0.8038
vn 0.5881 -0.0900 -0.8038
vn 0.2670 -0.8218 -0.5034
vn 0.8641 0.0000 -0.5033
vn 0.5881 0.0900 -0.8038
vn 0.2673 0.5315 -0.8038
vn -0.5287 0.2728 -0.8038
vn -0.5287 -0.2728 -0.8038
vn -0.6991 -0.5079 -0.5033
vn 0.0961 0.5871 -0.8038
vn -0.4228 0.4185 -0.8038
vn -0.6991 0.5079 -0.5033
vn 0.2670 0.8218 -0.5034
vn 0.9511 -0.3090 -0.0000
vn 0.9511 0.3090 -0.0000
vn 0.0000 -1.0000 0.0000
vn 0.5878 -0.8090 0.0000
vn -0.9511 -0.3090 0.0000
vn -0.3859 -0.9146 0.1205
vn -0.7506 -0.6497 -0.1205
vn -0.5878 0.8090 -0.0000
vn -0.9511 0.3090 0.0000
vn 0.5878 0.8090 0.0000
vn 0.0000 1.0000 0.0000
vn 0.6991 -0.5079 0.5033
vn -0.2670 -0.8218 0.5034
vn -0.8641 0.0000 0.5033
vn -0.2670 0.8218 0.5034
vn 0.6991 0.5079 0.5033
vn -0.0961 -0.5871 0.8038
vn 0.4228 -0.4185 0.8038
vn 0.5287 -0.2728 0.8038
vn 0.5287 0.2728 0.8038
vn -0.2673 -0.5315 0.8038
vn -0.5881 -0.0900 0.8038
vn -0.2673 0.5315 0.8038
vn -0.5881 0.0900 0.8038
vn 0.4228 0.4185 0.8038
vn -0.0961 0.5871 0.8038
vn 0.1096 -0.3372 -0.9350
vn 0.3546 0.0000 -0.9350
vn 0.1096 0.3372 -0.9350
vn -0.2869 0.2084 -0.9350
vn -0.2869 -0.2084 -0.9350
vn 0.7323 -0.5320 -0.4251
vn -0.1058 -0.9230 -0.3701
vn -0.5111 -0.7155 -0.4763
vn -0.9052 -0.0000 -0.4251
vn -0.2797 0.8609 -0.4251
vn 0.7323 0.5320 -0.4251
vn 0.2797 -0.8609 0.4251
vn -0.5225 -0.7072 0.4763
vn -0.8451 -0.3858 0.3701
vn -0.7323 0.5320 0.4251
vn 0.2797 0.8609 0.4251
vn 0.9052 -0.0000 0.4251
vn -0.1096 -0.3372 0.9350
vn 0.2869 -0.2084 0.9350
vn 0.2869 0.2084 0.9350
vn -0.1096 0.3372 0.9350
vn -0.3546 0.0000 0.9350
vn 0.0961 -0.5871 -0.8038
vn -0.4228 -0.4185 -0.8038
vn 0.2673 -0.5315 -0.8038
vn 0.5881 -0.0900 -0.8038
vn 0.2670 -0.8218 -0.5034
vn 0.8641 -0.0000 -0.5033
vn 0.5881 0.0900 -0.8038
vn 0.2673 0.5315 -0.8038
vn -0.5287 0.2728 -0.8038
vn -0.5287 -0.2728 -0.8038
vn -0.6991 -0.5079 -0.5033
vn 0.0961 0.5871 -0.8038
vn -0.4228 0.4185 -0.8038
vn -0.6991 0.5079 -0.5033
vn 0.2670 0.8218 -0.5034
vn 0.9511 -0.3090 0.0000
vn 0.9511 0.3090 0.0000
vn -0.0000 -1.0000 0.0000
vn 0.5878 -0.8090 0.0000
vn -0.9511 -0.3090 0.0000
vn -0.3859 -0.9146 0.1205
vn -0.7506 -0.6497 -0.1205
vn -0.5878 0.8090 -0.0000
vn -0.9511 0.3090 0.0000
vn 0.5878 0.8090 0.0000
vn 0.0000 1.0000 -0.0000
vn 0.6991 -0.5079 0.5033
vn -0.2670 -0.8218 0.5034
vn -0.8641 0.0000 0.5033
vn -0.2670 0.8218 0.5034
vn 0.6991 0.5079 0.5033
vn -0.0961 -0.5871 0.8038
vn 0.4228 -0.4185 0.8038
vn 0.5287 -0.2728 0.8038
vn 0.5287 0.2728 0.8038
vn -0.2673 -0.5315 0.8038
vn -0.5881 -0.0900 0.8038
vn -0.2673 0.5315 0.8038
vn -0.5881 0.0900 0.8038
vn 0.4228 0.4185 0.8038
vn -0.0961 0.5871 0.8038
vn 0.1096 -0.3372 -0.9350
vn 0.3546 0.0000 -0.9350
vn 0.1096 0.3372 -0.9350
vn -0.2869 0.2084 -0.9350
vn -0.2869 -0.2084 -0.9350
vn 0.7323 -0.5320 -0.4251
vn -0.1058 -0.9230 -0.3701
vn -0.5111 -0.7155 -0.4763
vn -0.9052 0.0000 -0.4251
vn -0.2797 0.8609 -0.4251
vn 0.7323 0.5320 -0.4251
vn 0.2797 -0.8609 0.4251
vn -0.5225 -0.7072 0.4763
vn -0.8451 -0.3858 0.3701
vn -0.7323 0.5320 0.4251
vn 0.2797 0.8609 0.4251
vn 0.9052 0.0000 0.4251
vn -0.1096 -0.3372 0.9350
vn 0.2869 -0.2084 0.9350
vn 0.2869 0.2084 0.9350
vn -0.1096 0.3372 0.9350
vn -0.3546 0.0000 0.9350
vn 0.0961 -0.5871 -0.8038
vn -0.4228 -0.4185 -0.8038
vn 0.2673 -0.5315 -0.8038
vn 0.5881 -0.0900 -0.8038
vn 0.2670 -0.8218 -0.5034
vn 0.8641 0.0000 -0.5033
vn 0.5881 0.0900 -0.8038
vn 0.2673 0.5315 -0.8038
vn -0.5287 0.2728 -0.8038
vn -0.5287 -0.2728 -0.8038
vn -0.6991 -0.5079 -0.5033
vn 0.0961 0.5871 -0.8038
vn -0.4228 0.4185 -0.8038
vn -0.6991 0.5079 -0.5033
vn 0.2670 0.8218 -0.5034
vn 0.9511 -0.3090 -0.0000
vn 0.9511 0.3090 -0.0000
vn 0.0000 -1.0000 0.0000
vn 0.5878 -0.8090 0.0000
vn -0.9511 -0.3090 0.0000
vn -0.3859 -0.9146 0.1205
vn -0.7506 -0.6497 -0.1205
vn -0.5878 0.8090 -0.0000
vn -0.9511 0.3090 0.0000
vn 0.5878 0.8090 0.0000
vn -0.0000 1.0000 0.0000
vn 0.6991 -0.5079 0.5033
vn -0.2670 -0.8218 0.5034
vn -0.8641 0.0000 0.5033
vn -0.2670 0.8218 0.5034
vn 0.6991 0.5079 0.5033
vn -0.0961 -0.5871 0.8038
vn 0.4228 -0.4185 0.8038
vn 0.5287 -0.2728 0.8038
vn 0.5287 0.2728 0.8038
vn -0.2673 -0.5315 0.8038
vn -0.5881 -0.0900 0.8038
vn -0.2673 0.5315 0.8038
vn -0.5881 0.0900 0.8038
vn 0.4228 0.4185 0.8038
vn -0.0961 0.5871 0.8038
vn 0.1096 -0.3372 -0.9350
vn 0.3546 0.0000 -0.9350
vn 0.1096 0.3372 -0.9350
vn -0.2869 0.2084 -0.9350
vn -0.2869 -0.2084 -0.9350
vn 0.7323 -0.5320 -0.4251
vn -0.1058 -0.9230 -0.3701
vn -0.5111 -0.7155 -0.4763
vn -0.9052 0.0000 -0.4251
vn -0.2797 0.8609 -0.4251
vn 0.7323 0.5320 -0.4251
vn 0.2797 -0.8609 0.4251
vn -0.5225 -0.7072 0.4763
vn -0.8451 -0.3858 0.3701
vn -0.7323 0.5320 0.4251
vn 0.2797 0.8609 0.4251
vn 0.9052 0.0000 0.4251
vn -0.1096 -0.3372 0.9350
vn 0.2869 -0.2084 0.9350
vn 0.2869 0.2084 0.9350
vn -0.1096 0.3372 0.9350
vn -0.3546 0.0000 0.9350
vn 0.0961 -0.5871 -0.8038
vn -0.4228 -0.4185 -0.8038
vn 0.2673 -0.5315 -0.8038
vn 0.5881 -0.0900 -0.8038
vn 0.2670 -0.8218 -0.5034
vn 0.8641 -0.0000 -0.5033
vn 0.5881 0.0900 -0.8038
vn 0.2673 0.5315 -0.8038
vn -0.5287 0.2728 -0.8038
vn -0.5287 -0.2728 -0.8038
vn -0.6991 -0.5079 -0.5033
vn 0.0961 0.5871 -0.8038
vn -0.4228 0.4185 -0.8038
vn -0.6991 0.5079 -0.5033
vn 0.2670 0.8218 -0.5034
vn 0.9511 -0.3090 -0.0000
vn 0.9511 0.3090 -0.0000
vn -0.0000 -1.0000 0.0000
vn 0.5878 -0.8090 0.0000
vn -0.9511 -0.3090 0.0000
vn -0.3859 -0.9146 0.1205
vn -0.7506 -0.6497 -0.1205
vn -0.5878 0.8090 -0.0000
vn -0.9511 0.3090 0.0000
vn 0.5878 0.8090 0.0000
vn -0.0000 1.0000 0.0000
vn 0.6991 -0.5079 0.5033
vn -0.2670 -0.8218 0.5034
vn -0.8641 -0.0000 0.5033
vn -0.2670 0.8218 0.5034
vn 0.6991 0.5079 0.5033
vn -0.0961 -0.5871 0.8038
vn 0.4228 -0.4185 0.8038
vn 0.5287 -0.2728 0.8038
vn 0.5287 0.2728 0.8038
vn -0.2673 -0.5315 0.8038
vn -0.5881 -0.0900 0.8038
vn -0.2673 0.5315 0.8038
vn -0.5881 0.0900 0.8038
vn 0.4228 0.4185 0.8038
vn -0.0961 0.5871 0.8038
vn 0.1096 -0.3372 -0.9350
vn 0.3546 0.0000 -0.9350
vn 0.1096 0.3372 -0.9350
vn -0.2869 0.2084 -0.9350
vn -0.2869 -0.2084 -0.9350
vn 0.7323 -0.5320 -0.4251
vn -0.1058 -0.9230 -0.3701
vn -0.5111 -0.7155 -0.4763
vn -0.9052 -0.0000 -0.4251
vn -0.2797 0.8609 -0.4251
vn 0.7323 0.5320 -0.4251
vn 0.2797 -0.8609 0.4251
vn -0.5225 -0.7072 0.4763
vn -0.8451 -0.3858 0.3701
vn -0.7323 0.5320 0.4251
vn 0.2797 0.8609 0.4251
vn 0.9052 -0.0000 0.4251
vn -0.1096 -0.3372 0.9350
vn 0.2869 -0.2084 0.9350
vn 0.2869 0.2084 0.9350
vn -0.1096 0.3372 0.9350
vn -0.3546 0.0000 0.9350
vn 0.0961 -0.5871 -0.8038
vn -0.4228 -0.4185 -0.8038
vn 0.2673 -0.5315 -0.8038
vn 0.5881 -0.0900 -0.8038
vn 0.2670 -0.8218 -0.5034
vn 0.8641 -0.0000 -0.5033
vn 0.5881 0.0900 -0.8038
vn 0.2673 0.5315 -0.8038
vn -0.5287 0.2728 -0.8038
vn -0.5287 -0.2728 -0.8038
vn -0.6991 -0.5079 -0.5033
vn 0.0961 0.5871 -0.8038
vn -0.4228 0.4185 -0.8038
vn -0.6991 0.5079 -0.5033
vn 0.2670 0.8218 -0.5034
vn 0.9511 -0.3090 -0.0000
vn 0.9511 0.3090 -0.0000
vn -0.0000 -1.0000 0.0000
vn 0.5878 -0.8090 0.0000
vn -0.9511 -0.3090 -0.0000
vn -0.3859 -0.9146 0.1205
vn -0.7506 -0.6497 -0.1205
vn -0.5878 0.8090 -0.0000
vn -0.9511 0.3090 -0.0000
vn 0.5878 0.8090 0.0000
vn 0.0000 1.0000 -0.0000
vn 0.6991 -0.5079 0.5033
vn -0.2670 -0.8218 0.5034
vn -0.8641 -0.0000 0.5033
vn -0.2670 0.8218 0.5034
vn 0.6991 0.5079 0.5033
vn -0.0961 -0.5871 0.8038
vn 0.4228 -0.4185 0.8038
vn 0.5287 -0.2728 0.8038
vn 0.5287 0.2728 0.8038
vn -0.2673 -0.5315 0.8038
vn -0.5881 -0.0900 0.8038
vn -0.2673 0.5315 0.8038
vn -0.5881 0.0900 0.8038
vn 0.4228 0.4185 0.8038
vn -0.0961 0.5871 0.8038
vn 0.1096 -0.3372 -0.9350
vn 0.3546 0.0000 -0.9350
vn 0.1096 0.3372 -0.9350
vn -0.2869 0.2084 -0.9350
vn -0.2869 -0.2084 -0.9350
vn 0.7323 -0.5320 -0.4251
vn -0.1058 -0.9230 -0.3701
vn -0.5111 -0.7155 -0.4763
vn -0.9052 0.0000 -0.4251
vn -0.2797 0.8609 -0.4251
vn 0.7323 0.5320 -0.4251
vn 0.2797 -0.8609 0.4251
vn -0.5225 -0.7072 0.4763
vn -0.8451 -0.3858 0.3701
vn -0.7323 0.5320 0.4251
vn 0.2797 0.8609 0.4251
vn 0.9052 0.0000 0.4251
vn -0.1096 -0.3372 0.9350
vn 0.2869 -0.2084 0.9350
vn 0.2869 0.2084 0.9350
vn -0.1096 0.3372 0.9350
vn -0.3546 0.0000 0.9350
vn 0.0961 -0.5871 -0.8038
vn -0.4228 -0.4185 -0.8038
vn 0.2673 -0.5315 -0.8038
vn 0.5881 -0.0900 -0.8038
vn 0.2670 -0.8218 -0.5034
vn 0.8641 -0.0000 -0.5033
vn 0.5881 0.0900 -0.8038
vn 0.2673 0.5315 -0.8038
vn -0.5287 0.2728 -0.8038
vn -0.5287 -0.2728 -0.8038
vn -0.6991 -0.5079 -0.5033
vn 0.0961 0.5871 -0.8038
vn -0.4228 0.4185 -0.8038
vn -0.6991 0.5079 -0.5033
vn 0.2670 0.8218 -0.5034
vn 0.9511 -0.3090 -0.0000
vn 0.9511 0.3090 -0.0000
vn 0.0000 -1.0000 0.0000
vn 0.5878 -0.8090 0.0000
vn -0.9511 -0.3090 0.0000
vn -0.3859 -0.9146 0.1205
vn -0.7506 -0.6497 -0.1205
vn -0.5878 0.8090 -0.0000
vn -0.9511 0.3090 0.0000
vn 0.5878 0.8090 0.0000
vn -0.0000 1.0000 0.0000
vn 0.6991 -0.5079 0.5033
vn -0.2670 -0.8218 0.5034
vn -0.8641 0.0000 0.5033
vn -0.2670 0.8218 0.5034
vn 0.6991 0.5079 0.5033
vn -0.0961 -0.5871 0.8038
vn 0.4228 -0.4185 0.8038
vn 0.5287 -0.2728 0.8038
vn 0.5287 0.2728 0.8038
vn -0.2673 -0.5315 0.8038
vn -0.5881 -0.0900 0.8038
vn -0.2673 0.5315 0.8038
vn -0.5881 0.0900 0.8038
vn 0.4228 0.4185 0.8038
vn -0.0961 0.5871 0.8038
vn 0.1096 -0.3372 -0.9350
vn 0.3546 0.0000 -0.9350
vn 0.1096 0.3372 -0.9350
vn -0.2869 0.2084 -0.9350
vn -0.2869 -0.2084 -0.9350
vn 0.7323 -0.5320 -0.4251
vn -0.1058 -0.9230 -0.3701
vn -0.5111 -0.7155 -0.4763
vn -0.9052 0.0000 -0.4251
vn -0.2797 0.8609 -0.4251
vn 0.7323 0.5320 -0.4251
vn 0.2797 -0.8609 0.4251
vn -0.5225 -0.7072 0.4763
vn -0.8451 -0.3858 0.3701
vn -0.7323 0.5320 0.4251
vn 0.2797 0.8609 0.4251
vn 0.9052 0.0000 0.4251
vn -0.1096 -0.3372 0.9350
vn 0.2869 -0.2084 0.9350
vn 0.2869 0.2084 0.9350
vn -0.1096 0.3372 0.9350
vn -0.3546 0.0000 0.9350
vn 0.0961 -0.5871 -0.8038
vn -0.4228 -0.4185 -0.8038
vn 0.2673 -0.5315 -0.8038
vn 0.5881 -0.0900 -0.8038
vn 0.2670 -0.8218 -0.5034
vn 0.8641 0.0000 -0.5033
vn 0.5881 0.0900 -0.8038
vn 0.2673 0.5315 -0.8038
vn -0.5287 0.2728 -0.8038
vn -0.5287 -0.2728 -0.8038
vn -0.6991 -0.5079 -0.5033
vn 0.0961 0.5871 -0.8038
vn -0.4228 0.4185 -0.8038
vn -0.6991 0.5079 -0.5033
vn 0.2670 0.8218 -0.5034
vn 0.9511 -0.3090 -0.0000
vn 0.9511 0.3090 -0.0000
vn 0.0000 -1.0000 -0.0000
vn 0.5878 -0.8090 0.0000
vn -0.9511 -0.3090 0.0000
vn -0.3859 -0.9146 0.1205
vn -0.7506 -0.6497 -0.1205
vn -0.5878 0.8090 0.0000
vn -0.9511 0.3090 0.0000
vn 0.5878 0.8090 0.0000
vn -0.0000 1.0000 0.0000
vn 0.6991 -0.5079 0.5033
vn -0.2670 -0.8218 0.5034
vn -0.8641 0.0000 0.5033
vn -0.2670 0.8218 0.5034
vn 0.6991 0.5079 0.5033
vn -0.0961 -0.5871 0.8038
vn 0.4228 -0.4185 0.8038
vn 0.5287 -0.2728 0.8038
vn 0.5287 0.2728 0.8038
vn -0.2673 -0.5315 0.8038
vn -0.5881 -0.0900 0.8038
vn -0.2673 0.5315 0.8038
vn -0.5881 0.0900 0.8038
vn 0.4228 0.4185 0.8038
vn -0.0961 0.5871 0.8038
vn 0.1096 -0.3372 -0.9350
vn 0.3546 0.0000 -0.9350
vn 0.1096 0.3372 -0.9350
vn -0.2869 0.2084 -0.9350
vn -0.2869 -0.2084 -0.9350
vn 0.7323 -0.5320 -0.4251
vn -0.1058 -0.9230 -0.3701
vn -0.5111 -0.7155 -0.4763
vn -0.9052 -0.0000 -0.4251
vn -0.2797 0.8609 -0.4251
vn 0.7323 0.5320 -0.4251
vn 0.2797 -0.8609 0.4251
vn -0.5225 -0.7072 0.4763
vn -0.8451 -0.3858 0.3701
vn -0.7323 0.5320 0.4251
vn 0.2797 0.8609 0.4251
vn 0.9052 -0.0000 0.4251
vn -0.1096 -0.3372 0.9350
vn 0.2869 -0.2084 0.9350
vn 0.2869 0.2084 0.9350
vn -0.1096 0.3372 0.9350
vn -0.3546 0.0000 0.9350
vn 0.0961 -0.5871 -0.8038
vn -0.4228 -0.4185 -0.8038
vn 0.2673 -0.5315 -0.8038
vn 0.5881 -0.0900 -0.8038
vn 0.2670 -0.8218 -0.5034
vn 0.8641 0.0000 -0.5033
vn 0.5881 0.0900 -0.8038
vn 0.2673 0.5315 -0.8038
vn -0.5287 0.2728 -0.8038
vn -0.5287 -0.2728 -0.8038
vn -0.6991 -0.5079 -0.5033
vn 0.0961 0.5871 -0.8038
vn -0.4228 0.4185 -0.8038
vn -0.6991 0.5079 -0.5033
vn 0.2670 0.8218 -0.5034
vn 0.9511 -0.3090 -0.0000
vn 0.9511 0.3090 -0.0000
vn -0.0000 -1.0000 0.0000
vn 0.5878 -0.8090 0.0000
vn -0.9511 -0.3090 0.0000
vn -0.3859 -0.9146 0.1205
vn -0.7506 -0.6497 -0.1205
vn -0.5878 0.8090 -0.0000
vn -0.9511 0.3090 0.0000
vn 0.5878 0.8090 0.0000
vn -0.0000 1.0000 -0.0000
vn 0.6991 -0.5079 0.5033
vn -0.2670 -0.8218 0.5034
vn -0.8641 0.0000 0.5033
vn -0.2670 0.8218 0.5034
vn 0.6991 0.5079 0.5033
vn -0.0961 -0.5871 0.8038
vn 0.4228 -0.4185 0.8038
vn 0.5287 -0.2728 0.8038
vn 0.5287 0.2728 0.8038
vn -0.2673 -0.5315 0.8038
vn -0.5881 -0.0900 0.8038
vn -0.2673 0.5315 0.8038
vn -0.5881 0.0900 0.8038
vn 0.4228 0.4185 0.8038
vn -0.0961 0.5871 0.8038
vn 0.1096 -0.3372 -0.9350
vn 0.3546 0.0000 -0.9350
vn 0.1096 0.3372 -0.9350
vn -0.2869 0.2084 -0.9350
vn -0.2869 -0.2084 -0.9350
vn 0.7323 -0.5320 -0.4251
vn -0.1058 -0.9230 -0.3701
vn -0.5111 -0.7155 -0.4763
vn -0.9052 0.0000 -0.4251
vn -0.2797 0.8609 -0.4251
vn 0.7323 0.5320 -0.4251
vn 0.2797 -0.8609 0.4251
vn -0.5225 -0.7072 0.4763
vn -0.8451 -0.3858 0.3701
vn -0.7323 0.5320 0.4251
vn 0.2797 0.8609 0.4251
vn 0.9052 0.0000 0.4251
vn -0.1096 -0.3372 0.9350
vn 0.2869 -0.2084 0.9350
vn 0.2869 0.2084 0.9350
vn -0.1096 0.3372 0.9350
vn -0.3546 0.0000 0.9350
vn 0.0961 -0.5871 -0.8038
vn -0.4228 -0.4185 -0.8038
vn 0.2673 -0.5315 -0.8038
vn 0.5881 -0.0900 -0.8038
vn 0.2670 -0.8218 -0.5034
vn 0.8641 -0.0000 -0.5033
vn 0.5881 0.0900 -0.8038
vn 0.2673 0.5315 -0.8038
vn -0.5287 0.2728 -0.8038
vn -0.5287 -0.2728 -0.8038
vn -0.6991 -0.5079 -0.5033
vn 0.0961 0.5871 -0.8038
vn -0.4228 0.4185 -0.8038
vn -0.6991 0.5079 -0.5033
vn 0.2670 0.8218 -0.5034
vn 0.9511 -0.3090 -0.0000
vn 0.9511 0.3090 -0.0000
vn 0.0000 -1.0000 0.0000
vn 0.5878 -0.8090 0.0000
vn -0.9511 -0.3090 0.0000
vn -0.3859 -0.9146 0.1205
vn -0.7506 -0.6497 -0.1205
vn -0.5878 0.8090 -0.0000
vn -0.9511 0.3090 0.0000
vn 0.5878 0.8090 0.0000
vn -0.0000 1.0000 0.0000
vn 0.6991 -0.5079 0.5033
vn -0.2670 -0.8218 0.5034
vn -0.8641 -0.0000 0.5033
vn -0.2670 0.8218 0.5034
vn 0.6991 0.5079 0.5033
vn -0.0961 -0.5871 0.8038
vn 0.4228 -0.4185 0.8038
vn 0.5287 -0.2728 0.8038
vn 0.5287 0.2728 0.8038
vn -0.2673 -0.5315 0.8038
vn -0.5881 -0.0900 0.8038
vn -0.2673 0.5315 0.8038
vn -0.5881 0.0900 0.8038
vn 0.4228 0.4185 0.8038
vn -0.0961 0.5871 0.8038
vn 0.1096 -0.3372 -0.9350
vn 0.3546 0.0000 -0.9350
vn 0.1096 0.3372 -0.9350
vn -0.2869 0.2084 -0.9350
vn -0.2869 -0.2084 -0.9350
vn 0.7323 -0.5320 -0.4251
vn -0.1058 -0.9230 -0.3701
vn -0.5111 -0.7155 -0.4763
vn -0.9052 -0.0000 -0.4251
vn -0.2797 0.8609 -0.4251
vn 0.7323 0.5320 -0.4251
vn 0.2797 -0.8609 0.4251
vn -0.5225 -0.7072 0.4763
vn -0.8451 -0.3858 0.3701
vn -0.7323 0.5320 0.4251
vn 0.2797 0.8609 0.4251
vn 0.9052 0.0000 0.4251
vn -0.1096 -0.3372 0.9350
vn 0.2869 -0.2084 0.9350
vn 0.2869 0.2084 0.9350
vn -0.1096 0.3372 0.9350
vn -0.3546 0.0000 0.9350
vn 0.0961 -0.5871 -0.8038
vn -0.4228 -0.4185 -0.8038
vn 0.2673 -0.5315 -0.8038
vn 0.5881 -0.0900 -0.8038
vn 0.2670 -0.8218 -0.5034
vn 0.8641 -0.0000 -0.5033
vn 0.5881 0.0900 -0.8038
vn 0.2673 0.5315 -0.8038
vn -0.5287 0.2728 -0.8038
vn -0.5287 -0.2728 -0.8038
vn -0.6991 -0.5079 -0.5033
vn 0.0961 0.5871 -0.8038
vn -0.4228 0.4185 -0.8038
vn -0.6991 0.5079 -0.5033
vn 0.2670 0.8218 -0.5034
vn 0.9511 -0.3090 -0.0000
vn 0.9511 0.3090 -0.0000
vn -0.0000 -1.0000 0.0000
vn 0.5878 -0.8090 0.0000
vn -0.9511 -0.3090 0.0000
vn -0.3859 -0.9146 0.1205
vn -0.7506 -0.6497 -0.1205
vn -0.5878 0.8090 -0.0000
vn -0.9511 0.3090 0.0000
vn 0.5878 0.8090 0.0000
vn -0.0000 1.0000 0.0000
vn 0.6991 -0.5079 0.5033
vn -0.2670 -0.8218 0.5034
vn -0.8641 -0.0000 0.5033
vn -0.2670 0.8218 0.5034
vn 0.6991 0.5079 0.5033
vn -0.0961 -0.5871 0.8038
vn 0.4228 -0.4185 0.8038
vn 0.5287 -0.2728 0.8038
vn 0.5287 0.2728 0.8038
vn -0.2673 -0.5315 0.8038
vn -0.5881 -0.0900 0.8038
vn -0.2673 0.5315 0.8038
vn -0.5881 0.0900 0.8038
vn 0.4228 0.4185 0.8038
vn -0.0961 0.5871 0.8038
vn 0.1096 -0.3372 -0.9350
vn 0.3546 0.0000 -0.9350
vn 0.1096 0.3372 -0.9350
vn -0.2869 0.2084 -0.9350
vn -0.2869 -0.2084 -0.9350
vn 0.7323 -0.5320 -0.4251
vn -0.1058 -0.9230 -0.3701
vn -0.5111 -0.7155 -0.4763
vn -0.9052 0.0000 -0.4251
vn -0.2797 0.8609 -0.4251
vn 0.7323 0.5320 -0.4251
vn 0.2797 -0.8609 0.4251
vn -0.5225 -0.7072 0.4763
vn -0.8451 -0.3858 0.3701
vn -0.7323 0.5320 0.4251
vn 0.2797 0.8609 0.4251
vn 0.9052 0.0000 0.4251
vn -0.1096 -0.3372 0.9350
vn 0.2869 -0.2084 0.9350
vn 0.2869 0.2084 0.9350
vn -0.1096 0.3372 0.9350
vn -0.3546 0.0000 0.9350
vn 0.0961 -0.5871 -0.8038
vn -0.4228 -0.4185 -0.8038
vn 0.2673 -0.5315 -0.8038
vn 0.5881 -0.0900 -0.8038
vn 0.2670 -0.8218 -0.5034
vn 0.8641 -0.0000 -0.5033
vn 0.5881 0.0900 -0.8038
vn 0.2673 0.5315 -0.8038
vn -0.5287 0.2728 -0.8038
vn -0.5287 -0.2728 -0.8038
vn -0.6991 -0.5079 -0.5033
vn 0.0961 0.5871 -0.8038
vn -0.4228 0.4185 -0.8038
vn -0.6991 0.5079 -0.5033
vn 0.2670 0.8218 -0.5034
vn 0.9511 -0.3090 -0.0000
vn 0.9511 0.3090 -0.0000
vn 0.0000 -1.0000 0.0000
vn 0.5878 -0.8090 0.0000
vn -0.9511 -0.3090 0.0000
vn -0.3859 -0.9146 0.1205
vn -0.7506 -0.6497 -0.1205
vn -0.5878 0.8090 -0.0000
vn -0.9511 0.3090 0.0000
vn 0.5878 0.8090 0.0000
vn 0.0000 1.0000 -0.0000
vn 0.6991 -0.5079 0.5033
vn -0.2670 -0.8218 0.5034
vn -0.8641 -0.0000 0.5033
vn -0.2670 0.8218 0.5034
vn 0.6991 0.5079 0.5033
vn -0.0961 -0.5871 0.8038
vn 0.4228 -0.4185 0.8038
vn 0.5287 -0.2728 0.8038
vn 0.5287 0.2728 0.8038
vn -0.2673 -0.5315 0.8038
vn -0.5881 -0.0900 0.8038
vn -0.2673 0.5315 0.8038
vn -0.5881 0.0900 0.8038
vn 0.4228 0.4185 0.8038
vn -0.0961 0.5871 0.8038
vn 0.1096 -0.3372 -0.9350
vn 0.3546 0.0000 -0.9350
vn 0.1096 0.3372 -0.9350
vn -0.2869 0.2084 -0.9350
vn -0.2869 -0.2084 -0.9350
vn 0.7323 -0.5320 -0.4251
vn -0.1058 -0.9230 -0.3701
vn -0.5111 -0.7155 -0.4763
vn -0.9052 0.0000 -0.4251
vn -0.2797 0.8609 -0.4251
vn 0.7323 0.5320 -0.4251
vn 0.2797 -0.8609 0.4251
vn -0.5225 -0.7072 0.4763
vn -0.8451 -0.3858 0.3701
vn -0.7323 0.5320 0.4251
vn 0.2797 0.8609 0.4251
vn 0.9052 -0.0000 0.4251
vn -0.1096 -0.3372 0.9350
vn 0.2869 -0.2084 0.9350
vn 0.2869 0.2084 0.9350
vn -0.1096 0.3372 0.9350
vn -0.3546 0.0000 0.9350
vn 0.0961 -0.5871 -0.8038
vn -0.4228 -0.4185 -0.8038
vn 0.2673 -0.5315 -0.8038
vn 0.5881 -0.0900 -0.8038
vn 0.2670 -0.8218 -0.5034
vn 0.8641 0.0000 -0.5033
vn 0.5881 0.0900 -0.8038
vn 0.2673 0.5315 -0.8038
vn -0.5287 0.2728 -0.8038
vn -0.5287 -0.2728 -0.8038
vn -0.6991 -0.5079 -0.5033
vn 0.0961 0.5871 -0.8038
vn -0.4228 0.4185 -0.8038
vn -0.6991 0.5079 -0.5033
vn 0.2670 0.8218 -0.5034
vn 0.9511 -0.3090 -0.0000
vn 0.9511 0.3090 -0.0000
vn -0.0000 -1.0000 0.0000
vn 0.5878 -0.8090 0.0000
vn -0.9511 -0.3090 0.0000
vn -0.3859 -0.9146 0.1205
vn -0.7506 -0.6497 -0.1205
vn -0.5878 0.8090 -0.0000
vn -0.9511 0.3090 0.0000
vn 0.5878 0.8090 0.0000
vn -0.0000 1.0000 0.0000
vn 0.6991 -0.5079 0.5033
vn -0.2670 -0.8218 0.5034
vn -0.8641 0.0000 0.5033
vn -0.2670 0.8218 0.5034
vn 0.6991 0.5079 0.5033
vn -0.0961 -0.5871 0.8038
vn 0.4228 -0.4185 0.8038
vn 0.5287 -0.2728 0.8038
vn 0.5287 0.2728 0.8038
vn -0.2673 -0.5315 0.8038
vn -0.5881 -0.0900 0.8038
vn -0.2673 0.5315 0.8038
vn -0.5881 0.0900 0.8038
vn 0.4228 0.4185 0.8038
vn -0.0961 0.5871 0.8038
vn 0.1096 -0.3372 -0.9350
vn 0.3546 0.0000 -0.9350
vn 0.1096 0.3372 -0.9350
vn -0.2869 0.2084 -0.9350
vn -0.2869 -0.2084 -0.9350
vn 0.7323 -0.5320 -0.4251
vn -0.1058 -0.9230 -0.3701
vn -0.5111 -0.7155 -0.4763
vn -0.9052 -0.0000 -0.4251
vn -0.2797 0.8609 -0.4251
vn 0.7323 0.5320 -0.4251
vn 0.2797 -0.8609 0.4251
vn -0.5225 -0.7072 0.4763
vn -0.8451 -0.3858 0.3701
vn -0.7323 0.5320 0.4251
vn 0.2797 0.8609 0.4251
vn 0.9052 -0.0000 0.4251
vn -0.1096 -0.3372 0.9350
vn 0.2869 -0.2084 0.9350
vn 0.2869 0.2084 0.9350
vn -0.1096 0.3372 0.9350
vn -0.3546 0.0000 0.9350
vn 0.0961 -0.5871 -0.8038
vn -0.4228 -0.4185 -0.8038
vn 0.2673 -0.5315 -0.8038
vn 0.5881 -0.0900 -0.8038
vn 0.2670 -0.8218 -0.5034
vn 0.8641 0.0000 -0.5033
vn 0.5881 0.0900 -0.8038
vn 0.2673 0.5315 -0.8038
vn -0.5287 0.2728 -0.8038
vn -0.5287 -0.2728 -0.8038
vn -0.6991 -0.5079 -0.5033
vn 0.0961 0.5871 -0.8038
vn -0.4228 0.4185 -0.8038
vn -0.6991 0.5079 -0.5033
vn 0.2670 0.8218 -0.5034
vn 0.9511 -0.3090 -0.0000
vn 0.9511 0.3090 -0.0000
vn 0.0000 -1.0000 -0.0000
vn 0.5878 -0.8090 0.0000
vn -0.9511 -0.3090 0.0000
vn -0.3859 -0.9146 0.1205
vn -0.7506 -0.6497 -0.1205
vn -0.5878 0.8090 -0.0000
vn -0.9511 0.3090 0.0000
vn 0.5878 0.8090 0.0000
vn 0.0000 1.0000 -0.0000
vn 0.6991 -0.5079 0.5033
vn -0.2670 -0.8218 0.5034
vn -0.8641 -0.0000 0.5033
vn -0.2670 0.8218 0.5034
vn 0.6991 0.5079 0.5033
vn -0.0961 -0.5871 0.8038
vn 0.4228 -0.4185 0.8038
vn 0.5287 -0.2728 0.8038
vn 0.5287 0.2728 0.8038
vn -0.2673 -0.5315 0.8038
vn -0.5881 -0.0900 0.8038
vn -0.2673 0.5315 0.8038
vn -0.5881 0.0900 0.8038
vn 0.4228 0.4185 0.8038
vn -0.0961 0.5871 0.8038
vn 0.1096 -0.3372 -0.9350
vn 0.3546 0.0000 -0.9350
vn 0.1096 0.3372 -0.9350
vn -0.2869 0.2084 -0.9350
vn -0.2869 -0.2084 -0.9350
vn 0.7323 -0.5320 -0.4251
vn -0.1058 -0.9230 -0.3701
vn -0.5111 -0.7155 -0.4763
vn -0.9052 -0.0000 -0.4251
vn -0.2797 0.8609 -0.4251
vn 0.7323 0.5320 -0.4251
vn 0.2797 -0.8609 0.4251
vn -0.5225 -0.7072 0.4763
vn -0.8451 -0.3858 0.3701
vn -0.7323 0.5320 0.4251
vn 0.2797 0.8609 0.4251
vn 0.9052 -0.0000 0.4251
vn -0.1096 -0.3372 0.9350
vn 0.2869 -0.2084 0.9350
vn 0.2869 0.2084 0.9350
vn -0.1096 0.3372 0.9350
vn -0.3546 0.0000 0.9350
vn 0.0961 -0.5871 -0.8038
vn -0.4228 -0.4185 -0.8038
vn 0.2673 -0.5315 -0.8038
vn 0.5881 -0.0900 -0.8038
vn 0.2670 -0.8218 -0.5034
vn 0.8641 0.0000 -0.5033
vn 0.5881 0.0900 -0.8038
vn 0.2673 0.5315 -0.8038
vn -0.5287 0.2728 -0.8038
vn -0.5287 -0.2728 -0.8038
vn -0.6991 -0.5079 -0.5033
vn 0.0961 0.5871 -0.8038
vn -0.4228 0.4185 -0.8038
vn -0.6991 0.5079 -0.5033
vn 0.2670 0.8218 -0.5034
vn 0.9511 -0.3090 -0.0000
vn 0.9511 0.3090 -0.0000
vn -0.0000 -1.0000 0.0000
vn 0.5878 -0.8090 0.0000
vn -0.9511 -0.3090 0.0000
vn -0.3859 -0.9146 0.1205
vn -0.7506 -0.6497 -0.1205
vn -0.5878 0.8090 -0.0000
vn -0.9511 0.3090 0.0000
vn 0.5878 0.8090 0.0000
vn -0.0000 1.0000 0.0000
vn 0.6991 -0.5079 0.5033
vn -0.2670 -0.8218 0.5034
vn -0.8641 0.0000 0.5033
vn -0.2670 0.8218 0.5034
vn 0.6991 0.5079 0.5033
vn -0.0961 -0.5871 0.8038
vn 0.4228 -0.4185 0.8038
vn 0.5287 -0.2728 0.8038
vn 0.5287 0.2728 0.8038
vn -0.2673 -0.5315 0.8038
vn -0.5881 -0.0900 0.8038
vn -0.2673 0.5315 0.8038
vn -0.5881 0.0900 0.8038
vn 0.4228 0.4185 0.8038
vn -0.0961 0.5871 0.8038
vn 0.1096 -0.3372 -0.9350
vn 0.3546 0.0000 -0.9350
vn 0.1096 0.3372 -0.9350
vn -0.2869 0.2084 -0.9350
vn -0.2869 -0.2084 -0.9350
vn 0.7323 -0.5320 -0.4251
vn -0.1058 -0.9230 -0.3701
vn -0.5111 -0.7155 -0.4763
vn -0.9052 -0.0000 -0.4251
vn -0.2797 0.8609 -0.4251
vn 0.7323 0.5320 -0.4251
vn 0.2797 -0.8609 0.4251
vn -0.5225 -0.7072 0.4763
vn -0.8451 -0.3858 0.3701
vn -0.7323 0.5320 0.4251
vn 0.2797 0.8609 0.4251
vn 0.9052 -0.0000 0.4251
vn -0.1096 -0.3372 0.9350
vn 0.2869 -0.2084 0.9350
vn 0.2869 0.2084 0.9350
vn -0.1096 0.3372 0.9350
vn -0.3546 0.0000 0.9350
vn 0.0961 -0.5871 -0.8038
vn -0.4228 -0.4185 -0.8038
vn 0.2673 -0.5315 -0.8038
vn 0.5881 -0.0900 -0.8038
vn 0.2670 -0.8218 -0.5034
vn 0.8641 -0.0000 -0.5033
vn 0.5881 0.0900 -0.8038
vn 0.2673 0.5315 -0.8038
vn -0.5287 0.2728 -0.8038
vn -0.5287 -0.2728 -0.8038
vn -0.6991 -0.5079 -0.5033
vn 0.0961 0.5871 -0.8038
vn -0.4228 0.4185 -0.8038
vn -0.6991 0.5079 -0.5033
vn 0.2670 0.8218 -0.5034
vn 0.9511 -0.3090 -0.0000
vn 0.9511 0.3090 -0.0000
vn 0.0000 -1.0000 0.0000
vn 0.5878 -0.8090 0.0000
vn -0.9511 -0.3090 0.0000
vn -0.3859 -0.9146 0.1205
vn -0.7506 -0.6497 -0.1205
vn -0.5878 0.8090 -0.0000
vn -0.9511 0.3090 0.0000
vn 0.5878 0.8090 0.0000
vn 0.0000 1.0000 0.0000
vn 0.6991 -0.5079 0.5033
vn -0.2670 -0.8218 0.5034
vn -0.8641 -0.0000 0.5033
vn -0.2670 0.8218 0.5034
vn 0.6991 0.5079 0.5033
vn -0.0961 -0.5871 0.8038
vn 0.4228 -0.4185 0.8038
vn 0.5287 -0.2728 0.8038
vn 0.5287 0.2728 0.8038
vn -0.2673 -0.5315 0.8038
vn -0.5881 -0.0900 0.8038
vn -0.2673 0.5315 0.8038
vn -0.5881 0.0900 0.8038
vn 0.4228 0.4185 0.8038
vn -0.0961 0.5871 0.8038
vn 0.1096 -0.3372 -0.9350
vn 0.3546 0.0000 -0.9350
vn 0.1096 0.3372 -0.9350
vn -0.2869 0.2084 -0.9350
vn -0.2869 -0.2084 -0.9350
vn 0.7323 -0.5320 -0.4251
vn -0.1058 -0.9230 -0.3701
vn -0.5111 -0.7155 -0.4763
vn -0.9052 -0.0000 -0.4251
vn -0.2797 0.8609 -0.4251
vn 0.7323 0.5320 -0.4251
vn 0.2797 -0.8609 0.4251
vn -0.5225 -0.7072 0.4763
vn -0.8451 -0.3858 0.3701
vn -0.7323 0.5320 0.4251
vn 0.2797 0.8609 0.4251
vn 0.9052 -0.0000 0.4251
vn -0.1096 -0.3372 0.9350
vn 0.2869 -0.2084 0.9350
vn 0.2869 0.2084 0.9350
vn -0.1096 0.3372 0.9350
vn -0.3546 0.0000 0.9350
vn 0.0961 -0.5871 -0.8038
vn -0.4228 -0.4185 -0.8038
vn 0.2673 -0.5315 -0.8038
vn 0.5881 -0.0900 -0.8038
vn 0.2670 -0.8218 -0.5034
vn 0.8641 0.0000 -0.5033
vn 0.5881 0.0900 -0.8038
vn 0.2673 0.5315 -0.8038
vn -0.5287 0.2728 -0.8038
vn -0.5287 -0.2728 -0.8038
vn -0.6991 -0.5079 -0.5033
vn 0.0961 0.5871 -0.8038
vn -0.4228 0.4185 -0.8038
vn -0.6991 0.5079 -0.5033
vn 0.2670 0.8218 -0.5034
vn 0.9511 -0.3090 -0.0000
vn 0.9511 0.3090 -0.0000
vn 0.0000 -1.0000 0.0000
vn 0.5878 -0.8090 0.0000
vn -0.9511 -0.3090 0.0000
vn -0.3859 -0.9146 0.1205
vn -0.7506 -0.6497 -0.1205
vn -0.5878 0.8090 -0.0000
vn -0.9511 0.3090 0.0000
vn 0.5878 0.8090 0.0000
vn 0.0000 1.0000 -0.0000
vn 0.6991 -0.5079 0.5033
vn -0.2670 -0.8218 0.5034
vn -0.8641 0.0000 0.5033
vn -0.2670 0.8218 0.5034
vn 0.6991 0.5079 0.5033
vn -0.0961 -0.5871 0.8038
vn 0.4228 -0.4185 0.8038
vn 0.5287 -0.2728 0.8038
vn 0.5287 0.2728 0.8038
vn -0.2673 -0.5315 0.8038
vn -0.5881 -0.0900 0.8038
vn -0.2673 0.5315 0.8038
vn -0.5881 0.0900 0.8038
vn 0.4228 0.4185 0.8038
vn -0.0961 0.5871 0.8038
vn 0.1096 -0.3372 -0.9350
vn 0.3546 0.0000 -0.9350
vn 0.1096 0.3372 -0.9350
vn -0.2869 0.2084 -0.9350
vn -0.2869 -0.2084 -0.9350
vn 0.7323 -0.5320 -0.4251
vn -0.1058 -0.9230 -0.3701
vn -0.5111 -0.7155 -0.4763
vn -0.9052 0.0000 -0.4251
vn -0.2797 0.8609 -0.4251
vn 0.7323 0.5320 -0.4251
vn 0.2797 -0.8609 0.4251
vn -0.5225 -0.7072 0.4763
vn -0.8451 -0.3858 0.3701
vn -0.7323 0.5320 0.4251
vn 0.2797 0.8609 0.4251
vn 0.9052 0.0000 0.4251
vn -0.1096 -0.3372 0.9350
vn 0.2869 -0.2084 0.9350
vn 0.2869 0.2084 0.9350
vn -0.1096 0.3372 0.9350
vn -0.3546 0.0000 0.9350
vn 0.0961 -0.5871 -0.8038
vn -0.4228 -0.4185 -0.8038
vn 0.2673 -0.5315 -0.8038
vn 0.5881 -0.0900 -0.8038
vn 0.2670 -0.8218 -0.5034
vn 0.8641 0.0000 -0.5033
vn 0.5881 0.0900 -0.8038
vn 0.2673 0.5315 -0.8038
vn -0.5287 0.2728 -0.8038
vn -0.5287 -0.2728 -0.8038
vn -0.6991 -0.5079 -0.5033
vn 0.0961 0.5871 -0.8038
vn -0.4228 0.4185 -0.8038
vn -0.6991 0.5079 -0.5033
vn 0.2670 0.8218 -0.5034
vn 0.9511 -0.3090 -0.0000
vn 0.9511 0.3090 -0.0000
vn -0.0000 -1.0000 0.0000
vn 0.5878 -0.8090 0.0000
vn -0.9511 -0.3090 0.0000
vn -0.3859 -0.9146 0.1205
vn -0.7506 -0.6497 -0.1205
vn -0.5878 0.8090 -0.0000
vn -0.9511 0.3090 0.0000
vn 0.5878 0.8090 0.0000
vn -0.0000 1.0000 0.0000
vn 0.6991 -0.5079 0.5033
vn -0.2670 -0.8218 0.5034
vn -0.8641 -0.0000 0.5033
vn -0.2670 0.8218 0.5034
vn 0.6991 0.5079 0.5033
vn -0.0961 -0.5871 0.8038
vn 0.4228 -0.4185 0.8038
vn 0.5287 -0.2728 0.8038
vn 0.5287 0.2728 0.8038
vn -0.2673 -0.5315 0.8038
vn -0.5881 -0.0900 0.8038
vn -0.2673 0.5315 0.8038
vn -0.5881 0.0900 0.8038
vn 0.4228 0.4185 0.8038
vn -0.0961 0.5871 0.8038
vn 0.1096 -0.3372 -0.9350
vn 0.3546 0.0000 -0.9350
vn 0.1096 0.3372 -0.9350
vn -0.2869 0.2084 -0.9350
vn -0.2869 -0.2084 -0.9350
vn 0.7323 -0.5320 -0.4251
vn -0.1058 -0.9230 -0.3701
vn -0.5111 -0.7155 -0.4763
vn -0.9052 0.0000 -0.4251
vn -0.2797 0.8609 -0.4251
vn 0.7323 0.5320 -0.4251
vn 0.2797 -0.8609 0.4251
vn -0.5225 -0.7072 0.4763
vn -0.8451 -0.3858 0.3701
vn -0.7323 0.5320 0.4251
vn 0.2797 0.8609 0.4251
vn 0.9052 0.0000 0.4251
vn -0.1096 -0.3372 0.9350
vn 0.2869 -0.2084 0.9350
vn 0.2869 0.2084 0.9350
vn -0.1096 0.3372 0.9350
vn -0.3546 0.0000 0.9350
vn 0.0961 -0.5871 -0.8038
vn -0.4228 -0.4185 -0.8038
vn 0.2673 -0.5315 -0.8038
vn 0.5881 -0.0900 -0.8038
vn 0.2670 -0.8218 -0.5034
vn 0.8641 0.0000 -0.5033
vn 0.5881 0.0900 -0.8038
vn 0.2673 0.5315 -0.8038
vn -0.5287 0.2728 -0.8038
vn -0.5287 -0.2728 -0.8038
vn -0.6991 -0.5079 -0.5033
vn 0.0961 0.5871 -0.8038
vn -0.4228 0.4185 -0.8038
vn -0.6991 0.5079 -0.5033
vn 0.2670 0.8218 -0.5034
vn 0.9511 -0.3090 -0.0000
vn 0.9511 0.3090 -0.0000
vn 0.0000 -1.0000 -0.0000
vn 0.5878 -0.8090 0.0000
vn -0.9511 -0.3090 0.0000
vn -0.3859 -0.9146 0.1205
vn -0.7506 -0.6497 -0.1205
vn -0.5878 0.8090 -0.0000
vn -0.9511 0.3090 0.0000
vn 0.5878 0.8090 0.0000
vn -0.0000 1.0000 0.0000
vn 0.6991 -0.5079 0.5033
vn -0.2670 -0.8218 0.5034
vn -0.8641 0.0000 0.5033
vn -0.2670 0.8218 0.5034
vn 0.6991 0.5079 0.5033
vn -0.0961 -0.5871 0.8038
vn 0.4228 -0.4185 0.8038
vn 0.5287 -0.2728 0.8038
vn 0.5287 0.2728 0.8038
vn -0.2673 -0.5315 0.8038
vn -0.5881 -0.0900 0.8038
vn -0.2673 0.5315 0.8038
vn -0.5881 0.0900 0.8038
vn 0.4228 0.4185 0.8038
vn -0.0961 0.5871 0.8038
vn 0.1096 -0.3372 -0.9350
vn 0.3546 0.0000 -0.9350
vn 0.1096 0.3372 -0.9350
vn -0.2869 0.2084 -0.9350
vn -0.2869 -0.2084 -0.9350
vn 0.7323 -0.5320 -0.4251
vn -0.1058 -0.9230 -0.3701
vn -0.5111 -0.7155 -0.4763
vn -0.9052 0.0000 -0.4251
vn -0.2797 0.8609 -0.4251
vn 0.7323 0.5320 -0.4251
vn 0.2797 -0.8609 0.4251
vn -0.5225 -0.7072 0.4763
vn -0.8451 -0.3858 0.3701
vn -0.7323 0.5320 0.4251
vn 0.2797 0.8609 0.4251
vn 0.9052 0.0000 0.4251
vn -0.1096 -0.3372 0.9350
vn 0.2869 -0.2084 0.9350
vn 0.2869 0.2084 0.9350
vn -0.1096 0.3372 0.9350
vn -0.3546 0.0000 0.9350
vn 0.0961 -0.5871 -0.8038
vn -0.4228 -0.4185 -0.8038
vn 0.2673 -0.5315 -0.8038
vn 0.5881 -0.0900 -0.8038
vn 0.2670 -0.8218 -0.5034
vn 0.8641 0.0000 -0.5033
vn 0.5881 0.0900 -0.8038
vn 0.2673 0.5315 -0.8038
vn -0.5287 0.2728 -0.8038
vn -0.5287 -0.2728 -0.8038
vn -0.6991 -0.5079 -0.5033
vn 0.0961 0.5871 -0.8038
vn -0.4228 0.4185 -0.8038
vn -0.6991 0.5079 -0.5033
vn 0.2670 0.8218 -0.5034
vn 0.9511 -0.3090 -0.0000
vn 0.9511 0.3090 -0.0000
vn -0.0000 -1.0000 0.0000
vn 0.5878 -0.8090 0.0000
vn -0.9511 -0.3090 0.0000
vn -0.3859 -0.9146 0.1205
vn -0.7506 -0.6497 -0.1205
vn -0.5878 0.8090 -0.0000
vn -0.9511 0.3090 0.0000
vn 0.5878 0.8090 0.0000
vn 0.0000 1.0000 -0.0000
vn 0.6991 -0.5079 0.5033
vn -0.2670 -0.8218 0.5034
vn -0.8641 0.0000 0.5033
vn -0.2670 0.8218 0.5034
vn 0.6991 0.5079 0.5033
vn -0.0961 -0.5871 0.8038
vn 0.4228 -0.4185 0.8038
vn 0.5287 -0.2728 0.8038
vn 0.5287 0.2728 0.8038
vn -0.2673 -0.5315 0.8038
vn -0.5881 -0.0900 0.8038
vn -0.2673 0.5315 0.8038
vn -0.5881 0.0900 0.8038
vn 0.4228 0.4185 0.8038
vn -0.0961 0.5871 0.8038
vn 0.1096 -0.3372 -0.9350
vn 0.3546 0.0000 -0.9350
vn 0.1096 0.3372 -0.9350
vn -0.2869 0.2084 -0.9350
vn -0.2869 -0.2084 -0.9350
vn 0.7323 -0.5320 -0.4251
vn -0.1058 -0.9230 -0.3701
vn -0.5111 -0.7155 -0.4763
vn -0.9052 -0.0000 -0.4251
vn -0.2797 0.8609 -0.4251
vn 0.7323 0.5320 -0.4251
vn 0.2797 -0.8609 0.4251
vn -0.5225 -0.7072 0.4763
vn -0.8451 -0.3858 0.3701
vn -0.7323 0.5320 0.4251
vn 0.2797 0.8609 0.4251
vn 0.9052 -0.0000 0.4251
vn -0.1096 -0.3372 0.9350
vn 0.2869 -0.2084 0.9350
vn 0.2869 0.2084 0.9350
vn -0.1096 0.3372 0.9350
vn -0.3546 0.0000 0.9350
vn 0.0961 -0.5871 -0.8038
vn -0.4228 -0.4185 -0.8038
vn 0.2673 -0.5315 -0.8038
vn 0.5881 -0.0900 -0.8038
vn 0.2670 -0.8218 -0.5034
vn 0.8641 0.0000 -0.5033
vn 0.5881 0.0900 -0.8038
vn 0.2673 0.5315 -0.8038
vn -0.5287 0.2728 -0.8038
vn -0.5287 -0.2728 -0.8038
vn -0.6991 -0.5079 -0.5033
vn 0.0961 0.5871 -0.8038
vn -0.4228 0.4185 -0.8038
vn -0.6991 0.5079 -0.5033
vn 0.2670 0.8218 -0.5034
vn 0.9511 -0.3090 -0.0000
vn 0.9511 0.3090 -0.0000
vn -0.0000 -1.0000 -0.0000
vn 0.5878 -0.8090 0.0000
vn -0.9511 -0.3090 0.0000
vn -0.3859 -0.9146 0.1205
vn -0.7506 -0.6497 -0.1205
vn -0.5878 0.8090 -0.0000
vn -0.9511 0.3090 0.0000
vn 0.5878 0.8090 -0.0000
vn -0.0000 1.0000 -0.0000
vn 0.6991 -0.5079 0.5033
vn -0.2670 -0.8218 0.5034
vn -0.8641 0.0000 0.5033
vn -0.2670 0.8218 0.5034
vn 0.6991 0.5079 0.5033
vn -0.0961 -0.5871 0.8038
vn 0.4228 -0.4185 0.8038
vn 0.5287 -0.2728 0.8038
vn 0.5287 0.2728 0.8038
vn -0.2673 -0.5315 0.8038
vn -0.5881 -0.0900 0.8038
vn -0.2673 0.5315 0.8038
vn -0.5881 0.0900 0.8038
vn 0.4228 0.4185 0.8038
vn -0.0961 0.5871 0.8038
vn 0.1096 -0.3372 -0.9350
vn 0.3546 0.0000 -0.9350
vn 0.1096 0.3372 -0.9350
vn -0.2869 0.2084 -0.9350
vn -0.2869 -0.2084 -0.9350
vn 0.7323 -0.5320 -0.4251
vn -0.1058 -0.9230 -0.3701
vn -0.5111 -0.7155 -0.4763
vn -0.9052 0.0000 -0.4251
vn -0.2797 0.8609 -0.4251
vn 0.7323 0.5320 -0.4251
vn 0.2797 -0.8609 0.4251
vn -0.5225 -0.7072 0.4763
vn -0.8451 -0.3858 0.3701
vn -0.7323 0.5320 0.4251
vn 0.2797 0.8609 0.4251
vn 0.9052 0.0000 0.4251
vn -0.1096 -0.3372 0.9350
vn 0.2869 -0.2084 0.9350
vn 0.2869 0.2084 0.9350
vn -0.1096 0.3372 0.9350
vn -0.3546 0.0000 0.9350
vn 0.0961 -0.5871 -0.8038
vn -0.4228 -0.4185 -0.8038
vn 0.2673 -0.5315 -0.8038
vn 0.5881 -0.0900 -0.8038
vn 0.2670 -0.8218 -0.5034
vn 0.8641 0.0000 -0.5033
vn 0.5881 0.0900 -0.8038
vn 0.2673 0.5315 -0.8038
vn -0.5287 0.2728 -0.8038
vn -0.5287 -0.2728 -0.8038
vn -0.6991 -0.5079 -0.5033
vn 0.0961 0.5871 -0.8038
vn -0.4228 0.4185 -0.8038
vn -0.6991 0.5079 -0.5033
vn 0.2670 0.8218 -0.5034
vn 0.9511 -0.3090 -0.0000
vn 0.9511 0.3090 -0.0000
vn 0.0000 -1.0000 -0.0000
vn 0.5878 -0.8090 0.0000
vn -0.9511 -0.3090 0.0000
vn -0.3859 -0.9146 0.1205
vn -0.7506 -0.6497 -0.1205
vn -0.5878 0.8090 -0.0000
vn -0.9511 0.3090 0.0000
vn 0.5878 0.8090 0.0000
vn 0.0000 1.0000 0.0000
vn 0.6991 -0.5079 0.5033
vn -0.2670 -0.8218 0.5034
vn -0.8641 0.0000 0.5033
vn -0.2670 0.8218 0.5034
vn 0.6991 0.5079 0.5033
vn -0.0961 -0.5871 0.8038
vn 0.4228 -0.4185 0.8038
vn 0.5287 -0.2728 0.8038
vn 0.5287 0.2728 0.8038
vn -0.2673 -0.5315 0.8038
vn -0.5881 -0.0900 0.8038
vn -0.2673 0.5315 0.8038
vn -0.5881 0.0900 0.8038
vn 0.4228 0.4185 0.8038
vn -0.0961 0.5871 0.8038
vn 0.1096 -0.3372 -0.9350
vn 0.3546 0.0000 -0.9350
vn 0.1096 0.3372 -0.9350
vn -0.2869 0.2084 -0.9350
vn -0.2869 -0.2084 -0.9350
vn 0.7323 -0.5320 -0.4251
vn -0.1058 -0.9230 -0.3701
vn -0.5111 -0.7155 -0.4763
vn -0.9052 0.0000 -0.4251
vn -0.2797 0.8609 -0.4251
vn 0.7323 0.5320 -0.4251
vn 0.2797 -0.8609 0.4251
vn -0.5225 -0.7072 0.4763
vn -0.8451 -0.3858 0.3701
vn -0.7323 0.5320 0.4251
vn 0.2797 0.8609 0.4251
vn 0.9052 -0.0000 0.4251
vn -0.1096 -0.3372 0.9350
vn 0.2869 -0.2084 0.9350
vn 0.2869 0.2084 0.9350
vn -0.1096 0.3372 0.9350
vn -0.3546 0.0000 0.9350
vn 0.0961 -0.5871 -0.8038
vn -0.4228 -0.4185 -0.8038
vn 0.2673 -0.5315 -0.8038
vn 0.5881 -0.0900 -0.8038
vn 0.2670 -0.8218 -0.5034
vn 0.8641 0.0000 -0.5033
vn 0.5881 0.0900 -0.8038
vn 0.2673 0.5315 -0.8038
vn -0.5287 0.2728 -0.8038
vn -0.5287 -0.2728 -0.8038
vn -0.6991 -0.5079 -0.5034
vn 0.0961 0.5871 -0.8038
vn -0.4228 0.4185 -0.8038
vn -0.6991 0.5079 -0.5034
vn 0.2670 0.8218 -0.5034
vn 0.9511 -0.3090 -0.0000
vn 0.9511 0.3090 -0.0000
vn -0.0000 -1.0000 0.0000
vn 0.5878 -0.8090 0.0000
vn -0.9511 -0.3090 0.0000
vn -0.3859 -0.9146 0.1205
vn -0.7506 -0.6497 -0.1205
vn -0.5878 0.8090 -0.0000
vn -0.9511 0.3090 0.0000
vn 0.5878 0.8090 0.0000
vn -0.0000 1.0000 0.0000
vn 0.6991 -0.5079 0.5033
vn -0.2670 -0.8218 0.5034
vn -0.8641 0.0000 0.5033
vn -0.2670 0.8218 0.5034
vn 0.6991 0.5079 0.5033
vn -0.0961 -0.5871 0.8038
vn 0.4228 -0.4185 0.8038
vn 0.5287 -0.2728 0.8038
vn 0.5287 0.2728 0.8038
vn -0.2673 -0.5315 0.8038
vn -0.5881 -0.0900 0.8038
vn -0.2673 0.5315 0.8038
vn -0.5881 0.0900 0.8038
vn 0.4228 0.4185 0.8038
vn -0.0961 0.5871 0.8038
vn 0.1096 -0.3372 -0.9350
vn 0.3546 0.0000 -0.9350
vn 0.1096 0.3372 -0.9350
vn -0.2869 0.2084 -0.9350
vn -0.2869 -0.2084 -0.9350
vn 0.7323 -0.5320 -0.4251
vn -0.1058 -0.9230 -0.3701
vn -0.5111 -0.7155 -0.4763
vn -0.9052 0.0000 -0.4251
vn -0.2797 0.8609 -0.4251
vn 0.7323 0.5320 -0.4251
vn 0.2797 -0.8609 0.4251
vn -0.5225 -0.7072 0.4763
vn -0.8451 -0.3858 0.3701
vn -0.7323 0.5320 0.4251
vn 0.2797 0.8609 0.4251
vn 0.9052 0.0000 0.4251
vn -0.1096 -0.3372 0.9350
vn 0.2869 -0.2084 0.9350
vn 0.2869 0.2084 0.9350
vn -0.1096 0.3372 0.9350
vn -0.3546 0.0000 0.9350
vn 0.0961 -0.5871 -0.8038
vn -0.4228 -0.4185 -0.8038
vn 0.2673 -0.5315 -0.8038
vn 0.5881 -0.0900 -0.8038
vn 0.2670 -0.8218 -0.5034
vn 0.8641 -0.0000 -0.5034
vn 0.5881 0.0900 -0.8038
vn 0.2673 0.5315 -0.8038
vn -0.5287 0.2728 -0.8038
vn -0.5287 -0.2728 -0.8038
vn -0.6991 -0.5079 -0.5034
vn 0.0961 0.5871 -0.8038
vn -0.4228 0.4185 -0.8038
vn -0.6991 0.5079 -0.5034
vn 0.2670 0.8218 -0.5034
vn 0.9511 -0.3090 -0.0000
vn 0.9511 0.3090 -0.0000
vn 0.0000 -1.0000 0.0000
vn 0.5878 -0.8090 0.0000
vn -0.9511 -0.3090 0.0000
vn -0.3859 -0.9146 0.1205
vn -0.7506 -0.6497 -0.1205
vn -0.5878 0.8090 -0.0000
vn -0.9511 0.3090 0.0000
vn 0.5878 0.8090 0.0000
vn 0.0000 1.0000 -0.0000
vn 0.6991 -0.5079 0.5033
vn -0.2670 -0.8218 0.5034
vn -0.8641 -0.0000 0.5033
vn -0.2670 0.8218 0.5034
vn 0.6991 0.5079 0.5033
vn -0.0961 -0.5871 0.8038
vn 0.4228 -0.4185 0.8038
vn 0.5287 -0.2728 0.8038
vn 0.5287 0.2728 0.8038
vn -0.2673 -0.5315 0.8038
vn -0.5881 -0.0900 0.8038
vn -0.2673 0.5315 0.8038
vn -0.5881 0.0900 0.8038
vn 0.4228 0.4185 0.8038
vn -0.0961 0.5871 0.8038
vn 0.1096 -0.3372 -0.9350
vn 0.3546 0.0000 -0.9350
vn 0.1096 0.3372 -0.9350
vn -0.2869 0.2084 -0.9350
vn -0.2869 -0.2084 -0.9350
vn 0.7323 -0.5320 -0.4251
vn -0.1058 -0.9230 -0.3701
vn -0.5111 -0.7155 -0.4763
vn -0.9052 -0.0000 -0.4251
vn -0.2797 0.8609 -0.4251
vn 0.7323 0.5320 -0.4251
vn 0.2797 -0.8609 0.4251
vn -0.5225 -0.7072 0.4763
vn -0.8451 -0.3858 0.3701
vn -0.7323 0.5320 0.4251
vn 0.2797 0.8609 0.4251
vn 0.9052 -0.0000 0.4251
vn -0.1096 -0.3372 0.9350
vn 0.2869 -0.2084 0.9350
vn 0.2869 0.2084 0.9350
vn -0.1096 0.3372 0.9350
vn -0.3546 0.0000 0.9350
vn 0.0961 -0.5871 -0.8038
vn -0.4228 -0.4185 -0.8038
vn 0.2673 -0.5315 -0.8038
vn 0.5881 -0.0900 -0.8038
vn 0.2670 -0.8218 -0.5034
vn 0.8641 0.0000 -0.5033
vn 0.5881 0.0900 -0.8038
vn 0.2673 0.5315 -0.8038
vn -0.5287 0.2728 -0.8038
vn -0.5287 -0.2728 -0.8038
vn -0.6991 -0.5079 -0.5033
vn 0.0961 0.5871 -0.8038
vn -0.4228 0.4185 -0.8038
vn -0.6991 0.5079 -0.5033
vn 0.2670 0.8218 -0.5034
vn 0.9511 -0.3090 -0.0000
vn 0.9511 0.3090 -0.0000
vn 0.0000 -1.0000 -0.0000
vn 0.5878 -0.8090 0.0000
vn -0.9511 -0.3090 0.0000
vn -0.3859 -0.9146 0.1205
vn -0.7506 -0.6497 -0.1205
vn -0.5878 0.8090 -0.0000
vn -0.9511 0.3090 0.0000
vn 0.5878 0.8090 0.0000
vn 0.0000 1.0000 -0.0000
vn 0.6991 -0.5079 0.5033
vn -0.2670 -0.8218 0.5034
vn -0.8641 0.0000 0.5033
vn -0.2670 0.8218 0.5034
vn 0.6991 0.5079 0.5033
vn -0.0961 -0.5871 0.8038
vn 0.4228 -0.4185 0.8038
vn 0.5287 -0.2728 0.8038
vn 0.5287 0.2728 0.8038
vn -0.2673 -0.5315 0.8038
vn -0.5881 -0.0900 0.8038
vn -0.2673 0.5315 0.8038
vn -0.5881 0.0900 0.8038
vn 0.4228 0.4185 0.8038
vn -0.0961 0.5871 0.8038
vn 0.1096 -0.3372 -0.9350
vn 0.3546 0.0000 -0.9350
vn 0.1096 0.3372 -0.9350
vn -0.2869 0.2084 -0.9350
vn -0.2869 -0.2084 -0.9350
vn 0.7323 -0.5320 -0.4251
vn -0.1058 -0.9230 -0.3701
vn -0.5111 -0.7155 -0.4763
vn -0.9052 -0.0000 -0.4251
vn -0.2797 0.8609 -0.4251
vn 0.7323 0.5320 -0.4251
vn 0.2797 -0.8609 0.4251
vn -0.5225 -0.7072 0.4763
vn -0.8451 -0.3858 0.3701
vn -0.7323 0.5320 0.4251
vn 0.2797 0.8609 0.4251
vn 0.9052 0.0000 0.4251
vn -0.1096 -0.3372 0.9350
vn 0.2869 -0.2084 0.9350
vn 0.2869 0.2084 0.9350
vn -0.1096 0.3372 0.9350
vn -0.3546 0.0000 0.9350
vn 0.0961 -0.5871 -0.8038
vn -0.4228 -0.4185 -0.8038
vn 0.2673 -0.5315 -0.8038
vn 0.5881 -0.0900 -0.8038
vn 0.2670 -0.8218 -0.5034
vn 0.8641 0.0000 -0.5033
vn 0.5881 0.0900 -0.8038
vn 0.2673 0.5315 -0.8038
vn -0.5287 0.2728 -0.8038
vn -0.5287 -0.2728 -0.8038
vn -0.6991 -0.5079 -0.5033
vn 0.0961 0.5871 -0.8038
vn -0.4228 0.4185 -0.8038
vn -0.6991 0.5079 -0.5033
vn 0.2670 0.8218 -0.5034
vn 0.9511 -0.3090 0.0000
vn 0.9511 0.3090 0.0000
vn 0.0000 -1.0000 -0.0000
vn 0.5878 -0.8090 0.0000
vn -0.9511 -0.3090 0.0000
vn -0.3859 -0.9146 0.1205
vn -0.7506 -0.6497 -0.1205
vn -0.5878 0.8090 -0.0000
vn -0.9511 0.3090 0.0000
vn 0.5878 0.8090 0.0000
vn -0.0000 1.0000 0.0000
vn 0.6991 -0.5079 0.5033
vn -0.2670 -0.8218 0.5034
vn -0.8641 0.0000 0.5033
vn -0.2670 0.8218 0.5034
vn 0.6991 0.5079 0.5033
vn -0.0961 -0.5871 0.8038
vn 0.4228 -0.4185 0.8038
vn 0.5287 -0.2728 0.8038
vn 0.5287 0.2728 0.8038
vn -0.2673 -0.5315 0.8038
vn -0.5881 -0.0900 0.8038
vn -0.2673 0.5315 0.8038
vn -0.5881 0.0900 0.8038
vn 0.4228 0.4185 0.8038
vn -0.0961 0.5871 0.8038
vn 0.1096 -0.3372 -0.9350
vn 0.3546 0.0000 -0.9350
vn 0.1096 0.3372 -0.9350
vn -0.2869 0.2084 -0.9350
vn -0.2869 -0.2084 -0.9350
vn 0.7323 -0.5320 -0.4251
vn -0.1058 -0.9230 -0.3701
vn -0.5111 -0.7155 -0.4763
vn -0.9052 0.0000 -0.4251
vn -0.2797 0.8609 -0.4251
vn 0.7323 0.5320 -0.4251
vn 0.2797 -0.8609 0.4251
vn -0.5225 -0.7072 0.4763
vn -0.8451 -0.3858 0.3701
vn -0.7323 0.5320 0.4251
vn 0.2797 0.8609 0.4251
vn 0.9052 -0.0000 0.4251
vn -0.1096 -0.3372 0.9350
vn 0.2869 -0.2084 0.9350
vn 0.2869 0.2084 0.9350
vn -0.1096 0.3372 0.9350
vn -0.3546 0.0000 0.9350
vn 0.0961 -0.5871 -0.8038
vn -0.4228 -0.4185 -0.8038
vn 0.2673 -0.5315 -0.8038
vn 0.5881 -0.0900 -0.8038
vn 0.2670 -0.8218 -0.5034
vn 0.8641 0.0000 -0.5033
vn 0.5881 0.0900 -0.8038
vn 0.2673 0.5315 -0.8038
vn -0.5287 0.2728 -0.8038
vn -0.5287 -0.2728 -0.8038
vn -0.6991 -0.5079 -0.5033
vn 0.0961 0.5871 -0.8038
vn -0.4228 0.4185 -0.8038
vn -0.6991 0.5079 -0.5033
vn 0.2670 0.8218 -0.5034
vn 0.9511 -0.3090 -0.0000
vn 0.9511 0.3090 -0.0000
vn 0.0000 -1.0000 -0.0000
vn 0.5878 -0.8090 0.0000
vn -0.9511 -0.3090 -0.0000
vn -0.3859 -0.9146 0.1205
vn -0.7506 -0.6497 -0.1205
vn -0.5878 0.8090 -0.0000
vn -0.9511 0.3090 -0.0000
vn 0.5878 0.8090 0.0000
vn 0.0000 1.0000 -0.0000
vn 0.6991 -0.5079 0.5033
vn -0.2670 -0.8218 0.5034
vn -0.8641 0.0000 0.5033
vn -0.2670 0.8218 0.5034
vn 0.6991 0.5079 0.5033
vn -0.0961 -0.5871 0.8038
vn 0.4228 -0.4185 0.8038
vn 0.5287 -0.2728 0.8038
vn 0.5287 0.2728 0.8038
vn -0.2673 -0.5315 0.8038
vn -0.5881 -0.0900 0.8038
vn -0.2673 0.5315 0.8038
vn -0.5881 0.0900 0.8038
vn 0.4228 0.4185 0.8038
vn -0.0961 0.5871 0.8038
vn 0.1096 -0.3372 -0.9350
vn 0.3546 0.0000 -0.9350
vn 0.1096 0.3372 -0.9350
vn -0.2869 0.2084 -0.9350
vn -0.2869 -0.2084 -0.9350
vn 0.7323 -0.5320 -0.4251
vn -0.1058 -0.9230 -0.3701
vn -0.5111 -0.7155 -0.4763
vn -0.9052 0.0000 -0.4251
vn -0.2797 0.8609 -0.4251
vn 0.7323 0.5320 -0.4251
vn 0.2797 -0.8609 0.4251
vn -0.5225 -0.7072 0.4763
vn -0.8451 -0.3858 0.3701
vn -0.7323 0.5320 0.4251
vn 0.2797 0.8609 0.4251
vn 0.9052 -0.0000 0.4251
vn -0.1096 -0.3372 0.9350
vn 0.2869 -0.2084 0.9350
vn 0.2869 0.2084 0.9350
vn -0.1096 0.3372 0.9350
vn -0.3546 0.0000 0.9350
vn 0.0961 -0.5871 -0.8038
vn -0.4228 -0.4185 -0.8038
vn 0.2673 -0.5315 -0.8038
vn 0.5881 -0.0900 -0.8038
vn 0.2670 -0.8218 -0.5034
vn 0.8641 0.0000 -0.5033
vn 0.5881 0.0900 -0.8038
vn 0.2673 0.5315 -0.8038
vn -0.5287 0.2728 -0.8038
vn -0.5287 -0.2728 -0.8038
vn -0.6991 -0.5079 -0.5033
vn 0.0961 0.5871 -0.8038
vn -0.4228 0.4185 -0.8038
vn -0.6991 0.5079 -0.5033
vn 0.2670 0.8218 -0.5034
vn 0.9511 -0.3090 -0.0000
vn 0.9511 0.3090 -0.0000
vn -0.0000 -1.0000 0.0000
vn 0.5878 -0.8090 0.0000
vn -0.9511 -0.3090 0.0000
vn -0.3859 -0.9146 0.1205
vn -0.7506 -0.6497 -0.1205
vn -0.5878 0.8090 -0.0000
vn -0.9511 0.3090 0.0000
vn 0.5878 0.8090 0.0000
vn -0.0000 1.0000 0.0000
vn 0.6991 -0.5079 0.5033
vn -0.2670 -0.8218 0.5034
vn -0.8641 0.0000 0.5033
vn -0.2670 0.8218 0.5034
vn 0.6991 0.5079 0.5033
vn -0.0961 -0.5871 0.8038
vn 0.4228 -0.4185 0.8038
vn 0.5287 -0.2728 0.8038
vn 0.5287 0.2728 0.8038
vn -0.2673 -0.5315 0.8038
vn -0.5881 -0.0900 0.8038
vn -0.2673 0.5315 0.8038
vn -0.5881 0.0900 0.8038
vn 0.4228 0.4185 0.8038
vn -0.0961 0.5871 0.8038
vn 0.1096 -0.3372 -0.9350
vn 0.3546 0.0000 -0.9350
vn 0.1096 0.3372 -0.9350
vn -0.2869 0.2084 -0.9350
vn -0.2869 -0.2084 -0.9350
vn 0.7323 -0.5320 -0.4251
vn -0.1058 -0.9230 -0.3701
vn -0.5111 -0.7155 -0.4763
vn -0.9052 -0.0000 -0.4251
vn -0.2797 0.8609 -0.4251
vn 0.7323 0.5320 -0.4251
vn 0.2797 -0.8609 0.4251
vn -0.5225 -0.7072 0.4763
vn -0.8451 -0.3858 0.3701
vn -0.7323 0.5320 0.4251
vn 0.2797 0.8609 0.4251
vn 0.9052 -0.0000 0.4251
vn -0.1096 -0.3372 0.9350
vn 0.2869 -0.2084 0.9350
vn 0.2869 0.2084 0.9350
vn -0.1096 0.3372 0.9350
vn -0.3546 0.0000 0.9350
vn 0.0961 -0.5871 -0.8038
vn -0.4228 -0.4185 -0.8038
vn 0.2673 -0.5315 -0.8038
vn 0.5881 -0.0900 -0.8038
vn 0.2670 -0.8218 -0.5034
vn 0.8641 0.0000 -0.5034
vn 0.5881 0.0900 -0.8038
vn 0.2673 0.5315 -0.8038
vn -0.5287 0.2728 -0.8038
vn -0.5287 -0.2728 -0.8038
vn -0.6991 -0.5079 -0.5033
vn 0.0961 0.5871 -0.8038
vn -0.4228 0.4185 -0.8038
vn -0.6991 0.5079 -0.5033
vn 0.2670 0.8218 -0.5034
vn 0.9511 -0.3090 -0.0000
vn 0.9511 0.3090 -0.0000
vn -0.0000 -1.0000 0.0000
vn 0.5878 -0.8090 0.0000
vn -0.9511 -0.3090 0.0000
vn -0.3859 -0.9146 0.1205
vn -0.7506 -0.6497 -0.1205
vn -0.5878 0.8090 -0.0000
vn -0.9511 0.3090 0.0000
vn 0.5878 0.8090 0.0000
vn -0.0000 1.0000 0.0000
vn 0.6991 -0.5079 0.5033
vn -0.2670 -0.8218 0.5034
vn -0.8641 0.0000 0.5033
vn -0.2670 0.8218 0.5034
vn 0.6991 0.5079 0.5033
vn -0.0961 -0.5871 0.8038
vn 0.4228 -0.4185 0.8038
vn 0.5287 -0.2728 0.8038
vn 0.5287 0.2728 0.8038
vn -0.2673 -0.5315 0.8038
vn -0.5881 -0.0900 0.8038
vn -0.2673 0.5315 0.8038
vn -0.5881 0.0900 0.8038
vn 0.4228 0.4185 0.8038
vn -0.0961 0.5871 0.8038
vn 0.1096 -0.3372 -0.9350
vn 0.3546 0.0000 -0.9350
vn 0.1096 0.3372 -0.9350
vn -0.2869 0.2084 -0.9350
vn -0.2869 -0.2084 -0.9350
vn 0.7323 -0.5320 -0.4251
vn -0.1058 -0.9230 -0.3701
vn -0.5111 -0.7155 -0.4763
vn -0.9052 0.0000 -0.4251
vn -0.2797 0.8609 -0.4251
vn 0.7323 0.5320 -0.4251
vn 0.2797 -0.8609 0.4251
vn -0.5225 -0.7072 0.4763
vn -0.8451 -0.3858 0.3701
vn -0.7323 0.5320 0.4251
vn 0.2797 0.8609 0.4251
vn 0.9052 -0.0000 0.4251
vn -0.1096 -0.3372 0.9350
vn 0.2869 -0.2084 0.9350
vn 0.2869 0.2084 0.9350
vn -0.1096 0.3372 0.9350
vn -0.3546 0.0000 0.9350
vn 0.0961 -0.5871 -0.8038
vn -0.4228 -0.4185 -0.8038
vn 0.2673 -0.5315 -0.8038
vn 0.5881 -0.0900 -0.8038
vn 0.2670 -0.8218 -0.5034
vn 0.8641 0.0000 -0.5033
vn 0.5881 0.0900 -0.8038
vn 0.2673 0.5315 -0.8038
vn -0.5287 0.2728 -0.8038
vn -0.5287 -0.2728 -0.8038
vn -0.6991 -0.5079 -0.5033
vn 0.0961 0.5871 -0.8038
vn -0.4228 0.4185 -0.8038
vn -0.6991 0.5079 -0.5033
vn 0.2670 0.8218 -0.5034
vn 0.9511 -0.3090 -0.0000
vn 0.9511 0.3090 -0.0000
vn -0.0000 -1.0000 0.0000
vn 0.5878 -0.8090 0.0000
vn -0.9511 -0.3090 0.0000
vn -0.3859 -0.9146 0.1205
vn -0.7506 -0.6497 -0.1205
vn -0.5878 0.8090 -0.0000
vn -0.9511 0.3090 0.0000
vn 0.5878 0.8090 0.0000
vn -0.0000 1.0000 0.0000
vn 0.6991 -0.5079 0.5033
vn -0.2670 -0.8218 0.5034
vn -0.8641 0.0000 0.5033
vn -0.2670 0.8218 0.5034
vn 0.6991 0.5079 0.5033
vn -0.0961 -0.5871 0.8038
vn 0.4228 -0.4185 0.8038
vn 0.5287 -0.2728 0.8038
vn 0.5287 0.2728 0.8038
vn -0.2673 -0.5315 0.8038
vn -0.5881 -0.0900 0.8038
vn -0.2673 0.5315 0.8038
vn -0.5881 0.0900 0.8038
vn 0.4228 0.4185 0.8038
vn -0.0961 0.5871 0.8038
vn 0.1096 -0.3372 -0.9350
vn 0.3546 0.0000 -0.9350
vn 0.1096 0.3372 -0.9350
vn -0.2869 0.2084 -0.9350
vn -0.2869 -0.2084 -0.9350
vn 0.7323 -0.5320 -0.4251
vn -0.1058 -0.9230 -0.3701
vn -0.5111 -0.7155 -0.4763
vn -0.9052 0.0000 -0.4251
vn -0.2797 0.8609 -0.4251
vn 0.7323 0.5320 -0.4251
vn 0.2797 -0.8609 0.4251
vn -0.5225 -0.7072 0.4763
vn -0.8451 -0.3858 0.3701
vn -0.7323 0.5320 0.4251
vn 0.2797 0.8609 0.4251
vn 0.9052 0.0000 0.4251
vn -0.1096 -0.3372 0.9350
vn 0.2869 -0.2084 0.9350
vn 0.2869 0.2084 0.9350
vn -0.1096 0.3372 0.9350
vn -0.3546 0.0000 0.9350
vn 0.0961 -0.5871 -0.8038
vn -0.4228 -0.4185 -0.8038
vn 0.2673 -0.5315 -0.8038
vn 0.5881 -0.0900 -0.8038
vn 0.2670 -0.8218 -0.5034
vn 0.8641 0.0000 -0.5034
vn 0.5881 0.0900 -0.8038
vn 0.2673 0.5315 -0.8038
vn -0.5287 0.2728 -0.8038
vn -0.5287 -0.2728 -0.8038
vn -0.6991 -0.5079 -0.5033
vn 0.0961 0.5871 -0.8038
vn -0.4228 0.4185 -0.8038
vn -0.6991 0.5079 -0.5033
vn 0.2670 0.8218 -0.5034
vn 0.9511 -0.3090 -0.0000
vn 0.9511 0.3090 -0.0000
vn 0.0000 -1.0000 0.0000
vn 0.5878 -0.8090 0.0000
vn -0.9511 -0.3090 0.0000
vn -0.3859 -0.9146 0.1205
vn -0.7506 -0.6497 -0.1205
vn -0.5878 0.8090 -0.0000
vn -0.9511 0.3090 0.0000
vn 0.5878 0.8090 0.0000
vn -0.0000 1.0000 0.0000
vn 0.6991 -0.5079 0.5033
vn -0.2670 -0.8218 0.5034
vn -0.8641 0.0000 0.5034
vn -0.2670 0.8218 0.5034
vn 0.6991 0.5079 0.5033
vn -0.0961 -0.5871 0.8038
vn 0.4228 -0.4185 0.8038
vn 0.5287 -0.2728 0.8038
vn 0.5287 0.2728 0.8038
vn -0.2673 -0.5315 0.8038
vn -0.5881 -0.0900 0.8038
vn -0.2673 0.5315 0.8038
vn -0.5881 0.0900 0.8038
vn 0.4228 0.4185 0.8038
vn -0.0961 0.5871 0.8038
vn 0.1096 -0.3372 -0.9350
vn 0.3546 0.0000 -0.9350
vn 0.1096 0.3372 -0.9350
vn -0.2869 0.2084 -0.9350
vn -0.2869 -0.2084 -0.9350
vn 0.7323 -0.5320 -0.4251
vn -0.1058 -0.9230 -0.3701
vn -0.5111 -0.7155 -0.4763
vn -0.9052 -0.0000 -0.4251
vn -0.2797 0.8609 -0.4251
vn 0.7323 0.5320 -0.4251
vn 0.2797 -0.8609 0.4251
vn -0.5225 -0.7072 0.4763
vn -0.8451 -0.3858 0.3701
vn -0.7323 0.5320 0.4251
vn 0.2797 0.8609 0.4251
vn 0.9052 -0.0000 0.4251
vn -0.1096 -0.3372 0.9350
vn 0.2869 -0.2084 0.9350
vn 0.2869 0.2084 0.9350
vn -0.1096 0.3372 0.9350
vn -0.3546 0.0000 0.9350
vn 0.0961 -0.5871 -0.8038
vn -0.4228 -0.4185 -0.8038
vn 0.2673 -0.5315 -0.8038
vn 0.5881 -0.0900 -0.8038
vn 0.2670 -0.8218 -0.5034
vn 0.8641 -0.0000 -0.5033
vn 0.5881 0.0900 -0.8038
vn 0.2673 0.5315 -0.8038
vn -0.5287 0.2728 -0.8038
vn -0.5287 -0.2728 -0.8038
vn -0.6991 -0.5079 -0.5034
vn 0.0961 0.5871 -0.8038
vn -0.4228 0.4185 -0.8038
vn -0.6991 0.5079 -0.5034
vn 0.2670 0.8218 -0.5034
vn 0.9511 -0.3090 -0.0000
vn 0.9511 0.3090 -0.0000
vn 0.0000 -1.0000 0.0000
vn 0.5878 -0.8090 0.0000
vn -0.9511 -0.3090 0.0000
vn -0.3859 -0.9146 0.1205
vn -0.7506 -0.6497 -0.1205
vn -0.5878 0.8090 -0.0000
vn -0.9511 0.3090 0.0000
vn 0.5878 0.8090 0.0000
vn -0.0000 1.0000 -0.0000
vn 0.6991 -0.5079 0.5034
vn -0.2670 -0.8218 0.5034
vn -0.8641 -0.0000 0.5033
vn -0.2670 0.8218 0.5034
vn 0.6991 0.5079 0.5034
vn -0.0961 -0.5871 0.8038
vn 0.4228 -0.4185 0.8038
vn 0.5287 -0.2728 0.8038
vn 0.5287 0.2728 0.8038
vn -0.2673 -0.5315 0.8038
vn -0.5881 -0.0900 0.8038
vn -0.2673 0.5315 0.8038
vn -0.5881 0.0900 0.8038
vn 0.4228 0.4185 0.8038
vn -0.0961 0.5871 0.8038
vn 0.1096 -0.3372 -0.9350
vn 0.3546 0.0000 -0.9350
vn 0.1096 0.3372 -0.9350
vn -0.2869 0.2084 -0.9350
vn -0.2869 -0.2084 -0.9350
vn 0.7323 -0.5320 -0.4251
vn -0.1058 -0.9230 -0.3701
vn -0.5111 -0.7155 -0.4763
vn -0.9052 0.0000 -0.4251
vn -0.2797 0.8609 -0.4251
vn 0.7323 0.5320 -0.4251
vn 0.2797 -0.8609 0.4251
vn -0.5225 -0.7072 0.4763
vn -0.8451 -0.3858 0.3701
vn -0.7323 0.5320 0.4251
vn 0.2797 0.8609 0.4251
vn 0.9052 -0.0000 0.4251
vn -0.1096 -0.3372 0.9350
vn 0.2869 -0.2084 0.9350
vn 0.2869 0.2084 0.9350
vn -0.1096 0.3372 0.9350
vn -0.3546 0.0000 0.9350
vn 0.0961 -0.5871 -0.8038
vn -0.4228 -0.4185 -0.8038
vn 0.2673 -0.5315 -0.8038
vn 0.5881 -0.0900 -0.8038
vn 0.2670 -0.8218 -0.5034
vn 0.8641 -0.0000 -0.5033
vn 0.5881 0.0900 -0.8038
vn 0.2673 0.5315 -0.8038
vn -0.5287 0.2728 -0.8038
vn -0.5287 -0.2728 -0.8038
vn -0.6991 -0.5079 -0.5033
vn 0.0961 0.5871 -0.8038
vn -0.4228 0.4185 -0.8038
vn -0.6991 0.5079 -0.5033
vn 0.2670 0.8218 -0.5034
vn 0.9511 -0.3090 -0.0000
vn 0.9511 0.3090 -0.0000
vn 0.0000 -1.0000 -0.0000
vn 0.5878 -0.8090 0.0000
vn -0.9511 -0.3090 -0.0000
vn -0.3859 -0.9146 0.1205
vn -0.7506 -0.6497 -0.1205
vn -0.5878 0.8090 -0.0000
vn -0.9511 0.3090 -0.0000
vn 0.5878 0.8090 0.0000
vn -0.0000 1.0000 0.0000
vn 0.6991 -0.5079 0.5033
vn -0.2670 -0.8218 0.5034
vn -0.8641 0.0000 0.5033
vn -0.2670 0.8218 0.5034
vn 0.6991 0.5079 0.5033
vn -0.0961 -0.5871 0.8038
vn 0.4228 -0.4185 0.8038
vn 0.5287 -0.2728 0.8038
vn 0.5287 0.2728 0.8038
vn -0.2673 -0.5315 0.8038
vn -0.5881 -0.0900 0.8038
vn -0.2673 0.5315 0.8038
vn -0.5881 0.0900 0.8038
vn 0.4228 0.4185 0.8038
vn -0.0961 0.5871 0.8038
vn 0.1096 -0.3372 -0.9350
vn 0.3546 0.0000 -0.9350
vn 0.1096 0.3372 -0.9350
vn -0.2869 0.2084 -0.9350
vn -0.2869 -0.2084 -0.9350
vn 0.7323 -0.5320 -0.4251
vn -0.1058 -0.9230 -0.3701
vn -0.5111 -0.7155 -0.4763
vn -0.9052 0.0000 -0.4251
vn -0.2797 0.8609 -0.4251
vn 0.7323 0.5320 -0.4251
vn 0.2797 -0.8609 0.4251
vn -0.5225 -0.7072 0.4763
vn -0.8451 -0.3858 0.3701
vn -0.7323 0.5320 0.4251
vn 0.2797 0.8609 0.4251
vn 0.9052 -0.0000 0.4251
vn -0.1096 -0.3372 0.9350
vn 0.2869 -0.2084 0.9350
vn 0.2869 0.2084 0.9350
vn -0.1096 0.3372 0.9350
vn -0.3546 0.0000 0.9350
vn 0.0961 -0.5871 -0.8038
vn -0.4228 -0.4185 -0.8038
vn 0.2673 -0.5315 -0.8038
vn 0.5881 -0.0900 -0.8038
vn 0.2670 -0.8218 -0.5034
vn 0.8641 0.0000 -0.5033
vn 0.5881 0.0900 -0.8038
vn 0.2673 0.5315 -0.8038
vn -0.5287 0.2728 -0.8038
vn -0.5287 -0.2728 -0.8038
vn -0.6991 -0.5079 -0.5033
vn 0.0961 0.5871 -0.8038
vn -0.4228 0.4185 -0.8038
vn -0.6991 0.5079 -0.5033
vn 0.2670 0.8218 -0.5034
vn 0.9511 -0.3090 0.0000
vn 0.9511 0.3090 -0.0000
vn -0.0000 -1.0000 0.0000
vn 0.5878 -0.8090 0.0000
vn -0.9511 -0.3090 0.0000
vn -0.3859 -0.9146 0.1205
vn -0.7506 -0.6497 -0.1205
vn -0.5878 0.8090 -0.0000
vn -0.9511 0.3090 0.0000
vn 0.5878 0.8090 0.0000
vn 0.0000 1.0000 0.0000
vn 0.6991 -0.5079 0.5033
vn -0.2670 -0.8218 0.5034
vn -0.8641 0.0000 0.5033
vn -0.2670 0.8218 0.5034
vn 0.6991 0.5079 0.5033
vn -0.0961 -0.5871 0.8038
vn 0.4228 -0.4185 0.8038
vn 0.5287 -0.2728 0.8038
vn 0.5287 0.2728 0.8038
vn -0.2673 -0.5315 0.8038
vn -0.5881 -0.0900 0.8038
vn -0.2673 0.5315 0.8038
vn -0.5881 0.0900 0.8038
vn 0.4228 0.4185 0.8038
vn -0.0961 0.5871 0.8038
vn 0.1096 -0.3372 -0.9350
vn 0.3546 0.0000 -0.9350
vn 0.1096 0.3372 -0.9350
vn -0.2869 0.2084 -0.9350
vn -0.2869 -0.2084 -0.9350
vn 0.7323 -0.5320 -0.4251
vn -0.1058 -0.9230 -0.3701
vn -0.5111 -0.7155 -0.4763
vn -0.9052 0.0000 -0.4251
vn -0.2797 0.8609 -0.4251
vn 0.7323 0.5320 -0.4251
vn 0.2797 -0.8609 0.4251
vn -0.5225 -0.7072 0.4763
vn -0.8451 -0.3858 0.3701
vn -0.7323 0.5320 0.4251
vn 0.2797 0.8609 0.4251
vn 0.9052 0.0000 0.4251
vn -0.1096 -0.3372 0.9350
vn 0.2869 -0.2084 0.9350
vn 0.2869 0.2084 0.9350
vn -0.1096 0.3372 0.9350
vn -0.3546 0.0000 0.9350
vn 0.0961 -0.5871 -0.8038
vn -0.4228 -0.4185 -0.8038
vn 0.2673 -0.5315 -0.8038
vn 0.5881 -0.0900 -0.8038
vn 0.2670 -0.8218 -0.5034
vn 0.8641 0.0000 -0.5033
vn 0.5881 0.0900 -0.8038
vn 0.2673 0.5315 -0.8038
vn -0.5287 0.2728 -0.8038
vn -0.5287 -0.2728 -0.8038
vn -0.6991 -0.5079 -0.5034
vn 0.0961 0.5871 -0.8038
vn -0.4228 0.4185 -0.8038
vn -0.6991 0.5079 -0.5034
vn 0.2670 0.8218 -0.5034
vn 0.9511 -0.3090 -0.0000
vn 0.9511 0.3090 -0.0000
vn -0.0000 -1.0000 0.0000
vn 0.5878 -0.8090 0.0000
vn -0.9511 -0.3090 0.0000
vn -0.3859 -0.9146 0.1205
vn -0.7506 -0.6497 -0.1205
vn -0.5878 0.8090 -0.0000
vn -0.9511 0.3090 0.0000
vn 0.5878 0.8090 0.0000
vn -0.0000 1.0000 0.0000
vn 0.6991 -0.5079 0.5034
vn -0.2670 -0.8218 0.5034
vn -0.8641 0.0000 0.5033
vn -0.2670 0.8218 0.5034
vn 0.6991 0.5079 0.5034
vn -0.0961 -0.5871 0.8038
vn 0.4228 -0.4185 0.8038
vn 0.5287 -0.2728 0.8038
vn 0.5287 0.2728 0.8038
vn -0.2673 -0.5315 0.8038
vn -0.5881 -0.0900 0.8038
vn -0.2673 0.5315 0.8038
vn -0.5881 0.0900 0.8038
vn 0.4228 0.4185 0.8038
vn -0.0961 0.5871 0.8038
vn 0.1096 -0.3372 -0.9350
vn 0.3546 0.0000 -0.9350
vn 0.1096 0.3372 -0.9350
vn -0.2869 0.2084 -0.9350
vn -0.2869 -0.2084 -0.9350
vn 0.7323 -0.5320 -0.4251
vn -0.1058 -0.9230 -0.3701
vn -0.5111 -0.7155 -0.4763
vn -0.9052 0.0000 -0.4251
vn -0.2797 0.8609 -0.4251
vn 0.7323 0.5320 -0.4251
vn 0.2797 -0.8609 0.4251
vn -0.5225 -0.7072 0.4763
vn -0.8451 -0.3858 0.3701
vn -0.7323 0.5320 0.4251
vn 0.2797 0.8609 0.4251
vn 0.9052 0.0000 0.4251
vn -0.1096 -0.3372 0.9350
vn 0.2869 -0.2084 0.9350
vn 0.2869 0.2084 0.9350
vn -0.1096 0.3372 0.9350
vn -0.3546 0.0000 0.9350
vn 0.0961 -0.5871 -0.8038
vn -0.4228 -0.4185 -0.8038
vn 0.2673 -0.5315 -0.8038
vn 0.5881 -0.0900 -0.8038
vn 0.2670 -0.8218 -0.5034
vn 0.8641 -0.0000 -0.5033
vn 0.5881 0.0900 -0.8038
vn 0.2673 0.5315 -0.8038
vn -0.5287 0.2728 -0.8038
vn -0.5287 -0.2728 -0.8038
vn -0.6991 -0.5079 -0.5034
vn 0.0961 0.5871 -0.8038
vn -0.4228 0.4185 -0.8038
vn -0.6991 0.5079 -0.5034
vn 0.2670 0.8218 -0.5034
vn 0.9511 -0.3090 -0.0000
vn 0.9511 0.3090 -0.0000
vn -0.0000 -1.0000 -0.0000
vn 0.5878 -0.8090 0.0000
vn -0.9511 -0.3090 0.0000
vn -0.3859 -0.9146 0.1205
vn -0.7506 -0.6497 -0.1205
vn -0.5878 0.8090 -0.0000
vn -0.9511 0.3090 0.0000
vn 0.5878 0.8090 0.0000
vn -0.0000 1.0000 -0.0000
vn 0.6991 -0.5079 0.5034
vn -0.2670 -0.8218 0.5034
vn -0.8641 0.0000 0.5033
vn -0.2670 0.8218 0.5034
vn 0.6991 0.5079 0.5034
vn -0.0961 -0.5871 0.8038
vn 0.4228 -0.4185 0.8038
vn 0.5287 -0.2728 0.8038
vn 0.5287 0.2728 0.8038
vn -0.2673 -0.5315 0.8038
vn -0.5881 -0.0900 0.8038
vn -0.2673 0.5315 0.8038
vn -0.5881 0.0900 0.8038
vn 0.4228 0.4185 0.8038
vn -0.0961 0.5871 0.8038
vn 0.1096 -0.3372 -0.9350
vn 0.3546 0.0000 -0.9350
vn 0.1096 0.3372 -0.9350
vn -0.2869 0.2084 -0.9350
vn -0.2869 -0.2084 -0.9350
vn 0.7323 -0.5320 -0.4251
vn -0.1058 -0.9230 -0.3701
vn -0.5111 -0.7155 -0.4763
vn -0.9052 0.0000 -0.4251
vn -0.2797 0.8609 -0.4251
vn 0.7323 0.5320 -0.4251
vn 0.2797 -0.8609 0.4251
vn -0.5225 -0.7072 0.4763
vn -0.8451 -0.3858 0.3701
vn -0.7323 0.5320 0.4251
vn 0.2797 0.8609 0.4251
vn 0.9052 -0.0000 0.4251
vn -0.1096 -0.3372 0.9350
vn 0.2869 -0.2084 0.9350
vn 0.2869 0.2084 0.9350
vn -0.1096 0.3372 0.9350
vn -0.3546 0.0000 0.9350
vn 0.0961 -0.5871 -0.8038
vn -0.4228 -0.4185 -0.8038
vn 0.2673 -0.5315 -0.8038
vn 0.5881 -0.0900 -0.8038
vn 0.2670 -0.8218 -0.5034
vn 0.8641 0.0000 -0.5034
vn 0.5881 0.0900 -0.8038
vn 0.2673 0.5315 -0.8038
vn -0.5287 0.2728 -0.8038
vn -0.5287 -0.2728 -0.8038
vn -0.6991 -0.5079 -0.5033
vn 0.0961 0.5871 -0.8038
vn -0.4228 0.4185 -0.8038
vn -0.6991 0.5079 -0.5033
vn 0.2670 0.8218 -0.5034
vn 0.9511 -0.3090 -0.0000
vn 0.9511 0.3090 -0.0000
vn 0.0000 -1.0000 -0.0000
vn 0.5878 -0.8090 0.0000
vn -0.9511 -0.3090 0.0000
vn -0.3859 -0.9146 0.1205
vn -0.7506 -0.6497 -0.1205
vn -0.5878 0.8090 -0.0000
vn -0.9511 0.3090 0.0000
vn 0.5878 0.8090 0.0000
vn -0.0000 1.0000 0.0000
vn 0.6991 -0.5079 0.5033
vn -0.2670 -0.8218 0.5034
vn -0.8641 0.0000 0.5033
vn -0.2670 0.8218 0.5034
vn 0.6991 0.5079 0.5033
vn -0.0961 -0.5871 0.8038
vn 0.4228 -0.4185 0.8038
vn 0.5287 -0.2728 0.8038
vn 0.5287 0.2728 0.8038
vn -0.2673 -0.5315 0.8038
vn -0.5881 -0.0900 0.8038
vn -0.2673 0.5315 0.8038
vn -0.5881 0.0900 0.8038
vn 0.4228 0.4185 0.8038
vn -0.0961 0.5871 0.8038
vn 0.1096 -0.3372 -0.9350
vn 0.3546 0.0000 -0.9350
vn 0.1096 0.3372 -0.9350
vn -0.2869 0.2084 -0.9350
vn -0.2869 -0.2084 -0.9350
vn 0.7323 -0.5320 -0.4251
vn -0.1058 -0.9230 -0.3701
vn -0.5111 -0.7155 -0.4763
vn -0.9052 0.0000 -0.4251
vn -0.2797 0.8609 -0.4251
vn 0.7323 0.5320 -0.4251
vn 0.2797 -0.8609 0.4251
vn -0.5225 -0.7072 0.4763
vn -0.8451 -0.3858 0.3701
vn -0.7323 0.5320 0.4251
vn 0.2797 0.8609 0.4251
vn 0.9052 -0.0000 0.4251
vn -0.1096 -0.3372 0.9350
vn 0.2869 -0.2084 0.9350
vn 0.2869 0.2084 0.9350
vn -0.1096 0.3372 0.9350
vn -0.3546 0.0000 0.9350
vn 0.0961 -0.5871 -0.8038
vn -0.4228 -0.4185 -0.8038
vn 0.2673 -0.5315 -0.8038
vn 0.5881 -0.0900 -0.8038
vn 0.2670 -0.8218 -0.5034
vn 0.8641 0.0000 -0.5033
vn 0.5881 0.0900 -0.8038
vn 0.2673 0.5315 -0.8038
vn -0.5287 0.2728 -0.8038
vn -0.5287 -0.2728 -0.8038
vn -0.6991 -0.5079 -0.5033
vn 0.0961 0.5871 -0.8038
vn -0.4228 0.4185 -0.8038
vn -0.6991 0.5079 -0.5033
vn 0.2670 0.8218 -0.5034
vn 0.9511 -0.3090 -0.0000
vn 0.9511 0.3090 -0.0000
vn -0.0000 -1.0000 0.0000
vn 0.5878 -0.8090 0.0000
vn -0.9511 -0.3090 0.0000
vn -0.3859 -0.9146 0.1205
vn -0.7506 -0.6497 -0.1205
vn -0.5878 0.8090 -0.0000
vn -0.9511 0.3090 0.0000
vn 0.5878 0.8090 0.0000
vn -0.0000 1.0000 0.0000
vn 0.6991 -0.5079 0.5033
vn -0.2670 -0.8218 0.5034
vn -0.8641 -0.0000 0.5033
vn -0.2670 0.8218 0.5034
vn 0.6991 0.5079 0.5033
vn -0.0961 -0.5871 0.8038
vn 0.4228 -0.4185 0.8038
vn 0.5287 -0.2728 0.8038
vn 0.5287 0.2728 0.8038
vn -0.2673 -0.5315 0.8038
vn -0.5881 -0.0900 0.8038
vn -0.2673 0.5315 0.8038
vn -0.5881 0.0900 0.8038
vn 0.4228 0.4185 0.8038
vn -0.0961 0.5871 0.8038
vn 0.1096 -0.3372 -0.9350
vn 0.3546 0.0000 -0.9350
vn 0.1096 0.3372 -0.9350
vn -0.2869 0.2084 -0.9350
vn -0.2869 -0.2084 -0.9350
vn 0.7323 -0.5320 -0.4251
vn -0.1058 -0.9230 -0.3701
vn -0.5111 -0.7155 -0.4763
vn -0.9052 0.0000 -0.4251
vn -0.2797 0.8609 -0.4251
vn 0.7323 0.5320 -0.4251
vn 0.2797 -0.8609 0.4251
vn -0.5225 -0.7072 0.4763
vn -0.8451 -0.3858 0.3701
vn -0.7323 0.5320 0.4251
vn 0.2797 0.8609 0.4251
vn 0.9052 0.0000 0.4251
vn -0.1096 -0.3372 0.9350
vn 0.2869 -0.2084 0.9350
vn 0.2869 0.2084 0.9350
vn -0.1096 0.3372 0.9350
vn -0.3546 0.0000 0.9350
vn 0.0961 -0.5871 -0.8038
vn -0.4228 -0.4185 -0.8038
vn 0.2673 -0.5315 -0.8038
vn 0.5881 -0.0900 -0.8038
vn 0.2670 -0.8218 -0.5034
vn 0.8641 0.0000 -0.5033
vn 0.5881 0.0900 -0.8038
vn 0.2673 0.5315 -0.8038
vn -0.5287 0.2728 -0.8038
vn -0.5287 -0.2728 -0.8038
vn -0.6991 -0.5079 -0.5033
vn 0.0961 0.5871 -0.8038
vn -0.4228 0.4185 -0.8038
vn -0.6991 0.5079 -0.5033
vn 0.2670 0.8218 -0.5034
vn 0.9511 -0.3090 0.0000
vn 0.9511 0.3090 0.0000
vn -0.0000 -1.0000 -0.0000
vn 0.5878 -0.8090 0.0000
vn -0.9511 -0.3090 -0.0000
vn -0.3859 -0.9146 0.1205
vn -0.7506 -0.6497 -0.1205
vn -0.5878 0.8090 -0.0000
vn -0.9511 0.3090 -0.0000
vn 0.5878 0.8090 0.0000
vn 0.0000 1.0000 -0.0000
vn 0.6991 -0.5079 0.5033
vn -0.2670 -0.8218 0.5034
vn -0.8641 0.0000 0.5033
vn -0.2670 0.8218 0.5034
vn 0.6991 0.5079 0.5033
vn -0.0961 -0.5871 0.8038
vn 0.4228 -0.4185 0.8038
vn 0.5287 -0.2728 0.8038
vn 0.5287 0.2728 0.8038
vn -0.2673 -0.5315 0.8038
vn -0.5881 -0.0900 0.8038
vn -0.2673 0.5315 0.8038
vn -0.5881 0.0900 0.8038
vn 0.4228 0.4185 0.8038
vn -0.0961 0.5871 0.8038
vn 0.1096 -0.3372 -0.9350
vn 0.3546 0.0000 -0.9350
vn 0.1096 0.3372 -0.9350
vn -0.2869 0.2084 -0.9350
vn -0.2869 -0.2084 -0.9350
vn 0.7323 -0.5320 -0.4251
vn -0.1058 -0.9230 -0.3701
vn -0.5111 -0.7155 -0.4763
vn -0.9052 -0.0000 -0.4251
vn -0.2797 0.8609 -0.4251
vn 0.7323 0.5320 -0.4251
vn 0.2797 -0.8609 0.4251
vn -0.5225 -0.7072 0.4763
vn -0.8451 -0.3858 0.3701
vn -0.7323 0.5320 0.4251
vn 0.2797 0.8609 0.4251
vn 0.9052 -0.0000 0.4251
vn -0.1096 -0.3372 0.9350
vn 0.2869 -0.2084 0.9350
vn 0.2869 0.2084 0.9350
vn -0.1096 0.3372 0.9350
vn -0.3546 0.0000 0.9350
vn 0.0961 -0.5871 -0.8038
vn -0.4228 -0.4185 -0.8038
vn 0.2673 -0.5315 -0.8038
vn 0.5881 -0.0900 -0.8038
vn 0.2670 -0.8218 -0.5034
vn 0.8641 0.0000 -0.5033
vn 0.5881 0.0900 -0.8038
vn 0.2673 0.5315 -0.8038
vn -0.5287 0.2728 -0.8038
vn -0.5287 -0.2728 -0.8038
vn -0.6991 -0.5079 -0.5033
vn 0.0961 0.5871 -0.8038
vn -0.4228 0.4185 -0.8038
vn -0.6991 0.5079 -0.5033
vn 0.2670 0.8218 -0.5034
vn 0.9511 -0.3090 -0.0000
vn 0.9511 0.3090 -0.0000
vn -0.0000 -1.0000 -0.0000
vn 0.5878 -0.8090 0.0000
vn -0.9511 -0.3090 0.0000
vn -0.3859 -0.9146 0.1205
vn -0.7506 -0.6497 -0.1205
vn -0.5878 0.8090 -0.0000
vn -0.9511 0.3090 0.0000
vn 0.5878 0.8090 0.0000
vn -0.0000 1.0000 -0.0000
vn 0.6991 -0.5079 0.5033
vn -0.2670 -0.8218 0.5034
vn -0.8641 0.0000 0.5033
vn -0.2670 0.8218 0.5034
vn 0.6991 0.5079 0.5033
vn -0.0961 -0.5871 0.8038
vn 0.4228 -0.4185 0.8038
vn 0.5287 -0.2728 0.8038
vn 0.5287 0.2728 0.8038
vn -0.2673 -0.5315 0.8038
vn -0.5881 -0.0900 0.8038
vn -0.2673 0.5315 0.8038
vn -0.5881 0.0900 0.8038
vn 0.4228 0.4185 0.8038
vn -0.0961 0.5871 0.8038
vn 0.1096 -0.3372 -0.9350
vn 0.3546 0.0000 -0.9350
vn 0.1096 0.3372 -0.9350
vn -0.2869 0.2084 -0.9350
vn -0.2869 -0.2084 -0.9350
vn 0.7323 -0.5320 -0.4251
vn -0.1058 -0.9230 -0.3701
vn -0.5111 -0.7155 -0.4763
vn -0.9052 -0.0000 -0.4251
vn -0.2797 0.8609 -0.4251
vn 0.7323 0.5320 -0.4251
vn 0.2797 -0.8609 0.4251
vn -0.5225 -0.7072 0.4763
vn -0.8451 -0.3858 0.3701
vn -0.7323 0.5320 0.4251
vn 0.2797 0.8609 0.4251
vn 0.9052 -0.0000 0.4251
vn -0.1096 -0.3372 0.9350
vn 0.2869 -0.2084 0.9350
vn 0.2869 0.2084 0.9350
vn -0.1096 0.3372 0.9350
vn -0.3546 0.0000 0.9350
vn 0.0961 -0.5871 -0.8038
vn -0.4228 -0.4185 -0.8038
vn 0.2673 -0.5315 -0.8038
vn 0.5881 -0.0900 -0.8038
vn 0.2670 -0.8218 -0.5034
vn 0.8641 0.0000 -0.5033
vn 0.5881 0.0900 -0.8038
vn 0.2673 0.5315 -0.8038
vn -0.5287 0.2728 -0.8038
vn -0.5287 -0.2728 -0.8038
vn -0.6991 -0.5079 -0.5033
vn 0.0961 0.5871 -0.8038
vn -0.4228 0.4185 -0.8038
vn -0.6991 0.5079 -0.5033
vn 0.2670 0.8218 -0.5034
vn 0.9511 -0.3090 -0.0000
vn 0.9511 0.3090 -0.0000
vn 0.0000 -1.0000 0.0000
vn 0.5878 -0.8090 0.0000
vn -0.9511 -0.3090 0.0000
vn -0.3859 -0.9146 0.1205
vn -0.7506 -0.6497 -0.1205
vn -0.5878 0.8090 -0.0000
vn -0.9511 0.3090 0.0000
vn 0.5878 0.8090 0.0000
vn 0.0000 1.0000 0.0000
vn 0.6991 -0.5079 0.5033
vn -0.2670 -0.8218 0.5034
vn -0.8641 0.0000 0.5033
vn -0.2670 0.8218 0.5034
vn 0.6991 0.5079 0.5033
vn -0.0961 -0.5871 0.8038
vn 0.4228 -0.4185 0.8038
vn 0.5287 -0.2728 0.8038
vn 0.5287 0.2728 0.8038
vn -0.2673 -0.5315 0.8038
vn -0.5881 -0.0900 0.8038
vn -0.2673 0.5315 0.8038
vn -0.5881 0.0900 0.8038
vn 0.4228 0.4185 0.8038
vn -0.0961 0.5871 0.8038
vn 0.1096 -0.3372 -0.9350
vn 0.3546 0.0000 -0.9350
vn 0.1096 0.3372 -0.9350
vn -0.2869 0.2084 -0.9350
vn -0.2869 -0.2084 -0.9350
vn 0.7323 -0.5320 -0.4251
vn -0.1058 -0.9230 -0.3701
vn -0.5111 -0.7155 -0.4763
vn -0.9052 -0.0000 -0.4251
vn -0.2797 0.8609 -0.4251
vn 0.7323 0.5320 -0.4251
vn 0.2797 -0.8609 0.4251
vn -0.5225 -0.7072 0.4763
vn -0.8451 -0.3858 0.3701
vn -0.7323 0.5320 0.4251
vn 0.2797 0.8609 0.4251
vn 0.9052 0.0000 0.4251
vn -0.1096 -0.3372 0.9350
vn 0.2869 -0.2084 0.9350
vn 0.2869 0.2084 0.9350
vn -0.1096 0.3372 0.9350
vn -0.3546 0.0000 0.9350
vn 0.0961 -0.5871 -0.8038
vn -0.4228 -0.4185 -0.8038
vn 0.2673 -0.5315 -0.8038
vn 0.5881 -0.0900 -0.8038
vn 0.2670 -0.8218 -0.5034
vn 0.8641 -0.0000 -0.5034
vn 0.5881 0.0900 -0.8038
vn 0.2673 0.5315 -0.8038
vn -0.5287 0.2728 -0.8038
vn -0.5287 -0.2728 -0.8038
vn -0.6991 -0.5079 -0.5033
vn 0.0961 0.5871 -0.8038
vn -0.4228 0.4185 -0.8038
vn -0.6991 0.5079 -0.5033
vn 0.2670 0.8218 -0.5034
vn 0.9511 -0.3090 -0.0000
vn 0.9511 0.3090 -0.0000
vn 0.0000 -1.0000 -0.0000
vn 0.5878 -0.8090 0.0000
vn -0.9511 -0.3090 0.0000
vn -0.3859 -0.9146 0.1205
vn -0.7506 -0.6497 -0.1205
vn -0.5878 0.8090 -0.0000
vn -0.9511 0.3090 0.0000
vn 0.5878 0.8090 0.0000
vn 0.0000 1.0000 -0.0000
vn 0.6991 -0.5079 0.5033
vn -0.2670 -0.8218 0.5034
vn -0.8641 -0.0000 0.5034
vn -0.2670 0.8218 0.5034
vn 0.6991 0.5079 0.5033
vn -0.0961 -0.5871 0.8038
vn 0.4228 -0.4185 0.8038
vn 0.5287 -0.2728 0.8038
vn 0.5287 0.2728 0.8038
vn -0.2673 -0.5315 0.8038
vn -0.5881 -0.0900 0.8038
vn -0.2673 0.5315 0.8038
vn -0.5881 0.0900 0.8038
vn 0.4228 0.4185 0.8038
vn -0.0961 0.5871 0.8038
vn 0.1096 -0.3372 -0.9350
vn 0.3546 0.0000 -0.9350
vn 0.1096 0.3372 -0.9350
vn -0.2869 0.2084 -0.9350
vn -0.2869 -0.2084 -0.9350
vn 0.7323 -0.5320 -0.4251
vn -0.1058 -0.9230 -0.3701
vn -0.5111 -0.7155 -0.4763
vn -0.9052 0.0000 -0.4251
vn -0.2797 0.8609 -0.4251
vn 0.7323 0.5320 -0.4251
vn 0.2797 -0.8609 0.4251
vn -0.5225 -0.7072 0.4763
vn -0.8451 -0.3858 0.3701
vn -0.7323 0.5320 0.4251
vn 0.2797 0.8609 0.4251
vn 0.9052 -0.0000 0.4251
vn -0.1096 -0.3372 0.9350
vn 0.2869 -0.2084 0.9350
vn 0.2869 0.2084 0.9350
vn -0.1096 0.3372 0.9350
vn -0.3546 0.0000 0.9350
vn 0.0961 -0.5871 -0.8038
vn -0.4228 -0.4185 -0.8038
vn 0.2673 -0.5315 -0.8038
vn 0.5881 -0.0900 -0.8038
vn 0.2670 -0.8218 -0.5034
vn 0.8641 -0.0000 -0.5033
vn 0.5881 0.0900 -0.8038
vn 0.2673 0.5315 -0.8038
vn -0.5287 0.2728 -0.8038
vn -0.5287 -0.2728 -0.8038
vn -0.6991 -0.5079 -0.5033
vn 0.0961 0.5871 -0.8038
vn -0.4228 0.4185 -0.8038
vn -0.6991 0.5079 -0.5033
vn 0.2670 0.8218 -0.5034
vn 0.9511 -0.3090 -0.0000
vn 0.9511 0.3090 -0.0000
vn 0.0000 -1.0000 -0.0000
vn 0.5878 -0.8090 0.0000
vn -0.9511 -0.3090 0.0000
vn -0.3859 -0.9146 0.1205
vn -0.7506 -0.6497 -0.1205
vn -0.5878 0.8090 -0.0000
vn -0.9511 0.3090 0.0000
vn 0.5878 0.8090 0.0000
vn 0.0000 1.0000 0.0000
vn 0.6991 -0.5079 0.5033
vn -0.2670 -0.8218 0.5034
vn -0.8641 -0.0000 0.5033
vn -0.2670 0.8218 0.5034
vn 0.6991 0.5079 0.5033
vn -0.0961 -0.5871 0.8038
vn 0.4228 -0.4185 0.8038
vn 0.5287 -0.2728 0.8038
vn 0.5287 0.2728 0.8038
vn -0.2673 -0.5315 0.8038
vn -0.5881 -0.0900 0.8038
vn -0.2673 0.5315 0.8038
vn -0.5881 0.0900 0.8038
vn 0.4228 0.4185 0.8038
vn -0.0961 0.5871 0.8038
vn 0.1096 -0.3372 -0.9350
vn 0.3546 0.0000 -0.9350
vn 0.1096 0.3372 -0.9350
vn -0.2869 0.2084 -0.9350
vn -0.2869 -0.2084 -0.9350
vn 0.7323 -0.5320 -0.4251
vn -0.1058 -0.9230 -0.3701
vn -0.5111 -0.7155 -0.4763
vn -0.9052 0.0000 -0.4251
vn -0.2797 0.8609 -0.4251
vn 0.7323 0.5320 -0.4251
vn 0.2797 -0.8609 0.4251
vn -0.5225 -0.7072 0.4763
vn -0.8451 -0.3858 0.3701
vn -0.7323 0.5320 0.4251
vn 0.2797 0.8609 0.4251
vn 0.9052 0.0000 0.4251
vn -0.1096 -0.3372 0.9350
vn 0.2869 -0.2084 0.9350
vn 0.2869 0.2084 0.9350
vn -0.1096 0.3372 0.9350
vn -0.3546 0.0000 0.9350
vn 0.0961 -0.5871 -0.8038
vn -0.4228 -0.4185 -0.8038
vn 0.2673 -0.5315 -0.8038
vn 0.5881 -0.0900 -0.8038
vn 0.2670 -0.8218 -0.5034
vn 0.8641 0.0000 -0.5034
vn 0.5881 0.0900 -0.8038
vn 0.2673 0.5315 -0.8038
vn -0.5287 0.2728 -0.8038
vn -0.5287 -0.2728 -0.8038
vn -0.6991 -0.5079 -0.5033
vn 0.0961 0.5871 -0.8038
vn -0.4228 0.4185 -0.8038
vn -0.6991 0.5079 -0.5033
vn 0.2670 0.8218 -0.5034
vn 0.9511 -0.3090 -0.0000
vn 0.9511 0.3090 -0.0000
vn -0.0000 -1.0000 -0.0000
vn 0.5878 -0.8090 0.0000
vn -0.9511 -0.3090 0.0000
vn -0.3859 -0.9146 0.1205
vn -0.7506 -0.6497 -0.1205
vn -0.5878 0.8090 -0.0000
vn -0.9511 0.3090 0.0000
vn 0.5878 0.8090 0.0000
vn -0.0000 1.0000 -0.0000
vn 0.6991 -0.5079 0.5033
vn -0.2670 -0.8218 0.5034
vn -0.8641 0.0000 0.5034
vn -0.2670 0.8218 0.5034
vn 0.6991 0.5079 0.5033
vn -0.0961 -0.5871 0.8038
vn 0.4228 -0.4185 0.8038
vn 0.5287 -0.2728 0.8038
vn 0.5287 0.2728 0.8038
vn -0.2673 -0.5315 0.8038
vn -0.5881 -0.0900 0.8038
vn -0.2673 0.5315 0.8038
vn -0.5881 0.0900 0.8038
vn 0.4228 0.4185 0.8038
vn -0.0961 0.5871 0.8038
vn 0.1096 -0.3372 -0.9350
vn 0.3546 0.0000 -0.9350
vn 0.1096 0.3372 -0.9350
vn -0.2869 0.2084 -0.9350
vn -0.2869 -0.2084 -0.9350
vn 0.7323 -0.5320 -0.4251
vn -0.1058 -0.9230 -0.3701
vn -0.5111 -0.7155 -0.4763
vn -0.9052 -0.0000 -0.4251
vn -0.2797 0.8609 -0.4251
vn 0.7323 0.5320 -0.4251
vn 0.2797 -0.8609 0.4251
vn -0.5225 -0.7072 0.4763
vn -0.8451 -0.3858 0.3701
vn -0.7323 0.5320 0.4251
vn 0.2797 0.8609 0.4251
vn 0.9052 -0.0000 0.4251
vn -0.1096 -0.3372 0.9350
vn 0.2869 -0.2084 0.9350
vn 0.2869 0.2084 0.9350
vn -0.1096 0.3372 0.9350
vn -0.3546 0.0000 0.9350
vn 0.0961 -0.5871 -0.8038
vn -0.4228 -0.4185 -0.8038
vn 0.2673 -0.5315 -0.8038
vn 0.5881 -0.0900 -0.8038
vn 0.2670 -0.8218 -0.5034
vn 0.8641 0.0000 -0.5033
vn 0.5881 0.0900 -0.8038
vn 0.2673 0.5315 -0.8038
vn -0.5287 0.2728 -0.8038
vn -0.5287 -0.2728 -0.8038
vn -0.6991 -0.5079 -0.5033
vn 0.0961 0.5871 -0.8038
vn -0.4228 0.4185 -0.8038
vn -0.6991 0.5079 -0.5033
vn 0.2670 0.8218 -0.5034
vn 0.9511 -0.3090 -0.0000
vn 0.9511 0.3090 -0.0000
vn 0.0000 -1.0000 -0.0000
vn 0.5878 -0.8090 0.0000
vn -0.9511 -0.3090 0.0000
vn -0.3859 -0.9146 0.1205
vn -0.7506 -0.6497 -0.1205
vn -0.5878 0.8090 -0.0000
vn -0.9511 0.3090 0.0000
vn 0.5878 0.8090 0.0000
vn -0.0000 1.0000 0.0000
vn 0.6991 -0.5079 0.5033
vn -0.2670 -0.8218 0.5034
vn -0.8641 0.0000 0.5033
vn -0.2670 0.8218 0.5034
vn 0.6991 0.5079 0.5033
vn -0.0961 -0.5871 0.8038
vn 0.4228 -0.4185 0.8038
vn 0.5287 -0.2728 0.8038
vn 0.5287 0.2728 0.8038
vn -0.2673 -0.5315 0.8038
vn -0.5881 -0.0900 0.8038
vn -0.2673 0.5315 0.8038
vn -0.5881 0.0900 0.8038
vn 0.4228 0.4185 0.8038
vn -0.0961 0.5871 0.8038
vn 0.1096 -0.3372 -0.9350
vn 0.3546 0.0000 -0.9350
vn 0.1096 0.3372 -0.9350
vn -0.2869 0.2084 -0.9350
vn -0.2869 -0.2084 -0.9350
vn 0.7323 -0.5320 -0.4251
vn -0.1058 -0.9230 -0.3701
vn -0.5111 -0.7155 -0.4763
vn -0.9052 -0.0000 -0.4251
vn -0.2797 0.8609 -0.4251
vn 0.7323 0.5320 -0.4251
vn 0.2797 -0.8609 0.4251
vn -0.5225 -0.7072 0.4763
vn -0.8451 -0.3858 0.3701
vn -0.7323 0.5320 0.4251
vn 0.2797 0.8609 0.4251
vn 0.9052 -0.0000 0.4251
vn -0.1096 -0.3372 0.9350
vn 0.2869 -0.2084 0.9350
vn 0.2869 0.2084 0.9350
vn -0.1096 0.3372 0.9350
vn -0.3546 0.0000 0.9350
vn 0.0961 -0.5871 -0.8038
vn -0.4228 -0.4185 -0.8038
vn 0.2673 -0.5315 -0.8038
vn 0.5881 -0.0900 -0.8038
vn 0.2670 -0.8218 -0.5034
vn 0.8641 0.0000 -0.5033
vn 0.5881 0.0900 -0.8038
vn 0.2673 0.5315 -0.8038
vn -0.5287 0.2728 -0.8038
vn -0.5287 -0.2728 -0.8038
vn -0.6991 -0.5079 -0.5033
vn 0.0961 0.5871 -0.8038
vn -0.4228 0.4185 -0.8038
vn -0.6991 0.5079 -0.5033
vn 0.2670 0.8218 -0.5034
vn 0.9511 -0.3090 -0.0000
vn 0.9511 0.3090 -0.0000
vn -0.0000 -1.0000 0.0000
vn 0.5878 -0.8090 0.0000
vn -0.9511 -0.3090 0.0000
vn -0.3859 -0.9146 0.1205
vn -0.7506 -0.6497 -0.1205
vn -0.5878 0.8090 -0.0000
vn -0.9511 0.3090 0.0000
vn 0.5878 0.8090 0.0000
vn 0.0000 1.0000 -0.0000
vn 0.6991 -0.5079 0.5033
vn -0.2670 -0.8218 0.5034
vn -0.8641 0.0000 0.5033
vn -0.2670 0.8218 0.5034
vn 0.6991 0.5079 0.5033
vn -0.0961 -0.5871 0.8038
vn 0.4228 -0.4185 0.8038
vn 0.5287 -0.2728 0.8038
vn 0.5287 0.2728 0.8038
vn -0.2673 -0.5315 0.8038
vn -0.5881 -0.0900 0.8038
vn -0.2673 0.5315 0.8038
vn -0.5881 0.0900 0.8038
vn 0.4228 0.4185 0.8038
vn -0.0961 0.5871 0.8038
vn 0.1096 -0.3372 -0.9350
vn 0.3546 0.0000 -0.9350
vn 0.1096 0.3372 -0.9350
vn -0.2869 0.2084 -0.9350
vn -0.2869 -0.2084 -0.9350
vn 0.7323 -0.5320 -0.4251
vn -0.1058 -0.9230 -0.3701
vn -0.5111 -0.7155 -0.4763
vn -0.9052 0.0000 -0.4251
vn -0.2797 0.8609 -0.4251
vn 0.7323 0.5320 -0.4251
vn 0.2797 -0.8609 0.4251
vn -0.5225 -0.7072 0.4763
vn -0.8451 -0.3858 0.3701
vn -0.7323 0.5320 0.4251
vn 0.2797 0.8609 0.4251
vn 0.9052 0.0000 0.4251
vn -0.1096 -0.3372 0.9350
vn 0.2869 -0.2084 0.9350
vn 0.2869 0.2084 0.9350
vn -0.1096 0.3372 0.9350
vn -0.3546 0.0000 0.9350
vn 0.0961 -0.5871 -0.8038
vn -0.4228 -0.4185 -0.8038
vn 0.2673 -0.5315 -0.8038
vn 0.5881 -0.0900 -0.8038
vn 0.2670 -0.8218 -0.5034
vn 0.8641 0.0000 -0.5034
vn 0.5881 0.0900 -0.8038
vn 0.2673 0.5315 -0.8038
vn -0.5287 0.2728 -0.8038
vn -0.5287 -0.2728 -0.8038
vn -0.6991 -0.5079 -0.5033
vn 0.0961 0.5871 -0.8038
vn -0.4228 0.4185 -0.8038
vn -0.6991 0.5079 -0.5033
vn 0.2670 0.8218 -0.5034
vn 0.9511 -0.3090 -0.0000
vn 0.9511 0.3090 -0.0000
vn 0.0000 -1.0000 -0.0000
vn 0.5878 -0.8090 0.0000
vn -0.9511 -0.3090 0.0000
vn -0.3859 -0.9146 0.1205
vn -0.7506 -0.6497 -0.1205
vn -0.5878 0.8090 -0.0000
vn -0.9511 0.3090 0.0000
vn 0.5878 0.8090 0.0000
vn -0.0000 1.0000 0.0000
vn 0.6991 -0.5079 0.5033
vn -0.2670 -0.8218 0.5034
vn -0.8641 0.0000 0.5034
vn -0.2670 0.8218 0.5034
vn 0.6991 0.5079 0.5033
vn -0.0961 -0.5871 0.8038
vn 0.4228 -0.4185 0.8038
vn 0.5287 -0.2728 0.8038
vn 0.5287 0.2728 0.8038
vn -0.2673 -0.5315 0.8038
vn -0.5881 -0.0900 0.8038
vn -0.2673 0.5315 0.8038
vn -0.5881 0.0900 0.8038
vn 0.4228 0.4185 0.8038
vn -0.0961 0.5871 0.8038
vn 0.1096 -0.3372 -0.9350
vn 0.3546 0.0000 -0.9350
vn 0.1096 0.3372 -0.9350
vn -0.2869 0.2084 -0.9350
vn -0.2869 -0.2084 -0.9350
vn 0.7323 -0.5320 -0.4251
vn -0.1058 -0.9230 -0.3701
vn -0.5111 -0.7155 -0.4763
vn -0.9052 -0.0000 -0.4251
vn -0.2797 0.8609 -0.4251
vn 0.7323 0.5320 -0.4251
vn 0.2797 -0.8609 0.4251
vn -0.5225 -0.7072 0.4763
vn -0.8451 -0.3858 0.3701
vn -0.7323 0.5320 0.4251
vn 0.2797 0.8609 0.4251
vn 0.9052 -0.0000 0.4251
vn -0.1096 -0.3372 0.9350
vn 0.2869 -0.2084 0.9350
vn 0.2869 0.2084 0.9350
vn -0.1096 0.3372 0.9350
vn -0.3546 0.0000 0.9350
vn 0.0961 -0.5871 -0.8038
vn -0.4228 -0.4185 -0.8038
vn 0.2673 -0.5315 -0.8038
vn 0.5881 -0.0900 -0.8038
vn 0.2670 -0.8218 -0.5034
vn 0.8641 -0.0000 -0.5033
vn 0.5881 0.0900 -0.8038
vn 0.2673 0.5315 -0.8038
vn -0.5287 0.2728 -0.8038
vn -0.5287 -0.2728 -0.8038
vn -0.6991 -0.5079 -0.5033
vn 0.0961 0.5871 -0.8038
vn -0.4228 0.4185 -0.8038
vn -0.6991 0.5079 -0.5033
vn 0.2670 0.8218 -0.5034
vn 0.9511 -0.3090 -0.0000
vn 0.9511 0.3090 -0.0000
vn 0.0000 -1.0000 -0.0000
vn 0.5878 -0.8090 0.0000
vn -0.9511 -0.3090 0.0000
vn -0.3859 -0.9146 0.1205
vn -0.7506 -0.6497 -0.1205
vn -0.5878 0.8090 -0.0000
vn -0.9511 0.3090 0.0000
vn 0.5878 0.8090 0.0000
vn -0.0000 1.0000 -0.0000
vn 0.6991 -0.5079 0.5033
vn -0.2670 -0.8218 0.5034
vn -0.8641 -0.0000 0.5033
vn -0.2670 0.8218 0.5034
vn 0.6991 0.5079 0.5033
vn -0.0961 -0.5871 0.8038
vn 0.4228 -0.4185 0.8038
vn 0.5287 -0.2728 0.8038
vn 0.5287 0.2728 0.8038
vn -0.2673 -0.5315 0.8038
vn -0.5881 -0.0900 0.8038
vn -0.2673 0.5315 0.8038
vn -0.5881 0.0900 0.8038
vn 0.4228 0.4185 0.8038
vn -0.0961 0.5871 0.8038
usemtl berries
f 1//1 25//25 23//23
f 6//6 26//26 28//28
f 5//5 24//24 32//32
f 4//4 31//31 35//35
f 3//3 34//34 30//30
f 6//6 28//28 38//38
f 7//7 27//27 40//40
f 9//9 33//33 42//42
f 10//10 36//36 45//45
f 11//11 37//37 47//47
f 6//6 38//38 41//41
f 7//7 40//40 43//43
f 9//9 42//42 46//46
f 10//10 45//45 48//48
f 11//11 47//47 39//39
f 12//12 49//49 55//55
f 13//13 50//50 58//58
f 15//15 51//51 61//61
f 16//16 52//52 63//63
f 17//17 53//53 57//57
f 57//57 62//62 20//20
f 57//57 53//53 62//62
f 53//53 16//16 62//62
f 63//63 60//60 21//21
f 63//63 52//52 60//60
f 52//52 15//15 60//60
f 61//61 59//59 22//22
f 61//61 51//51 59//59
f 51//51 14//14 59//59
f 58//58 54//54 18//18
f 58//58 50//50 54//54
f 50//50 12//12 54//54
f 55//55 56//56 19//19
f 55//55 49//49 56//56
f 49//49 17//17 56//56
f 39//39 53//53 17//17
f 39//39 47//47 53//53
f 47//47 16//16 53//53
f 48//48 52//52 16//16
f 48//48 45//45 52//52
f 45//45 15//15 52//52
f 46//46 51//51 15//15
f 46//46 42//42 51//51
f 42//42 14//14 51//51
f 43//43 50//50 13//13
f 43//43 40//40 50//50
f 40//40 12//12 50//50
f 41//41 49//49 12//12
f 41//41 38//38 49//49
f 38//38 17//17 49//49
f 47//47 48//48 16//16
f 47//47 37//37 48//48
f 37//37 10//10 48//48
f 45//45 46//46 15//15
f 45//45 36//36 46//46
f 36//36 9//9 46//46
f 42//42 44//44 14//14
f 42//42 33//33 44//44
f 33//33 8//8 44//44
f 40//40 41//41 12//12
f 40//40 27//27 41//41
f 27//27 6//6 41//41
f 38//38 39//39 17//17
f 38//38 28//28 39//39
f 28//28 11//11 39//39
f 30//30 37//37 11//11
f 30//30 34//34 37//37
f 34//34 10//10 37//37
f 35//35 36//36 10//10
f 35//35 31//31 36//36
f 31//31 9//9 36//36
f 32//32 33//33 9//9
f 32//32 24//24 33//33
f 24//24 8//8 33//33
f 28//28 29//29 11//11
f 28//28 26//26 29//29
f 26//26 2//2 29//29
f 23//23 27//27 7//7
f 23//23 25//25 27//27
f 25//25 6//6 27//27
f 64//64 88//88 86//86
f 69//69 89//89 91//91
f 68//68 87//87 95//95
f 67//67 94//94 98//98
f 66//66 97//97 93//93
f 69//69 91//91 101//101
f 70//70 90//90 103//103
f 72//72 96//96 105//105
f 73//73 99//99 108//108
f 74//74 100//100 110//110
f 69//69 101//101 104//104
f 70//70 103//103 106//106
f 72//72 105//105 109//109
f 73//73 108//108 111//111
f 74//74 110//110 102//102
f 75//75 112//112 118//118
f 76//76 113//113 121//121
f 78//78 114//114 124//124
f 79//79 115//115 126//126
f 80//80 116//116 120//120
f 120//120 125//125 83//83
f 120//120 116//116 125//125
f 116//116 79//79 125//125
f 126//126 123//123 84//84
f 126//126 115//115 123//123
f 115//115 78//78 123//123
f 124//124 122//122 85//85
f 124//124 114//114 122//122
f 114//114 77//77 122//122
f 121//121 117//117 81//81
f 121//121 113//113 117//117
f 113//113 75//75 117//117
f 118//118 119//119 82//82
f 118//118 112//112 119//119
f 112//112 80//80 119//119
f 102//102 116//116 80//80
f 102//102 110//110 116//116
f 110//110 79//79 116//116
f 111//111 115//115 79//79
f 111//111 108//108 115//115
f 108//108 78//78 115//115
f 109//109 114//114 78//78
f 109//109 105//105 114//114
f 105//105 77//77 114//114
f 106//106 113//113 76//76
f 106//106 103//103 113//113
f 103//103 75//75 113//113
f 104//104 112//112 75//75
f 104//104 101//101 112//112
f 101//101 80//80 112//112
f 110//110 111//111 79//79
f 110//110 100//100 111//111
f 100//100 73//73 111//111
f 108//108 109//109 78//78
f 108//108 99//99 109//109
f 99//99 72//72 109//109
f 105//105 107//107 77//77
f 105//105 96//96 107//107
f 96//96 71//71 107//107
f 103//103 104//104 75//75
f 103//103 90//90 104//104
f 90//90 69//69 104//104
f 101//101 102//102 80//80
f 101//101 91//91 102//102
f 91//91 74//74 102//102
f 93//93 100//100 74//74
f 93//93 97//97 100//100
f 97//97 73//73 100//100
f 98//98 99//99 73//73
f 98//98 94//94 99//99
f 94//94 72//72 99//99
f 95//95 96//96 72//72
f 95//95 87//87 96//96
f 87//87 71//71 96//96
f 91//91 92//92 74//74
f 91//91 89//89 92//92
f 89//89 65//65 92//92
f 86//86 90//90 70//70
f 86//86 88//88 90//90
f 88//88 69//69 90//90
f 127//127 151//151 149//149
f 132//132 152//152 154//154
f 131//131 150//150 158//158
f 130//130 157//157 161//161
f 129//129 160//160 156//156
f 132//132 154//154 164//164
f 133//133 153//153 166//166
f 135//135 159//159 168//168
f 136//136 162//162 171//171
f 137//137 163//163 173//173
f 132//132 164//164 167//167
f 133//133 166//166 169//169
f 135//135 168//168 172//172
f 136//136 171//171 174//174
f 137//137 173//173 165//165
f 138//138 175//175 181//181
f 139//139 176//176 184//184
f 141//141 177//177 187//187
f 142//142 178//178 189//189
f 143//143 179//179 183//183
f 183//183 188//188 146//146
f 183//183 179//179 188//188
f 179//179 142//142 188//188
f 189//189 186//186 147//147
f 189//189 178//178 186//186
f 178//178 141//141 186//186
f 187//187 185//185 148//148
f 187//187 177//177 185//185
f 177//177 140//140 185//185
f 184//184 180//180 144//144
f 184//184 176//176 180//180
f 176//176 138//138 180//180
f 181//181 182//182 145//145
f 181//181 175//175 182//182
f 175//175 143//143 182//182
f 165//165 179//179 143//143
f 165//165 173//173 179//179
f 173//173 142//142 179//179
f 174//174 178//178 142//142
f 174//174 171//171 178//178
f 171//171 141//141 178//178
f 172//172 177//177 141//141
f 172//172 168//168 177//177
f 168//168 140//140 177//177
f 169//169 176//176 139//139
f 169//169 166//166 176//176
f 166//166 138//138 176//176
f 167//167 175//175 138//138
f 167//167 164//164 175//175
f 164//164 143//143 175//175
f 173//173 174//174 142//142
f 173//173 163//163 174//174
f 163//163 136//136 174//174
f 171//171 172//172 141//141
f 171//171 162//162 172//172
f 162//162 135//135 172//172
f 168//168 170//170 140//140
f 168//168 159//159 170//170
f 159//159 134//134 170//170
f 166//166 167//167 138//138
f 166//166 153//153 167//167
f 153//153 132//132 167//167
f 164//164 165//165 143//143
f 164//164 154//154 165//165
f 154//154 137//137 165//165
f 156//156 163//163 137//137
f 156//156 160//160 163//163
f 160//160 136//136 163//163
f 161//161 162//162 136//136
f 161//161 157//157 162//162
f 157//157 135//135 162//162
f 158//158 159//159 135//135
f 158//158 150//150 159//159
f 150//150 134//134 159//159
f 154//154 155//155 137//137
f 154//154 152//152 155//155
f 152//152 128//128 155//155
f 149//149 153//153 133//133
f 149//149 151//151 153//153
f 151//151 132//132 153//153
f 190//190 214//214 212//212
f 195//195 215//215 217//217
f 194//194 213//213 221//221
f 193//193 220//220 224//224
f 192//192 223//223 219//219
f 195//195 217//217 227//227
f 196//196 216//216 229//229
f 198//198 222//222 231//231
f 199//199 225//225 234//234
f 200//200 226//226 236//236
f 195//195 227//227 230//230
f 196//196 229//229 232//232
f 198//198 231//231 235//235
f 199//199 234//234 237//237
f 200//200 236//236 228//228
f 201//201 238//238 244//244
f 202//202 239//239 247//247
f 204//204 240//240 250//250
f 205//205 241//241 252//252
f 206//206 242//242 246//246
f 246//246 251//251 209//209
f 246//246 242//242 251//251
f 242//242 205//205 251//251
f 252//252 249//249 210//210
f 252//252 241//241 249//249
f 241//241 204//204 249//249
f 250//250 248//248 211//211
f 250//250 240//240 248//248
f 240//240 203//203 248//248
f 247//247 243//243 207//207
f 247//247 239//239 243//243
f 239//239 201//201 243//243
f 244//244 245//245 208//208
f 244//244 238//238 245//245
f 238//238 206//206 245//245
f 228//228 242//242 206//206
f 228//228 236//236 242//242
f 236//236 205//205 242//242
f 237//237 241//241 205//205
f 237//237 234//234 241//241
f 234//234 204//204 241//241
f 235//235 240//240 204//204
f 235//235 231//231 240//240
f 231//231 203//203 240//240
f 232//232 239//239 202//202
f 232//232 229//229 239//239
f 229//229 201//201 239//239
f 230//230 238//238 201//201
f 230//230 227//227 238//238
f 227//227 206//206 238//238
f 236//236 237//237 205//205
f 236//236 226//226 237//237
f 226//226 199//199 237//237
f 234//234 235//235 204//204
f 234//234 225//225 235//235
f 225//225 198//198 235//235
f 231//231 233//233 203//203
f 231//231 222//222 233//233
f 222//222 197//197 233//233
f 229//229 230//230 201//201
f 229//229 216//216 230//230
f 216//216 195//195 230//230
f 227//227 228//228 206//206
f 227//227 217//217 228//228
f 217//217 200//200 228//228
f 219//219 226//226 200//200
f 219//219 223//223 226//226
f 223//223 199//199 226//226
f 224//224 225//225 199//199
f 224//224 220//220 225//225
f 220//220 198//198 225//225
f 221//221 222//222 198//198
f 221//221 213//213 222//222
f 213//213 197//197 222//222
f 217//217 218//218 200//200
f 217//217 215//215 218//218
f 215//215 191//191 218//218
f 212//212 216//216 196//196
f 212//212 214//214 216//216
f 214//214 195//195 216//216
f 253//253 277//277 275//275
f 258//258 278//278 280//280
f 257//257 276//276 284//284
f 256//256 283//283 287//287
f 255//255 286//286 282//282
f 258//258 280//280 290//290
f 259//259 279//279 292//292
f 261//261 285//285 294//294
f 262//262 288//288 297//297
f 263//263 289//289 299//299
f 258//258 290//290 293//293
f 259//259 292//292 295//295
f 261//261 294//294 298//298
f 262//262 297//297 300//300
f 263//263 299//299 291//291
f 264//264 301//301 307//307
f 265//265 302//302 310//310
f 267//267 303//303 313//313
f 268//268 304//304 315//315
f 269//269 305//305 309//309
f 309//309 314//314 272//272
f 309//309 305//305 314//314
f 305//305 268//268 314//314
f 315//315 312//312 273//273
f 315//315 304//304 312//312
f 304//304 267//267 312//312
f 313//313 311//311 274//274
f 313//313 303//303 311//311
f 303//303 266//266 311//311
f 310//310 306//306 270//270
f 310//310 302//302 306//306
f 302//302 264//264 306//306
f 307//307 308//308 271//271
f 307//307 301//301 308//308
f 301//301 269//269 308//308
f 291//291 305//305 269//269
f 291//291 299//299 305//305
f 299//299 268//268 305//305
f 300//300 304//304 268//268
f 300//300 297//297 304//304
f 297//297 267//267 304//304
f 298//298 303//303 267//267
f 298//298 294//294 303//303
f 294//294 266//266 303//303
f 295//295 302//302 265//265
f 295//295 292//292 302//302
f 292//292 264//264 302//302
f 293//293 301//301 264//264
f 293//293 290//290 301//301
f 290//290 269//269 301//301
f 299//299 300//300 268//268
f 299//299 289//289 300//300
f 289//289 262//262 300//300
f 297//297 298//298 267//267
f 297//297 288//288 298//298
f 288//288 261//261 298//298
f 294//294 296//296 266//266
f 294//294 285//285 296//296
f 285//285 260//260 296//296
f 292//292 293//293 264//264
f 292//292 279//279 293//293
f 279//279 258//258 293//293
f 290//290 291//291 269//269
f 290//290 280//280 291//291
f 280//280 263//263 291//291
f 282//282 289//289 263//263
f 282//282 286//286 289//289
f 286//286 262//262 289//289
f 287//287 288//288 262//262
f 287//287 283//283 288//288
f 283//283 261//261 288//288
f 284//284 285//285 261//261
f 284//284 276//276 285//285
f 276//276 260//260 285//285
f 280//280 281//281 263//263
f 280//280 278//278 281//281
f 278//278 254//254 281//281
f 275//275 279//279 259//259
f 275//275 277//277 279//279
f 277//277 258//258 279//279
f 316//316 340//340 338//338
f 321//321 341//341 343//343
f 320//320 339//339 347//347
f 319//319 346//346 350//350
f 318//318 349//349 345//345
f 321//321 343//343 353//353
f 322//322 342//342 355//355
f 324//324 348//348 357//357
f 325//325 351//351 360//360
f 326//326 352//352 362//362
f 321//321 353//353 356//356
f 322//322 355//355 358//358
f 324//324 357//357 361//361
f 325//325 360//360 363//363
f 326//326 362//362 354//354
f 327//327 364//364 370//370
f 328//328 365//365 373//373
f 330//330 366//366 376//376
f 331//331 367//367 378//378
f 332//332 368//368 372//372
f 372//372 377//377 335//335
f 372//372 368//368 377//377
f 368//368 331//331 377//377
f 378//378 375//375 336//336
f 378//378 367//367 375//375
f 367//367 330//330 375//375
f 376//376 374//374 337//337
f 376//376 366//366 374//374
f 366//366 329//329 374//374
f 373//373 369//369 333//333
f 373//373 365//365 369//369
f 365//365 327//327 369//369
f 370//370 371//371 334//334
f 370//370 364//364 371//371
f 364//364 332//332 371//371
f 354//354 368//368 332//332
f 354//354 362//362 368//368
f 362//362 331//331 368//368
f 363//363 367//367 331//331
f 363//363 360//360 367//367
f 360//360 330//330 367//367
f 361//361 366//366 330//330
f 361//361 357//357 366//366
f 357//357 329//329 366//366
f 358//358 365//365 328//328
f 358//358 355//355 365//365
f 355//355 327//327 365//365
f 356//356 364//364 327//327
f 356//356 353//353 364//364
f 353//353 332//332 364//364
f 362//362 363//363 331//331
f 362//362 352//352 363//363
f 352//352 325//325 363//363
f 360//360 361//361 330//330
f 360//360 351//351 361//361
f 351//351 324//324 361//361
f 357//357 359//359 329//329
f 357//357 348//348 359//359
f 348//348 323//323 359//359
f 355//355 356//356 327//327
f 355//355 342//342 356//356
f 342//342 321//321 356//356
f 353//353 354//354 332//332
f 353//353 343//343 354//354
f 343//343 326//326 354//354
f 345//345 352//352 326//326
f 345//345 349//349 352//352
f 349//349 325//325 352//352
f 350//350 351//351 325//325
f 350//350 346//346 351//351
f 346//346 324//324 351//351
f 347//347 348//348 324//324
f 347//347 339//339 348//348
f 339//339 323//323 348//348
f 343//343 344//344 326//326
f 343//343 341//341 344//344
f 341//341 317//317 344//344
f 338//338 342//342 322//322
f 338//338 340//340 342//342
f 340//340 321//321 342//342
f 379//379 403//403 401//401
f 384//384 404//404 406//406
f 383//383 402//402 410//410
f 382//382 409//409 413//413
f 381//381 412//412 408//408
f 384//384 406//406 416//416
f 385//385 405//405 418//418
f 387//387 411//411 420//420
f 388//388 414//414 423//423
f 389//389 415//415 425//425
f 384//384 416//416 419//419
f 385//385 418//418 421//421
f 387//387 420//420 424//424
f 388//388 423//423 426//426
f 389//389 425//425 417//417
f 390//390 427//427 433//433
f 391//391 428//428 436//436
f 393//393 429//429 439//439
f 394//394 430//430 441//441
f 395//395 431//431 435//435
f 435//435 440//440 398//398
f 435//435 431//431 440//440
f 431//431 394//394 440//440
f 441//441 438//438 399//399
f 441//441 430//430 438//438
f 430//430 393//393 438//438
f 439//439 437//437 400//400
f 439//439 429//429 437//437
f 429//429 392//392 437//437
f 436//436 432//432 396//396
f 436//436 428//428 432//432
f 428//428 390//390 432//432
f 433//433 434//434 397//397
f 433//433 427//427 434//434
f 427//427 395//395 434//434
f 417//417 431//431 395//395
f 417//417 425//425 431//431
f 425//425 394//394 431//431
f 426//426 430//430 394//394
f 426//426 423//423 430//430
f 423//423 393//393 430//430
f 424//424 429//429 393//393
f 424//424 420//420 429//429
f 420//420 392//392 429//429
f 421//421 428//428 391//391
f 421//421 418//418 428//428
f 418//418 390//390 428//428
f 419//419 427//427 390//390
f 419//419 416//416 427//427
f 416//416 395//395 427//427
f 425//425 426//426 394//394
f 425//425 415//415 426//426
f 415//415 388//388 426//426
f 423//423 424//424 393//393
f 423//423 414//414 424//424
f 414//414 387//387 424//424
f 420//420 422//422 392//392
f 420//420 411//411 422//422
f 411//411 386//386 422//422
f 418//418 419//419 390//390
f 418//418 405//405 419//419
f 405//405 384//384 419//419
f 416//416 417//417 395//395
f 416//416 406//406 417//417
f 406//406 389//389 417//417
f 408//408 415//415 389//389
f 408//408 412//412 415//415
f 412//412 388//388 415//415
f 413//413 414//414 388//388
f 413//413 409//409 414//414
f 409//409 387//387 414//414
f 410//410 411//411 387//387
f 410//410 402//402 411//411
f 402//402 386//386 411//411
f 406//406 407//407 389//389
f 406//406 404//404 407//407
f 404//404 380//380 407//407
f 401//401 405//405 385//385
f 401//401 403//403 405//405
f 403//403 384//384 405//405
f 442//442 466//466 464//464
f 447//447 467//467 469//469
f 446//446 465//465 473//473
f 445//445 472//472 476//476
f 444//444 475//475 471//471
f 447//447 469//469 479//479
f 448//448 468//468 481//481
f 450//450 474//474 483//483
f 451//451 477//477 486//486
f 452//452 478//478 488//488
f 447//447 479//479 482//482
f 448//448 481//481 484//484
f 450//450 483//483 487//487
f 451//451 486//486 489//489
f 452//452 488//488 480//480
f 453//453 490//490 496//496
f 454//454 491//491 499//499
f 456//456 492//492 502//502
f 457//457 493//493 504//504
f 458//458 494//494 498//498
f 498//498 503//503 461//461
f 498//498 494//494 503//503
f 494//494 457//457 503//503
f 504//504 501//501 462//462
f 504//504 493//493 501//501
f 493//493 456//456 501//501
f 502//502 500//500 463//463
f 502//502 492//492 500//500
f 492//492 455//455 500//500
f 499//499 495//495 459//459
f 499//499 491//491 495//495
f 491//491 453//453 495//495
f 496//496 497//497 460//460
f 496//496 490//490 497//497
f 490//490 458//458 497//497
f 480//480 494//494 458//458
f 480//480 488//488 494//494
f 488//488 457//457 494//494
f 489//489 493//493 457//457
f 489//489 486//486 493//493
f 486//486 456//456 493//493
f 487//487 492//492 456//456
f 487//487 483//483 492//492
f 483//483 455//455 492//492
f 484//484 491//491 454//454
f 484//484 481//481 491//491
f 481//481 453//453 491//491
f 482//482 490//490 453//453
f 482//482 479//479 490//490
f 479//479 458//458 490//490
f 488//488 489//489 457//457
f 488//488 478//478 489//489
f 478//478 451//451 489//489
f 486//486 487//487 456//456
f 486//486 477//477 487//487
f 477//477 450//450 487//487
f 483//483 485//485 455//455
f 483//483 474//474 485//485
f 474//474 449//449 485//485
f 481//481 482//482 453//453
f 481//481 468//468 482//482
f 468//468 447//447 482//482
f 479//479 480//480 458//458
f 479//479 469//469 480//480
f 469//469 452//452 480//480
f 471//471 478//478 452//452
f 471//471 475//475 478//478
f 475//475 451//451 478//478
f 476//476 477//477 451//451
f 476//476 472//472 477//477
f 472//472 450//450 477//477
f 473//473 474//474 450//450
f 473//473 465//465 474//474
f 465//465 449//449 474//474
f 469//469 470//470 452//452
f 469//469 467//467 470//470
f 467//467 443//443 470//470
f 464//464 468//468 448//448
f 464//464 466//466 468//468
f 466//466 447//447 468//468
f 505//505 529//529 527//527
f 510//510 530//530 532//532
f 509//509 528//528 536//536
f 508//508 535//535 539//539
f 507//507 538//538 534//534
f 510//510 532//532 542//542
f 511//511 531//531 544//544
f 513//513 537//537 546//546
f 514//514 540//540 549//549
f 515//515 541//541 551//551
f 510//510 542//542 545//545
f 511//511 544//544 547//547
f 513//513 546//546 550//550
f 514//514 549//549 552//552
f 515//515 551//551 543//543
f 516//516 553//553 559//559
f 517//517 554//554 562//562
f 519//519 555//555 565//565
f 520//520 556//556 567//567
f 521//521 557//557 561//561
f 561//561 566//566 524//524
f 561//561 557//557 566//566
f 557//557 520//520 566//566
f 567//567 564//564 525//525
f 567//567 556//556 564//564
f 556//556 519//519 564//564
f 565//565 563//563 526//526
f 565//565 555//555 563//563
f 555//555 518//518 563//563
f 562//562 558//558 522//522
f 562//562 554//554 558//558
f 554//554 516//516 558//558
f 559//559 560//560 523//523
f 559//559 553//553 560//560
f 553//553 521//521 560//560
f 543//543 557//557 521//521
f 543//543 551//551 557//557
f 551//551 520//520 557//557
f 552//552 556//556 520//520
f 552//552 549//549 556//556
f 549//549 519//519 556//556
f 550//550 555//555 519//519
f 550//550 546//546 555//555
f 546//546 518//518 555//555
f 547//547 554//554 517//517
f 547//547 544//544 554//554
f 544//544 516//516 554//554
f 545//545 553//553 516//516
f 545//545 542//542 553//553
f 542//542 521//521 553//553
f 551//551 552//552 520//520
f 551//551 541//541 552//552
f 541//541 514//514 552//552
f 549//549 550//550 519//519
f 549//549 540//540 550//550
f 540//540 513//513 550//550
f 546//546 548//548 518//518
f 546//546 537//537 548//548
f 537//537 512//512 548//548
f 544//544 545//545 516//516
f 544//544 531//531 545//545
f 531//531 510//510 545//545
f 542//542 543//543 521//521
f 542//542 532//532 543//543
f 532//532 515//515 543//543
f 534//534 541//541 515//515
f 534//534 538//538 541//541
f 538//538 514//514 541//541
f 539//539 540//540 514//514
f 539//539 535//535 540//540
f 535//535 513//513 540//540
f 536//536 537//537 513//513
f 536//536 528//528 537//537
f 528//528 512//512 537//537
f 532//532 533//533 515//515
f 532//532 530//530 533//533
f 530//530 506//506 533//533
f 527//527 531//531 511//511
f 527//527 529//529 531//531
f 529//529 510//510 531//531
f 568//568 592//592 590//590
f 573//573 593//593 595//595
f 572//572 591//591 599//599
f 571//571 598//598 602//602
f 570//570 601//601 597//597
f 573//573 595//595 605//605
f 574//574 594//594 607//607
f 576//576 600//600 609//609
f 577//577 603//603 612//612
f 578//578 604//604 614//614
f 573//573 605//605 608//608
f 574//574 607//607 610//610
f 576//576 609//609 613//613
f 577//577 612//612 615//615
f 578//578 614//614 606//606
f 579//579 616//616 622//622
f 580//580 617//617 625//625
f 582//582 618//618 628//628
f 583//583 619//619 630//630
f 584//584 620//620 624//624
f 624//624 629//629 587//587
f 624//624 620//620 629//629
f 620//620 583//583 629//629
f 630//630 627//627 588//588
f 630//630 619//619 627//627
f 619//619 582//582 627//627
f 628//628 626//626 589//589
f 628//628 618//618 626//626
f 618//618 581//581 626//626
f 625//625 621//621 585//585
f 625//625 617//617 621//621
f 617//617 579//579 621//621
f 622//622 623//623 586//586
f 622//622 616//616 623//623
f 616//616 584//584 623//623
f 606//606 620//620 584//584
f 606//606 614//614 620//620
f 614//614 583//583 620//620
f 615//615 619//619 583//583
f 615//615 612//612 619//619
f 612//612 582//582 619//619
f 613//613 618//618 582//582
f 613//613 609//609 618//618
f 609//609 581//581 618//618
f 610//610 617//617 580//580
f 610//610 607//607 617//617
f 607//607 579//579 617//617
f 608//608 616//616 579//579
f 608//608 605//605 616//616
f 605//605 584//584 616//616
f 614//614 615//615 583//583
f 614//614 604//604 615//615
f 604//604 577//577 615//615
f 612//612 613//613 582//582
f 612//612 603//603 613//613
f 603//603 576//576 613//613
f 609//609 611//611 581//581
f 609//609 600//600 611//611
f 600//600 575//575 611//611
f 607//607 608//608 579//579
f 607//607 594//594 608//608
f 594//594 573//573 608//608
f 605//605 606//606 584//584
f 605//605 595//595 606//606
f 595//595 578//578 606//606
f 597//597 604//604 578//578
f 597//597 601//601 604//604
f 601//601 577//577 604//604
f 602//602 603//603 577//577
f 602//602 598//598 603//603
f 598//598 576//576 603//603
f 599//599 600//600 576//576
f 599//599 591//591 600//600
f 591//591 575//575 600//600
f 595//595 596//596 578//578
f 595//595 593//593 596//596
f 593//593 569//569 596//596
f 590//590 594//594 574//574
f 590//590 592//592 594//594
f 592//592 573//573 594//594
f 631//631 655//655 653//653
f 636//636 656//656 658//658
f 635//635 654//654 662//662
f 634//634 661//661 665//665
f 633//633 664//664 660//660
f 636//636 658//658 668//668
f 637//637 657//657 670//670
f 639//639 663//663 672//672
f 640//640 666//666 675//675
f 641//641 667//667 677//677
f 636//636 668//668 671//671
f 637//637 670//670 673//673
f 639//639 672//672 676//676
f 640//640 675//675 678//678
f 641//641 677//677 669//669
f 642//642 679//679 685//685
f 643//643 680//680 688//688
f 645//645 681//681 691//691
f 646//646 682//682 693//693
f 647//647 683//683 687//687
f 687//687 692//692 650//650
f 687//687 683//683 692//692
f 683//683 646//646 692//692
f 693//693 690//690 651//651
f 693//693 682//682 690//690
f 682//682 645//645 690//690
f 691//691 689//689 652//652
f 691//691 681//681 689//689
f 681//681 644//644 689//689
f 688//688 684//684 648//648
f 688//688 680//680 684//684
f 680//680 642//642 684//684
f 685//685 686//686 649//649
f 685//685 679//679 686//686
f 679//679 647//647 686//686
f 669//669 683//683 647//647
f 669//669 677//677 683//683
f 677//677 646//646 683//683
f 678//678 682//682 646//646
f 678//678 675//675 682//682
f 675//675 645//645 682//682
f 676//676 681//681 645//645
f 676//676 672//672 681//681
f 672//672 644//644 681//681
f 673//673 680//680 643//643
f 673//673 670//670 680//680
f 670//670 642//642 680//680
f 671//671 679//679 642//642
f 671//671 668//668 679//679
f 668//668 647//647 679//679
f 677//677 678//678 646//646
f 677//677 667//667 678//678
f 667//667 640//640 678//678
f 675//675 676//676 645//645
f 675//675 666//666 676//676
f 666//666 639//639 676//676
f 672//672 674//674 644//644
f 672//672 663//663 674//674
f 663//663 638//638 674//674
f 670//670 671//671 642//642
f 670//670 657//657 671//671
f 657//657 636//636 671//671
f 668//668 669//669 647//647
f 668//668 658//658 669//669
f 658//658 641//641 669//669
f 660//660 667//667 641//641
f 660//660 664//664 667//667
f 664//664 640//640 667//667
f 665//665 666//666 640//640
f 665//665 661//661 666//666
f 661//661 639//639 666//666
f 662//662 663//663 639//639
f 662//662 654//654 663//663
f 654//654 638//638 663//663
f 658//658 659//659 641//641
f 658//658 656//656 659//659
f 656//656 632//632 659//659
f 653//653 657//657 637//637
f 653//653 655//655 657//657
f 655//655 636//636 657//657
f 694//694 718//718 716//716
f 699//699 719//719 721//721
f 698//698 717//717 725//725
f 697//697 724//724 728//728
f 696//696 727//727 723//723
f 699//699 721//721 731//731
f 700//700 720//720 733//733
f 702//702 726//726 735//735
f 703//703 729//729 738//738
f 704//704 730//730 740//740
f 699//699 731//731 734//734
f 700//700 733//733 736//736
f 702//702 735//735 739//739
f 703//703 738//738 741//741
f 704//704 740//740 732//732
f 705//705 742//742 748//748
f 706//706 743//743 751//751
f 708//708 744//744 754//754
f 709//709 745//745 756//756
f 710//710 746//746 750//750
f 750//750 755//755 713//713
f 750//750 746//746 755//755
f 746//746 709//709 755//755
f 756//756 753//753 714//714
f 756//756 745//745 753//753
f 745//745 708//708 753//753
f 754//754 752//752 715//715
f 754//754 744//744 752//752
f 744//744 707//707 752//752
f 751//751 747//747 711//711
f 751//751 743//743 747//747
f 743//743 705//705 747//747
f 748//748 749//749 712//712
f 748//748 742//742 749//749
f 742//742 710//710 749//749
f 732//732 746//746 710//710
f 732//732 740//740 746//746
f 740//740 709//709 746//746
f 741//741 745//745 709//709
f 741//741 738//738 745//745
f 738//738 708//708 745//745
f 739//739 744//744 708//708
f 739//739 735//735 744//744
f 735//735 707//707 744//744
f 736//736 743//743 706//706
f 736//736 733//733 743//743
f 733//733 705//705 743//743
f 734//734 742//742 705//705
f 734//734 731//731 742//742
f 731//731 710//710 742//742
f 740//740 741//741 709//709
f 740//740 730//730 741//741
f 730//730 703//703 741//741
f 738//738 739//739 708//708
f 738//738 729//729 739//739
f 729//729 702//702 739//739
f 735//735 737//737 707//707
f 735//735 726//726 737//737
f 726//726 701//701 737//737
f 733//733 734//734 705//705
f 733//733 720//720 734//734
f 720//720 699//699 734//734
f 731//731 732//732 710//710
f 731//731 721//721 732//732
f 721//721 704//704 732//732
f 723//723 730//730 704//704
f 723//723 727//727 730//730
f 727//727 703//703 730//730
f 728//728 729//729 703//703
f 728//728 724//724 729//729
f 724//724 702//702 729//729
f 725//725 726//726 702//702
f 725//725 717//717 726//726
f 717//717 701//701 726//726
f 721//721 722//722 704//704
f 721//721 719//719 722//722
f 719//719 695//695 722//722
f 716//716 720//720 700//700
f 716//716 718//718 720//720
f 718//718 699//699 720//720
f 757//757 781//781 779//779
f 762//762 782//782 784//784
f 761//761 780//780 788//788
f 760//760 787//787 791//791
f 759//759 790//790 786//786
f 762//762 784//784 794//794
f 763//763 783//783 796//796
f 765//765 789//789 798//798
f 766//766 792//792 801//801
f 767//767 793//793 803//803
f 762//762 794//794 797//797
f 763//763 796//796 799//799
f 765//765 798//798 802//802
f 766//766 801//801 804//804
f 767//767 803//803 795//795
f 768//768 805//805 811//811
f 769//769 806//806 814//814
f 771//771 807//807 817//817
f 772//772 808//808 819//819
f 773//773 809//809 813//813
f 813//813 818//818 776//776
f 813//813 809//809 818//818
f 809//809 772//772 818//818
f 819//819 816//816 777//777
f 819//819 808//808 816//816
f 808//808 771//771 816//816
f 817//817 815//815 778//778
f 817//817 807//807 815//815
f 807//807 770//770 815//815
f 814//814 810//810 774//774
f 814//814 806//806 810//810
f 806//806 768//768 810//810
f 811//811 812//812 775//775
f 811//811 805//805 812//812
f 805//805 773//773 812//812
f 795//795 809//809 773//773
f 795//795 803//803 809//809
f 803//803 772//772 809//809
f 804//804 808//808 772//772
f 804//804 801//801 808//808
f 801//801 771//771 808//808
f 802//802 807//807 771//771
f 802//802 798//798 807//807
f 798//798 770//770 807//807
f 799//799 806//806 769//769
f 799//799 796//796 806//806
f 796//796 768//768 806//806
f 797//797 805//805 768//768
f 797//797 794//794 805//805
f 794//794 773//773 805//805
f 803//803 804//804 772//772
f 803//803 793//793 804//804
f 793//793 766//766 804//804
f 801//801 802//802 771//771
f 801//801 792//792 802//802
f 792//792 765//765 802//802
f 798//798 800//800 770//770
f 798//798 789//789 800//800
f 789//789 764//764 800//800
f 796//796 797//797 768//768
f 796//796 783//783 797//797
f 783//783 762//762 797//797
f 794//794 795//795 773//773
f 794//794 784//784 795//795
f 784//784 767//767 795//795
f 786//786 793//793 767//767
f 786//786 790//790 793//793
f 790//790 766//766 793//793
f 791//791 792//792 766//766
f 791//791 787//787 792//792
f 787//787 765//765 792//792
f 788//788 789//789 765//765
f 788//788 780//780 789//789
f 780//780 764//764 789//789
f 784//784 785//785 767//767
f 784//784 782//782 785//785
f 782//782 758//758 785//785
f 779//779 783//783 763//763
f 779//779 781//781 783//783
f 781//781 762//762 783//783
f 820//820 844//844 842//842
f 825//825 845//845 847//847
f 824//824 843//843 851//851
f 823//823 850//850 854//854
f 822//822 853//853 849//849
f 825//825 847//847 857//857
f 826//826 846//846 859//859
f 828//828 852//852 861//861
f 829//829 855//855 864//864
f 830//830 856//856 866//866
f 825//825 857//857 860//860
f 826//826 859//859 862//862
f 828//828 861//861 865//865
f 829//829 864//864 867//867
f 830//830 866//866 858//858
f 831//831 868//868 874//874
f 832//832 869//869 877//877
f 834//834 870//870 880//880
f 835//835 871//871 882//882
f 836//836 872//872 876//876
f 876//876 881//881 839//839
f 876//876 872//872 881//881
f 872//872 835//835 881//881
f 882//882 879//879 840//840
f 882//882 871//871 879//879
f 871//871 834//834 879//879
f 880//880 878//878 841//841
f 880//880 870//870 878//878
f 870//870 833//833 878//878
f 877//877 873//873 837//837
f 877//877 869//869 873//873
f 869//869 831//831 873//873
f 874//874 875//875 838//838
f 874//874 868//868 875//875
f 868//868 836//836 875//875
f 858//858 872//872 836//836
f 858//858 866//866 872//872
f 866//866 835//835 872//872
f 867//867 871//871 835//835
f 867//867 864//864 871//871
f 864//864 834//834 871//871
f 865//865 870//870 834//834
f 865//865 861//861 870//870
f 861//861 833//833 870//870
f 862//862 869//869 832//832
f 862//862 859//859 869//869
f 859//859 831//831 869//869
f 860//860 868//868 831//831
f 860//860 857//857 868//868
f 857//857 836//836 868//868
f 866//866 867//867 835//835
f 866//866 856//856 867//867
f 856//856 829//829 867//867
f 864//864 865//865 834//834
f 864//864 855//855 865//865
f 855//855 828//828 865//865
f 861//861 863//863 833//833
f 861//861 852//852 863//863
f 852//852 827//827 863//863
f 859//859 860//860 831//831
f 859//859 846//846 860//860
f 846//846 825//825 860//860
f 857//857 858//858 836//836
f 857//857 847//847 858//858
f 847//847 830//830 858//858
f 849//849 856//856 830//830
f 849//849 853//853 856//856
f 853//853 829//829 856//856
f 854//854 855//855 829//829
f 854//854 850//850 855//855
f 850//850 828//828 855//855
f 851//851 852//852 828//828
f 851//851 843//843 852//852
f 843//843 827//827 852//852
f 847//847 848//848 830//830
f 847//847 845//845 848//848
f 845//845 821//821 848//848
f 842//842 846//846 826//826
f 842//842 844//844 846//846
f 844//844 825//825 846//846
f 883//883 907//907 905//905
f 888//888 908//908 910//910
f 887//887 906//906 914//914
f 886//886 913//913 917//917
f 885//885 916//916 912//912
f 888//888 910//910 920//920
f 889//889 909//909 922//922
f 891//891 915//915 924//924
f 892//892 918//918 927//927
f 893//893 919//919 929//929
f 888//888 920//920 923//923
f 889//889 922//922 925//925
f 891//891 924//924 928//928
f 892//892 927//927 930//930
f 893//893 929//929 921//921
f 894//894 931//931 937//937
f 895//895 932//932 940//940
f 897//897 933//933 943//943
f 898//898 934//934 945//945
f 899//899 935//935 939//939
f 939//939 944//944 902//902
f 939//939 935//935 944//944
f 935//935 898//898 944//944
f 945//945 942//942 903//903
f 945//945 934//934 942//942
f 934//934 897//897 942//942
f 943//943 941//941 904//904
f 943//943 933//933 941//941
f 933//933 896//896 941//941
f 940//940 936//936 900//900
f 940//940 932//932 936//936
f 932//932 894//894 936//936
f 937//937 938//938 901//901
f 937//937 931//931 938//938
f 931//931 899//899 938//938
f 921//921 935//935 899//899
f 921//921 929//929 935//935
f 929//929 898//898 935//935
f 930//930 934//934 898//898
f 930//930 927//927 934//934
f 927//927 897//897 934//934
f 928//928 933//933 897//897
f 928//928 924//924 933//933
f 924//924 896//896 933//933
f 925//925 932//932 895//895
f 925//925 922//922 932//932
f 922//922 894//894 932//932
f 923//923 931//931 894//894
f 923//923 920//920 931//931
f 920//920 899//899 931//931
f 929//929 930//930 898//898
f 929//929 919//919 930//930
f 919//919 892//892 930//930
f 927//927 928//928 897//897
f 927//927 918//918 928//928
f 918//918 891//891 928//928
f 924//924 926//926 896//896
f 924//924 915//915 926//926
f 915//915 890//890 926//926
f 922//922 923//923 894//894
f 922//922 909//909 923//923
f 909//909 888//888 923//923
f 920//920 921//921 899//899
f 920//920 910//910 921//921
f 910//910 893//893 921//921
f 912//912 919//919 893//893
f 912//912 916//916 919//919
f 916//916 892//892 919//919
f 917//917 918//918 892//892
f 917//917 913//913 918//918
f 913//913 891//891 918//918
f 914//914 915//915 891//891
f 914//914 906//906 915//915
f 906//906 890//890 915//915
f 910//910 911//911 893//893
f 910//910 908//908 911//911
f 908//908 884//884 911//911
f 905//905 909//909 889//889
f 905//905 907//907 909//909
f 907//907 888//888 909//909
f 946//946 970//970 968//968
f 951//951 971//971 973//973
f 950//950 969//969 977//977
f 949//949 976//976 980//980
f 948//948 979//979 975//975
f 951//951 973//973 983//983
f 952//952 972//972 985//985
f 954//954 978//978 987//987
f 955//955 981//981 990//990
f 956//956 982//982 992//992
f 951//951 983//983 986//986
f 952//952 985//985 988//988
f 954//954 987//987 991//991
f 955//955 990//990 993//993
f 956//956 992//992 984//984
f 957//957 994//994 1000//1000
f 958//958 995//995 1003//1003
f 960//960 996//996 1006//1006
f 961//961 997//997 1008//1008
f 962//962 998//998 1002//1002
f 1002//1002 1007//1007 965//965
f 1002//1002 998//998 1007//1007
f 998//998 961//961 1007//1007
f 1008//1008 1005//1005 966//966
f 1008//1008 997//997 1005//1005
f 997//997 960//960 1005//1005
f 1006//1006 1004//1004 967//967
f 1006//1006 996//996 1004//1004
f 996//996 959//959 1004//1004
f 1003//1003 999//999 963//963
f 1003//1003 995//995 999//999
f 995//995 957//957 999//999
f 1000//1000 1001//1001 964//964
f 1000//1000 994//994 1001//1001
f 994//994 962//962 1001//1001
f 984//984 998//998 962//962
f 984//984 992//992 998//998
f 992//992 961//961 998//998
f 993//993 997//997 961//961
f 993//993 990//990 997//997
f 990//990 960//960 997//997
f 991//991 996//996 960//960
f 991//991 987//987 996//996
f 987//987 959//959 996//996
f 988//988 995//995 958//958
f 988//988 985//985 995//995
f 985//985 957//957 995//995
f 986//986 994//994 957//957
f 986//986 983//983 994//994
f 983//983 962//962 994//994
f 992//992 993//993 961//961
f 992//992 982//982 993//993
f 982//982 955//955 993//993
f 990//990 991//991 960//960
f 990//990 981//981 991//991
f 981//981 954//954 991//991
f 987//987 989//989 959//959
f 987//987 978//978 989//989
f 978//978 953//953 989//989
f 985//985 986//986 957//957
f 985//985 972//972 986//986
f 972//972 951//951 986//986
f 983//983 984//984 962//962
f 983//983 973//973 984//984
f 973//973 956//956 984//984
f 975//975 982//982 956//956
f 975//975 979//979 982//982
f 979//979 955//955 982//982
f 980//980 981//981 955//955
f 980//980 976//976 981//981
f 976//976 954//954 981//981
f 977//977 978//978 954//954
f 977//977 969//969 978//978
f 969//969 953//953 978//978
f 973//973 974//974 956//956
f 973//973 971//971 974//974
f 971//971 947//947 974//974
f 968//968 972//972 952//952
f 968//968 970//970 972//972
f 970//970 951//951 972//972
f 1009//1009 1033//1033 1031//1031
f 1014//1014 1034//1034 1036//1036
f 1013//1013 1032//1032 1040//1040
f 1012//1012 1039//1039 1043//1043
f 1011//1011 1042//1042 1038//1038
f 1014//1014 1036//1036 1046//1046
f 1015//1015 1035//1035 1048//1048
f 1017//1017 1041//1041 1050//1050
f 1018//1018 1044//1044 1053//1053
f 1019//1019 1045//1045 1055//1055
f 1014//1014 1046//1046 1049//1049
f 1015//1015 1048//1048 1051//1051
f 1017//1017 1050//1050 1054//1054
f 1018//1018 1053//1053 1056//1056
f 1019//1019 1055//1055 1047//1047
f 1020//1020 1057//1057 1063//1063
f 1021//1021 1058//1058 1066//1066
f 1023//1023 1059//1059 1069//1069
f 1024//1024 1060//1060 1071//1071
f 1025//1025 1061//1061 1065//1065
f 1065//1065 1070//1070 1028//1028
f 1065//1065 1061//1061 1070//1070
f 1061//1061 1024//1024 1070//1070
f 1071//1071 1068//1068 1029//1029
f 1071//1071 1060//1060 1068//1068
f 1060//1060 1023//1023 1068//1068
f 1069//1069 1067//1067 1030//1030
f 1069//1069 1059//1059 1067//1067
f 1059//1059 1022//1022 1067//1067
f 1066//1066 1062//1062 1026//1026
f 1066//1066 1058//1058 1062//1062
f 1058//1058 1020//1020 1062//1062
f 1063//1063 1064//1064 1027//1027
f 1063//1063 1057//1057 1064//1064
f 1057//1057 1025//1025 1064//1064
f 1047//1047 1061//1061 1025//1025
f 1047//1047 1055//1055 1061//1061
f 1055//1055 1024//1024 1061//1061
f 1056//1056 1060//1060 1024//1024
f 1056//1056 1053//1053 1060//1060
f 1053//1053 1023//1023 1060//1060
f 1054//1054 1059//1059 1023//1023
f 1054//1054 1050//1050 1059//1059
f 1050//1050 1022//1022 1059//1059
f 1051//1051 1058//1058 1021//1021
f 1051//1051 1048//1048 1058//1058
f 1048//1048 1020//1020 1058//1058
f 1049//1049 1057//1057 1020//1020
f 1049//1049 1046//1046 1057//1057
f 1046//1046 1025//1025 1057//1057
f 1055//1055 1056//1056 1024//1024
f 1055//1055 1045//1045 1056//1056
f 1045//1045 1018//1018 1056//1056
f 1053//1053 1054//1054 1023//1023
f 1053//1053 1044//1044 1054//1054
f 1044//1044 1017//1017 1054//1054
f 1050//1050 1052//1052 1022//1022
f 1050//1050 1041//1041 1052//1052
f 1041//1041 1016//1016 1052//1052
f 1048//1048 1049//1049 1020//1020
f 1048//1048 1035//1035 1049//1049
f 1035//1035 1014//1014 1049//1049
f 1046//1046 1047//1047 1025//1025
f 1046//1046 1036//1036 1047//1047
f 1036//1036 1019//1019 1047//1047
f 1038//1038 1045//1045 1019//1019
f 1038//1038 1042//1042 1045//1045
f 1042//1042 1018//1018 1045//1045
f 1043//1043 1044//1044 1018//1018
f 1043//1043 1039//1039 1044//1044
f 1039//1039 1017//1017 1044//1044
f 1040//1040 1041//1041 1017//1017
f 1040//1040 1032//1032 1041//1041
f 1032//1032 1016//1016 1041//1041
f 1036//1036 1037//1037 1019//1019
f 1036//1036 1034//1034 1037//1037
f 1034//1034 1010//1010 1037//1037
f 1031//1031 1035//1035 1015//1015
f 1031//1031 1033//1033 1035//1035
f 1033//1033 1014//1014 1035//1035
f 1072//1072 1096//1096 1094//1094
f 1077//1077 1097//1097 1099//1099
f 1076//1076 1095//1095 1103//1103
f 1075//1075 1102//1102 1106//1106
f 1074//1074 1105//1105 1101//1101
f 1077//1077 1099//1099 1109//1109
f 1078//1078 1098//1098 1111//1111
f 1080//1080 1104//1104 1113//1113
f 1081//1081 1107//1107 1116//1116
f 1082//1082 1108//1108 1118//1118
f 1077//1077 1109//1109 1112//1112
f 1078//1078 1111//1111 1114//1114
f 1080//1080 1113//1113 1117//1117
f 1081//1081 1116//1116 1119//1119
f 1082//1082 1118//1118 1110//1110
f 1083//1083 1120//1120 1126//1126
f 1084//1084 1121//1121 1129//1129
f 1086//1086 1122//1122 1132//1132
f 1087//1087 1123//1123 1134//1134
f 1088//1088 1124//1124 1128//1128
f 1128//1128 1133//1133 1091//1091
f 1128//1128 1124//1124 1133//1133
f 1124//1124 1087//1087 1133//1133
f 1134//1134 1131//1131 1092//1092
f 1134//1134 1123//1123 1131//1131
f 1123//1123 1086//1086 1131//1131
f 1132//1132 1130//1130 1093//1093
f 1132//1132 1122//1122 1130//1130
f 1122//1122 1085//1085 1130//1130
f 1129//1129 1125//1125 1089//1089
f 1129//1129 1121//1121 1125//1125
f 1121//1121 1083//1083 1125//1125
f 1126//1126 1127//1127 1090//1090
f 1126//1126 1120//1120 1127//1127
f 1120//1120 1088//1088 1127//1127
f 1110//1110 1124//1124 1088//1088
f 1110//1110 1118//1118 1124//1124
f 1118//1118 1087//1087 1124//1124
f 1119//1119 1123//1123 1087//1087
f 1119//1119 1116//1116 1123//1123
f 1116//1116 1086//1086 1123//1123
f 1117//1117 1122//1122 1086//1086
f 1117//1117 1113//1113 1122//1122
f 1113//1113 1085//1085 1122//1122
f 1114//1114 1121//1121 1084//1084
f 1114//1114 1111//1111 1121//1121
f 1111//1111 1083//1083 1121//1121
f 1112//1112 1120//1120 1083//1083
f 1112//1112 1109//1109 1120//1120
f 1109//1109 1088//1088 1120//1120
f 1118//1118 1119//1119 1087//1087
f 1118//1118 1108//1108 1119//1119
f 1108//1108 1081//1081 1119//1119
f 1116//1116 1117//1117 1086//1086
f 1116//1116 1107//1107 1117//1117
f 1107//1107 1080//1080 1117//1117
f 1113//1113 1115//1115 1085//1085
f 1113//1113 1104//1104 1115//1115
f 1104//1104 1079//1079 1115//1115
f 1111//1111 1112//1112 1083//1083
f 1111//1111 1098//1098 1112//1112
f 1098//1098 1077//1077 1112//1112
f 1109//1109 1110//1110 1088//1088
f 1109//1109 1099//1099 1110//1110
f 1099//1099 1082//1082 1110//1110
f 1101//1101 1108//1108 1082//1082
f 1101//1101 1105//1105 1108//1108
f 1105//1105 1081//1081 1108//1108
f 1106//1106 1107//1107 1081//1081
f 1106//1106 1102//1102 1107//1107
f 1102//1102 1080//1080 1107//1107
f 1103//1103 1104//1104 1080//1080
f 1103//1103 1095//1095 1104//1104
f 1095//1095 1079//1079 1104//1104
f 1099//1099 1100//1100 1082//1082
f 1099//1099 1097//1097 1100//1100
f 1097//1097 1073//1073 1100//1100
f 1094//1094 1098//1098 1078//1078
f 1094//1094 1096//1096 1098//1098
f 1096//1096 1077//1077 1098//1098
f 1135//1135 1159//1159 1157//1157
f 1140//1140 1160//1160 1162//1162
f 1139//1139 1158//1158 1166//1166
f 1138//1138 1165//1165 1169//1169
f 1137//1137 1168//1168 1164//1164
f 1140//1140 1162//1162 1172//1172
f 1141//1141 1161//1161 1174//1174
f 1143//1143 1167//1167 1176//1176
f 1144//1144 1170//1170 1179//1179
f 1145//1145 1171//1171 1181//1181
f 1140//1140 1172//1172 1175//1175
f 1141//1141 1174//1174 1177//1177
f 1143//1143 1176//1176 1180//1180
f 1144//1144 1179//1179 1182//1182
f 1145//1145 1181//1181 1173//1173
f 1146//1146 1183//1183 1189//1189
f 1147//1147 1184//1184 1192//1192
f 1149//1149 1185//1185 1195//1195
f 1150//1150 1186//1186 1197//1197
f 1151//1151 1187//1187 1191//1191
f 1191//1191 1196//1196 1154//1154
f 1191//1191 1187//1187 1196//1196
f 1187//1187 1150//1150 1196//1196
f 1197//1197 1194//1194 1155//1155
f 1197//1197 1186//1186 1194//1194
f 1186//1186 1149//1149 1194//1194
f 1195//1195 1193//1193 1156//1156
f 1195//1195 1185//1185 1193//1193
f 1185//1185 1148//1148 1193//1193
f 1192//1192 1188//1188 1152//1152
f 1192//1192 1184//1184 1188//1188
f 1184//1184 1146//1146 1188//1188
f 1189//1189 1190//1190 1153//1153
f 1189//1189 1183//1183 1190//1190
f 1183//1183 1151//1151 1190//1190
f 1173//1173 1187//1187 1151//1151
f 1173//1173 1181//1181 1187//1187
f 1181//1181 1150//1150 1187//1187
f 1182//1182 1186//1186 1150//1150
f 1182//1182 1179//1179 1186//1186
f 1179//1179 1149//1149 1186//1186
f 1180//1180 1185//1185 1149//1149
f 1180//1180 1176//1176 1185//1185
f 1176//1176 1148//1148 1185//1185
f 1177//1177 1184//1184 1147//1147
f 1177//1177 1174//1174 1184//1184
f 1174//1174 1146//1146 1184//1184
f 1175//1175 1183//1183 1146//1146
f 1175//1175 1172//1172 1183//1183
f 1172//1172 1151//1151 1183//1183
f 1181//1181 1182//1182 1150//1150
f 1181//1181 1171//1171 1182//1182
f 1171//1171 1144//1144 1182//1182
f 1179//1179 1180//1180 1149//1149
f 1179//1179 1170//1170 1180//1180
f 1170//1170 1143//1143 1180//1180
f 1176//1176 1178//1178 1148//1148
f 1176//1176 1167//1167 1178//1178
f 1167//1167 1142//1142 1178//1178
f 1174//1174 1175//1175 1146//1146
f 1174//1174 1161//1161 1175//1175
f 1161//1161 1140//1140 1175//1175
f 1172//1172 1173//1173 1151//1151
f 1172//1172 1162//1162 1173//1173
f 1162//1162 1145//1145 1173//1173
f 1164//1164 1171//1171 1145//1145
f 1164//1164 1168//1168 1171//1171
f 1168//1168 1144//1144 1171//1171
f 1169//1169 1170//1170 1144//1144
f 1169//1169 1165//1165 1170//1170
f 1165//1165 1143//1143 1170//1170
f 1166//1166 1167//1167 1143//1143
f 1166//1166 1158//1158 1167//1167
f 1158//1158 1142//1142 1167//1167
f 1162//1162 1163//1163 1145//1145
f 1162//1162 1160//1160 1163//1163
f 1160//1160 1136//1136 1163//1163
f 1157//1157 1161//1161 1141//1141
f 1157//1157 1159//1159 1161//1161
f 1159//1159 1140//1140 1161//1161
f 1198//1198 1222//1222 1220//1220
f 1203//1203 1223//1223 1225//1225
f 1202//1202 1221//1221 1229//1229
f 1201//1201 1228//1228 1232//1232
f 1200//1200 1231//1231 1227//1227
f 1203//1203 1225//1225 1235//1235
f 1204//1204 1224//1224 1237//1237
f 1206//1206 1230//1230 1239//1239
f 1207//1207 1233//1233 1242//1242
f 1208//1208 1234//1234 1244//1244
f 1203//1203 1235//1235 1238//1238
f 1204//1204 1237//1237 1240//1240
f 1206//1206 1239//1239 1243//1243
f 1207//1207 1242//1242 1245//1245
f 1208//1208 1244//1244 1236//1236
f 1209//1209 1246//1246 1252//1252
f 1210//1210 1247//1247 1255//1255
f 1212//1212 1248//1248 1258//1258
f 1213//1213 1249//1249 1260//1260
f 1214//1214 1250//1250 1254//1254
f 1254//1254 1259//1259 1217//1217
f 1254//1254 1250//1250 1259//1259
f 1250//1250 1213//1213 1259//1259
f 1260//1260 1257//1257 1218//1218
f 1260//1260 1249//1249 1257//1257
f 1249//1249 1212//1212 1257//1257
f 1258//1258 1256//1256 1219//1219
f 1258//1258 1248//1248 1256//1256
f 1248//1248 1211//1211 1256//1256
f 1255//1255 1251//1251 1215//1215
f 1255//1255 1247//1247 1251//1251
f 1247//1247 1209//1209 1251//1251
f 1252//1252 1253//1253 1216//1216
f 1252//1252 1246//1246 1253//1253
f 1246//1246 1214//1214 1253//1253
f 1236//1236 1250//1250 1214//1214
f 1236//1236 1244//1244 1250//1250
f 1244//1244 1213//1213 1250//1250
f 1245//1245 1249//1249 1213//1213
f 1245//1245 1242//1242 1249//1249
f 1242//1242 1212//1212 1249//1249
f 1243//1243 1248//1248 1212//1212
f 1243//1243 1239//1239 1248//1248
f 1239//1239 1211//1211 1248//1248
f 1240//1240 1247//1247 1210//1210
f 1240//1240 1237//1237 1247//1247
f 1237//1237 1209//1209 1247//1247
f 1238//1238 1246//1246 1209//1209
f 1238//1238 1235//1235 1246//1246
f 1235//1235 1214//1214 1246//1246
f 1244//1244 1245//1245 1213//1213
f 1244//1244 1234//1234 1245//1245
f 1234//1234 1207//1207 1245//1245
f 1242//1242 1243//1243 1212//1212
f 1242//1242 1233//1233 1243//1243
f 1233//1233 1206//1206 1243//1243
f 1239//1239 1241//1241 1211//1211
f 1239//1239 1230//1230 1241//1241
f 1230//1230 1205//1205 1241//1241
f 1237//1237 1238//1238 1209//1209
f 1237//1237 1224//1224 1238//1238
f 1224//1224 1203//1203 1238//1238
f 1235//1235 1236//1236 1214//1214
f 1235//1235 1225//1225 1236//1236
f 1225//1225 1208//1208 1236//1236
f 1227//1227 1234//1234 1208//1208
f 1227//1227 1231//1231 1234//1234
f 1231//1231 1207//1207 1234//1234
f 1232//1232 1233//1233 1207//1207
f 1232//1232 1228//1228 1233//1233
f 1228//1228 1206//1206 1233//1233
f 1229//1229 1230//1230 1206//1206
f 1229//1229 1221//1221 1230//1230
f 1221//1221 1205//1205 1230//1230
f 1225//1225 1226//1226 1208//1208
f 1225//1225 1223//1223 1226//1226
f 1223//1223 1199//1199 1226//1226
f 1220//1220 1224//1224 1204//1204
f 1220//1220 1222//1222 1224//1224
f 1222//1222 1203//1203 1224//1224
f 1261//1261 1285//1285 1283//1283
f 1266//1266 1286//1286 1288//1288
f 1265//1265 1284//1284 1292//1292
f 1264//1264 1291//1291 1295//1295
f 1263//1263 1294//1294 1290//1290
f 1266//1266 1288//1288 1298//1298
f 1267//1267 1287//1287 1300//1300
f 1269//1269 1293//1293 1302//1302
f 1270//1270 1296//1296 1305//1305
f 1271//1271 1297//1297 1307//1307
f 1266//1266 1298//1298 1301//1301
f 1267//1267 1300//1300 1303//1303
f 1269//1269 1302//1302 1306//1306
f 1270//1270 1305//1305 1308//1308
f 1271//1271 1307//1307 1299//1299
f 1272//1272 1309//1309 1315//1315
f 1273//1273 1310//1310 1318//1318
f 1275//1275 1311//1311 1321//1321
f 1276//1276 1312//1312 1323//1323
f 1277//1277 1313//1313 1317//1317
f 1317//1317 1322//1322 1280//1280
f 1317//1317 1313//1313 1322//1322
f 1313//1313 1276//1276 1322//1322
f 1323//1323 1320//1320 1281//1281
f 1323//1323 1312//1312 1320//1320
f 1312//1312 1275//1275 1320//1320
f 1321//1321 1319//1319 1282//1282
f 1321//1321 1311//1311 1319//1319
f 1311//1311 1274//1274 1319//1319
f 1318//1318 1314//1314 1278//1278
f 1318//1318 1310//1310 1314//1314
f 1310//1310 1272//1272 1314//1314
f 1315//1315 1316//1316 1279//1279
f 1315//1315 1309//1309 1316//1316
f 1309//1309 1277//1277 1316//1316
f 1299//1299 1313//1313 1277//1277
f 1299//1299 1307//1307 1313//1313
f 1307//1307 1276//1276 1313//1313
f 1308//1308 1312//1312 1276//1276
f 1308//1308 1305//1305 1312//1312
f 1305//1305 1275//1275 1312//1312
f 1306//1306 1311//1311 1275//1275
f 1306//1306 1302//1302 1311//1311
f 1302//1302 1274//1274 1311//1311
f 1303//1303 1310//1310 1273//1273
f 1303//1303 1300//1300 1310//1310
f 1300//1300 1272//1272 1310//1310
f 1301//1301 1309//1309 1272//1272
f 1301//1301 1298//1298 1309//1309
f 1298//1298 1277//1277 1309//1309
f 1307//1307 1308//1308 1276//1276
f 1307//1307 1297//1297 1308//1308
f 1297//1297 1270//1270 1308//1308
f 1305//1305 1306//1306 1275//1275
f 1305//1305 1296//1296 1306//1306
f 1296//1296 1269//1269 1306//1306
f 1302//1302 1304//1304 1274//1274
f 1302//1302 1293//1293 1304//1304
f 1293//1293 1268//1268 1304//1304
f 1300//1300 1301//1301 1272//1272
f 1300//1300 1287//1287 1301//1301
f 1287//1287 1266//1266 1301//1301
f 1298//1298 1299//1299 1277//1277
f 1298//1298 1288//1288 1299//1299
f 1288//1288 1271//1271 1299//1299
f 1290//1290 1297//1297 1271//1271
f 1290//1290 1294//1294 1297//1297
f 1294//1294 1270//1270 1297//1297
f 1295//1295 1296//1296 1270//1270
f 1295//1295 1291//1291 1296//1296
f 1291//1291 1269//1269 1296//1296
f 1292//1292 1293//1293 1269//1269
f 1292//1292 1284//1284 1293//1293
f 1284//1284 1268//1268 1293//1293
f 1288//1288 1289//1289 1271//1271
f 1288//1288 1286//1286 1289//1289
f 1286//1286 1262//1262 1289//1289
f 1283//1283 1287//1287 1267//1267
f 1283//1283 1285//1285 1287//1287
f 1285//1285 1266//1266 1287//1287
f 1324//1324 1348//1348 1346//1346
f 1329//1329 1349//1349 1351//1351
f 1328//1328 1347//1347 1355//1355
f 1327//1327 1354//1354 1358//1358
f 1326//1326 1357//1357 1353//1353
f 1329//1329 1351//1351 1361//1361
f 1330//1330 1350//1350 1363//1363
f 1332//1332 1356//1356 1365//1365
f 1333//1333 1359//1359 1368//1368
f 1334//1334 1360//1360 1370//1370
f 1329//1329 1361//1361 1364//1364
f 1330//1330 1363//1363 1366//1366
f 1332//1332 1365//1365 1369//1369
f 1333//1333 1368//1368 1371//1371
f 1334//1334 1370//1370 1362//1362
f 1335//1335 1372//1372 1378//1378
f 1336//1336 1373//1373 1381//1381
f 1338//1338 1374//1374 1384//1384
f 1339//1339 1375//1375 1386//1386
f 1340//1340 1376//1376 1380//1380
f 1380//1380 1385//1385 1343//1343
f 1380//1380 1376//1376 1385//1385
f 1376//1376 1339//1339 1385//1385
f 1386//1386 1383//1383 1344//1344
f 1386//1386 1375//1375 1383//1383
f 1375//1375 1338//1338 1383//1383
f 1384//1384 1382//1382 1345//1345
f 1384//1384 1374//1374 1382//1382
f 1374//1374 1337//1337 1382//1382
f 1381//1381 1377//1377 1341//1341
f 1381//1381 1373//1373 1377//1377
f 1373//1373 1335//1335 1377//1377
f 1378//1378 1379//1379 1342//1342
f 1378//1378 1372//1372 1379//1379
f 1372//1372 1340//1340 1379//1379
f 1362//1362 1376//1376 1340//1340
f 1362//1362 1370//1370 1376//1376
f 1370//1370 1339//1339 1376//1376
f 1371//1371 1375//1375 1339//1339
f 1371//1371 1368//1368 1375//1375
f 1368//1368 1338//1338 1375//1375
f 1369//1369 1374//1374 1338//1338
f 1369//1369 1365//1365 1374//1374
f 1365//1365 1337//1337 1374//1374
f 1366//1366 1373//1373 1336//1336
f 1366//1366 1363//1363 1373//1373
f 1363//1363 1335//1335 1373//1373
f 1364//1364 1372//1372 1335//1335
f 1364//1364 1361//1361 1372//1372
f 1361//1361 1340//1340 1372//1372
f 1370//1370 1371//1371 1339//1339
f 1370//1370 1360//1360 1371//1371
f 1360//1360 1333//1333 1371//1371
f 1368//1368 1369//1369 1338//1338
f 1368//1368 1359//1359 1369//1369
f 1359//1359 1332//1332 1369//1369
f 1365//1365 1367//1367 1337//1337
f 1365//1365 1356//1356 1367//1367
f 1356//1356 1331//1331 1367//1367
f 1363//1363 1364//1364 1335//1335
f 1363//1363 1350//1350 1364//1364
f 1350//1350 1329//1329 1364//1364
f 1361//1361 1362//1362 1340//1340
f 1361//1361 1351//1351 1362//1362
f 1351//1351 1334//1334 1362//1362
f 1353//1353 1360//1360 1334//1334
f 1353//1353 1357//1357 1360//1360
f 1357//1357 1333//1333 1360//1360
f 1358//1358 1359//1359 1333//1333
f 1358//1358 1354//1354 1359//1359
f 1354//1354 1332//1332 1359//1359
f 1355//1355 1356//1356 1332//1332
f 1355//1355 1347//1347 1356//1356
f 1347//1347 1331//1331 1356//1356
f 1351//1351 1352//1352 1334//1334
f 1351//1351 1349//1349 1352//1352
f 1349//1349 1325//1325 1352//1352
f 1346//1346 1350//1350 1330//1330
f 1346//1346 1348//1348 1350//1350
f 1348//1348 1329//1329 1350//1350
f 1387//1387 1411//1411 1409//1409
f 1392//1392 1412//1412 1414//1414
f 1391//1391 1410//1410 1418//1418
f 1390//1390 1417//1417 1421//1421
f 1389//1389 1420//1420 1416//1416
f 1392//1392 1414//1414 1424//1424
f 1393//1393 1413//1413 1426//1426
f 1395//1395 1419//1419 1428//1428
f 1396//1396 1422//1422 1431//1431
f 1397//1397 1423//1423 1433//1433
f 1392//1392 1424//1424 1427//1427
f 1393//1393 1426//1426 1429//1429
f 1395//1395 1428//1428 1432//1432
f 1396//1396 1431//1431 1434//1434
f 1397//1397 1433//1433 1425//1425
f 1398//1398 1435//1435 1441//1441
f 1399//1399 1436//1436 1444//1444
f 1401//1401 1437//1437 1447//1447
f 1402//1402 1438//1438 1449//1449
f 1403//1403 1439//1439 1443//1443
f 1443//1443 1448//1448 1406//1406
f 1443//1443 1439//1439 1448//1448
f 1439//1439 1402//1402 1448//1448
f 1449//1449 1446//1446 1407//1407
f 1449//1449 1438//1438 1446//1446
f 1438//1438 1401//1401 1446//1446
f 1447//1447 1445//1445 1408//1408
f 1447//1447 1437//1437 1445//1445
f 1437//1437 1400//1400 1445//1445
f 1444//1444 1440//1440 1404//1404
f 1444//1444 1436//1436 1440//1440
f 1436//1436 1398//1398 1440//1440
f 1441//1441 1442//1442 1405//1405
f 1441//1441 1435//1435 1442//1442
f 1435//1435 1403//1403 1442//1442
f 1425//1425 1439//1439 1403//1403
f 1425//1425 1433//1433 1439//1439
f 1433//1433 1402//1402 1439//1439
f 1434//1434 1438//1438 1402//1402
f 1434//1434 1431//1431 1438//1438
f 1431//1431 1401//1401 1438//1438
f 1432//1432 1437//1437 1401//1401
f 1432//1432 1428//1428 1437//1437
f 1428//1428 1400//1400 1437//1437
f 1429//1429 1436//1436 1399//1399
f 1429//1429 1426//1426 1436//1436
f 1426//1426 1398//1398 1436//1436
f 1427//1427 1435//1435 1398//1398
f 1427//1427 1424//1424 1435//1435
f 1424//1424 1403//1403 1435//1435
f 1433//1433 1434//1434 1402//1402
f 1433//1433 1423//1423 1434//1434
f 1423//1423 1396//1396 1434//1434
f 1431//1431 1432//1432 1401//1401
f 1431//1431 1422//1422 1432//1432
f 1422//1422 1395//1395 1432//1432
f 1428//1428 1430//1430 1400//1400
f 1428//1428 1419//1419 1430//1430
f 1419//1419 1394//1394 1430//1430
f 1426//1426 1427//1427 1398//1398
f 1426//1426 1413//1413 1427//1427
f 1413//1413 1392//1392 1427//1427
f 1424//1424 1425//1425 1403//1403
f 1424//1424 1414//1414 1425//1425
f 1414//1414 1397//1397 1425//1425
f 1416//1416 1423//1423 1397//1397
f 1416//1416 1420//1420 1423//1423
f 1420//1420 1396//1396 1423//1423
f 1421//1421 1422//1422 1396//1396
f 1421//1421 1417//1417 1422//1422
f 1417//1417 1395//1395 1422//1422
f 1418//1418 1419//1419 1395//1395
f 1418//1418 1410//1410 1419//1419
f 1410//1410 1394//1394 1419//1419
f 1414//1414 1415//1415 1397//1397
f 1414//1414 1412//1412 1415//1415
f 1412//1412 1388//1388 1415//1415
f 1409//1409 1413//1413 1393//1393
f 1409//1409 1411//1411 1413//1413
f 1411//1411 1392//1392 1413//1413
f 1450//1450 1474//1474 1472//1472
f 1455//1455 1475//1475 1477//1477
f 1454//1454 1473//1473 1481//1481
f 1453//1453 1480//1480 1484//1484
f 1452//1452 1483//1483 1479//1479
f 1455//1455 1477//1477 1487//1487
f 1456//1456 1476//1476 1489//1489
f 1458//1458 1482//1482 1491//1491
f 1459//1459 1485//1485 1494//1494
f 1460//1460 1486//1486 1496//1496
f 1455//1455 1487//1487 1490//1490
f 1456//1456 1489//1489 1492//1492
f 1458//1458 1491//1491 1495//1495
f 1459//1459 1494//1494 1497//1497
f 1460//1460 1496//1496 1488//1488
f 1461//1461 1498//1498 1504//1504
f 1462//1462 1499//1499 1507//1507
f 1464//1464 1500//1500 1510//1510
f 1465//1465 1501//1501 1512//1512
f 1466//1466 1502//1502 1506//1506
f 1506//1506 1511//1511 1469//1469
f 1506//1506 1502//1502 1511//1511
f 1502//1502 1465//1465 1511//1511
f 1512//1512 1509//1509 1470//1470
f 1512//1512 1501//1501 1509//1509
f 1501//1501 1464//1464 1509//1509
f 1510//1510 1508//1508 1471//1471
f 1510//1510 1500//1500 1508//1508
f 1500//1500 1463//1463 1508//1508
f 1507//1507 1503//1503 1467//1467
f 1507//1507 1499//1499 1503//1503
f 1499//1499 1461//1461 1503//1503
f 1504//1504 1505//1505 1468//1468
f 1504//1504 1498//1498 1505//1505
f 1498//1498 1466//1466 1505//1505
f 1488//1488 1502//1502 1466//1466
f 1488//1488 1496//1496 1502//1502
f 1496//1496 1465//1465 1502//1502
f 1497//1497 1501//1501 1465//1465
f 1497//1497 1494//1494 1501//1501
f 1494//1494 1464//1464 1501//1501
f 1495//1495 1500//1500 1464//1464
f 1495//1495 1491//1491 1500//1500
f 1491//1491 1463//1463 1500//1500
f 1492//1492 1499//1499 1462//1462
f 1492//1492 1489//1489 1499//1499
f 1489//1489 1461//1461 1499//1499
f 1490//1490 1498//1498 1461//1461
f 1490//1490 1487//1487 1498//1498
f 1487//1487 1466//1466 1498//1498
f 1496//1496 1497//1497 1465//1465
f 1496//1496 1486//1486 1497//1497
f 1486//1486 1459//1459 1497//1497
f 1494//1494 1495//1495 1464//1464
f 1494//1494 1485//1485 1495//1495
f 1485//1485 1458//1458 1495//1495
f 1491//1491 1493//1493 1463//1463
f 1491//1491 1482//1482 1493//1493
f 1482//1482 1457//1457 1493//1493
f 1489//1489 1490//1490 1461//1461
f 1489//1489 1476//1476 1490//1490
f 1476//1476 1455//1455 1490//1490
f 1487//1487 1488//1488 1466//1466
f 1487//1487 1477//1477 1488//1488
f 1477//1477 1460//1460 1488//1488
f 1479//1479 1486//1486 1460//1460
f 1479//1479 1483//1483 1486//1486
f 1483//1483 1459//1459 1486//1486
f 1484//1484 1485//1485 1459//1459
f 1484//1484 1480//1480 1485//1485
f 1480//1480 1458//1458 1485//1485
f 1481//1481 1482//1482 1458//1458
f 1481//1481 1473//1473 1482//1482
f 1473//1473 1457//1457 1482//1482
f 1477//1477 1478//1478 1460//1460
f 1477//1477 1475//1475 1478//1478
f 1475//1475 1451//1451 1478//1478
f 1472//1472 1476//1476 1456//1456
f 1472//1472 1474//1474 1476//1476
f 1474//1474 1455//1455 1476//1476
f 1513//1513 1537//1537 1535//1535
f 1518//1518 1538//1538 1540//1540
f 1517//1517 1536//1536 1544//1544
f 1516//1516 1543//1543 1547//1547
f 1515//1515 1546//1546 1542//1542
f 1518//1518 1540//1540 1550//1550
f 1519//1519 1539//1539 1552//1552
f 1521//1521 1545//1545 1554//1554
f 1522//1522 1548//1548 1557//1557
f 1523//1523 1549//1549 1559//1559
f 1518//1518 1550//1550 1553//1553
f 1519//1519 1552//1552 1555//1555
f 1521//1521 1554//1554 1558//1558
f 1522//1522 1557//1557 1560//1560
f 1523//1523 1559//1559 1551//1551
f 1524//1524 1561//1561 1567//1567
f 1525//1525 1562//1562 1570//1570
f 1527//1527 1563//1563 1573//1573
f 1528//1528 1564//1564 1575//1575
f 1529//1529 1565//1565 1569//1569
f 1569//1569 1574//1574 1532//1532
f 1569//1569 1565//1565 1574//1574
f 1565//1565 1528//1528 1574//1574
f 1575//1575 1572//1572 1533//1533
f 1575//1575 1564//1564 1572//1572
f 1564//1564 1527//1527 1572//1572
f 1573//1573 1571//1571 1534//1534
f 1573//1573 1563//1563 1571//1571
f 1563//1563 1526//1526 1571//1571
f 1570//1570 1566//1566 1530//1530
f 1570//1570 1562//1562 1566//1566
f 1562//1562 1524//1524 1566//1566
f 1567//1567 1568//1568 1531//1531
f 1567//1567 1561//1561 1568//1568
f 1561//1561 1529//1529 1568//1568
f 1551//1551 1565//1565 1529//1529
f 1551//1551 1559//1559 1565//1565
f 1559//1559 1528//1528 1565//1565
f 1560//1560 1564//1564 1528//1528
f 1560//1560 1557//1557 1564//1564
f 1557//1557 1527//1527 1564//1564
f 1558//1558 1563//1563 1527//1527
f 1558//1558 1554//1554 1563//1563
f 1554//1554 1526//1526 1563//1563
f 1555//1555 1562//1562 1525//1525
f 1555//1555 1552//1552 1562//1562
f 1552//1552 1524//1524 1562//1562
f 1553//1553 1561//1561 1524//1524
f 1553//1553 1550//1550 1561//1561
f 1550//1550 1529//1529 1561//1561
f 1559//1559 1560//1560 1528//1528
f 1559//1559 1549//1549 1560//1560
f 1549//1549 1522//1522 1560//1560
f 1557//1557 1558//1558 1527//1527
f 1557//1557 1548//1548 1558//1558
f 1548//1548 1521//1521 1558//1558
f 1554//1554 1556//1556 1526//1526
f 1554//1554 1545//1545 1556//1556
f 1545//1545 1520//1520 1556//1556
f 1552//1552 1553//1553 1524//1524
f 1552//1552 1539//1539 1553//1553
f 1539//1539 1518//1518 1553//1553
f 1550//1550 1551//1551 1529//1529
f 1550//1550 1540//1540 1551//1551
f 1540//1540 1523//1523 1551//1551
f 1542//1542 1549//1549 1523//1523
f 1542//1542 1546//1546 1549//1549
f 1546//1546 1522//1522 1549//1549
f 1547//1547 1548//1548 1522//1522
f 1547//1547 1543//1543 1548//1548
f 1543//1543 1521//1521 1548//1548
f 1544//1544 1545//1545 1521//1521
f 1544//1544 1536//1536 1545//1545
f 1536//1536 1520//1520 1545//1545
f 1540//1540 1541//1541 1523//1523
f 1540//1540 1538//1538 1541//1541
f 1538//1538 1514//1514 1541//1541
f 1535//1535 1539//1539 1519//1519
f 1535//1535 1537//1537 1539//1539
f 1537//1537 1518//1518 1539//1539
f 1576//1576 1600//1600 1598//1598
f 1581//1581 1601//1601 1603//1603
f 1580//1580 1599//1599 1607//1607
f 1579//1579 1606//1606 1610//1610
f 1578//1578 1609//1609 1605//1605
f 1581//1581 1603//1603 1613//1613
f 1582//1582 1602//1602 1615//1615
f 1584//1584 1608//1608 1617//1617
f 1585//1585 1611//1611 1620//1620
f 1586//1586 1612//1612 1622//1622
f 1581//1581 1613//1613 1616//1616
f 1582//1582 1615//1615 1618//1618
f 1584//1584 1617//1617 1621//1621
f 1585//1585 1620//1620 1623//1623
f 1586//1586 1622//1622 1614//1614
f 1587//1587 1624//1624 1630//1630
f 1588//1588 1625//1625 1633//1633
f 1590//1590 1626//1626 1636//1636
f 1591//1591 1627//1627 1638//1638
f 1592//1592 1628//1628 1632//1632
f 1632//1632 1637//1637 1595//1595
f 1632//1632 1628//1628 1637//1637
f 1628//1628 1591//1591 1637//1637
f 1638//1638 1635//1635 1596//1596
f 1638//1638 1627//1627 1635//1635
f 1627//1627 1590//1590 1635//1635
f 1636//1636 1634//1634 1597//1597
f 1636//1636 1626//1626 1634//1634
f 1626//1626 1589//1589 1634//1634
f 1633//1633 1629//1629 1593//1593
f 1633//1633 1625//1625 1629//1629
f 1625//1625 1587//1587 1629//1629
f 1630//1630 1631//1631 1594//1594
f 1630//1630 1624//1624 1631//1631
f 1624//1624 1592//1592 1631//1631
f 1614//1614 1628//1628 1592//1592
f 1614//1614 1622//1622 1628//1628
f 1622//1622 1591//1591 1628//1628
f 1623//1623 1627//1627 1591//1591
f 1623//1623 1620//1620 1627//1627
f 1620//1620 1590//1590 1627//1627
f 1621//1621 1626//1626 1590//1590
f 1621//1621 1617//1617 1626//1626
f 1617//1617 1589//1589 1626//1626
f 1618//1618 1625//1625 1588//1588
f 1618//1618 1615//1615 1625//1625
f 1615//1615 1587//1587 1625//1625
f 1616//1616 1624//1624 1587//1587
f 1616//1616 1613//1613 1624//1624
f 1613//1613 1592//1592 1624//1624
f 1622//1622 1623//1623 1591//1591
f 1622//1622 1612//1612 1623//1623
f 1612//1612 1585//1585 1623//1623
f 1620//1620 1621//1621 1590//1590
f 1620//1620 1611//1611 1621//1621
f 1611//1611 1584//1584 1621//1621
f 1617//1617 1619//1619 1589//1589
f 1617//1617 1608//1608 1619//1619
f 1608//1608 1583//1583 1619//1619
f 1615//1615 1616//1616 1587//1587
f 1615//1615 1602//1602 1616//1616
f 1602//1602 1581//1581 1616//1616
f 1613//1613 1614//1614 1592//1592
f 1613//1613 1603//1603 1614//1614
f 1603//1603 1586//1586 1614//1614
f 1605//1605 1612//1612 1586//1586
f 1605//1605 1609//1609 1612//1612
f 1609//1609 1585//1585 1612//1612
f 1610//1610 1611//1611 1585//1585
f 1610//1610 1606//1606 1611//1611
f 1606//1606 1584//1584 1611//1611
f 1607//1607 1608//1608 1584//1584
f 1607//1607 1599//1599 1608//1608
f 1599//1599 1583//1583 1608//1608
f 1603//1603 1604//1604 1586//1586
f 1603//1603 1601//1601 1604//1604
f 1601//1601 1577//1577 1604//1604
f 1598//1598 1602//1602 1582//1582
f 1598//1598 1600//1600 1602//1602
f 1600//1600 1581//1581 1602//1602
f 1639//1639 1663//1663 1661//1661
f 1644//1644 1664//1664 1666//1666
f 1643//1643 1662//1662 1670//1670
f 1642//1642 1669//1669 1673//1673
f 1641//1641 1672//1672 1668//1668
f 1644//1644 1666//1666 1676//1676
f 1645//1645 1665//1665 1678//1678
f 1647//1647 1671//1671 1680//1680
f 1648//1648 1674//1674 1683//1683
f 1649//1649 1675//1675 1685//1685
f 1644//1644 1676//1676 1679//1679
f 1645//1645 1678//1678 1681//1681
f 1647//1647 1680//1680 1684//1684
f 1648//1648 1683//1683 1686//1686
f 1649//1649 1685//1685 1677//1677
f 1650//1650 1687//1687 1693//1693
f 1651//1651 1688//1688 1696//1696
f 1653//1653 1689//1689 1699//1699
f 1654//1654 1690//1690 1701//1701
f 1655//1655 1691//1691 1695//1695
f 1695//1695 1700//1700 1658//1658
f 1695//1695 1691//1691 1700//1700
f 1691//1691 1654//1654 1700//1700
f 1701//1701 1698//1698 1659//1659
f 1701//1701 1690//1690 1698//1698
f 1690//1690 1653//1653 1698//1698
f 1699//1699 1697//1697 1660//1660
f 1699//1699 1689//1689 1697//1697
f 1689//1689 1652//1652 1697//1697
f 1696//1696 1692//1692 1656//1656
f 1696//1696 1688//1688 1692//1692
f 1688//1688 1650//1650 1692//1692
f 1693//1693 1694//1694 1657//1657
f 1693//1693 1687//1687 1694//1694
f 1687//1687 1655//1655 1694//1694
f 1677//1677 1691//1691 1655//1655
f 1677//1677 1685//1685 1691//1691
f 1685//1685 1654//1654 1691//1691
f 1686//1686 1690//1690 1654//1654
f 1686//1686 1683//1683 1690//1690
f 1683//1683 1653//1653 1690//1690
f 1684//1684 1689//1689 1653//1653
f 1684//1684 1680//1680 1689//1689
f 1680//1680 1652//1652 1689//1689
f 1681//1681 1688//1688 1651//1651
f 1681//1681 1678//1678 1688//1688
f 1678//1678 1650//1650 1688//1688
f 1679//1679 1687//1687 1650//1650
f 1679//1679 1676//1676 1687//1687
f 1676//1676 1655//1655 1687//1687
f 1685//1685 1686//1686 1654//1654
f 1685//1685 1675//1675 1686//1686
f 1675//1675 1648//1648 1686//1686
f 1683//1683 1684//1684 1653//1653
f 1683//1683 1674//1674 1684//1684
f 1674//1674 1647//1647 1684//1684
f 1680//1680 1682//1682 1652//1652
f 1680//1680 1671//1671 1682//1682
f 1671//1671 1646//1646 1682//1682
f 1678//1678 1679//1679 1650//1650
f 1678//1678 1665//1665 1679//1679
f 1665//1665 1644//1644 1679//1679
f 1676//1676 1677//1677 1655//1655
f 1676//1676 1666//1666 1677//1677
f 1666//1666 1649//1649 1677//1677
f 1668//1668 1675//1675 1649//1649
f 1668//1668 1672//1672 1675//1675
f 1672//1672 1648//1648 1675//1675
f 1673//1673 1674//1674 1648//1648
f 1673//1673 1669//1669 1674//1674
f 1669//1669 1647//1647 1674//1674
f 1670//1670 1671//1671 1647//1647
f 1670//1670 1662//1662 1671//1671
f 1662//1662 1646//1646 1671//1671
f 1666//1666 1667//1667 1649//1649
f 1666//1666 1664//1664 1667//1667
f 1664//1664 1640//1640 1667//1667
f 1661//1661 1665//1665 1645//1645
f 1661//1661 1663//1663 1665//1665
f 1663//1663 1644//1644 1665//1665
f 1702//1702 1726//1726 1724//1724
f 1707//1707 1727//1727 1729//1729
f 1706//1706 1725//1725 1733//1733
f 1705//1705 1732//1732 1736//1736
f 1704//1704 1735//1735 1731//1731
f 1707//1707 1729//1729 1739//1739
f 1708//1708 1728//1728 1741//1741
f 1710//1710 1734//1734 1743//1743
f 1711//1711 1737//1737 1746//1746
f 1712//1712 1738//1738 1748//1748
f 1707//1707 1739//1739 1742//1742
f 1708//1708 1741//1741 1744//1744
f 1710//1710 1743//1743 1747//1747
f 1711//1711 1746//1746 1749//1749
f 1712//1712 1748//1748 1740//1740
f 1713//1713 1750//1750 1756//1756
f 1714//1714 1751//1751 1759//1759
f 1716//1716 1752//1752 1762//1762
f 1717//1717 1753//1753 1764//1764
f 1718//1718 1754//1754 1758//1758
f 1758//1758 1763//1763 1721//1721
f 1758//1758 1754//1754 1763//1763
f 1754//1754 1717//1717 1763//1763
f 1764//1764 1761//1761 1722//1722
f 1764//1764 1753//1753 1761//1761
f 1753//1753 1716//1716 1761//1761
f 1762//1762 1760//1760 1723//1723
f 1762//1762 1752//1752 1760//1760
f 1752//1752 1715//1715 1760//1760
f 1759//1759 1755//1755 1719//1719
f 1759//1759 1751//1751 1755//1755
f 1751//1751 1713//1713 1755//1755
f 1756//1756 1757//1757 1720//1720
f 1756//1756 1750//1750 1757//1757
f 1750//1750 1718//1718 1757//1757
f 1740//1740 1754//1754 1718//1718
f 1740//1740 1748//1748 1754//1754
f 1748//1748 1717//1717 1754//1754
f 1749//1749 1753//1753 1717//1717
f 1749//1749 1746//1746 1753//1753
f 1746//1746 1716//1716 1753//1753
f 1747//1747 1752//1752 1716//1716
f 1747//1747 1743//1743 1752//1752
f 1743//1743 1715//1715 1752//1752
f 1744//1744 1751//1751 1714//1714
f 1744//1744 1741//1741 1751//1751
f 1741//1741 1713//1713 1751//1751
f 1742//1742 1750//1750 1713//1713
f 1742//1742 1739//1739 1750//1750
f 1739//1739 1718//1718 1750//1750
f 1748//1748 1749//1749 1717//1717
f 1748//1748 1738//1738 1749//1749
f 1738//1738 1711//1711 1749//1749
f 1746//1746 1747//1747 1716//1716
f 1746//1746 1737//1737 1747//1747
f 1737//1737 1710//1710 1747//1747
f 1743//1743 1745//1745 1715//1715
f 1743//1743 1734//1734 1745//1745
f 1734//1734 1709//1709 1745//1745
f 1741//1741 1742//1742 1713//1713
f 1741//1741 1728//1728 1742//1742
f 1728//1728 1707//1707 1742//1742
f 1739//1739 1740//1740 1718//1718
f 1739//1739 1729//1729 1740//1740
f 1729//1729 1712//1712 1740//1740
f 1731//1731 1738//1738 1712//1712
f 1731//1731 1735//1735 1738//1738
f 1735//1735 1711//1711 1738//1738
f 1736//1736 1737//1737 1711//1711
f 1736//1736 1732//1732 1737//1737
f 1732//1732 1710//1710 1737//1737
f 1733//1733 1734//1734 1710//1710
f 1733//1733 1725//1725 1734//1734
f 1725//1725 1709//1709 1734//1734
f 1729//1729 1730//1730 1712//1712
f 1729//1729 1727//1727 1730//1730
f 1727//1727 1703//1703 1730//1730
f 1724//1724 1728//1728 1708//1708
f 1724//1724 1726//1726 1728//1728
f 1726//1726 1707//1707 1728//1728
f 1765//1765 1789//1789 1787//1787
f 1770//1770 1790//1790 1792//1792
f 1769//1769 1788//1788 1796//1796
f 1768//1768 1795//1795 1799//1799
f 1767//1767 1798//1798 1794//1794
f 1770//1770 1792//1792 1802//1802
f 1771//1771 1791//1791 1804//1804
f 1773//1773 1797//1797 1806//1806
f 1774//1774 1800//1800 1809//1809
f 1775//1775 1801//1801 1811//1811
f 1770//1770 1802//1802 1805//1805
f 1771//1771 1804//1804 1807//1807
f 1773//1773 1806//1806 1810//1810
f 1774//1774 1809//1809 1812//1812
f 1775//1775 1811//1811 1803//1803
f 1776//1776 1813//1813 1819//1819
f 1777//1777 1814//1814 1822//1822
f 1779//1779 1815//1815 1825//1825
f 1780//1780 1816//1816 1827//1827
f 1781//1781 1817//1817 1821//1821
f 1821//1821 1826//1826 1784//1784
f 1821//1821 1817//1817 1826//1826
f 1817//1817 1780//1780 1826//1826
f 1827//1827 1824//1824 1785//1785
f 1827//1827 1816//1816 1824//1824
f 1816//1816 1779//1779 1824//1824
f 1825//1825 1823//1823 1786//1786
f 1825//1825 1815//1815 1823//1823
f 1815//1815 1778//1778 1823//1823
f 1822//1822 1818//1818 1782//1782
f 1822//1822 1814//1814 1818//1818
f 1814//1814 1776//1776 1818//1818
f 1819//1819 1820//1820 1783//1783
f 1819//1819 1813//1813 1820//1820
f 1813//1813 1781//1781 1820//1820
f 1803//1803 1817//1817 1781//1781
f 1803//1803 1811//1811 1817//1817
f 1811//1811 1780//1780 1817//1817
f 1812//1812 1816//1816 1780//1780
f 1812//1812 1809//1809 1816//1816
f 1809//1809 1779//1779 1816//1816
f 1810//1810 1815//1815 1779//1779
f 1810//1810 1806//1806 1815//1815
f 1806//1806 1778//1778 1815//1815
f 1807//1807 1814//1814 1777//1777
f 1807//1807 1804//1804 1814//1814
f 1804//1804 1776//1776 1814//1814
f 1805//1805 1813//1813 1776//1776
f 1805//1805 1802//1802 1813//1813
f 1802//1802 1781//1781 1813//1813
f 1811//1811 1812//1812 1780//1780
f 1811//1811 1801//1801 1812//1812
f 1801//1801 1774//1774 1812//1812
f 1809//1809 1810//1810 1779//1779
f 1809//1809 1800//1800 1810//1810
f 1800//1800 1773//1773 1810//1810
f 1806//1806 1808//1808 1778//1778
f 1806//1806 1797//1797 1808//1808
f 1797//1797 1772//1772 1808//1808
f 1804//1804 1805//1805 1776//1776
f 1804//1804 1791//1791 1805//1805
f 1791//1791 1770//1770 1805//1805
f 1802//1802 1803//1803 1781//1781
f 1802//1802 1792//1792 1803//1803
f 1792//1792 1775//1775 1803//1803
f 1794//1794 1801//1801 1775//1775
f 1794//1794 1798//1798 1801//1801
f 1798//1798 1774//1774 1801//1801
f 1799//1799 1800//1800 1774//1774
f 1799//1799 1795//1795 1800//1800
f 1795//1795 1773//1773 1800//1800
f 1796//1796 1797//1797 1773//1773
f 1796//1796 1788//1788 1797//1797
f 1788//1788 1772//1772 1797//1797
f 1792//1792 1793//1793 1775//1775
f 1792//1792 1790//1790 1793//1793
f 1790//1790 1766//1766 1793//1793
f 1787//1787 1791//1791 1771//1771
f 1787//1787 1789//1789 1791//1791
f 1789//1789 1770//1770 1791//1791
f 1828//1828 1852//1852 1850//1850
f 1833//1833 1853//1853 1855//1855
f 1832//1832 1851//1851 1859//1859
f 1831//1831 1858//1858 1862//1862
f 1830//1830 1861//1861 1857//1857
f 1833//1833 1855//1855 1865//1865
f 1834//1834 1854//1854 1867//1867
f 1836//1836 1860//1860 1869//1869
f 1837//1837 1863//1863 1872//1872
f 1838//1838 1864//1864 1874//1874
f 1833//1833 1865//1865 1868//1868
f 1834//1834 1867//1867 1870//1870
f 1836//1836 1869//1869 1873//1873
f 1837//1837 1872//1872 1875//1875
f 1838//1838 1874//1874 1866//1866
f 1839//1839 1876//1876 1882//1882
f 1840//1840 1877//1877 1885//1885
f 1842//1842 1878//1878 1888//1888
f 1843//1843 1879//1879 1890//1890
f 1844//1844 1880//1880 1884//1884
f 1884//1884 1889//1889 1847//1847
f 1884//1884 1880//1880 1889//1889
f 1880//1880 1843//1843 1889//1889
f 1890//1890 1887//1887 1848//1848
f 1890//1890 1879//1879 1887//1887
f 1879//1879 1842//1842 1887//1887
f 1888//1888 1886//1886 1849//1849
f 1888//1888 1878//1878 1886//1886
f 1878//1878 1841//1841 1886//1886
f 1885//1885 1881//1881 1845//1845
f 1885//1885 1877//1877 1881//1881
f 1877//1877 1839//1839 1881//1881
f 1882//1882 1883//1883 1846//1846
f 1882//1882 1876//1876 1883//1883
f 1876//1876 1844//1844 1883//1883
f 1866//1866 1880//1880 1844//1844
f 1866//1866 1874//1874 1880//1880
f 1874//1874 1843//1843 1880//1880
f 1875//1875 1879//1879 1843//1843
f 1875//1875 1872//1872 1879//1879
f 1872//1872 1842//1842 1879//1879
f 1873//1873 1878//1878 1842//1842
f 1873//1873 1869//1869 1878//1878
f 1869//1869 1841//1841 1878//1878
f 1870//1870 1877//1877 1840//1840
f 1870//1870 1867//1867 1877//1877
f 1867//1867 1839//1839 1877//1877
f 1868//1868 1876//1876 1839//1839
f 1868//1868 1865//1865 1876//1876
f 1865//1865 1844//1844 1876//1876
f 1874//1874 1875//1875 1843//1843
f 1874//1874 1864//1864 1875//1875
f 1864//1864 1837//1837 1875//1875
f 1872//1872 1873//1873 1842//1842
f 1872//1872 1863//1863 1873//1873
f 1863//1863 1836//1836 1873//1873
f 1869//1869 1871//1871 1841//1841
f 1869//1869 1860//1860 1871//1871
f 1860//1860 1835//1835 1871//1871
f 1867//1867 1868//1868 1839//1839
f 1867//1867 1854//1854 1868//1868
f 1854//1854 1833//1833 1868//1868
f 1865//1865 1866//1866 1844//1844
f 1865//1865 1855//1855 1866//1866
f 1855//1855 1838//1838 1866//1866
f 1857//1857 1864//1864 1838//1838
f 1857//1857 1861//1861 1864//1864
f 1861//1861 1837//1837 1864//1864
f 1862//1862 1863//1863 1837//1837
f 1862//1862 1858//1858 1863//1863
f 1858//1858 1836//1836 1863//1863
f 1859//1859 1860//1860 1836//1836
f 1859//1859 1851//1851 1860//1860
f 1851//1851 1835//1835 1860//1860
f 1855//1855 1856//1856 1838//1838
f 1855//1855 1853//1853 1856//1856
f 1853//1853 1829//1829 1856//1856
f 1850//1850 1854//1854 1834//1834
f 1850//1850 1852//1852 1854//1854
f 1852//1852 1833//1833 1854//1854
f 1891//1891 1915//1915 1913//1913
f 1896//1896 1916//1916 1918//1918
f 1895//1895 1914//1914 1922//1922
f 1894//1894 1921//1921 1925//1925
f 1893//1893 1924//1924 1920//1920
f 1896//1896 1918//1918 1928//1928
f 1897//1897 1917//1917 1930//1930
f 1899//1899 1923//1923 1932//1932
f 1900//1900 1926//1926 1935//1935
f 1901//1901 1927//1927 1937//1937
f 1896//1896 1928//1928 1931//1931
f 1897//1897 1930//1930 1933//1933
f 1899//1899 1932//1932 1936//1936
f 1900//1900 1935//1935 1938//1938
f 1901//1901 1937//1937 1929//1929
f 1902//1902 1939//1939 1945//1945
f 1903//1903 1940//1940 1948//1948
f 1905//1905 1941//1941 1951//1951
f 1906//1906 1942//1942 1953//1953
f 1907//1907 1943//1943 1947//1947
f 1947//1947 1952//1952 1910//1910
f 1947//1947 1943//1943 1952//1952
f 1943//1943 1906//1906 1952//1952
f 1953//1953 1950//1950 1911//1911
f 1953//1953 1942//1942 1950//1950
f 1942//1942 1905//1905 1950//1950
f 1951//1951 1949//1949 1912//1912
f 1951//1951 1941//1941 1949//1949
f 1941//1941 1904//1904 1949//1949
f 1948//1948 1944//1944 1908//1908
f 1948//1948 1940//1940 1944//1944
f 1940//1940 1902//1902 1944//1944
f 1945//1945 1946//1946 1909//1909
f 1945//1945 1939//1939 1946//1946
f 1939//1939 1907//1907 1946//1946
f 1929//1929 1943//1943 1907//1907
f 1929//1929 1937//1937 1943//1943
f 1937//1937 1906//1906 1943//1943
f 1938//1938 1942//1942 1906//1906
f 1938//1938 1935//1935 1942//1942
f 1935//1935 1905//1905 1942//1942
f 1936//1936 1941//1941 1905//1905
f 1936//1936 1932//1932 1941//1941
f 1932//1932 1904//1904 1941//1941
f 1933//1933 1940//1940 1903//1903
f 1933//1933 1930//1930 1940//1940
f 1930//1930 1902//1902 1940//1940
f 1931//1931 1939//1939 1902//1902
f 1931//1931 1928//1928 1939//1939
f 1928//1928 1907//1907 1939//1939
f 1937//1937 1938//1938 1906//1906
f 1937//1937 1927//1927 1938//1938
f 1927//1927 1900//1900 1938//1938
f 1935//1935 1936//1936 1905//1905
f 1935//1935 1926//1926 1936//1936
f 1926//1926 1899//1899 1936//1936
f 1932//1932 1934//1934 1904//1904
f 1932//1932 1923//1923 1934//1934
f 1923//1923 1898//1898 1934//1934
f 1930//1930 1931//1931 1902//1902
f 1930//1930 1917//1917 1931//1931
f 1917//1917 1896//1896 1931//1931
f 1928//1928 1929//1929 1907//1907
f 1928//1928 1918//1918 1929//1929
f 1918//1918 1901//1901 1929//1929
f 1920//1920 1927//1927 1901//1901
f 1920//1920 1924//1924 1927//1927
f 1924//1924 1900//1900 1927//1927
f 1925//1925 1926//1926 1900//1900
f 1925//1925 1921//1921 1926//1926
f 1921//1921 1899//1899 1926//1926
f 1922//1922 1923//1923 1899//1899
f 1922//1922 1914//1914 1923//1923
f 1914//1914 1898//1898 1923//1923
f 1918//1918 1919//1919 1901//1901
f 1918//1918 1916//1916 1919//1919
f 1916//1916 1892//1892 1919//1919
f 1913//1913 1917//1917 1897//1897
f 1913//1913 1915//1915 1917//1917
f 1915//1915 1896//1896 1917//1917
f 1954//1954 1978//1978 1976//1976
f 1959//1959 1979//1979 1981//1981
f 1958//1958 1977//1977 1985//1985
f 1957//1957 1984//1984 1988//1988
f 1956//1956 1987//1987 1983//1983
f 1959//1959 1981//1981 1991//1991
f 1960//1960 1980//1980 1993//1993
f 1962//1962 1986//1986 1995//1995
f 1963//1963 1989//1989 1998//1998
f 1964//1964 1990//1990 2000//2000
f 1959//1959 1991//1991 1994//1994
f 1960//1960 1993//1993 1996//1996
f 1962//1962 1995//1995 1999//1999
f 1963//1963 1998//1998 2001//2001
f 1964//1964 2000//2000 1992//1992
f 1965//1965 2002//2002 2008//2008
f 1966//1966 2003//2003 2011//2011
f 1968//1968 2004//2004 2014//2014
f 1969//1969 2005//2005 2016//2016
f 1970//1970 2006//2006 2010//2010
f 2010//2010 2015//2015 1973//1973
f 2010//2010 2006//2006 2015//2015
f 2006//2006 1969//1969 2015//2015
f 2016//2016 2013//2013 1974//1974
f 2016//2016 2005//2005 2013//2013
f 2005//2005 1968//1968 2013//2013
f 2014//2014 2012//2012 1975//1975
f 2014//2014 2004//2004 2012//2012
f 2004//2004 1967//1967 2012//2012
f 2011//2011 2007//2007 1971//1971
f 2011//2011 2003//2003 2007//2007
f 2003//2003 1965//1965 2007//2007
f 2008//2008 2009//2009 1972//1972
f 2008//2008 2002//2002 2009//2009
f 2002//2002 1970//1970 2009//2009
f 1992//1992 2006//2006 1970//1970
f 1992//1992 2000//2000 2006//2006
f 2000//2000 1969//1969 2006//2006
f 2001//2001 2005//2005 1969//1969
f 2001//2001 1998//1998 2005//2005
f 1998//1998 1968//1968 2005//2005
f 1999//1999 2004//2004 1968//1968
f 1999//1999 1995//1995 2004//2004
f 1995//1995 1967//1967 2004//2004
f 1996//1996 2003//2003 1966//1966
f 1996//1996 1993//1993 2003//2003
f 1993//1993 1965//1965 2003//2003
f 1994//1994 2002//2002 1965//1965
f 1994//1994 1991//1991 2002//2002
f 1991//1991 1970//1970 2002//2002
f 2000//2000 2001//2001 1969//1969
f 2000//2000 1990//1990 2001//2001
f 1990//1990 1963//1963 2001//2001
f 1998//1998 1999//1999 1968//1968
f 1998//1998 1989//1989 1999//1999
f 1989//1989 1962//1962 1999//1999
f 1995//1995 1997//1997 1967//1967
f 1995//1995 1986//1986 1997//1997
f 1986//1986 1961//1961 1997//1997
f 1993//1993 1994//1994 1965//1965
f 1993//1993 1980//1980 1994//1994
f 1980//1980 1959//1959 1994//1994
f 1991//1991 1992//1992 1970//1970
f 1991//1991 1981//1981 1992//1992
f 1981//1981 1964//1964 1992//1992
f 1983//1983 1990//1990 1964//1964
f 1983//1983 1987//1987 1990//1990
f 1987//1987 1963//1963 1990//1990
f 1988//1988 1989//1989 1963//1963
f 1988//1988 1984//1984 1989//1989
f 1984//1984 1962//1962 1989//1989
f 1985//1985 1986//1986 1962//1962
f 1985//1985 1977//1977 1986//1986
f 1977//1977 1961//1961 1986//1986
f 1981//1981 1982//1982 1964//1964
f 1981//1981 1979//1979 1982//1982
f 1979//1979 1955//1955 1982//1982
f 1976//1976 1980//1980 1960//1960
f 1976//1976 1978//1978 1980//1980
f 1978//1978 1959//1959 1980//1980
f 2017//2017 2041//2041 2039//2039
f 2022//2022 2042//2042 2044//2044
f 2021//2021 2040//2040 2048//2048
f 2020//2020 2047//2047 2051//2051
f 2019//2019 2050//2050 2046//2046
f 2022//2022 2044//2044 2054//2054
f 2023//2023 2043//2043 2056//2056
f 2025//2025 2049//2049 2058//2058
f 2026//2026 2052//2052 2061//2061
f 2027//2027 2053//2053 2063//2063
f 2022//2022 2054//2054 2057//2057
f 2023//2023 2056//2056 2059//2059
f 2025//2025 2058//2058 2062//2062
f 2026//2026 2061//2061 2064//2064
f 2027//2027 2063//2063 2055//2055
f 2028//2028 2065//2065 2071//2071
f 2029//2029 2066//2066 2074//2074
f 2031//2031 2067//2067 2077//2077
f 2032//2032 2068//2068 2079//2079
f 2033//2033 2069//2069 2073//2073
f 2073//2073 2078//2078 2036//2036
f 2073//2073 2069//2069 2078//2078
f 2069//2069 2032//2032 2078//2078
f 2079//2079 2076//2076 2037//2037
f 2079//2079 2068//2068 2076//2076
f 2068//2068 2031//2031 2076//2076
f 2077//2077 2075//2075 2038//2038
f 2077//2077 2067//2067 2075//2075
f 2067//2067 2030//2030 2075//2075
f 2074//2074 2070//2070 2034//2034
f 2074//2074 2066//2066 2070//2070
f 2066//2066 2028//2028 2070//2070
f 2071//2071 2072//2072 2035//2035
f 2071//2071 2065//2065 2072//2072
f 2065//2065 2033//2033 2072//2072
f 2055//2055 2069//2069 2033//2033
f 2055//2055 2063//2063 2069//2069
f 2063//2063 2032//2032 2069//2069
f 2064//2064 2068//2068 2032//2032
f 2064//2064 2061//2061 2068//2068
f 2061//2061 2031//2031 2068//2068
f 2062//2062 2067//2067 2031//2031
f 2062//2062 2058//2058 2067//2067
f 2058//2058 2030//2030 2067//2067
f 2059//2059 2066//2066 2029//2029
f 2059//2059 2056//2056 2066//2066
f 2056//2056 2028//2028 2066//2066
f 2057//2057 2065//2065 2028//2028
f 2057//2057 2054//2054 2065//2065
f 2054//2054 2033//2033 2065//2065
f 2063//2063 2064//2064 2032//2032
f 2063//2063 2053//2053 2064//2064
f 2053//2053 2026//2026 2064//2064
f 2061//2061 2062//2062 2031//2031
f 2061//2061 2052//2052 2062//2062
f 2052//2052 2025//2025 2062//2062
f 2058//2058 2060//2060 2030//2030
f 2058//2058 2049//2049 2060//2060
f 2049//2049 2024//2024 2060//2060
f 2056//2056 2057//2057 2028//2028
f 2056//2056 2043//2043 2057//2057
f 2043//2043 2022//2022 2057//2057
f 2054//2054 2055//2055 2033//2033
f 2054//2054 2044//2044 2055//2055
f 2044//2044 2027//2027 2055//2055
f 2046//2046 2053//2053 2027//2027
f 2046//2046 2050//2050 2053//2053
f 2050//2050 2026//2026 2053//2053
f 2051//2051 2052//2052 2026//2026
f 2051//2051 2047//2047 2052//2052
f 2047//2047 2025//2025 2052//2052
f 2048//2048 2049//2049 2025//2025
f 2048//2048 2040//2040 2049//2049
f 2040//2040 2024//2024 2049//2049
f 2044//2044 2045//2045 2027//2027
f 2044//2044 2042//2042 2045//2045
f 2042//2042 2018//2018 2045//2045
f 2039//2039 2043//2043 2023//2023
f 2039//2039 2041//2041 2043//2043
f 2041//2041 2022//2022 2043//2043
f 2080//2080 2104//2104 2102//2102
f 2085//2085 2105//2105 2107//2107
f 2084//2084 2103//2103 2111//2111
f 2083//2083 2110//2110 2114//2114
f 2082//2082 2113//2113 2109//2109
f 2085//2085 2107//2107 2117//2117
f 2086//2086 2106//2106 2119//2119
f 2088//2088 2112//2112 2121//2121
f 2089//2089 2115//2115 2124//2124
f 2090//2090 2116//2116 2126//2126
f 2085//2085 2117//2117 2120//2120
f 2086//2086 2119//2119 2122//2122
f 2088//2088 2121//2121 2125//2125
f 2089//2089 2124//2124 2127//2127
f 2090//2090 2126//2126 2118//2118
f 2091//2091 2128//2128 2134//2134
f 2092//2092 2129//2129 2137//2137
f 2094//2094 2130//2130 2140//2140
f 2095//2095 2131//2131 2142//2142
f 2096//2096 2132//2132 2136//2136
f 2136//2136 2141//2141 2099//2099
f 2136//2136 2132//2132 2141//2141
f 2132//2132 2095//2095 2141//2141
f 2142//2142 2139//2139 2100//2100
f 2142//2142 2131//2131 2139//2139
f 2131//2131 2094//2094 2139//2139
f 2140//2140 2138//2138 2101//2101
f 2140//2140 2130//2130 2138//2138
f 2130//2130 2093//2093 2138//2138
f 2137//2137 2133//2133 2097//2097
f 2137//2137 2129//2129 2133//2133
f 2129//2129 2091//2091 2133//2133
f 2134//2134 2135//2135 2098//2098
f 2134//2134 2128//2128 2135//2135
f 2128//2128 2096//2096 2135//2135
f 2118//2118 2132//2132 2096//2096
f 2118//2118 2126//2126 2132//2132
f 2126//2126 2095//2095 2132//2132
f 2127//2127 2131//2131 2095//2095
f 2127//2127 2124//2124 2131//2131
f 2124//2124 2094//2094 2131//2131
f 2125//2125 2130//2130 2094//2094
f 2125//2125 2121//2121 2130//2130
f 2121//2121 2093//2093 2130//2130
f 2122//2122 2129//2129 2092//2092
f 2122//2122 2119//2119 2129//2129
f 2119//2119 2091//2091 2129//2129
f 2120//2120 2128//2128 2091//2091
f 2120//2120 2117//2117 2128//2128
f 2117//2117 2096//2096 2128//2128
f 2126//2126 2127//2127 2095//2095
f 2126//2126 2116//2116 2127//2127
f 2116//2116 2089//2089 2127//2127
f 2124//2124 2125//2125 2094//2094
f 2124//2124 2115//2115 2125//2125
f 2115//2115 2088//2088 2125//2125
f 2121//2121 2123//2123 2093//2093
f 2121//2121 2112//2112 2123//2123
f 2112//2112 2087//2087 2123//2123
f 2119//2119 2120//2120 2091//2091
f 2119//2119 2106//2106 2120//2120
f 2106//2106 2085//2085 2120//2120
f 2117//2117 2118//2118 2096//2096
f 2117//2117 2107//2107 2118//2118
f 2107//2107 2090//2090 2118//2118
f 2109//2109 2116//2116 2090//2090
f 2109//2109 2113//2113 2116//2116
f 2113//2113 2089//2089 2116//2116
f 2114//2114 2115//2115 2089//2089
f 2114//2114 2110//2110 2115//2115
f 2110//2110 2088//2088 2115//2115
f 2111//2111 2112//2112 2088//2088
f 2111//2111 2103//2103 2112//2112
f 2103//2103 2087//2087 2112//2112
f 2107//2107 2108//2108 2090//2090
f 2107//2107 2105//2105 2108//2108
f 2105//2105 2081//2081 2108//2108
f 2102//2102 2106//2106 2086//2086
f 2102//2102 2104//2104 2106//2106
f 2104//2104 2085//2085 2106//2106
f 2143//2143 2167//2167 2165//2165
f 2148//2148 2168//2168 2170//2170
f 2147//2147 2166//2166 2174//2174
f 2146//2146 2173//2173 2177//2177
f 2145//2145 2176//2176 2172//2172
f 2148//2148 2170//2170 2180//2180
f 2149//2149 2169//2169 2182//2182
f 2151//2151 2175//2175 2184//2184
f 2152//2152 2178//2178 2187//2187
f 2153//2153 2179//2179 2189//2189
f 2148//2148 2180//2180 2183//2183
f 2149//2149 2182//2182 2185//2185
f 2151//2151 2184//2184 2188//2188
f 2152//2152 2187//2187 2190//2190
f 2153//2153 2189//2189 2181//2181
f 2154//2154 2191//2191 2197//2197
f 2155//2155 2192//2192 2200//2200
f 2157//2157 2193//2193 2203//2203
f 2158//2158 2194//2194 2205//2205
f 2159//2159 2195//2195 2199//2199
f 2199//2199 2204//2204 2162//2162
f 2199//2199 2195//2195 2204//2204
f 2195//2195 2158//2158 2204//2204
f 2205//2205 2202//2202 2163//2163
f 2205//2205 2194//2194 2202//2202
f 2194//2194 2157//2157 2202//2202
f 2203//2203 2201//2201 2164//2164
f 2203//2203 2193//2193 2201//2201
f 2193//2193 2156//2156 2201//2201
f 2200//2200 2196//2196 2160//2160
f 2200//2200 2192//2192 2196//2196
f 2192//2192 2154//2154 2196//2196
f 2197//2197 2198//2198 2161//2161
f 2197//2197 2191//2191 2198//2198
f 2191//2191 2159//2159 2198//2198
f 2181//2181 2195//2195 2159//2159
f 2181//2181 2189//2189 2195//2195
f 2189//2189 2158//2158 2195//2195
f 2190//2190 2194//2194 2158//2158
f 2190//2190 2187//2187 2194//2194
f 2187//2187 2157//2157 2194//2194
f 2188//2188 2193//2193 2157//2157
f 2188//2188 2184//2184 2193//2193
f 2184//2184 2156//2156 2193//2193
f 2185//2185 2192//2192 2155//2155
f 2185//2185 2182//2182 2192//2192
f 2182//2182 2154//2154 2192//2192
f 2183//2183 2191//2191 2154//2154
f 2183//2183 2180//2180 2191//2191
f 2180//2180 2159//2159 2191//2191
f 2189//2189 2190//2190 2158//2158
f 2189//2189 2179//2179 2190//2190
f 2179//2179 2152//2152 2190//2190
f 2187//2187 2188//2188 2157//2157
f 2187//2187 2178//2178 2188//2188
f 2178//2178 2151//2151 2188//2188
f 2184//2184 2186//2186 2156//2156
f 2184//2184 2175//2175 2186//2186
f 2175//2175 2150//2150 2186//2186
f 2182//2182 2183//2183 2154//2154
f 2182//2182 2169//2169 2183//2183
f 2169//2169 2148//2148 2183//2183
f 2180//2180 2181//2181 2159//2159
f 2180//2180 2170//2170 2181//2181
f 2170//2170 2153//2153 2181//2181
f 2172//2172 2179//2179 2153//2153
f 2172//2172 2176//2176 2179//2179
f 2176//2176 2152//2152 2179//2179
f 2177//2177 2178//2178 2152//2152
f 2177//2177 2173//2173 2178//2178
f 2173//2173 2151//2151 2178//2178
f 2174//2174 2175//2175 2151//2151
f 2174//2174 2166//2166 2175//2175
f 2166//2166 2150//2150 2175//2175
f 2170//2170 2171//2171 2153//2153
f 2170//2170 2168//2168 2171//2171
f 2168//2168 2144//2144 2171//2171
f 2165//2165 2169//2169 2149//2149
f 2165//2165 2167//2167 2169//2169
f 2167//2167 2148//2148 2169//2169
f 2206//2206 2230//2230 2228//2228
f 2211//2211 2231//2231 2233//2233
f 2210//2210 2229//2229 2237//2237
f 2209//2209 2236//2236 2240//2240
f 2208//2208 2239//2239 2235//2235
f 2211//2211 2233//2233 2243//2243
f 2212//2212 2232//2232 2245//2245
f 2214//2214 2238//2238 2247//2247
f 2215//2215 2241//2241 2250//2250
f 2216//2216 2242//2242 2252//2252
f 2211//2211 2243//2243 2246//2246
f 2212//2212 2245//2245 2248//2248
f 2214//2214 2247//2247 2251//2251
f 2215//2215 2250//2250 2253//2253
f 2216//2216 2252//2252 2244//2244
f 2217//2217 2254//2254 2260//2260
f 2218//2218 2255//2255 2263//2263
f 2220//2220 2256//2256 2266//2266
f 2221//2221 2257//2257 2268//2268
f 2222//2222 2258//2258 2262//2262
f 2262//2262 2267//2267 2225//2225
f 2262//2262 2258//2258 2267//2267
f 2258//2258 2221//2221 2267//2267
f 2268//2268 2265//2265 2226//2226
f 2268//2268 2257//2257 2265//2265
f 2257//2257 2220//2220 2265//2265
f 2266//2266 2264//2264 2227//2227
f 2266//2266 2256//2256 2264//2264
f 2256//2256 2219//2219 2264//2264
f 2263//2263 2259//2259 2223//2223
f 2263//2263 2255//2255 2259//2259
f 2255//2255 2217//2217 2259//2259
f 2260//2260 2261//2261 2224//2224
f 2260//2260 2254//2254 2261//2261
f 2254//2254 2222//2222 2261//2261
f 2244//2244 2258//2258 2222//2222
f 2244//2244 2252//2252 2258//2258
f 2252//2252 2221//2221 2258//2258
f 2253//2253 2257//2257 2221//2221
f 2253//2253 2250//2250 2257//2257
f 2250//2250 2220//2220 2257//2257
f 2251//2251 2256//2256 2220//2220
f 2251//2251 2247//2247 2256//2256
f 2247//2247 2219//2219 2256//2256
f 2248//2248 2255//2255 2218//2218
f 2248//2248 2245//2245 2255//2255
f 2245//2245 2217//2217 2255//2255
f 2246//2246 2254//2254 2217//2217
f 2246//2246 2243//2243 2254//2254
f 2243//2243 2222//2222 2254//2254
f 2252//2252 2253//2253 2221//2221
f 2252//2252 2242//2242 2253//2253
f 2242//2242 2215//2215 2253//2253
f 2250//2250 2251//2251 2220//2220
f 2250//2250 2241//2241 2251//2251
f 2241//2241 2214//2214 2251//2251
f 2247//2247 2249//2249 2219//2219
f 2247//2247 2238//2238 2249//2249
f 2238//2238 2213//2213 2249//2249
f 2245//2245 2246//2246 2217//2217
f 2245//2245 2232//2232 2246//2246
f 2232//2232 2211//2211 2246//2246
f 2243//2243 2244//2244 2222//2222
f 2243//2243 2233//2233 2244//2244
f 2233//2233 2216//2216 2244//2244
f 2235//2235 2242//2242 2216//2216
f 2235//2235 2239//2239 2242//2242
f 2239//2239 2215//2215 2242//2242
f 2240//2240 2241//2241 2215//2215
f 2240//2240 2236//2236 2241//2241
f 2236//2236 2214//2214 2241//2241
f 2237//2237 2238//2238 2214//2214
f 2237//2237 2229//2229 2238//2238
f 2229//2229 2213//2213 2238//2238
f 2233//2233 2234//2234 2216//2216
f 2233//2233 2231//2231 2234//2234
f 2231//2231 2207//2207 2234//2234
f 2228//2228 2232//2232 2212//2212
f 2228//2228 2230//2230 2232//2232
f 2230//2230 2211//2211 2232//2232
f 2269//2269 2293//2293 2291//2291
f 2274//2274 2294//2294 2296//2296
f 2273//2273 2292//2292 2300//2300
f 2272//2272 2299//2299 2303//2303
f 2271//2271 2302//2302 2298//2298
f 2274//2274 2296//2296 2306//2306
f 2275//2275 2295//2295 2308//2308
f 2277//2277 2301//2301 2310//2310
f 2278//2278 2304//2304 2313//2313
f 2279//2279 2305//2305 2315//2315
f 2274//2274 2306//2306 2309//2309
f 2275//2275 2308//2308 2311//2311
f 2277//2277 2310//2310 2314//2314
f 2278//2278 2313//2313 2316//2316
f 2279//2279 2315//2315 2307//2307
f 2280//2280 2317//2317 2323//2323
f 2281//2281 2318//2318 2326//2326
f 2283//2283 2319//2319 2329//2329
f 2284//2284 2320//2320 2331//2331
f 2285//2285 2321//2321 2325//2325
f 2325//2325 2330//2330 2288//2288
f 2325//2325 2321//2321 2330//2330
f 2321//2321 2284//2284 2330//2330
f 2331//2331 2328//2328 2289//2289
f 2331//2331 2320//2320 2328//2328
f 2320//2320 2283//2283 2328//2328
f 2329//2329 2327//2327 2290//2290
f 2329//2329 2319//2319 2327//2327
f 2319//2319 2282//2282 2327//2327
f 2326//2326 2322//2322 2286//2286
f 2326//2326 2318//2318 2322//2322
f 2318//2318 2280//2280 2322//2322
f 2323//2323 2324//2324 2287//2287
f 2323//2323 2317//2317 2324//2324
f 2317//2317 2285//2285 2324//2324
f 2307//2307 2321//2321 2285//2285
f 2307//2307 2315//2315 2321//2321
f 2315//2315 2284//2284 2321//2321
f 2316//2316 2320//2320 2284//2284
f 2316//2316 2313//2313 2320//2320
f 2313//2313 2283//2283 2320//2320
f 2314//2314 2319//2319 2283//2283
f 2314//2314 2310//2310 2319//2319
f 2310//2310 2282//2282 2319//2319
f 2311//2311 2318//2318 2281//2281
f 2311//2311 2308//2308 2318//2318
f 2308//2308 2280//2280 2318//2318
f 2309//2309 2317//2317 2280//2280
f 2309//2309 2306//2306 2317//2317
f 2306//2306 2285//2285 2317//2317
f 2315//2315 2316//2316 2284//2284
f 2315//2315 2305//2305 2316//2316
f 2305//2305 2278//2278 2316//2316
f 2313//2313 2314//2314 2283//2283
f 2313//2313 2304//2304 2314//2314
f 2304//2304 2277//2277 2314//2314
f 2310//2310 2312//2312 2282//2282
f 2310//2310 2301//2301 2312//2312
f 2301//2301 2276//2276 2312//2312
f 2308//2308 2309//2309 2280//2280
f 2308//2308 2295//2295 2309//2309
f 2295//2295 2274//2274 2309//2309
f 2306//2306 2307//2307 2285//2285
f 2306//2306 2296//2296 2307//2307
f 2296//2296 2279//2279 2307//2307
f 2298//2298 2305//2305 2279//2279
f 2298//2298 2302//2302 2305//2305
f 2302//2302 2278//2278 2305//2305
f 2303//2303 2304//2304 2278//2278
f 2303//2303 2299//2299 2304//2304
f 2299//2299 2277//2277 2304//2304
f 2300//2300 2301//2301 2277//2277
f 2300//2300 2292//2292 2301//2301
f 2292//2292 2276//2276 2301//2301
f 2296//2296 2297//2297 2279//2279
f 2296//2296 2294//2294 2297//2297
f 2294//2294 2270//2270 2297//2297
f 2291//2291 2295//2295 2275//2275
f 2291//2291 2293//2293 2295//2295
f 2293//2293 2274//2274 2295//2295
f 2332//2332 2356//2356 2354//2354
f 2337//2337 2357//2357 2359//2359
f 2336//2336 2355//2355 2363//2363
f 2335//2335 2362//2362 2366//2366
f 2334//2334 2365//2365 2361//2361
f 2337//2337 2359//2359 2369//2369
f 2338//2338 2358//2358 2371//2371
f 2340//2340 2364//2364 2373//2373
f 2341//2341 2367//2367 2376//2376
f 2342//2342 2368//2368 2378//2378
f 2337//2337 2369//2369 2372//2372
f 2338//2338 2371//2371 2374//2374
f 2340//2340 2373//2373 2377//2377
f 2341//2341 2376//2376 2379//2379
f 2342//2342 2378//2378 2370//2370
f 2343//2343 2380//2380 2386//2386
f 2344//2344 2381//2381 2389//2389
f 2346//2346 2382//2382 2392//2392
f 2347//2347 2383//2383 2394//2394
f 2348//2348 2384//2384 2388//2388
f 2388//2388 2393//2393 2351//2351
f 2388//2388 2384//2384 2393//2393
f 2384//2384 2347//2347 2393//2393
f 2394//2394 2391//2391 2352//2352
f 2394//2394 2383//2383 2391//2391
f 2383//2383 2346//2346 2391//2391
f 2392//2392 2390//2390 2353//2353
f 2392//2392 2382//2382 2390//2390
f 2382//2382 2345//2345 2390//2390
f 2389//2389 2385//2385 2349//2349
f 2389//2389 2381//2381 2385//2385
f 2381//2381 2343//2343 2385//2385
f 2386//2386 2387//2387 2350//2350
f 2386//2386 2380//2380 2387//2387
f 2380//2380 2348//2348 2387//2387
f 2370//2370 2384//2384 2348//2348
f 2370//2370 2378//2378 2384//2384
f 2378//2378 2347//2347 2384//2384
f 2379//2379 2383//2383 2347//2347
f 2379//2379 2376//2376 2383//2383
f 2376//2376 2346//2346 2383//2383
f 2377//2377 2382//2382 2346//2346
f 2377//2377 2373//2373 2382//2382
f 2373//2373 2345//2345 2382//2382
f 2374//2374 2381//2381 2344//2344
f 2374//2374 2371//2371 2381//2381
f 2371//2371 2343//2343 2381//2381
f 2372//2372 2380//2380 2343//2343
f 2372//2372 2369//2369 2380//2380
f 2369//2369 2348//2348 2380//2380
f 2378//2378 2379//2379 2347//2347
f 2378//2378 2368//2368 2379//2379
f 2368//2368 2341//2341 2379//2379
f 2376//2376 2377//2377 2346//2346
f 2376//2376 2367//2367 2377//2377
f 2367//2367 2340//2340 2377//2377
f 2373//2373 2375//2375 2345//2345
f 2373//2373 2364//2364 2375//2375
f 2364//2364 2339//2339 2375//2375
f 2371//2371 2372//2372 2343//2343
f 2371//2371 2358//2358 2372//2372
f 2358//2358 2337//2337 2372//2372
f 2369//2369 2370//2370 2348//2348
f 2369//2369 2359//2359 2370//2370
f 2359//2359 2342//2342 2370//2370
f 2361//2361 2368//2368 2342//2342
f 2361//2361 2365//2365 2368//2368
f 2365//2365 2341//2341 2368//2368
f 2366//2366 2367//2367 2341//2341
f 2366//2366 2362//2362 2367//2367
f 2362//2362 2340//2340 2367//2367
f 2363//2363 2364//2364 2340//2340
f 2363//2363 2355//2355 2364//2364
f 2355//2355 2339//2339 2364//2364
f 2359//2359 2360//2360 2342//2342
f 2359//2359 2357//2357 2360//2360
f 2357//2357 2333//2333 2360//2360
f 2354//2354 2358//2358 2338//2338
f 2354//2354 2356//2356 2358//2358
f 2356//2356 2337//2337 2358//2358
f 2395//2395 2419//2419 2417//2417
f 2400//2400 2420//2420 2422//2422
f 2399//2399 2418//2418 2426//2426
f 2398//2398 2425//2425 2429//2429
f 2397//2397 2428//2428 2424//2424
f 2400//2400 2422//2422 2432//2432
f 2401//2401 2421//2421 2434//2434
f 2403//2403 2427//2427 2436//2436
f 2404//2404 2430//2430 2439//2439
f 2405//2405 2431//2431 2441//2441
f 2400//2400 2432//2432 2435//2435
f 2401//2401 2434//2434 2437//2437
f 2403//2403 2436//2436 2440//2440
f 2404//2404 2439//2439 2442//2442
f 2405//2405 2441//2441 2433//2433
f 2406//2406 2443//2443 2449//2449
f 2407//2407 2444//2444 2452//2452
f 2409//2409 2445//2445 2455//2455
f 2410//2410 2446//2446 2457//2457
f 2411//2411 2447//2447 2451//2451
f 2451//2451 2456//2456 2414//2414
f 2451//2451 2447//2447 2456//2456
f 2447//2447 2410//2410 2456//2456
f 2457//2457 2454//2454 2415//2415
f 2457//2457 2446//2446 2454//2454
f 2446//2446 2409//2409 2454//2454
f 2455//2455 2453//2453 2416//2416
f 2455//2455 2445//2445 2453//2453
f 2445//2445 2408//2408 2453//2453
f 2452//2452 2448//2448 2412//2412
f 2452//2452 2444//2444 2448//2448
f 2444//2444 2406//2406 2448//2448
f 2449//2449 2450//2450 2413//2413
f 2449//2449 2443//2443 2450//2450
f 2443//2443 2411//2411 2450//2450
f 2433//2433 2447//2447 2411//2411
f 2433//2433 2441//2441 2447//2447
f 2441//2441 2410//2410 2447//2447
f 2442//2442 2446//2446 2410//2410
f 2442//2442 2439//2439 2446//2446
f 2439//2439 2409//2409 2446//2446
f 2440//2440 2445//2445 2409//2409
f 2440//2440 2436//2436 2445//2445
f 2436//2436 2408//2408 2445//2445
f 2437//2437 2444//2444 2407//2407
f 2437//2437 2434//2434 2444//2444
f 2434//2434 2406//2406 2444//2444
f 2435//2435 2443//2443 2406//2406
f 2435//2435 2432//2432 2443//2443
f 2432//2432 2411//2411 2443//2443
f 2441//2441 2442//2442 2410//2410
f 2441//2441 2431//2431 2442//2442
f 2431//2431 2404//2404 2442//2442
f 2439//2439 2440//2440 2409//2409
f 2439//2439 2430//2430 2440//2440
f 2430//2430 2403//2403 2440//2440
f 2436//2436 2438//2438 2408//2408
f 2436//2436 2427//2427 2438//2438
f 2427//2427 2402//2402 2438//2438
f 2434//2434 2435//2435 2406//2406
f 2434//2434 2421//2421 2435//2435
f 2421//2421 2400//2400 2435//2435
f 2432//2432 2433//2433 2411//2411
f 2432//2432 2422//2422 2433//2433
f 2422//2422 2405//2405 2433//2433
f 2424//2424 2431//2431 2405//2405
f 2424//2424 2428//2428 2431//2431
f 2428//2428 2404//2404 2431//2431
f 2429//2429 2430//2430 2404//2404
f 2429//2429 2425//2425 2430//2430
f 2425//2425 2403//2403 2430//2430
f 2426//2426 2427//2427 2403//2403
f 2426//2426 2418//2418 2427//2427
f 2418//2418 2402//2402 2427//2427
f 2422//2422 2423//2423 2405//2405
f 2422//2422 2420//2420 2423//2423
f 2420//2420 2396//2396 2423//2423
f 2417//2417 2421//2421 2401//2401
f 2417//2417 2419//2419 2421//2421
f 2419//2419 2400//2400 2421//2421
f 2458//2458 2482//2482 2480//2480
f 2463//2463 2483//2483 2485//2485
f 2462//2462 2481//2481 2489//2489
f 2461//2461 2488//2488 2492//2492
f 2460//2460 2491//2491 2487//2487
f 2463//2463 2485//2485 2495//2495
f 2464//2464 2484//2484 2497//2497
f 2466//2466 2490//2490 2499//2499
f 2467//2467 2493//2493 2502//2502
f 2468//2468 2494//2494 2504//2504
f 2463//2463 2495//2495 2498//2498
f 2464//2464 2497//2497 2500//2500
f 2466//2466 2499//2499 2503//2503
f 2467//2467 2502//2502 2505//2505
f 2468//2468 2504//2504 2496//2496
f 2469//2469 2506//2506 2512//2512
f 2470//2470 2507//2507 2515//2515
f 2472//2472 2508//2508 2518//2518
f 2473//2473 2509//2509 2520//2520
f 2474//2474 2510//2510 2514//2514
f 2514//2514 2519//2519 2477//2477
f 2514//2514 2510//2510 2519//2519
f 2510//2510 2473//2473 2519//2519
f 2520//2520 2517//2517 2478//2478
f 2520//2520 2509//2509 2517//2517
f 2509//2509 2472//2472 2517//2517
f 2518//2518 2516//2516 2479//2479
f 2518//2518 2508//2508 2516//2516
f 2508//2508 2471//2471 2516//2516
f 2515//2515 2511//2511 2475//2475
f 2515//2515 2507//2507 2511//2511
f 2507//2507 2469//2469 2511//2511
f 2512//2512 2513//2513 2476//2476
f 2512//2512 2506//2506 2513//2513
f 2506//2506 2474//2474 2513//2513
f 2496//2496 2510//2510 2474//2474
f 2496//2496 2504//2504 2510//2510
f 2504//2504 2473//2473 2510//2510
f 2505//2505 2509//2509 2473//2473
f 2505//2505 2502//2502 2509//2509
f 2502//2502 2472//2472 2509//2509
f 2503//2503 2508//2508 2472//2472
f 2503//2503 2499//2499 2508//2508
f 2499//2499 2471//2471 2508//2508
f 2500//2500 2507//2507 2470//2470
f 2500//2500 2497//2497 2507//2507
f 2497//2497 2469//2469 2507//2507
f 2498//2498 2506//2506 2469//2469
f 2498//2498 2495//2495 2506//2506
f 2495//2495 2474//2474 2506//2506
f 2504//2504 2505//2505 2473//2473
f 2504//2504 2494//2494 2505//2505
f 2494//2494 2467//2467 2505//2505
f 2502//2502 2503//2503 2472//2472
f 2502//2502 2493//2493 2503//2503
f 2493//2493 2466//2466 2503//2503
f 2499//2499 2501//2501 2471//2471
f 2499//2499 2490//2490 2501//2501
f 2490//2490 2465//2465 2501//2501
f 2497//2497 2498//2498 2469//2469
f 2497//2497 2484//2484 2498//2498
f 2484//2484 2463//2463 2498//2498
f 2495//2495 2496//2496 2474//2474
f 2495//2495 2485//2485 2496//2496
f 2485//2485 2468//2468 2496//2496
f 2487//2487 2494//2494 2468//2468
f 2487//2487 2491//2491 2494//2494
f 2491//2491 2467//2467 2494//2494
f 2492//2492 2493//2493 2467//2467
f 2492//2492 2488//2488 2493//2493
f 2488//2488 2466//2466 2493//2493
f 2489//2489 2490//2490 2466//2466
f 2489//2489 2481//2481 2490//2490
f 2481//2481 2465//2465 2490//2490
f 2485//2485 2486//2486 2468//2468
f 2485//2485 2483//2483 2486//2486
f 2483//2483 2459//2459 2486//2486
f 2480//2480 2484//2484 2464//2464
f 2480//2480 2482//2482 2484//2484
f 2482//2482 2463//2463 2484//2484
f 2521//2521 2545//2545 2543//2543
f 2526//2526 2546//2546 2548//2548
f 2525//2525 2544//2544 2552//2552
f 2524//2524 2551//2551 2555//2555
f 2523//2523 2554//2554 2550//2550
f 2526//2526 2548//2548 2558//2558
f 2527//2527 2547//2547 2560//2560
f 2529//2529 2553//2553 2562//2562
f 2530//2530 2556//2556 2565//2565
f 2531//2531 2557//2557 2567//2567
f 2526//2526 2558//2558 2561//2561
f 2527//2527 2560//2560 2563//2563
f 2529//2529 2562//2562 2566//2566
f 2530//2530 2565//2565 2568//2568
f 2531//2531 2567//2567 2559//2559
f 2532//2532 2569//2569 2575//2575
f 2533//2533 2570//2570 2578//2578
f 2535//2535 2571//2571 2581//2581
f 2536//2536 2572//2572 2583//2583
f 2537//2537 2573//2573 2577//2577
f 2577//2577 2582//2582 2540//2540
f 2577//2577 2573//2573 2582//2582
f 2573//2573 2536//2536 2582//2582
f 2583//2583 2580//2580 2541//2541
f 2583//2583 2572//2572 2580//2580
f 2572//2572 2535//2535 2580//2580
f 2581//2581 2579//2579 2542//2542
f 2581//2581 2571//2571 2579//2579
f 2571//2571 2534//2534 2579//2579
f 2578//2578 2574//2574 2538//2538
f 2578//2578 2570//2570 2574//2574
f 2570//2570 2532//2532 2574//2574
f 2575//2575 2576//2576 2539//2539
f 2575//2575 2569//2569 2576//2576
f 2569//2569 2537//2537 2576//2576
f 2559//2559 2573//2573 2537//2537
f 2559//2559 2567//2567 2573//2573
f 2567//2567 2536//2536 2573//2573
f 2568//2568 2572//2572 2536//2536
f 2568//2568 2565//2565 2572//2572
f 2565//2565 2535//2535 2572//2572
f 2566//2566 2571//2571 2535//2535
f 2566//2566 2562//2562 2571//2571
f 2562//2562 2534//2534 2571//2571
f 2563//2563 2570//2570 2533//2533
f 2563//2563 2560//2560 2570//2570
f 2560//2560 2532//2532 2570//2570
f 2561//2561 2569//2569 2532//2532
f 2561//2561 2558//2558 2569//2569
f 2558//2558 2537//2537 2569//2569
f 2567//2567 2568//2568 2536//2536
f 2567//2567 2557//2557 2568//2568
f 2557//2557 2530//2530 2568//2568
f 2565//2565 2566//2566 2535//2535
f 2565//2565 2556//2556 2566//2566
f 2556//2556 2529//2529 2566//2566
f 2562//2562 2564//2564 2534//2534
f 2562//2562 2553//2553 2564//2564
f 2553//2553 2528//2528 2564//2564
f 2560//2560 2561//2561 2532//2532
f 2560//2560 2547//2547 2561//2561
f 2547//2547 2526//2526 2561//2561
f 2558//2558 2559//2559 2537//2537
f 2558//2558 2548//2548 2559//2559
f 2548//2548 2531//2531 2559//2559
f 2550//2550 2557//2557 2531//2531
f 2550//2550 2554//2554 2557//2557
f 2554//2554 2530//2530 2557//2557
f 2555//2555 2556//2556 2530//2530
f 2555//2555 2551//2551 2556//2556
f 2551//2551 2529//2529 2556//2556
f 2552//2552 2553//2553 2529//2529
f 2552//2552 2544//2544 2553//2553
f 2544//2544 2528//2528 2553//2553
f 2548//2548 2549//2549 2531//2531
f 2548//2548 2546//2546 2549//2549
f 2546//2546 2522//2522 2549//2549
f 2543//2543 2547//2547 2527//2527
f 2543//2543 2545//2545 2547//2547
f 2545//2545 2526//2526 2547//2547
f 2584//2584 2608//2608 2606//2606
f 2589//2589 2609//2609 2611//2611
f 2588//2588 2607//2607 2615//2615
f 2587//2587 2614//2614 2618//2618
f 2586//2586 2617//2617 2613//2613
f 2589//2589 2611//2611 2621//2621
f 2590//2590 2610//2610 2623//2623
f 2592//2592 2616//2616 2625//2625
f 2593//2593 2619//2619 2628//2628
f 2594//2594 2620//2620 2630//2630
f 2589//2589 2621//2621 2624//2624
f 2590//2590 2623//2623 2626//2626
f 2592//2592 2625//2625 2629//2629
f 2593//2593 2628//2628 2631//2631
f 2594//2594 2630//2630 2622//2622
f 2595//2595 2632//2632 2638//2638
f 2596//2596 2633//2633 2641//2641
f 2598//2598 2634//2634 2644//2644
f 2599//2599 2635//2635 2646//2646
f 2600//2600 2636//2636 2640//2640
f 2640//2640 2645//2645 2603//2603
f 2640//2640 2636//2636 2645//2645
f 2636//2636 2599//2599 2645//2645
f 2646//2646 2643//2643 2604//2604
f 2646//2646 2635//2635 2643//2643
f 2635//2635 2598//2598 2643//2643
f 2644//2644 2642//2642 2605//2605
f 2644//2644 2634//2634 2642//2642
f 2634//2634 2597//2597 2642//2642
f 2641//2641 2637//2637 2601//2601
f 2641//2641 2633//2633 2637//2637
f 2633//2633 2595//2595 2637//2637
f 2638//2638 2639//2639 2602//2602
f 2638//2638 2632//2632 2639//2639
f 2632//2632 2600//2600 2639//2639
f 2622//2622 2636//2636 2600//2600
f 2622//2622 2630//2630 2636//2636
f 2630//2630 2599//2599 2636//2636
f 2631//2631 2635//2635 2599//2599
f 2631//2631 2628//2628 2635//2635
f 2628//2628 2598//2598 2635//2635
f 2629//2629 2634//2634 2598//2598
f 2629//2629 2625//2625 2634//2634
f 2625//2625 2597//2597 2634//2634
f 2626//2626 2633//2633 2596//2596
f 2626//2626 2623//2623 2633//2633
f 2623//2623 2595//2595 2633//2633
f 2624//2624 2632//2632 2595//2595
f 2624//2624 2621//2621 2632//2632
f 2621//2621 2600//2600 2632//2632
f 2630//2630 2631//2631 2599//2599
f 2630//2630 2620//2620 2631//2631
f 2620//2620 2593//2593 2631//2631
f 2628//2628 2629//2629 2598//2598
f 2628//2628 2619//2619 2629//2629
f 2619//2619 2592//2592 2629//2629
f 2625//2625 2627//2627 2597//2597
f 2625//2625 2616//2616 2627//2627
f 2616//2616 2591//2591 2627//2627
f 2623//2623 2624//2624 2595//2595
f 2623//2623 2610//2610 2624//2624
f 2610//2610 2589//2589 2624//2624
f 2621//2621 2622//2622 2600//2600
f 2621//2621 2611//2611 2622//2622
f 2611//2611 2594//2594 2622//2622
f 2613//2613 2620//2620 2594//2594
f 2613//2613 2617//2617 2620//2620
f 2617//2617 2593//2593 2620//2620
f 2618//2618 2619//2619 2593//2593
f 2618//2618 2614//2614 2619//2619
f 2614//2614 2592//2592 2619//2619
f 2615//2615 2616//2616 2592//2592
f 2615//2615 2607//2607 2616//2616
f 2607//2607 2591//2591 2616//2616
f 2611//2611 2612//2612 2594//2594
f 2611//2611 2609//2609 2612//2612
f 2609//2609 2585//2585 2612//2612
f 2606//2606 2610//2610 2590//2590
f 2606//2606 2608//2608 2610//2610
f 2608//2608 2589//2589 2610//2610
f 2647//2647 2671//2671 2669//2669
f 2652//2652 2672//2672 2674//2674
f 2651//2651 2670//2670 2678//2678
f 2650//2650 2677//2677 2681//2681
f 2649//2649 2680//2680 2676//2676
f 2652//2652 2674//2674 2684//2684
f 2653//2653 2673//2673 2686//2686
f 2655//2655 2679//2679 2688//2688
f 2656//2656 2682//2682 2691//2691
f 2657//2657 2683//2683 2693//2693
f 2652//2652 2684//2684 2687//2687
f 2653//2653 2686//2686 2689//2689
f 2655//2655 2688//2688 2692//2692
f 2656//2656 2691//2691 2694//2694
f 2657//2657 2693//2693 2685//2685
f 2658//2658 2695//2695 2701//2701
f 2659//2659 2696//2696 2704//2704
f 2661//2661 2697//2697 2707//2707
f 2662//2662 2698//2698 2709//2709
f 2663//2663 2699//2699 2703//2703
f 2703//2703 2708//2708 2666//2666
f 2703//2703 2699//2699 2708//2708
f 2699//2699 2662//2662 2708//2708
f 2709//2709 2706//2706 2667//2667
f 2709//2709 2698//2698 2706//2706
f 2698//2698 2661//2661 2706//2706
f 2707//2707 2705//2705 2668//2668
f 2707//2707 2697//2697 2705//2705
f 2697//2697 2660//2660 2705//2705
f 2704//2704 2700//2700 2664//2664
f 2704//2704 2696//2696 2700//2700
f 2696//2696 2658//2658 2700//2700
f 2701//2701 2702//2702 2665//2665
f 2701//2701 2695//2695 2702//2702
f 2695//2695 2663//2663 2702//2702
f 2685//2685 2699//2699 2663//2663
f 2685//2685 2693//2693 2699//2699
f 2693//2693 2662//2662 2699//2699
f 2694//2694 2698//2698 2662//2662
f 2694//2694 2691//2691 2698//2698
f 2691//2691 2661//2661 2698//2698
f 2692//2692 2697//2697 2661//2661
f 2692//2692 2688//2688 2697//2697
f 2688//2688 2660//2660 2697//2697
f 2689//2689 2696//2696 2659//2659
f 2689//2689 2686//2686 2696//2696
f 2686//2686 2658//2658 2696//2696
f 2687//2687 2695//2695 2658//2658
f 2687//2687 2684//2684 2695//2695
f 2684//2684 2663//2663 2695//2695
f 2693//2693 2694//2694 2662//2662
f 2693//2693 2683//2683 2694//2694
f 2683//2683 2656//2656 2694//2694
f 2691//2691 2692//2692 2661//2661
f 2691//2691 2682//2682 2692//2692
f 2682//2682 2655//2655 2692//2692
f 2688//2688 2690//2690 2660//2660
f 2688//2688 2679//2679 2690//2690
f 2679//2679 2654//2654 2690//2690
f 2686//2686 2687//2687 2658//2658
f 2686//2686 2673//2673 2687//2687
f 2673//2673 2652//2652 2687//2687
f 2684//2684 2685//2685 2663//2663
f 2684//2684 2674//2674 2685//2685
f 2674//2674 2657//2657 2685//2685
f 2676//2676 2683//2683 2657//2657
f 2676//2676 2680//2680 2683//2683
f 2680//2680 2656//2656 2683//2683
f 2681//2681 2682//2682 2656//2656
f 2681//2681 2677//2677 2682//2682
f 2677//2677 2655//2655 2682//2682
f 2678//2678 2679//2679 2655//2655
f 2678//2678 2670//2670 2679//2679
f 2670//2670 2654//2654 2679//2679
f 2674//2674 2675//2675 2657//2657
f 2674//2674 2672//2672 2675//2675
f 2672//2672 2648//2648 2675//2675
f 2669//2669 2673//2673 2653//2653
f 2669//2669 2671//2671 2673//2673
f 2671//2671 2652//2652 2673//2673
f 2710//2710 2734//2734 2732//2732
f 2715//2715 2735//2735 2737//2737
f 2714//2714 2733//2733 2741//2741
f 2713//2713 2740//2740 2744//2744
f 2712//2712 2743//2743 2739//2739
f 2715//2715 2737//2737 2747//2747
f 2716//2716 2736//2736 2749//2749
f 2718//2718 2742//2742 2751//2751
f 2719//2719 2745//2745 2754//2754
f 2720//2720 2746//2746 2756//2756
f 2715//2715 2747//2747 2750//2750
f 2716//2716 2749//2749 2752//2752
f 2718//2718 2751//2751 2755//2755
f 2719//2719 2754//2754 2757//2757
f 2720//2720 2756//2756 2748//2748
f 2721//2721 2758//2758 2764//2764
f 2722//2722 2759//2759 2767//2767
f 2724//2724 2760//2760 2770//2770
f 2725//2725 2761//2761 2772//2772
f 2726//2726 2762//2762 2766//2766
f 2766//2766 2771//2771 2729//2729
f 2766//2766 2762//2762 2771//2771
f 2762//2762 2725//2725 2771//2771
f 2772//2772 2769//2769 2730//2730
f 2772//2772 2761//2761 2769//2769
f 2761//2761 2724//2724 2769//2769
f 2770//2770 2768//2768 2731//2731
f 2770//2770 2760//2760 2768//2768
f 2760//2760 2723//2723 2768//2768
f 2767//2767 2763//2763 2727//2727
f 2767//2767 2759//2759 2763//2763
f 2759//2759 2721//2721 2763//2763
f 2764//2764 2765//2765 2728//2728
f 2764//2764 2758//2758 2765//2765
f 2758//2758 2726//2726 2765//2765
f 2748//2748 2762//2762 2726//2726
f 2748//2748 2756//2756 2762//2762
f 2756//2756 2725//2725 2762//2762
f 2757//2757 2761//2761 2725//2725
f 2757//2757 2754//2754 2761//2761
f 2754//2754 2724//2724 2761//2761
f 2755//2755 2760//2760 2724//2724
f 2755//2755 2751//2751 2760//2760
f 2751//2751 2723//2723 2760//2760
f 2752//2752 2759//2759 2722//2722
f 2752//2752 2749//2749 2759//2759
f 2749//2749 2721//2721 2759//2759
f 2750//2750 2758//2758 2721//2721
f 2750//2750 2747//2747 2758//2758
f 2747//2747 2726//2726 2758//2758
f 2756//2756 2757//2757 2725//2725
f 2756//2756 2746//2746 2757//2757
f 2746//2746 2719//2719 2757//2757
f 2754//2754 2755//2755 2724//2724
f 2754//2754 2745//2745 2755//2755
f 2745//2745 2718//2718 2755//2755
f 2751//2751 2753//2753 2723//2723
f 2751//2751 2742//2742 2753//2753
f 2742//2742 2717//2717 2753//2753
f 2749//2749 2750//2750 2721//2721
f 2749//2749 2736//2736 2750//2750
f 2736//2736 2715//2715 2750//2750
f 2747//2747 2748//2748 2726//2726
f 2747//2747 2737//2737 2748//2748
f 2737//2737 2720//2720 2748//2748
f 2739//2739 2746//2746 2720//2720
f 2739//2739 2743//2743 2746//2746
f 2743//2743 2719//2719 2746//2746
f 2744//2744 2745//2745 2719//2719
f 2744//2744 2740//2740 2745//2745
f 2740//2740 2718//2718 2745//2745
f 2741//2741 2742//2742 2718//2718
f 2741//2741 2733//2733 2742//2742
f 2733//2733 2717//2717 2742//2742
f 2737//2737 2738//2738 2720//2720
f 2737//2737 2735//2735 2738//2738
f 2735//2735 2711//2711 2738//2738
f 2732//2732 2736//2736 2716//2716
f 2732//2732 2734//2734 2736//2736
f 2734//2734 2715//2715 2736//2736
f 2773//2773 2797//2797 2795//2795
f 2778//2778 2798//2798 2800//2800
f 2777//2777 2796//2796 2804//2804
f 2776//2776 2803//2803 2807//2807
f 2775//2775 2806//2806 2802//2802
f 2778//2778 2800//2800 2810//2810
f 2779//2779 2799//2799 2812//2812
f 2781//2781 2805//2805 2814//2814
f 2782//2782 2808//2808 2817//2817
f 2783//2783 2809//2809 2819//2819
f 2778//2778 2810//2810 2813//2813
f 2779//2779 2812//2812 2815//2815
f 2781//2781 2814//2814 2818//2818
f 2782//2782 2817//2817 2820//2820
f 2783//2783 2819//2819 2811//2811
f 2784//2784 2821//2821 2827//2827
f 2785//2785 2822//2822 2830//2830
f 2787//2787 2823//2823 2833//2833
f 2788//2788 2824//2824 2835//2835
f 2789//2789 2825//2825 2829//2829
f 2829//2829 2834//2834 2792//2792
f 2829//2829 2825//2825 2834//2834
f 2825//2825 2788//2788 2834//2834
f 2835//2835 2832//2832 2793//2793
f 2835//2835 2824//2824 2832//2832
f 2824//2824 2787//2787 2832//2832
f 2833//2833 2831//2831 2794//2794
f 2833//2833 2823//2823 2831//2831
f 2823//2823 2786//2786 2831//2831
f 2830//2830 2826//2826 2790//2790
f 2830//2830 2822//2822 2826//2826
f 2822//2822 2784//2784 2826//2826
f 2827//2827 2828//2828 2791//2791
f 2827//2827 2821//2821 2828//2828
f 2821//2821 2789//2789 2828//2828
f 2811//2811 2825//2825 2789//2789
f 2811//2811 2819//2819 2825//2825
f 2819//2819 2788//2788 2825//2825
f 2820//2820 2824//2824 2788//2788
f 2820//2820 2817//2817 2824//2824
f 2817//2817 2787//2787 2824//2824
f 2818//2818 2823//2823 2787//2787
f 2818//2818 2814//2814 2823//2823
f 2814//2814 2786//2786 2823//2823
f 2815//2815 2822//2822 2785//2785
f 2815//2815 2812//2812 2822//2822
f 2812//2812 2784//2784 2822//2822
f 2813//2813 2821//2821 2784//2784
f 2813//2813 2810//2810 2821//2821
f 2810//2810 2789//2789 2821//2821
f 2819//2819 2820//2820 2788//2788
f 2819//2819 2809//2809 2820//2820
f 2809//2809 2782//2782 2820//2820
f 2817//2817 2818//2818 2787//2787
f 2817//2817 2808//2808 2818//2818
f 2808//2808 2781//2781 2818//2818
f 2814//2814 2816//2816 2786//2786
f 2814//2814 2805//2805 2816//2816
f 2805//2805 2780//2780 2816//2816
f 2812//2812 2813//2813 2784//2784
f 2812//2812 2799//2799 2813//2813
f 2799//2799 2778//2778 2813//2813
f 2810//2810 2811//2811 2789//2789
f 2810//2810 2800//2800 2811//2811
f 2800//2800 2783//2783 2811//2811
f 2802//2802 2809//2809 2783//2783
f 2802//2802 2806//2806 2809//2809
f 2806//2806 2782//2782 2809//2809
f 2807//2807 2808//2808 2782//2782
f 2807//2807 2803//2803 2808//2808
f 2803//2803 2781//2781 2808//2808
f 2804//2804 2805//2805 2781//2781
f 2804//2804 2796//2796 2805//2805
f 2796//2796 2780//2780 2805//2805
f 2800//2800 2801//2801 2783//2783
f 2800//2800 2798//2798 2801//2801
f 2798//2798 2774//2774 2801//2801
f 2795//2795 2799//2799 2779//2779
f 2795//2795 2797//2797 2799//2799
f 2797//2797 2778//2778 2799//2799
f 2836//2836 2860//2860 2858//2858
f 2841//2841 2861//2861 2863//2863
f 2840//2840 2859//2859 2867//2867
f 2839//2839 2866//2866 2870//2870
f 2838//2838 2869//2869 2865//2865
f 2841//2841 2863//2863 2873//2873
f 2842//2842 2862//2862 2875//2875
f 2844//2844 2868//2868 2877//2877
f 2845//2845 2871//2871 2880//2880
f 2846//2846 2872//2872 2882//2882
f 2841//2841 2873//2873 2876//2876
f 2842//2842 2875//2875 2878//2878
f 2844//2844 2877//2877 2881//2881
f 2845//2845 2880//2880 2883//2883
f 2846//2846 2882//2882 2874//2874
f 2847//2847 2884//2884 2890//2890
f 2848//2848 2885//2885 2893//2893
f 2850//2850 2886//2886 2896//2896
f 2851//2851 2887//2887 2898//2898
f 2852//2852 2888//2888 2892//2892
f 2892//2892 2897//2897 2855//2855
f 2892//2892 2888//2888 2897//2897
f 2888//2888 2851//2851 2897//2897
f 2898//2898 2895//2895 2856//2856
f 2898//2898 2887//2887 2895//2895
f 2887//2887 2850//2850 2895//2895
f 2896//2896 2894//2894 2857//2857
f 2896//2896 2886//2886 2894//2894
f 2886//2886 2849//2849 2894//2894
f 2893//2893 2889//2889 2853//2853
f 2893//2893 2885//2885 2889//2889
f 2885//2885 2847//2847 2889//2889
f 2890//2890 2891//2891 2854//2854
f 2890//2890 2884//2884 2891//2891
f 2884//2884 2852//2852 2891//2891
f 2874//2874 2888//2888 2852//2852
f 2874//2874 2882//2882 2888//2888
f 2882//2882 2851//2851 2888//2888
f 2883//2883 2887//2887 2851//2851
f 2883//2883 2880//2880 2887//2887
f 2880//2880 2850//2850 2887//2887
f 2881//2881 2886//2886 2850//2850
f 2881//2881 2877//2877 2886//2886
f 2877//2877 2849//2849 2886//2886
f 2878//2878 2885//2885 2848//2848
f 2878//2878 2875//2875 2885//2885
f 2875//2875 2847//2847 2885//2885
f 2876//2876 2884//2884 2847//2847
f 2876//2876 2873//2873 2884//2884
f 2873//2873 2852//2852 2884//2884
f 2882//2882 2883//2883 2851//2851
f 2882//2882 2872//2872 2883//2883
f 2872//2872 2845//2845 2883//2883
f 2880//2880 2881//2881 2850//2850
f 2880//2880 2871//2871 2881//2881
f 2871//2871 2844//2844 2881//2881
f 2877//2877 2879//2879 2849//2849
f 2877//2877 2868//2868 2879//2879
f 2868//2868 2843//2843 2879//2879
f 2875//2875 2876//2876 2847//2847
f 2875//2875 2862//2862 2876//2876
f 2862//2862 2841//2841 2876//2876
f 2873//2873 2874//2874 2852//2852
f 2873//2873 2863//2863 2874//2874
f 2863//2863 2846//2846 2874//2874
f 2865//2865 2872//2872 2846//2846
f 2865//2865 2869//2869 2872//2872
f 2869//2869 2845//2845 2872//2872
f 2870//2870 2871//2871 2845//2845
f 2870//2870 2866//2866 2871//2871
f 2866//2866 2844//2844 2871//2871
f 2867//2867 2868//2868 2844//2844
f 2867//2867 2859//2859 2868//2868
f 2859//2859 2843//2843 2868//2868
f 2863//2863 2864//2864 2846//2846
f 2863//2863 2861//2861 2864//2864
f 2861//2861 2837//2837 2864//2864
f 2858//2858 2862//2862 2842//2842
f 2858//2858 2860//2860 2862//2862
f 2860//2860 2841//2841 2862//2862
f 2899//2899 2923//2923 2921//2921
f 2904//2904 2924//2924 2926//2926
f 2903//2903 2922//2922 2930//2930
f 2902//2902 2929//2929 2933//2933
f 2901//2901 2932//2932 2928//2928
f 2904//2904 2926//2926 2936//2936
f 2905//2905 2925//2925 2938//2938
f 2907//2907 2931//2931 2940//2940
f 2908//2908 2934//2934 2943//2943
f 2909//2909 2935//2935 2945//2945
f 2904//2904 2936//2936 2939//2939
f 2905//2905 2938//2938 2941//2941
f 2907//2907 2940//2940 2944//2944
f 2908//2908 2943//2943 2946//2946
f 2909//2909 2945//2945 2937//2937
f 2910//2910 2947//2947 2953//2953
f 2911//2911 2948//2948 2956//2956
f 2913//2913 2949//2949 2959//2959
f 2914//2914 2950//2950 2961//2961
f 2915//2915 2951//2951 2955//2955
f 2955//2955 2960//2960 2918//2918
f 2955//2955 2951//2951 2960//2960
f 2951//2951 2914//2914 2960//2960
f 2961//2961 2958//2958 2919//2919
f 2961//2961 2950//2950 2958//2958
f 2950//2950 2913//2913 2958//2958
f 2959//2959 2957//2957 2920//2920
f 2959//2959 2949//2949 2957//2957
f 2949//2949 2912//2912 2957//2957
f 2956//2956 2952//2952 2916//2916
f 2956//2956 2948//2948 2952//2952
f 2948//2948 2910//2910 2952//2952
f 2953//2953 2954//2954 2917//2917
f 2953//2953 2947//2947 2954//2954
f 2947//2947 2915//2915 2954//2954
f 2937//2937 2951//2951 2915//2915
f 2937//2937 2945//2945 2951//2951
f 2945//2945 2914//2914 2951//2951
f 2946//2946 2950//2950 2914//2914
f 2946//2946 2943//2943 2950//2950
f 2943//2943 2913//2913 2950//2950
f 2944//2944 2949//2949 2913//2913
f 2944//2944 2940//2940 2949//2949
f 2940//2940 2912//2912 2949//2949
f 2941//2941 2948//2948 2911//2911
f 2941//2941 2938//2938 2948//2948
f 2938//2938 2910//2910 2948//2948
f 2939//2939 2947//2947 2910//2910
f 2939//2939 2936//2936 2947//2947
f 2936//2936 2915//2915 2947//2947
f 2945//2945 2946//2946 2914//2914
f 2945//2945 2935//2935 2946//2946
f 2935//2935 2908//2908 2946//2946
f 2943//2943 2944//2944 2913//2913
f 2943//2943 2934//2934 2944//2944
f 2934//2934 2907//2907 2944//2944
f 2940//2940 2942//2942 2912//2912
f 2940//2940 2931//2931 2942//2942
f 2931//2931 2906//2906 2942//2942
f 2938//2938 2939//2939 2910//2910
f 2938//2938 2925//2925 2939//2939
f 2925//2925 2904//2904 2939//2939
f 2936//2936 2937//2937 2915//2915
f 2936//2936 2926//2926 2937//2937
f 2926//2926 2909//2909 2937//2937
f 2928//2928 2935//2935 2909//2909
f 2928//2928 2932//2932 2935//2935
f 2932//2932 2908//2908 2935//2935
f 2933//2933 2934//2934 2908//2908
f 2933//2933 2929//2929 2934//2934
f 2929//2929 2907//2907 2934//2934
f 2930//2930 2931//2931 2907//2907
f 2930//2930 2922//2922 2931//2931
f 2922//2922 2906//2906 2931//2931
f 2926//2926 2927//2927 2909//2909
f 2926//2926 2924//2924 2927//2927
f 2924//2924 2900//2900 2927//2927
f 2921//2921 2925//2925 2905//2905
f 2921//2921 2923//2923 2925//2925
f 2923//2923 2904//2904 2925//2925
f 2962//2962 2986//2986 2984//2984
f 2967//2967 2987//2987 2989//2989
f 2966//2966 2985//2985 2993//2993
f 2965//2965 2992//2992 2996//2996
f 2964//2964 2995//2995 2991//2991
f 2967//2967 2989//2989 2999//2999
f 2968//2968 2988//2988 3001//3001
f 2970//2970 2994//2994 3003//3003
f 2971//2971 2997//2997 3006//3006
f 2972//2972 2998//2998 3008//3008
f 2967//2967 2999//2999 3002//3002
f 2968//2968 3001//3001 3004//3004
f 2970//2970 3003//3003 3007//3007
f 2971//2971 3006//3006 3009//3009
f 2972//2972 3008//3008 3000//3000
f 2973//2973 3010//3010 3016//3016
f 2974//2974 3011//3011 3019//3019
f 2976//2976 3012//3012 3022//3022
f 2977//2977 3013//3013 3024//3024
f 2978//2978 3014//3014 3018//3018
f 3018//3018 3023//3023 2981//2981
f 3018//3018 3014//3014 3023//3023
f 3014//3014 2977//2977 3023//3023
f 3024//3024 3021//3021 2982//2982
f 3024//3024 3013//3013 3021//3021
f 3013//3013 2976//2976 3021//3021
f 3022//3022 3020//3020 2983//2983
f 3022//3022 3012//3012 3020//3020
f 3012//3012 2975//2975 3020//3020
f 3019//3019 3015//3015 2979//2979
f 3019//3019 3011//3011 3015//3015
f 3011//3011 2973//2973 3015//3015
f 3016//3016 3017//3017 2980//2980
f 3016//3016 3010//3010 3017//3017
f 3010//3010 2978//2978 3017//3017
f 3000//3000 3014//3014 2978//2978
f 3000//3000 3008//3008 3014//3014
f 3008//3008 2977//2977 3014//3014
f 3009//3009 3013//3013 2977//2977
f 3009//3009 3006//3006 3013//3013
f 3006//3006 2976//2976 3013//3013
f 3007//3007 3012//3012 2976//2976
f 3007//3007 3003//3003 3012//3012
f 3003//3003 2975//2975 3012//3012
f 3004//3004 3011//3011 2974//2974
f 3004//3004 3001//3001 3011//3011
f 3001//3001 2973//2973 3011//3011
f 3002//3002 3010//3010 2973//2973
f 3002//3002 2999//2999 3010//3010
f 2999//2999 2978//2978 3010//3010
f 3008//3008 3009//3009 2977//2977
f 3008//3008 2998//2998 3009//3009
f 2998//2998 2971//2971 3009//3009
f 3006//3006 3007//3007 2976//2976
f 3006//3006 2997//2997 3007//3007
f 2997//2997 2970//2970 3007//3007
f 3003//3003 3005//3005 2975//2975
f 3003//3003 2994//2994 3005//3005
f 2994//2994 2969//2969 3005//3005
f 3001//3001 3002//3002 2973//2973
f 3001//3001 2988//2988 3002//3002
f 2988//2988 2967//2967 3002//3002
f 2999//2999 3000//3000 2978//2978
f 2999//2999 2989//2989 3000//3000
f 2989//2989 2972//2972 3000//3000
f 2991//2991 2998//2998 2972//2972
f 2991//2991 2995//2995 2998//2998
f 2995//2995 2971//2971 2998//2998
f 2996//2996 2997//2997 2971//2971
f 2996//2996 2992//2992 2997//2997
f 2992//2992 2970//2970 2997//2997
f 2993//2993 2994//2994 2970//2970
f 2993//2993 2985//2985 2994//2994
f 2985//2985 2969//2969 2994//2994
f 2989//2989 2990//2990 2972//2972
f 2989//2989 2987//2987 2990//2990
f 2987//2987 2963//2963 2990//2990
f 2984//2984 2988//2988 2968//2968
f 2984//2984 2986//2986 2988//2988
f 2986//2986 2967//2967 2988//2988
f 3025//3025 3049//3049 3047//3047
f 3030//3030 3050//3050 3052//3052
f 3029//3029 3048//3048 3056//3056
f 3028//3028 3055//3055 3059//3059
f 3027//3027 3058//3058 3054//3054
f 3030//3030 3052//3052 3062//3062
f 3031//3031 3051//3051 3064//3064
f 3033//3033 3057//3057 3066//3066
f 3034//3034 3060//3060 3069//3069
f 3035//3035 3061//3061 3071//3071
f 3030//3030 3062//3062 3065//3065
f 3031//3031 3064//3064 3067//3067
f 3033//3033 3066//3066 3070//3070
f 3034//3034 3069//3069 3072//3072
f 3035//3035 3071//3071 3063//3063
f 3036//3036 3073//3073 3079//3079
f 3037//3037 3074//3074 3082//3082
f 3039//3039 3075//3075 3085//3085
f 3040//3040 3076//3076 3087//3087
f 3041//3041 3077//3077 3081//3081
f 3081//3081 3086//3086 3044//3044
f 3081//3081 3077//3077 3086//3086
f 3077//3077 3040//3040 3086//3086
f 3087//3087 3084//3084 3045//3045
f 3087//3087 3076//3076 3084//3084
f 3076//3076 3039//3039 3084//3084
f 3085//3085 3083//3083 3046//3046
f 3085//3085 3075//3075 3083//3083
f 3075//3075 3038//3038 3083//3083
f 3082//3082 3078//3078 3042//3042
f 3082//3082 3074//3074 3078//3078
f 3074//3074 3036//3036 3078//3078
f 3079//3079 3080//3080 3043//3043
f 3079//3079 3073//3073 3080//3080
f 3073//3073 3041//3041 3080//3080
f 3063//3063 3077//3077 3041//3041
f 3063//3063 3071//3071 3077//3077
f 3071//3071 3040//3040 3077//3077
f 3072//3072 3076//3076 3040//3040
f 3072//3072 3069//3069 3076//3076
f 3069//3069 3039//3039 3076//3076
f 3070//3070 3075//3075 3039//3039
f 3070//3070 3066//3066 3075//3075
f 3066//3066 3038//3038 3075//3075
f 3067//3067 3074//3074 3037//3037
f 3067//3067 3064//3064 3074//3074
f 3064//3064 3036//3036 3074//3074
f 3065//3065 3073//3073 3036//3036
f 3065//3065 3062//3062 3073//3073
f 3062//3062 3041//3041 3073//3073
f 3071//3071 3072//3072 3040//3040
f 3071//3071 3061//3061 3072//3072
f 3061//3061 3034//3034 3072//3072
f 3069//3069 3070//3070 3039//3039
f 3069//3069 3060//3060 3070//3070
f 3060//3060 3033//3033 3070//3070
f 3066//3066 3068//3068 3038//3038
f 3066//3066 3057//3057 3068//3068
f 3057//3057 3032//3032 3068//3068
f 3064//3064 3065//3065 3036//3036
f 3064//3064 3051//3051 3065//3065
f 3051//3051 3030//3030 3065//3065
f 3062//3062 3063//3063 3041//3041
f 3062//3062 3052//3052 3063//3063
f 3052//3052 3035//3035 3063//3063
f 3054//3054 3061//3061 3035//3035
f 3054//3054 3058//3058 3061//3061
f 3058//3058 3034//3034 3061//3061
f 3059//3059 3060//3060 3034//3034
f 3059//3059 3055//3055 3060//3060
f 3055//3055 3033//3033 3060//3060
f 3056//3056 3057//3057 3033//3033
f 3056//3056 3048//3048 3057//3057
f 3048//3048 3032//3032 3057//3057
f 3052//3052 3053//3053 3035//3035
f 3052//3052 3050//3050 3053//3053
f 3050//3050 3026//3026 3053//3053
f 3047//3047 3051//3051 3031//3031
f 3047//3047 3049//3049 3051//3051
f 3049//3049 3030//3030 3051//3051
f 3088//3088 3112//3112 3110//3110
f 3093//3093 3113//3113 3115//3115
f 3092//3092 3111//3111 3119//3119
f 3091//3091 3118//3118 3122//3122
f 3090//3090 3121//3121 3117//3117
f 3093//3093 3115//3115 3125//3125
f 3094//3094 3114//3114 3127//3127
f 3096//3096 3120//3120 3129//3129
f 3097//3097 3123//3123 3132//3132
f 3098//3098 3124//3124 3134//3134
f 3093//3093 3125//3125 3128//3128
f 3094//3094 3127//3127 3130//3130
f 3096//3096 3129//3129 3133//3133
f 3097//3097 3132//3132 3135//3135
f 3098//3098 3134//3134 3126//3126
f 3099//3099 3136//3136 3142//3142
f 3100//3100 3137//3137 3145//3145
f 3102//3102 3138//3138 3148//3148
f 3103//3103 3139//3139 3150//3150
f 3104//3104 3140//3140 3144//3144
f 3144//3144 3149//3149 3107//3107
f 3144//3144 3140//3140 3149//3149
f 3140//3140 3103//3103 3149//3149
f 3150//3150 3147//3147 3108//3108
f 3150//3150 3139//3139 3147//3147
f 3139//3139 3102//3102 3147//3147
f 3148//3148 3146//3146 3109//3109
f 3148//3148 3138//3138 3146//3146
f 3138//3138 3101//3101 3146//3146
f 3145//3145 3141//3141 3105//3105
f 3145//3145 3137//3137 3141//3141
f 3137//3137 3099//3099 3141//3141
f 3142//3142 3143//3143 3106//3106
f 3142//3142 3136//3136 3143//3143
f 3136//3136 3104//3104 3143//3143
f 3126//3126 3140//3140 3104//3104
f 3126//3126 3134//3134 3140//3140
f 3134//3134 3103//3103 3140//3140
f 3135//3135 3139//3139 3103//3103
f 3135//3135 3132//3132 3139//3139
f 3132//3132 3102//3102 3139//3139
f 3133//3133 3138//3138 3102//3102
f 3133//3133 3129//3129 3138//3138
f 3129//3129 3101//3101 3138//3138
f 3130//3130 3137//3137 3100//3100
f 3130//3130 3127//3127 3137//3137
f 3127//3127 3099//3099 3137//3137
f 3128//3128 3136//3136 3099//3099
f 3128//3128 3125//3125 3136//3136
f 3125//3125 3104//3104 3136//3136
f 3134//3134 3135//3135 3103//3103
f 3134//3134 3124//3124 3135//3135
f 3124//3124 3097//3097 3135//3135
f 3132//3132 3133//3133 3102//3102
f 3132//3132 3123//3123 3133//3133
f 3123//3123 3096//3096 3133//3133
f 3129//3129 3131//3131 3101//3101
f 3129//3129 3120//3120 3131//3131
f 3120//3120 3095//3095 3131//3131
f 3127//3127 3128//3128 3099//3099
f 3127//3127 3114//3114 3128//3128
f 3114//3114 3093//3093 3128//3128
f 3125//3125 3126//3126 3104//3104
f 3125//3125 3115//3115 3126//3126
f 3115//3115 3098//3098 3126//3126
f 3117//3117 3124//3124 3098//3098
f 3117//3117 3121//3121 3124//3124
f 3121//3121 3097//3097 3124//3124
f 3122//3122 3123//3123 3097//3097
f 3122//3122 3118//3118 3123//3123
f 3118//3118 3096//3096 3123//3123
f 3119//3119 3120//3120 3096//3096
f 3119//3119 3111//3111 3120//3120
f 3111//3111 3095//3095 3120//3120
f 3115//3115 3116//3116 3098//3098
f 3115//3115 3113//3113 3116//3116
f 3113//3113 3089//3089 3116//3116
f 3110//3110 3114//3114 3094//3094
f 3110//3110 3112//3112 3114//3114
f 3112//3112 3093//3093 3114//3114
f 3151//3151 3175//3175 3173//3173
f 3156//3156 3176//3176 3178//3178
f 3155//3155 3174//3174 3182//3182
f 3154//3154 3181//3181 3185//3185
f 3153//3153 3184//3184 3180//3180
f 3156//3156 3178//3178 3188//3188
f 3157//3157 3177//3177 3190//3190
f 3159//3159 3183//3183 3192//3192
f 3160//3160 3186//3186 3195//3195
f 3161//3161 3187//3187 3197//3197
f 3156//3156 3188//3188 3191//3191
f 3157//3157 3190//3190 3193//3193
f 3159//3159 3192//3192 3196//3196
f 3160//3160 3195//3195 3198//3198
f 3161//3161 3197//3197 3189//3189
f 3162//3162 3199//3199 3205//3205
f 3163//3163 3200//3200 3208//3208
f 3165//3165 3201//3201 3211//3211
f 3166//3166 3202//3202 3213//3213
f 3167//3167 3203//3203 3207//3207
f 3207//3207 3212//3212 3170//3170
f 3207//3207 3203//3203 3212//3212
f 3203//3203 3166//3166 3212//3212
f 3213//3213 3210//3210 3171//3171
f 3213//3213 3202//3202 3210//3210
f 3202//3202 3165//3165 3210//3210
f 3211//3211 3209//3209 3172//3172
f 3211//3211 3201//3201 3209//3209
f 3201//3201 3164//3164 3209//3209
f 3208//3208 3204//3204 3168//3168
f 3208//3208 3200//3200 3204//3204
f 3200//3200 3162//3162 3204//3204
f 3205//3205 3206//3206 3169//3169
f 3205//3205 3199//3199 3206//3206
f 3199//3199 3167//3167 3206//3206
f 3189//3189 3203//3203 3167//3167
f 3189//3189 3197//3197 3203//3203
f 3197//3197 3166//3166 3203//3203
f 3198//3198 3202//3202 3166//3166
f 3198//3198 3195//3195 3202//3202
f 3195//3195 3165//3165 3202//3202
f 3196//3196 3201//3201 3165//3165
f 3196//3196 3192//3192 3201//3201
f 3192//3192 3164//3164 3201//3201
f 3193//3193 3200//3200 3163//3163
f 3193//3193 3190//3190 3200//3200
f 3190//3190 3162//3162 3200//3200
f 3191//3191 3199//3199 3162//3162
f 3191//3191 3188//3188 3199//3199
f 3188//3188 3167//3167 3199//3199
f 3197//3197 3198//3198 3166//3166
f 3197//3197 3187//3187 3198//3198
f 3187//3187 3160//3160 3198//3198
f 3195//3195 3196//3196 3165//3165
f 3195//3195 3186//3186 3196//3196
f 3186//3186 3159//3159 3196//3196
f 3192//3192 3194//3194 3164//3164
f 3192//3192 3183//3183 3194//3194
f 3183//3183 3158//3158 3194//3194
f 3190//3190 3191//3191 3162//3162
f 3190//3190 3177//3177 3191//3191
f 3177//3177 3156//3156 3191//3191
f 3188//3188 3189//3189 3167//3167
f 3188//3188 3178//3178 3189//3189
f 3178//3178 3161//3161 3189//3189
f 3180//3180 3187//3187 3161//3161
f 3180//3180 3184//3184 3187//3187
f 3184//3184 3160//3160 3187//3187
f 3185//3185 3186//3186 3160//3160
f 3185//3185 3181//3181 3186//3186
f 3181//3181 3159//3159 3186//3186
f 3182//3182 3183//3183 3159//3159
f 3182//3182 3174//3174 3183//3183
f 3174//3174 3158//3158 3183//3183
f 3178//3178 3179//3179 3161//3161
f 3178//3178 3176//3176 3179//3179
f 3176//3176 3152//3152 3179//3179
f 3173//3173 3177//3177 3157//3157
f 3173//3173 3175//3175 3177//3177
f 3175//3175 3156//3156 3177//3177
f 3214//3214 3238//3238 3236//3236
f 3219//3219 3239//3239 3241//3241
f 3218//3218 3237//3237 3245//3245
f 3217//3217 3244//3244 3248//3248
f 3216//3216 3247//3247 3243//3243
f 3219//3219 3241//3241 3251//3251
f 3220//3220 3240//3240 3253//3253
f 3222//3222 3246//3246 3255//3255
f 3223//3223 3249//3249 3258//3258
f 3224//3224 3250//3250 3260//3260
f 3219//3219 3251//3251 3254//3254
f 3220//3220 3253//3253 3256//3256
f 3222//3222 3255//3255 3259//3259
f 3223//3223 3258//3258 3261//3261
f 3224//3224 3260//3260 3252//3252
f 3225//3225 3262//3262 3268//3268
f 3226//3226 3263//3263 3271//3271
f 3228//3228 3264//3264 3274//3274
f 3229//3229 3265//3265 3276//3276
f 3230//3230 3266//3266 3270//3270
f 3270//3270 3275//3275 3233//3233
f 3270//3270 3266//3266 3275//3275
f 3266//3266 3229//3229 3275//3275
f 3276//3276 3273//3273 3234//3234
f 3276//3276 3265//3265 3273//3273
f 3265//3265 3228//3228 3273//3273
f 3274//3274 3272//3272 3235//3235
f 3274//3274 3264//3264 3272//3272
f 3264//3264 3227//3227 3272//3272
f 3271//3271 3267//3267 3231//3231
f 3271//3271 3263//3263 3267//3267
f 3263//3263 3225//3225 3267//3267
f 3268//3268 3269//3269 3232//3232
f 3268//3268 3262//3262 3269//3269
f 3262//3262 3230//3230 3269//3269
f 3252//3252 3266//3266 3230//3230
f 3252//3252 3260//3260 3266//3266
f 3260//3260 3229//3229 3266//3266
f 3261//3261 3265//3265 3229//3229
f 3261//3261 3258//3258 3265//3265
f 3258//3258 3228//3228 3265//3265
f 3259//3259 3264//3264 3228//3228
f 3259//3259 3255//3255 3264//3264
f 3255//3255 3227//3227 3264//3264
f 3256//3256 3263//3263 3226//3226
f 3256//3256 3253//3253 3263//3263
f 3253//3253 3225//3225 3263//3263
f 3254//3254 3262//3262 3225//3225
f 3254//3254 3251//3251 3262//3262
f 3251//3251 3230//3230 3262//3262
f 3260//3260 3261//3261 3229//3229
f 3260//3260 3250//3250 3261//3261
f 3250//3250 3223//3223 3261//3261
f 3258//3258 3259//3259 3228//3228
f 3258//3258 3249//3249 3259//3259
f 3249//3249 3222//3222 3259//3259
f 3255//3255 3257//3257 3227//3227
f 3255//3255 3246//3246 3257//3257
f 3246//3246 3221//3221 3257//3257
f 3253//3253 3254//3254 3225//3225
f 3253//3253 3240//3240 3254//3254
f 3240//3240 3219//3219 3254//3254
f 3251//3251 3252//3252 3230//3230
f 3251//3251 3241//3241 3252//3252
f 3241//3241 3224//3224 3252//3252
f 3243//3243 3250//3250 3224//3224
f 3243//3243 3247//3247 3250//3250
f 3247//3247 3223//3223 3250//3250
f 3248//3248 3249//3249 3223//3223
f 3248//3248 3244//3244 3249//3249
f 3244//3244 3222//3222 3249//3249
f 3245//3245 3246//3246 3222//3222
f 3245//3245 3237//3237 3246//3246
f 3237//3237 3221//3221 3246//3246
f 3241//3241 3242//3242 3224//3224
f 3241//3241 3239//3239 3242//3242
f 3239//3239 3215//3215 3242//3242
f 3236//3236 3240//3240 3220//3220
f 3236//3236 3238//3238 3240//3240
f 3238//3238 3219//3219 3240//3240
f 3277//3277 3301//3301 3299//3299
f 3282//3282 3302//3302 3304//3304
f 3281//3281 3300//3300 3308//3308
f 3280//3280 3307//3307 3311//3311
f 3279//3279 3310//3310 3306//3306
f 3282//3282 3304//3304 3314//3314
f 3283//3283 3303//3303 3316//3316
f 3285//3285 3309//3309 3318//3318
f 3286//3286 3312//3312 3321//3321
f 3287//3287 3313//3313 3323//3323
f 3282//3282 3314//3314 3317//3317
f 3283//3283 3316//3316 3319//3319
f 3285//3285 3318//3318 3322//3322
f 3286//3286 3321//3321 3324//3324
f 3287//3287 3323//3323 3315//3315
f 3288//3288 3325//3325 3331//3331
f 3289//3289 3326//3326 3334//3334
f 3291//3291 3327//3327 3337//3337
f 3292//3292 3328//3328 3339//3339
f 3293//3293 3329//3329 3333//3333
f 3333//3333 3338//3338 3296//3296
f 3333//3333 3329//3329 3338//3338
f 3329//3329 3292//3292 3338//3338
f 3339//3339 3336//3336 3297//3297
f 3339//3339 3328//3328 3336//3336
f 3328//3328 3291//3291 3336//3336
f 3337//3337 3335//3335 3298//3298
f 3337//3337 3327//3327 3335//3335
f 3327//3327 3290//3290 3335//3335
f 3334//3334 3330//3330 3294//3294
f 3334//3334 3326//3326 3330//3330
f 3326//3326 3288//3288 3330//3330
f 3331//3331 3332//3332 3295//3295
f 3331//3331 3325//3325 3332//3332
f 3325//3325 3293//3293 3332//3332
f 3315//3315 3329//3329 3293//3293
f 3315//3315 3323//3323 3329//3329
f 3323//3323 3292//3292 3329//3329
f 3324//3324 3328//3328 3292//3292
f 3324//3324 3321//3321 3328//3328
f 3321//3321 3291//3291 3328//3328
f 3322//3322 3327//3327 3291//3291
f 3322//3322 3318//3318 3327//3327
f 3318//3318 3290//3290 3327//3327
f 3319//3319 3326//3326 3289//3289
f 3319//3319 3316//3316 3326//3326
f 3316//3316 3288//3288 3326//3326
f 3317//3317 3325//3325 3288//3288
f 3317//3317 3314//3314 3325//3325
f 3314//3314 3293//3293 3325//3325
f 3323//3323 3324//3324 3292//3292
f 3323//3323 3313//3313 3324//3324
f 3313//3313 3286//3286 3324//3324
f 3321//3321 3322//3322 3291//3291
f 3321//3321 3312//3312 3322//3322
f 3312//3312 3285//3285 3322//3322
f 3318//3318 3320//3320 3290//3290
f 3318//3318 3309//3309 3320//3320
f 3309//3309 3284//3284 3320//3320
f 3316//3316 3317//3317 3288//3288
f 3316//3316 3303//3303 3317//3317
f 3303//3303 3282//3282 3317//3317
f 3314//3314 3315//3315 3293//3293
f 3314//3314 3304//3304 3315//3315
f 3304//3304 3287//3287 3315//3315
f 3306//3306 3313//3313 3287//3287
f 3306//3306 3310//3310 3313//3313
f 3310//3310 3286//3286 3313//3313
f 3311//3311 3312//3312 3286//3286
f 3311//3311 3307//3307 3312//3312
f 3307//3307 3285//3285 3312//3312
f 3308//3308 3309//3309 3285//3285
f 3308//3308 3300//3300 3309//3309
f 3300//3300 3284//3284 3309//3309
f 3304//3304 3305//3305 3287//3287
f 3304//3304 3302//3302 3305//3305
f 3302//3302 3278//3278 3305//3305
f 3299//3299 3303//3303 3283//3283
f 3299//3299 3301//3301 3303//3303
f 3301//3301 3282//3282 3303//3303
f 3340//3340 3364//3364 3362//3362
f 3345//3345 3365//3365 3367//3367
f 3344//3344 3363//3363 3371//3371
f 3343//3343 3370//3370 3374//3374
f 3342//3342 3373//3373 3369//3369
f 3345//3345 3367//3367 3377//3377
f 3346//3346 3366//3366 3379//3379
f 3348//3348 3372//3372 3381//3381
f 3349//3349 3375//3375 3384//3384
f 3350//3350 3376//3376 3386//3386
f 3345//3345 3377//3377 3380//3380
f 3346//3346 3379//3379 3382//3382
f 3348//3348 3381//3381 3385//3385
f 3349//3349 3384//3384 3387//3387
f 3350//3350 3386//3386 3378//3378
f 3351//3351 3388//3388 3394//3394
f 3352//3352 3389//3389 3397//3397
f 3354//3354 3390//3390 3400//3400
f 3355//3355 3391//3391 3402//3402
f 3356//3356 3392//3392 3396//3396
f 3396//3396 3401//3401 3359//3359
f 3396//3396 3392//3392 3401//3401
f 3392//3392 3355//3355 3401//3401
f 3402//3402 3399//3399 3360//3360
f 3402//3402 3391//3391 3399//3399
f 3391//3391 3354//3354 3399//3399
f 3400//3400 3398//3398 3361//3361
f 3400//3400 3390//3390 3398//3398
f 3390//3390 3353//3353 3398//3398
f 3397//3397 3393//3393 3357//3357
f 3397//3397 3389//3389 3393//3393
f 3389//3389 3351//3351 3393//3393
f 3394//3394 3395//3395 3358//3358
f 3394//3394 3388//3388 3395//3395
f 3388//3388 3356//3356 3395//3395
f 3378//3378 3392//3392 3356//3356
f 3378//3378 3386//3386 3392//3392
f 3386//3386 3355//3355 3392//3392
f 3387//3387 3391//3391 3355//3355
f 3387//3387 3384//3384 3391//3391
f 3384//3384 3354//3354 3391//3391
f 3385//3385 3390//3390 3354//3354
f 3385//3385 3381//3381 3390//3390
f 3381//3381 3353//3353 3390//3390
f 3382//3382 3389//3389 3352//3352
f 3382//3382 3379//3379 3389//3389
f 3379//3379 3351//3351 3389//3389
f 3380//3380 3388//3388 3351//3351
f 3380//3380 3377//3377 3388//3388
f 3377//3377 3356//3356 3388//3388
f 3386//3386 3387//3387 3355//3355
f 3386//3386 3376//3376 3387//3387
f 3376//3376 3349//3349 3387//3387
f 3384//3384 3385//3385 3354//3354
f 3384//3384 3375//3375 3385//3385
f 3375//3375 3348//3348 3385//3385
f 3381//3381 3383//3383 3353//3353
f 3381//3381 3372//3372 3383//3383
f 3372//3372 3347//3347 3383//3383
f 3379//3379 3380//3380 3351//3351
f 3379//3379 3366//3366 3380//3380
f 3366//3366 3345//3345 3380//3380
f 3377//3377 3378//3378 3356//3356
f 3377//3377 3367//3367 3378//3378
f 3367//3367 3350//3350 3378//3378
f 3369//3369 3376//3376 3350//3350
f 3369//3369 3373//3373 3376//3376
f 3373//3373 3349//3349 3376//3376
f 3374//3374 3375//3375 3349//3349
f 3374//3374 3370//3370 3375//3375
f 3370//3370 3348//3348 3375//3375
f 3371//3371 3372//3372 3348//3348
f 3371//3371 3363//3363 3372//3372
f 3363//3363 3347//3347 3372//3372
f 3367//3367 3368//3368 3350//3350
f 3367//3367 3365//3365 3368//3368
f 3365//3365 3341//3341 3368//3368
f 3362//3362 3366//3366 3346//3346
f 3362//3362 3364//3364 3366//3366
f 3364//3364 3345//3345 3366//3366
f 3403//3403 3427//3427 3425//3425
f 3408//3408 3428//3428 3430//3430
f 3407//3407 3426//3426 3434//3434
f 3406//3406 3433//3433 3437//3437
f 3405//3405 3436//3436 3432//3432
f 3408//3408 3430//3430 3440//3440
f 3409//3409 3429//3429 3442//3442
f 3411//3411 3435//3435 3444//3444
f 3412//3412 3438//3438 3447//3447
f 3413//3413 3439//3439 3449//3449
f 3408//3408 3440//3440 3443//3443
f 3409//3409 3442//3442 3445//3445
f 3411//3411 3444//3444 3448//3448
f 3412//3412 3447//3447 3450//3450
f 3413//3413 3449//3449 3441//3441
f 3414//3414 3451//3451 3457//3457
f 3415//3415 3452//3452 3460//3460
f 3417//3417 3453//3453 3463//3463
f 3418//3418 3454//3454 3465//3465
f 3419//3419 3455//3455 3459//3459
f 3459//3459 3464//3464 3422//3422
f 3459//3459 3455//3455 3464//3464
f 3455//3455 3418//3418 3464//3464
f 3465//3465 3462//3462 3423//3423
f 3465//3465 3454//3454 3462//3462
f 3454//3454 3417//3417 3462//3462
f 3463//3463 3461//3461 3424//3424
f 3463//3463 3453//3453 3461//3461
f 3453//3453 3416//3416 3461//3461
f 3460//3460 3456//3456 3420//3420
f 3460//3460 3452//3452 3456//3456
f 3452//3452 3414//3414 3456//3456
f 3457//3457 3458//3458 3421//3421
f 3457//3457 3451//3451 3458//3458
f 3451//3451 3419//3419 3458//3458
f 3441//3441 3455//3455 3419//3419
f 3441//3441 3449//3449 3455//3455
f 3449//3449 3418//3418 3455//3455
f 3450//3450 3454//3454 3418//3418
f 3450//3450 3447//3447 3454//3454
f 3447//3447 3417//3417 3454//3454
f 3448//3448 3453//3453 3417//3417
f 3448//3448 3444//3444 3453//3453
f 3444//3444 3416//3416 3453//3453
f 3445//3445 3452//3452 3415//3415
f 3445//3445 3442//3442 3452//3452
f 3442//3442 3414//3414 3452//3452
f 3443//3443 3451//3451 3414//3414
f 3443//3443 3440//3440 3451//3451
f 3440//3440 3419//3419 3451//3451
f 3449//3449 3450//3450 3418//3418
f 3449//3449 3439//3439 3450//3450
f 3439//3439 3412//3412 3450//3450
f 3447//3447 3448//3448 3417//3417
f 3447//3447 3438//3438 3448//3448
f 3438//3438 3411//3411 3448//3448
f 3444//3444 3446//3446 3416//3416
f 3444//3444 3435//3435 3446//3446
f 3435//3435 3410//3410 3446//3446
f 3442//3442 3443//3443 3414//3414
f 3442//3442 3429//3429 3443//3443
f 3429//3429 3408//3408 3443//3443
f 3440//3440 3441//3441 3419//3419
f 3440//3440 3430//3430 3441//3441
f 3430//3430 3413//3413 3441//3441
f 3432//3432 3439//3439 3413//3413
f 3432//3432 3436//3436 3439//3439
f 3436//3436 3412//3412 3439//3439
f 3437//3437 3438//3438 3412//3412
f 3437//3437 3433//3433 3438//3438
f 3433//3433 3411//3411 3438//3438
f 3434//3434 3435//3435 3411//3411
f 3434//3434 3426//3426 3435//3435
f 3426//3426 3410//3410 3435//3435
f 3430//3430 3431//3431 3413//3413
f 3430//3430 3428//3428 3431//3431
f 3428//3428 3404//3404 3431//3431
f 3425//3425 3429//3429 3409//3409
f 3425//3425 3427//3427 3429//3429
f 3427//3427 3408//3408 3429//3429
f 3466//3466 3490//3490 3488//3488
f 3471//3471 3491//3491 3493//3493
f 3470//3470 3489//3489 3497//3497
f 3469//3469 3496//3496 3500//3500
f 3468//3468 3499//3499 3495//3495
f 3471//3471 3493//3493 3503//3503
f 3472//3472 3492//3492 3505//3505
f 3474//3474 3498//3498 3507//3507
f 3475//3475 3501//3501 3510//3510
f 3476//3476 3502//3502 3512//3512
f 3471//3471 3503//3503 3506//3506
f 3472//3472 3505//3505 3508//3508
f 3474//3474 3507//3507 3511//3511
f 3475//3475 3510//3510 3513//3513
f 3476//3476 3512//3512 3504//3504
f 3477//3477 3514//3514 3520//3520
f 3478//3478 3515//3515 3523//3523
f 3480//3480 3516//3516 3526//3526
f 3481//3481 3517//3517 3528//3528
f 3482//3482 3518//3518 3522//3522
f 3522//3522 3527//3527 3485//3485
f 3522//3522 3518//3518 3527//3527
f 3518//3518 3481//3481 3527//3527
f 3528//3528 3525//3525 3486//3486
f 3528//3528 3517//3517 3525//3525
f 3517//3517 3480//3480 3525//3525
f 3526//3526 3524//3524 3487//3487
f 3526//3526 3516//3516 3524//3524
f 3516//3516 3479//3479 3524//3524
f 3523//3523 3519//3519 3483//3483
f 3523//3523 3515//3515 3519//3519
f 3515//3515 3477//3477 3519//3519
f 3520//3520 3521//3521 3484//3484
f 3520//3520 3514//3514 3521//3521
f 3514//3514 3482//3482 3521//3521
f 3504//3504 3518//3518 3482//3482
f 3504//3504 3512//3512 3518//3518
f 3512//3512 3481//3481 3518//3518
f 3513//3513 3517//3517 3481//3481
f 3513//3513 3510//3510 3517//3517
f 3510//3510 3480//3480 3517//3517
f 3511//3511 3516//3516 3480//3480
f 3511//3511 3507//3507 3516//3516
f 3507//3507 3479//3479 3516//3516
f 3508//3508 3515//3515 3478//3478
f 3508//3508 3505//3505 3515//3515
f 3505//3505 3477//3477 3515//3515
f 3506//3506 3514//3514 3477//3477
f 3506//3506 3503//3503 3514//3514
f 3503//3503 3482//3482 3514//3514
f 3512//3512 3513//3513 3481//3481
f 3512//3512 3502//3502 3513//3513
f 3502//3502 3475//3475 3513//3513
f 3510//3510 3511//3511 3480//3480
f 3510//3510 3501//3501 3511//3511
f 3501//3501 3474//3474 3511//3511
f 3507//3507 3509//3509 3479//3479
f 3507//3507 3498//3498 3509//3509
f 3498//3498 3473//3473 3509//3509
f 3505//3505 3506//3506 3477//3477
f 3505//3505 3492//3492 3506//3506
f 3492//3492 3471//3471 3506//3506
f 3503//3503 3504//3504 3482//3482
f 3503//3503 3493//3493 3504//3504
f 3493//3493 3476//3476 3504//3504
f 3495//3495 3502//3502 3476//3476
f 3495//3495 3499//3499 3502//3502
f 3499//3499 3475//3475 3502//3502
f 3500//3500 3501//3501 3475//3475
f 3500//3500 3496//3496 3501//3501
f 3496//3496 3474//3474 3501//3501
f 3497//3497 3498//3498 3474//3474
f 3497//3497 3489//3489 3498//3498
f 3489//3489 3473//3473 3498//3498
f 3493//3493 3494//3494 3476//3476
f 3493//3493 3491//3491 3494//3494
f 3491//3491 3467//3467 3494//3494
f 3488//3488 3492//3492 3472//3472
f 3488//3488 3490//3490 3492//3492
f 3490//3490 3471//3471 3492//3492
f 3529//3529 3553//3553 3551//3551
f 3534//3534 3554//3554 3556//3556
f 3533//3533 3552//3552 3560//3560
f 3532//3532 3559//3559 3563//3563
f 3531//3531 3562//3562 3558//3558
f 3534//3534 3556//3556 3566//3566
f 3535//3535 3555//3555 3568//3568
f 3537//3537 3561//3561 3570//3570
f 3538//3538 3564//3564 3573//3573
f 3539//3539 3565//3565 3575//3575
f 3534//3534 3566//3566 3569//3569
f 3535//3535 3568//3568 3571//3571
f 3537//3537 3570//3570 3574//3574
f 3538//3538 3573//3573 3576//3576
f 3539//3539 3575//3575 3567//3567
f 3540//3540 3577//3577 3583//3583
f 3541//3541 3578//3578 3586//3586
f 3543//3543 3579//3579 3589//3589
f 3544//3544 3580//3580 3591//3591
f 3545//3545 3581//3581 3585//3585
f 3585//3585 3590//3590 3548//3548
f 3585//3585 3581//3581 3590//3590
f 3581//3581 3544//3544 3590//3590
f 3591//3591 3588//3588 3549//3549
f 3591//3591 3580//3580 3588//3588
f 3580//3580 3543//3543 3588//3588
f 3589//3589 3587//3587 3550//3550
f 3589//3589 3579//3579 3587//3587
f 3579//3579 3542//3542 3587//3587
f 3586//3586 3582//3582 3546//3546
f 3586//3586 3578//3578 3582//3582
f 3578//3578 3540//3540 3582//3582
f 3583//3583 3584//3584 3547//3547
f 3583//3583 3577//3577 3584//3584
f 3577//3577 3545//3545 3584//3584
f 3567//3567 3581//3581 3545//3545
f 3567//3567 3575//3575 3581//3581
f 3575//3575 3544//3544 3581//3581
f 3576//3576 3580//3580 3544//3544
f 3576//3576 3573//3573 3580//3580
f 3573//3573 3543//3543 3580//3580
f 3574//3574 3579//3579 3543//3543
f 3574//3574 3570//3570 3579//3579
f 3570//3570 3542//3542 3579//3579
f 3571//3571 3578//3578 3541//3541
f 3571//3571 3568//3568 3578//3578
f 3568//3568 3540//3540 3578//3578
f 3569//3569 3577//3577 3540//3540
f 3569//3569 3566//3566 3577//3577
f 3566//3566 3545//3545 3577//3577
f 3575//3575 3576//3576 3544//3544
f 3575//3575 3565//3565 3576//3576
f 3565//3565 3538//3538 3576//3576
f 3573//3573 3574//3574 3543//3543
f 3573//3573 3564//3564 3574//3574
f 3564//3564 3537//3537 3574//3574
f 3570//3570 3572//3572 3542//3542
f 3570//3570 3561//3561 3572//3572
f 3561//3561 3536//3536 3572//3572
f 3568//3568 3569//3569 3540//3540
f 3568//3568 3555//3555 3569//3569
f 3555//3555 3534//3534 3569//3569
f 3566//3566 3567//3567 3545//3545
f 3566//3566 3556//3556 3567//3567
f 3556//3556 3539//3539 3567//3567
f 3558//3558 3565//3565 3539//3539
f 3558//3558 3562//3562 3565//3565
f 3562//3562 3538//3538 3565//3565
f 3563//3563 3564//3564 3538//3538
f 3563//3563 3559//3559 3564//3564
f 3559//3559 3537//3537 3564//3564
f 3560//3560 3561//3561 3537//3537
f 3560//3560 3552//3552 3561//3561
f 3552//3552 3536//3536 3561//3561
f 3556//3556 3557//3557 3539//3539
f 3556//3556 3554//3554 3557//3557
f 3554//3554 3530//3530 3557//3557
f 3551//3551 3555//3555 3535//3535
f 3551//3551 3553//3553 3555//3555
f 3553//3553 3534//3534 3555//3555
f 3592//3592 3616//3616 3614//3614
f 3597//3597 3617//3617 3619//3619
f 3596//3596 3615//3615 3623//3623
f 3595//3595 3622//3622 3626//3626
f 3594//3594 3625//3625 3621//3621
f 3597//3597 3619//3619 3629//3629
f 3598//3598 3618//3618 3631//3631
f 3600//3600 3624//3624 3633//3633
f 3601//3601 3627//3627 3636//3636
f 3602//3602 3628//3628 3638//3638
f 3597//3597 3629//3629 3632//3632
f 3598//3598 3631//3631 3634//3634
f 3600//3600 3633//3633 3637//3637
f 3601//3601 3636//3636 3639//3639
f 3602//3602 3638//3638 3630//3630
f 3603//3603 3640//3640 3646//3646
f 3604//3604 3641//3641 3649//3649
f 3606//3606 3642//3642 3652//3652
f 3607//3607 3643//3643 3654//3654
f 3608//3608 3644//3644 3648//3648
f 3648//3648 3653//3653 3611//3611
f 3648//3648 3644//3644 3653//3653
f 3644//3644 3607//3607 3653//3653
f 3654//3654 3651//3651 3612//3612
f 3654//3654 3643//3643 3651//3651
f 3643//3643 3606//3606 3651//3651
f 3652//3652 3650//3650 3613//3613
f 3652//3652 3642//3642 3650//3650
f 3642//3642 3605//3605 3650//3650
f 3649//3649 3645//3645 3609//3609
f 3649//3649 3641//3641 3645//3645
f 3641//3641 3603//3603 3645//3645
f 3646//3646 3647//3647 3610//3610
f 3646//3646 3640//3640 3647//3647
f 3640//3640 3608//3608 3647//3647
f 3630//3630 3644//3644 3608//3608
f 3630//3630 3638//3638 3644//3644
f 3638//3638 3607//3607 3644//3644
f 3639//3639 3643//3643 3607//3607
f 3639//3639 3636//3636 3643//3643
f 3636//3636 3606//3606 3643//3643
f 3637//3637 3642//3642 3606//3606
f 3637//3637 3633//3633 3642//3642
f 3633//3633 3605//3605 3642//3642
f 3634//3634 3641//3641 3604//3604
f 3634//3634 3631//3631 3641//3641
f 3631//3631 3603//3603 3641//3641
f 3632//3632 3640//3640 3603//3603
f 3632//3632 3629//3629 3640//3640
f 3629//3629 3608//3608 3640//3640
f 3638//3638 3639//3639 3607//3607
f 3638//3638 3628//3628 3639//3639
f 3628//3628 3601//3601 3639//3639
f 3636//3636 3637//3637 3606//3606
f 3636//3636 3627//3627 3637//3637
f 3627//3627 3600//3600 3637//3637
f 3633//3633 3635//3635 3605//3605
f 3633//3633 3624//3624 3635//3635
f 3624//3624 3599//3599 3635//3635
f 3631//3631 3632//3632 3603//3603
f 3631//3631 3618//3618 3632//3632
f 3618//3618 3597//3597 3632//3632
f 3629//3629 3630//3630 3608//3608
f 3629//3629 3619//3619 3630//3630
f 3619//3619 3602//3602 3630//3630
f 3621//3621 3628//3628 3602//3602
f 3621//3621 3625//3625 3628//3628
f 3625//3625 3601//3601 3628//3628
f 3626//3626 3627//3627 3601//3601
f 3626//3626 3622//3622 3627//3627
f 3622//3622 3600//3600 3627//3627
f 3623//3623 3624//3624 3600//3600
f 3623//3623 3615//3615 3624//3624
f 3615//3615 3599//3599 3624//3624
f 3619//3619 3620//3620 3602//3602
f 3619//3619 3617//3617 3620//3620
f 3617//3617 3593//3593 3620//3620
f 3614//3614 3618//3618 3598//3598
f 3614//3614 3616//3616 3618//3618
f 3616//3616 3597//3597 3618//3618
f 3655//3655 3679//3679 3677//3677
f 3660//3660 3680//3680 3682//3682
f 3659//3659 3678//3678 3686//3686
f 3658//3658 3685//3685 3689//3689
f 3657//3657 3688//3688 3684//3684
f 3660//3660 3682//3682 3692//3692
f 3661//3661 3681//3681 3694//3694
f 3663//3663 3687//3687 3696//3696
f 3664//3664 3690//3690 3699//3699
f 3665//3665 3691//3691 3701//3701
f 3660//3660 3692//3692 3695//3695
f 3661//3661 3694//3694 3697//3697
f 3663//3663 3696//3696 3700//3700
f 3664//3664 3699//3699 3702//3702
f 3665//3665 3701//3701 3693//3693
f 3666//3666 3703//3703 3709//3709
f 3667//3667 3704//3704 3712//3712
f 3669//3669 3705//3705 3715//3715
f 3670//3670 3706//3706 3717//3717
f 3671//3671 3707//3707 3711//3711
f 3711//3711 3716//3716 3674//3674
f 3711//3711 3707//3707 3716//3716
f 3707//3707 3670//3670 3716//3716
f 3717//3717 3714//3714 3675//3675
f 3717//3717 3706//3706 3714//3714
f 3706//3706 3669//3669 3714//3714
f 3715//3715 3713//3713 3676//3676
f 3715//3715 3705//3705 3713//3713
f 3705//3705 3668//3668 3713//3713
f 3712//3712 3708//3708 3672//3672
f 3712//3712 3704//3704 3708//3708
f 3704//3704 3666//3666 3708//3708
f 3709//3709 3710//3710 3673//3673
f 3709//3709 3703//3703 3710//3710
f 3703//3703 3671//3671 3710//3710
f 3693//3693 3707//3707 3671//3671
f 3693//3693 3701//3701 3707//3707
f 3701//3701 3670//3670 3707//3707
f 3702//3702 3706//3706 3670//3670
f 3702//3702 3699//3699 3706//3706
f 3699//3699 3669//3669 3706//3706
f 3700//3700 3705//3705 3669//3669
f 3700//3700 3696//3696 3705//3705
f 3696//3696 3668//3668 3705//3705
f 3697//3697 3704//3704 3667//3667
f 3697//3697 3694//3694 3704//3704
f 3694//3694 3666//3666 3704//3704
f 3695//3695 3703//3703 3666//3666
f 3695//3695 3692//3692 3703//3703
f 3692//3692 3671//3671 3703//3703
f 3701//3701 3702//3702 3670//3670
f 3701//3701 3691//3691 3702//3702
f 3691//3691 3664//3664 3702//3702
f 3699//3699 3700//3700 3669//3669
f 3699//3699 3690//3690 3700//3700
f 3690//3690 3663//3663 3700//3700
f 3696//3696 3698//3698 3668//3668
f 3696//3696 3687//3687 3698//3698
f 3687//3687 3662//3662 3698//3698
f 3694//3694 3695//3695 3666//3666
f 3694//3694 3681//3681 3695//3695
f 3681//3681 3660//3660 3695//3695
f 3692//3692 3693//3693 3671//3671
f 3692//3692 3682//3682 3693//3693
f 3682//3682 3665//3665 3693//3693
f 3684//3684 3691//3691 3665//3665
f 3684//3684 3688//3688 3691//3691
f 3688//3688 3664//3664 3691//3691
f 3689//3689 3690//3690 3664//3664
f 3689//3689 3685//3685 3690//3690
f 3685//3685 3663//3663 3690//3690
f 3686//3686 3687//3687 3663//3663
f 3686//3686 3678//3678 3687//3687
f 3678//3678 3662//3662 3687//3687
f 3682//3682 3683//3683 3665//3665
f 3682//3682 3680//3680 3683//3683
f 3680//3680 3656//3656 3683//3683
f 3677//3677 3681//3681 3661//3661
f 3677//3677 3679//3679 3681//3681
f 3679//3679 3660//3660 3681//3681
f 3718//3718 3742//3742 3740//3740
f 3723//3723 3743//3743 3745//3745
f 3722//3722 3741//3741 3749//3749
f 3721//3721 3748//3748 3752//3752
f 3720//3720 3751//3751 3747//3747
f 3723//3723 3745//3745 3755//3755
f 3724//3724 3744//3744 3757//3757
f 3726//3726 3750//3750 3759//3759
f 3727//3727 3753//3753 3762//3762
f 3728//3728 3754//3754 3764//3764
f 3723//3723 3755//3755 3758//3758
f 3724//3724 3757//3757 3760//3760
f 3726//3726 3759//3759 3763//3763
f 3727//3727 3762//3762 3765//3765
f 3728//3728 3764//3764 3756//3756
f 3729//3729 3766//3766 3772//3772
f 3730//3730 3767//3767 3775//3775
f 3732//3732 3768//3768 3778//3778
f 3733//3733 3769//3769 3780//3780
f 3734//3734 3770//3770 3774//3774
f 3774//3774 3779//3779 3737//3737
f 3774//3774 3770//3770 3779//3779
f 3770//3770 3733//3733 3779//3779
f 3780//3780 3777//3777 3738//3738
f 3780//3780 3769//3769 3777//3777
f 3769//3769 3732//3732 3777//3777
f 3778//3778 3776//3776 3739//3739
f 3778//3778 3768//3768 3776//3776
f 3768//3768 3731//3731 3776//3776
f 3775//3775 3771//3771 3735//3735
f 3775//3775 3767//3767 3771//3771
f 3767//3767 3729//3729 3771//3771
f 3772//3772 3773//3773 3736//3736
f 3772//3772 3766//3766 3773//3773
f 3766//3766 3734//3734 3773//3773
f 3756//3756 3770//3770 3734//3734
f 3756//3756 3764//3764 3770//3770
f 3764//3764 3733//3733 3770//3770
f 3765//3765 3769//3769 3733//3733
f 3765//3765 3762//3762 3769//3769
f 3762//3762 3732//3732 3769//3769
f 3763//3763 3768//3768 3732//3732
f 3763//3763 3759//3759 3768//3768
f 3759//3759 3731//3731 3768//3768
f 3760//3760 3767//3767 3730//3730
f 3760//3760 3757//3757 3767//3767
f 3757//3757 3729//3729 3767//3767
f 3758//3758 3766//3766 3729//3729
f 3758//3758 3755//3755 3766//3766
f 3755//3755 3734//3734 3766//3766
f 3764//3764 3765//3765 3733//3733
f 3764//3764 3754//3754 3765//3765
f 3754//3754 3727//3727 3765//3765
f 3762//3762 3763//3763 3732//3732
f 3762//3762 3753//3753 3763//3763
f 3753//3753 3726//3726 3763//3763
f 3759//3759 3761//3761 3731//3731
f 3759//3759 3750//3750 3761//3761
f 3750//3750 3725//3725 3761//3761
f 3757//3757 3758//3758 3729//3729
f 3757//3757 3744//3744 3758//3758
f 3744//3744 3723//3723 3758//3758
f 3755//3755 3756//3756 3734//3734
f 3755//3755 3745//3745 3756//3756
f 3745//3745 3728//3728 3756//3756
f 3747//3747 3754//3754 3728//3728
f 3747//3747 3751//3751 3754//3754
f 3751//3751 3727//3727 3754//3754
f 3752//3752 3753//3753 3727//3727
f 3752//3752 3748//3748 3753//3753
f 3748//3748 3726//3726 3753//3753
f 3749//3749 3750//3750 3726//3726
f 3749//3749 3741//3741 3750//3750
f 3741//3741 3725//3725 3750//3750
f 3745//3745 3746//3746 3728//3728
f 3745//3745 3743//3743 3746//3746
f 3743//3743 3719//3719 3746//3746
f 3740//3740 3744//3744 3724//3724
f 3740//3740 3742//3742 3744//3744
f 3742//3742 3723//3723 3744//3744
f 3781//3781 3805//3805 3803//3803
f 3786//3786 3806//3806 3808//3808
f 3785//3785 3804//3804 3812//3812
f 3784//3784 3811//3811 3815//3815
f 3783//3783 3814//3814 3810//3810
f 3786//3786 3808//3808 3818//3818
f 3787//3787 3807//3807 3820//3820
f 3789//3789 3813//3813 3822//3822
f 3790//3790 3816//3816 3825//3825
f 3791//3791 3817//3817 3827//3827
f 3786//3786 3818//3818 3821//3821
f 3787//3787 3820//3820 3823//3823
f 3789//3789 3822//3822 3826//3826
f 3790//3790 3825//3825 3828//3828
f 3791//3791 3827//3827 3819//3819
f 3792//3792 3829//3829 3835//3835
f 3793//3793 3830//3830 3838//3838
f 3795//3795 3831//3831 3841//3841
f 3796//3796 3832//3832 3843//3843
f 3797//3797 3833//3833 3837//3837
f 3837//3837 3842//3842 3800//3800
f 3837//3837 3833//3833 3842//3842
f 3833//3833 3796//3796 3842//3842
f 3843//3843 3840//3840 3801//3801
f 3843//3843 3832//3832 3840//3840
f 3832//3832 3795//3795 3840//3840
f 3841//3841 3839//3839 3802//3802
f 3841//3841 3831//3831 3839//3839
f 3831//3831 3794//3794 3839//3839
f 3838//3838 3834//3834 3798//3798
f 3838//3838 3830//3830 3834//3834
f 3830//3830 3792//3792 3834//3834
f 3835//3835 3836//3836 3799//3799
f 3835//3835 3829//3829 3836//3836
f 3829//3829 3797//3797 3836//3836
f 3819//3819 3833//3833 3797//3797
f 3819//3819 3827//3827 3833//3833
f 3827//3827 3796//3796 3833//3833
f 3828//3828 3832//3832 3796//3796
f 3828//3828 3825//3825 3832//3832
f 3825//3825 3795//3795 3832//3832
f 3826//3826 3831//3831 3795//3795
f 3826//3826 3822//3822 3831//3831
f 3822//3822 3794//3794 3831//3831
f 3823//3823 3830//3830 3793//3793
f 3823//3823 3820//3820 3830//3830
f 3820//3820 3792//3792 3830//3830
f 3821//3821 3829//3829 3792//3792
f 3821//3821 3818//3818 3829//3829
f 3818//3818 3797//3797 3829//3829
f 3827//3827 3828//3828 3796//3796
f 3827//3827 3817//3817 3828//3828
f 3817//3817 3790//3790 3828//3828
f 3825//3825 3826//3826 3795//3795
f 3825//3825 3816//3816 3826//3826
f 3816//3816 3789//3789 3826//3826
f 3822//3822 3824//3824 3794//3794
f 3822//3822 3813//3813 3824//3824
f 3813//3813 3788//3788 3824//3824
f 3820//3820 3821//3821 3792//3792
f 3820//3820 3807//3807 3821//3821
f 3807//3807 3786//3786 3821//3821
f 3818//3818 3819//3819 3797//3797
f 3818//3818 3808//3808 3819//3819
f 3808//3808 3791//3791 3819//3819
f 3810//3810 3817//3817 3791//3791
f 3810//3810 3814//3814 3817//3817
f 3814//3814 3790//3790 3817//3817
f 3815//3815 3816//3816 3790//3790
f 3815//3815 3811//3811 3816//3816
f 3811//3811 3789//3789 3816//3816
f 3812//3812 3813//3813 3789//3789
f 3812//3812 3804//3804 3813//3813
f 3804//3804 3788//3788 3813//3813
f 3808//3808 3809//3809 3791//3791
f 3808//3808 3806//3806 3809//3809
f 3806//3806 3782//3782 3809//3809
f 3803//3803 3807//3807 3787//3787
f 3803//3803 3805//3805 3807//3807
f 3805//3805 3786//3786 3807//3807
f 3844//3844 3868//3868 3866//3866
f 3849//3849 3869//3869 3871//3871
f 3848//3848 3867//3867 3875//3875
f 3847//3847 3874//3874 3878//3878
f 3846//3846 3877//3877 3873//3873
f 3849//3849 3871//3871 3881//3881
f 3850//3850 3870//3870 3883//3883
f 3852//3852 3876//3876 3885//3885
f 3853//3853 3879//3879 3888//3888
f 3854//3854 3880//3880 3890//3890
f 3849//3849 3881//3881 3884//3884
f 3850//3850 3883//3883 3886//3886
f 3852//3852 3885//3885 3889//3889
f 3853//3853 3888//3888 3891//3891
f 3854//3854 3890//3890 3882//3882
f 3855//3855 3892//3892 3898//3898
f 3856//3856 3893//3893 3901//3901
f 3858//3858 3894//3894 3904//3904
f 3859//3859 3895//3895 3906//3906
f 3860//3860 3896//3896 3900//3900
f 3900//3900 3905//3905 3863//3863
f 3900//3900 3896//3896 3905//3905
f 3896//3896 3859//3859 3905//3905
f 3906//3906 3903//3903 3864//3864
f 3906//3906 3895//3895 3903//3903
f 3895//3895 3858//3858 3903//3903
f 3904//3904 3902//3902 3865//3865
f 3904//3904 3894//3894 3902//3902
f 3894//3894 3857//3857 3902//3902
f 3901//3901 3897//3897 3861//3861
f 3901//3901 3893//3893 3897//3897
f 3893//3893 3855//3855 3897//3897
f 3898//3898 3899//3899 3862//3862
f 3898//3898 3892//3892 3899//3899
f 3892//3892 3860//3860 3899//3899
f 3882//3882 3896//3896 3860//3860
f 3882//3882 3890//3890 3896//3896
f 3890//3890 3859//3859 3896//3896
f 3891//3891 3895//3895 3859//3859
f 3891//3891 3888//3888 3895//3895
f 3888//3888 3858//3858 3895//3895
f 3889//3889 3894//3894 3858//3858
f 3889//3889 3885//3885 3894//3894
f 3885//3885 3857//3857 3894//3894
f 3886//3886 3893//3893 3856//3856
f 3886//3886 3883//3883 3893//3893
f 3883//3883 3855//3855 3893//3893
f 3884//3884 3892//3892 3855//3855
f 3884//3884 3881//3881 3892//3892
f 3881//3881 3860//3860 3892//3892
f 3890//3890 3891//3891 3859//3859
f 3890//3890 3880//3880 3891//3891
f 3880//3880 3853//3853 3891//3891
f 3888//3888 3889//3889 3858//3858
f 3888//3888 3879//3879 3889//3889
f 3879//3879 3852//3852 3889//3889
f 3885//3885 3887//3887 3857//3857
f 3885//3885 3876//3876 3887//3887
f 3876//3876 3851//3851 3887//3887
f 3883//3883 3884//3884 3855//3855
f 3883//3883 3870//3870 3884//3884
f 3870//3870 3849//3849 3884//3884
f 3881//3881 3882//3882 3860//3860
f 3881//3881 3871//3871 3882//3882
f 3871//3871 3854//3854 3882//3882
f 3873//3873 3880//3880 3854//3854
f 3873//3873 3877//3877 3880//3880
f 3877//3877 3853//3853 3880//3880
f 3878//3878 3879//3879 3853//3853
f 3878//3878 3874//3874 3879//3879
f 3874//3874 3852//3852 3879//3879
f 3875//3875 3876//3876 3852//3852
f 3875//3875 3867//3867 3876//3876
f 3867//3867 3851//3851 3876//3876
f 3871//3871 3872//3872 3854//3854
f 3871//3871 3869//3869 3872//3872
f 3869//3869 3845//3845 3872//3872
f 3866//3866 3870//3870 3850//3850
f 3866//3866 3868//3868 3870//3870
f 3868//3868 3849//3849 3870//3870
f 3907//3907 3931//3931 3929//3929
f 3912//3912 3932//3932 3934//3934
f 3911//3911 3930//3930 3938//3938
f 3910//3910 3937//3937 3941//3941
f 3909//3909 3940//3940 3936//3936
f 3912//3912 3934//3934 3944//3944
f 3913//3913 3933//3933 3946//3946
f 3915//3915 3939//3939 3948//3948
f 3916//3916 3942//3942 3951//3951
f 3917//3917 3943//3943 3953//3953
f 3912//3912 3944//3944 3947//3947
f 3913//3913 3946//3946 3949//3949
f 3915//3915 3948//3948 3952//3952
f 3916//3916 3951//3951 3954//3954
f 3917//3917 3953//3953 3945//3945
f 3918//3918 3955//3955 3961//3961
f 3919//3919 3956//3956 3964//3964
f 3921//3921 3957//3957 3967//3967
f 3922//3922 3958//3958 3969//3969
f 3923//3923 3959//3959 3963//3963
f 3963//3963 3968//3968 3926//3926
f 3963//3963 3959//3959 3968//3968
f 3959//3959 3922//3922 3968//3968
f 3969//3969 3966//3966 3927//3927
f 3969//3969 3958//3958 3966//3966
f 3958//3958 3921//3921 3966//3966
f 3967//3967 3965//3965 3928//3928
f 3967//3967 3957//3957 3965//3965
f 3957//3957 3920//3920 3965//3965
f 3964//3964 3960//3960 3924//3924
f 3964//3964 3956//3956 3960//3960
f 3956//3956 3918//3918 3960//3960
f 3961//3961 3962//3962 3925//3925
f 3961//3961 3955//3955 3962//3962
f 3955//3955 3923//3923 3962//3962
f 3945//3945 3959//3959 3923//3923
f 3945//3945 3953//3953 3959//3959
f 3953//3953 3922//3922 3959//3959
f 3954//3954 3958//3958 3922//3922
f 3954//3954 3951//3951 3958//3958
f 3951//3951 3921//3921 3958//3958
f 3952//3952 3957//3957 3921//3921
f 3952//3952 3948//3948 3957//3957
f 3948//3948 3920//3920 3957//3957
f 3949//3949 3956//3956 3919//3919
f 3949//3949 3946//3946 3956//3956
f 3946//3946 3918//3918 3956//3956
f 3947//3947 3955//3955 3918//3918
f 3947//3947 3944//3944 3955//3955
f 3944//3944 3923//3923 3955//3955
f 3953//3953 3954//3954 3922//3922
f 3953//3953 3943//3943 3954//3954
f 3943//3943 3916//3916 3954//3954
f 3951//3951 3952//3952 3921//3921
f 3951//3951 3942//3942 3952//3952
f 3942//3942 3915//3915 3952//3952
f 3948//3948 3950//3950 3920//3920
f 3948//3948 3939//3939 3950//3950
f 3939//3939 3914//3914 3950//3950
f 3946//3946 3947//3947 3918//3918
f 3946//3946 3933//3933 3947//3947
f 3933//3933 3912//3912 3947//3947
f 3944//3944 3945//3945 3923//3923
f 3944//3944 3934//3934 3945//3945
f 3934//3934 3917//3917 3945//3945
f 3936//3936 3943//3943 3917//3917
f 3936//3936 3940//3940 3943//3943
f 3940//3940 3916//3916 3943//3943
f 3941//3941 3942//3942 3916//3916
f 3941//3941 3937//3937 3942//3942
f 3937//3937 3915//3915 3942//3942
f 3938//3938 3939//3939 3915//3915
f 3938//3938 3930//3930 3939//3939
f 3930//3930 3914//3914 3939//3939
f 3934//3934 3935//3935 3917//3917
f 3934//3934 3932//3932 3935//3935
f 3932//3932 3908//3908 3935//3935
f 3929//3929 3933//3933 3913//3913
f 3929//3929 3931//3931 3933//3933
f 3931//3931 3912//3912 3933//3933
f 3970//3970 3994//3994 3992//3992
f 3975//3975 3995//3995 3997//3997
f 3974//3974 3993//3993 4001//4001
f 3973//3973 4000//4000 4004//4004
f 3972//3972 4003//4003 3999//3999
f 3975//3975 3997//3997 4007//4007
f 3976//3976 3996//3996 4009//4009
f 3978//3978 4002//4002 4011//4011
f 3979//3979 4005//4005 4014//4014
f 3980//3980 4006//4006 4016//4016
f 3975//3975 4007//4007 4010//4010
f 3976//3976 4009//4009 4012//4012
f 3978//3978 4011//4011 4015//4015
f 3979//3979 4014//4014 4017//4017
f 3980//3980 4016//4016 4008//4008
f 3981//3981 4018//4018 4024//4024
f 3982//3982 4019//4019 4027//4027
f 3984//3984 4020//4020 4030//4030
f 3985//3985 4021//4021 4032//4032
f 3986//3986 4022//4022 4026//4026
f 4026//4026 4031//4031 3989//3989
f 4026//4026 4022//4022 4031//4031
f 4022//4022 3985//3985 4031//4031
f 4032//4032 4029//4029 3990//3990
f 4032//4032 4021//4021 4029//4029
f 4021//4021 3984//3984 4029//4029
f 4030//4030 4028//4028 3991//3991
f 4030//4030 4020//4020 4028//4028
f 4020//4020 3983//3983 4028//4028
f 4027//4027 4023//4023 3987//3987
f 4027//4027 4019//4019 4023//4023
f 4019//4019 3981//3981 4023//4023
f 4024//4024 4025//4025 3988//3988
f 4024//4024 4018//4018 4025//4025
f 4018//4018 3986//3986 4025//4025
f 4008//4008 4022//4022 3986//3986
f 4008//4008 4016//4016 4022//4022
f 4016//4016 3985//3985 4022//4022
f 4017//4017 4021//4021 3985//3985
f 4017//4017 4014//4014 4021//4021
f 4014//4014 3984//3984 4021//4021
f 4015//4015 4020//4020 3984//3984
f 4015//4015 4011//4011 4020//4020
f 4011//4011 3983//3983 4020//4020
f 4012//4012 4019//4019 3982//3982
f 4012//4012 4009//4009 4019//4019
f 4009//4009 3981//3981 4019//4019
f 4010//4010 4018//4018 3981//3981
f 4010//4010 4007//4007 4018//4018
f 4007//4007 3986//3986 4018//4018
f 4016//4016 4017//4017 3985//3985
f 4016//4016 4006//4006 4017//4017
f 4006//4006 3979//3979 4017//4017
f 4014//4014 4015//4015 3984//3984
f 4014//4014 4005//4005 4015//4015
f 4005//4005 3978//3978 4015//4015
f 4011//4011 4013//4013 3983//3983
f 4011//4011 4002//4002 4013//4013
f 4002//4002 3977//3977 4013//4013
f 4009//4009 4010//4010 3981//3981
f 4009//4009 3996//3996 4010//4010
f 3996//3996 3975//3975 4010//4010
f 4007//4007 4008//4008 3986//3986
f 4007//4007 3997//3997 4008//4008
f 3997//3997 3980//3980 4008//4008
f 3999//3999 4006//4006 3980//3980
f 3999//3999 4003//4003 4006//4006
f 4003//4003 3979//3979 4006//4006
f 4004//4004 4005//4005 3979//3979
f 4004//4004 4000//4000 4005//4005
f 4000//4000 3978//3978 4005//4005
f 4001//4001 4002//4002 3978//3978
f 4001//4001 3993//3993 4002//4002
f 3993//3993 3977//3977 4002//4002
f 3997//3997 3998//3998 3980//3980
f 3997//3997 3995//3995 3998//3998
f 3995//3995 3971//3971 3998//3998
f 3992//3992 3996//3996 3976//3976
f 3992//3992 3994//3994 3996//3996
f 3994//3994 3975//3975 3996//3996
f 4033//4033 4057//4057 4055//4055
f 4038//4038 4058//4058 4060//4060
f 4037//4037 4056//4056 4064//4064
f 4036//4036 4063//4063 4067//4067
f 4035//4035 4066//4066 4062//4062
f 4038//4038 4060//4060 4070//4070
f 4039//4039 4059//4059 4072//4072
f 4041//4041 4065//4065 4074//4074
f 4042//4042 4068//4068 4077//4077
f 4043//4043 4069//4069 4079//4079
f 4038//4038 4070//4070 4073//4073
f 4039//4039 4072//4072 4075//4075
f 4041//4041 4074//4074 4078//4078
f 4042//4042 4077//4077 4080//4080
f 4043//4043 4079//4079 4071//4071
f 4044//4044 4081//4081 4087//4087
f 4045//4045 4082//4082 4090//4090
f 4047//4047 4083//4083 4093//4093
f 4048//4048 4084//4084 4095//4095
f 4049//4049 4085//4085 4089//4089
f 4089//4089 4094//4094 4052//4052
f 4089//4089 4085//4085 4094//4094
f 4085//4085 4048//4048 4094//4094
f 4095//4095 4092//4092 4053//4053
f 4095//4095 4084//4084 4092//4092
f 4084//4084 4047//4047 4092//4092
f 4093//4093 4091//4091 4054//4054
f 4093//4093 4083//4083 4091//4091
f 4083//4083 4046//4046 4091//4091
f 4090//4090 4086//4086 4050//4050
f 4090//4090 4082//4082 4086//4086
f 4082//4082 4044//4044 4086//4086
f 4087//4087 4088//4088 4051//4051
f 4087//4087 4081//4081 4088//4088
f 4081//4081 4049//4049 4088//4088
f 4071//4071 4085//4085 4049//4049
f 4071//4071 4079//4079 4085//4085
f 4079//4079 4048//4048 4085//4085
f 4080//4080 4084//4084 4048//4048
f 4080//4080 4077//4077 4084//4084
f 4077//4077 4047//4047 4084//4084
f 4078//4078 4083//4083 4047//4047
f 4078//4078 4074//4074 4083//4083
f 4074//4074 4046//4046 4083//4083
f 4075//4075 4082//4082 4045//4045
f 4075//4075 4072//4072 4082//4082
f 4072//4072 4044//4044 4082//4082
f 4073//4073 4081//4081 4044//4044
f 4073//4073 4070//4070 4081//4081
f 4070//4070 4049//4049 4081//4081
f 4079//4079 4080//4080 4048//4048
f 4079//4079 4069//4069 4080//4080
f 4069//4069 4042//4042 4080//4080
f 4077//4077 4078//4078 4047//4047
f 4077//4077 4068//4068 4078//4078
f 4068//4068 4041//4041 4078//4078
f 4074//4074 4076//4076 4046//4046
f 4074//4074 4065//4065 4076//4076
f 4065//4065 4040//4040 4076//4076
f 4072//4072 4073//4073 4044//4044
f 4072//4072 4059//4059 4073//4073
f 4059//4059 4038//4038 4073//4073
f 4070//4070 4071//4071 4049//4049
f 4070//4070 4060//4060 4071//4071
f 4060//4060 4043//4043 4071//4071
f 4062//4062 4069//4069 4043//4043
f 4062//4062 4066//4066 4069//4069
f 4066//4066 4042//4042 4069//4069
f 4067//4067 4068//4068 4042//4042
f 4067//4067 4063//4063 4068//4068
f 4063//4063 4041//4041 4068//4068
f 4064//4064 4065//4065 4041//4041
f 4064//4064 4056//4056 4065//4065
f 4056//4056 4040//4040 4065//4065
f 4060//4060 4061//4061 4043//4043
f 4060//4060 4058//4058 4061//4061
f 4058//4058 4034//4034 4061//4061
f 4055//4055 4059//4059 4039//4039
f 4055//4055 4057//4057 4059//4059
f 4057//4057 4038//4038 4059//4059
f 4096//4096 4120//4120 4118//4118
f 4101//4101 4121//4121 4123//4123
f 4100//4100 4119//4119 4127//4127
f 4099//4099 4126//4126 4130//4130
f 4098//4098 4129//4129 4125//4125
f 4101//4101 4123//4123 4133//4133
f 4102//4102 4122//4122 4135//4135
f 4104//4104 4128//4128 4137//4137
f 4105//4105 4131//4131 4140//4140
f 4106//4106 4132//4132 4142//4142
f 4101//4101 4133//4133 4136//4136
f 4102//4102 4135//4135 4138//4138
f 4104//4104 4137//4137 4141//4141
f 4105//4105 4140//4140 4143//4143
f 4106//4106 4142//4142 4134//4134
f 4107//4107 4144//4144 4150//4150
f 4108//4108 4145//4145 4153//4153
f 4110//4110 4146//4146 4156//4156
f 4111//4111 4147//4147 4158//4158
f 4112//4112 4148//4148 4152//4152
f 4152//4152 4157//4157 4115//4115
f 4152//4152 4148//4148 4157//4157
f 4148//4148 4111//4111 4157//4157
f 4158//4158 4155//4155 4116//4116
f 4158//4158 4147//4147 4155//4155
f 4147//4147 4110//4110 4155//4155
f 4156//4156 4154//4154 4117//4117
f 4156//4156 4146//4146 4154//4154
f 4146//4146 4109//4109 4154//4154
f 4153//4153 4149//4149 4113//4113
f 4153//4153 4145//4145 4149//4149
f 4145//4145 4107//4107 4149//4149
f 4150//4150 4151//4151 4114//4114
f 4150//4150 4144//4144 4151//4151
f 4144//4144 4112//4112 4151//4151
f 4134//4134 4148//4148 4112//4112
f 4134//4134 4142//4142 4148//4148
f 4142//4142 4111//4111 4148//4148
f 4143//4143 4147//4147 4111//4111
f 4143//4143 4140//4140 4147//4147
f 4140//4140 4110//4110 4147//4147
f 4141//4141 4146//4146 4110//4110
f 4141//4141 4137//4137 4146//4146
f 4137//4137 4109//4109 4146//4146
f 4138//4138 4145//4145 4108//4108
f 4138//4138 4135//4135 4145//4145
f 4135//4135 4107//4107 4145//4145
f 4136//4136 4144//4144 4107//4107
f 4136//4136 4133//4133 4144//4144
f 4133//4133 4112//4112 4144//4144
f 4142//4142 4143//4143 4111//4111
f 4142//4142 4132//4132 4143//4143
f 4132//4132 4105//4105 4143//4143
f 4140//4140 4141//4141 4110//4110
f 4140//4140 4131//4131 4141//4141
f 4131//4131 4104//4104 4141//4141
f 4137//4137 4139//4139 4109//4109
f 4137//4137 4128//4128 4139//4139
f 4128//4128 4103//4103 4139//4139
f 4135//4135 4136//4136 4107//4107
f 4135//4135 4122//4122 4136//4136
f 4122//4122 4101//4101 4136//4136
f 4133//4133 4134//4134 4112//4112
f 4133//4133 4123//4123 4134//4134
f 4123//4123 4106//4106 4134//4134
f 4125//4125 4132//4132 4106//4106
f 4125//4125 4129//4129 4132//4132
f 4129//4129 4105//4105 4132//4132
f 4130//4130 4131//4131 4105//4105
f 4130//4130 4126//4126 4131//4131
f 4126//4126 4104//4104 4131//4131
f 4127//4127 4128//4128 4104//4104
f 4127//4127 4119//4119 4128//4128
f 4119//4119 4103//4103 4128//4128
f 4123//4123 4124//4124 4106//4106
f 4123//4123 4121//4121 4124//4124
f 4121//4121 4097//4097 4124//4124
f 4118//4118 4122//4122 4102//4102
f 4118//4118 4120//4120 4122//4122
f 4120//4120 4101//4101 4122//4122
f 4159//4159 4183//4183 4181//4181
f 4164//4164 4184//4184 4186//4186
f 4163//4163 4182//4182 4190//4190
f 4162//4162 4189//4189 4193//4193
f 4161//4161 4192//4192 4188//4188
f 4164//4164 4186//4186 4196//4196
f 4165//4165 4185//4185 4198//4198
f 4167//4167 4191//4191 4200//4200
f 4168//4168 4194//4194 4203//4203
f 4169//4169 4195//4195 4205//4205
f 4164//4164 4196//4196 4199//4199
f 4165//4165 4198//4198 4201//4201
f 4167//4167 4200//4200 4204//4204
f 4168//4168 4203//4203 4206//4206
f 4169//4169 4205//4205 4197//4197
f 4170//4170 4207//4207 4213//4213
f 4171//4171 4208//4208 4216//4216
f 4173//4173 4209//4209 4219//4219
f 4174//4174 4210//4210 4221//4221
f 4175//4175 4211//4211 4215//4215
f 4215//4215 4220//4220 4178//4178
f 4215//4215 4211//4211 4220//4220
f 4211//4211 4174//4174 4220//4220
f 4221//4221 4218//4218 4179//4179
f 4221//4221 4210//4210 4218//4218
f 4210//4210 4173//4173 4218//4218
f 4219//4219 4217//4217 4180//4180
f 4219//4219 4209//4209 4217//4217
f 4209//4209 4172//4172 4217//4217
f 4216//4216 4212//4212 4176//4176
f 4216//4216 4208//4208 4212//4212
f 4208//4208 4170//4170 4212//4212
f 4213//4213 4214//4214 4177//4177
f 4213//4213 4207//4207 4214//4214
f 4207//4207 4175//4175 4214//4214
f 4197//4197 4211//4211 4175//4175
f 4197//4197 4205//4205 4211//4211
f 4205//4205 4174//4174 4211//4211
f 4206//4206 4210//4210 4174//4174
f 4206//4206 4203//4203 4210//4210
f 4203//4203 4173//4173 4210//4210
f 4204//4204 4209//4209 4173//4173
f 4204//4204 4200//4200 4209//4209
f 4200//4200 4172//4172 4209//4209
f 4201//4201 4208//4208 4171//4171
f 4201//4201 4198//4198 4208//4208
f 4198//4198 4170//4170 4208//4208
f 4199//4199 4207//4207 4170//4170
f 4199//4199 4196//4196 4207//4207
f 4196//4196 4175//4175 4207//4207
f 4205//4205 4206//4206 4174//4174
f 4205//4205 4195//4195 4206//4206
f 4195//4195 4168//4168 4206//4206
f 4203//4203 4204//4204 4173//4173
f 4203//4203 4194//4194 4204//4204
f 4194//4194 4167//4167 4204//4204
f 4200//4200 4202//4202 4172//4172
f 4200//4200 4191//4191 4202//4202
f 4191//4191 4166//4166 4202//4202
f 4198//4198 4199//4199 4170//4170
f 4198//4198 4185//4185 4199//4199
f 4185//4185 4164//4164 4199//4199
f 4196//4196 4197//4197 4175//4175
f 4196//4196 4186//4186 4197//4197
f 4186//4186 4169//4169 4197//4197
f 4188//4188 4195//4195 4169//4169
f 4188//4188 4192//4192 4195//4195
f 4192//4192 4168//4168 4195//4195
f 4193//4193 4194//4194 4168//4168
f 4193//4193 4189//4189 4194//4194
f 4189//4189 4167//4167 4194//4194
f 4190//4190 4191//4191 4167//4167
f 4190//4190 4182//4182 4191//4191
f 4182//4182 4166//4166 4191//4191
f 4186//4186 4187//4187 4169//4169
f 4186//4186 4184//4184 4187//4187
f 4184//4184 4160//4160 4187//4187
f 4181//4181 4185//4185 4165//4165
f 4181//4181 4183//4183 4185//4185
f 4183//4183 4164//4164 4185//4185
f 4222//4222 4246//4246 4244//4244
f 4227//4227 4247//4247 4249//4249
f 4226//4226 4245//4245 4253//4253
f 4225//4225 4252//4252 4256//4256
f 4224//4224 4255//4255 4251//4251
f 4227//4227 4249//4249 4259//4259
f 4228//4228 4248//4248 4261//4261
f 4230//4230 4254//4254 4263//4263
f 4231//4231 4257//4257 4266//4266
f 4232//4232 4258//4258 4268//4268
f 4227//4227 4259//4259 4262//4262
f 4228//4228 4261//4261 4264//4264
f 4230//4230 4263//4263 4267//4267
f 4231//4231 4266//4266 4269//4269
f 4232//4232 4268//4268 4260//4260
f 4233//4233 4270//4270 4276//4276
f 4234//4234 4271//4271 4279//4279
f 4236//4236 4272//4272 4282//4282
f 4237//4237 4273//4273 4284//4284
f 4238//4238 4274//4274 4278//4278
f 4278//4278 4283//4283 4241//4241
f 4278//4278 4274//4274 4283//4283
f 4274//4274 4237//4237 4283//4283
f 4284//4284 4281//4281 4242//4242
f 4284//4284 4273//4273 4281//4281
f 4273//4273 4236//4236 4281//4281
f 4282//4282 4280//4280 4243//4243
f 4282//4282 4272//4272 4280//4280
f 4272//4272 4235//4235 4280//4280
f 4279//4279 4275//4275 4239//4239
f 4279//4279 4271//4271 4275//4275
f 4271//4271 4233//4233 4275//4275
f 4276//4276 4277//4277 4240//4240
f 4276//4276 4270//4270 4277//4277
f 4270//4270 4238//4238 4277//4277
f 4260//4260 4274//4274 4238//4238
f 4260//4260 4268//4268 4274//4274
f 4268//4268 4237//4237 4274//4274
f 4269//4269 4273//4273 4237//4237
f 4269//4269 4266//4266 4273//4273
f 4266//4266 4236//4236 4273//4273
f 4267//4267 4272//4272 4236//4236
f 4267//4267 4263//4263 4272//4272
f 4263//4263 4235//4235 4272//4272
f 4264//4264 4271//4271 4234//4234
f 4264//4264 4261//4261 4271//4271
f 4261//4261 4233//4233 4271//4271
f 4262//4262 4270//4270 4233//4233
f 4262//4262 4259//4259 4270//4270
f 4259//4259 4238//4238 4270//4270
f 4268//4268 4269//4269 4237//4237
f 4268//4268 4258//4258 4269//4269
f 4258//4258 4231//4231 4269//4269
f 4266//4266 4267//4267 4236//4236
f 4266//4266 4257//4257 4267//4267
f 4257//4257 4230//4230 4267//4267
f 4263//4263 4265//4265 4235//4235
f 4263//4263 4254//4254 4265//4265
f 4254//4254 4229//4229 4265//4265
f 4261//4261 4262//4262 4233//4233
f 4261//4261 4248//4248 4262//4262
f 4248//4248 4227//4227 4262//4262
f 4259//4259 4260//4260 4238//4238
f 4259//4259 4249//4249 4260//4260
f 4249//4249 4232//4232 4260//4260
f 4251//4251 4258//4258 4232//4232
f 4251//4251 4255//4255 4258//4258
f 4255//4255 4231//4231 4258//4258
f 4256//4256 4257//4257 4231//4231
f 4256//4256 4252//4252 4257//4257
f 4252//4252 4230//4230 4257//4257
f 4253//4253 4254//4254 4230//4230
f 4253//4253 4245//4245 4254//4254
f 4245//4245 4229//4229 4254//4254
f 4249//4249 4250//4250 4232//4232
f 4249//4249 4247//4247 4250//4250
f 4247//4247 4223//4223 4250//4250
f 4244//4244 4248//4248 4228//4228
f 4244//4244 4246//4246 4248//4248
f 4246//4246 4227//4227 4248//4248
f 4285//4285 4309//4309 4307//4307
f 4290//4290 4310//4310 4312//4312
f 4289//4289 4308//4308 4316//4316
f 4288//4288 4315//4315 4319//4319
f 4287//4287 4318//4318 4314//4314
f 4290//4290 4312//4312 4322//4322
f 4291//4291 4311//4311 4324//4324
f 4293//4293 4317//4317 4326//4326
f 4294//4294 4320//4320 4329//4329
f 4295//4295 4321//4321 4331//4331
f 4290//4290 4322//4322 4325//4325
f 4291//4291 4324//4324 4327//4327
f 4293//4293 4326//4326 4330//4330
f 4294//4294 4329//4329 4332//4332
f 4295//4295 4331//4331 4323//4323
f 4296//4296 4333//4333 4339//4339
f 4297//4297 4334//4334 4342//4342
f 4299//4299 4335//4335 4345//4345
f 4300//4300 4336//4336 4347//4347
f 4301//4301 4337//4337 4341//4341
f 4341//4341 4346//4346 4304//4304
f 4341//4341 4337//4337 4346//4346
f 4337//4337 4300//4300 4346//4346
f 4347//4347 4344//4344 4305//4305
f 4347//4347 4336//4336 4344//4344
f 4336//4336 4299//4299 4344//4344
f 4345//4345 4343//4343 4306//4306
f 4345//4345 4335//4335 4343//4343
f 4335//4335 4298//4298 4343//4343
f 4342//4342 4338//4338 4302//4302
f 4342//4342 4334//4334 4338//4338
f 4334//4334 4296//4296 4338//4338
f 4339//4339 4340//4340 4303//4303
f 4339//4339 4333//4333 4340//4340
f 4333//4333 4301//4301 4340//4340
f 4323//4323 4337//4337 4301//4301
f 4323//4323 4331//4331 4337//4337
f 4331//4331 4300//4300 4337//4337
f 4332//4332 4336//4336 4300//4300
f 4332//4332 4329//4329 4336//4336
f 4329//4329 4299//4299 4336//4336
f 4330//4330 4335//4335 4299//4299
f 4330//4330 4326//4326 4335//4335
f 4326//4326 4298//4298 4335//4335
f 4327//4327 4334//4334 4297//4297
f 4327//4327 4324//4324 4334//4334
f 4324//4324 4296//4296 4334//4334
f 4325//4325 4333//4333 4296//4296
f 4325//4325 4322//4322 4333//4333
f 4322//4322 4301//4301 4333//4333
f 4331//4331 4332//4332 4300//4300
f 4331//4331 4321//4321 4332//4332
f 4321//4321 4294//4294 4332//4332
f 4329//4329 4330//4330 4299//4299
f 4329//4329 4320//4320 4330//4330
f 4320//4320 4293//4293 4330//4330
f 4326//4326 4328//4328 4298//4298
f 4326//4326 4317//4317 4328//4328
f 4317//4317 4292//4292 4328//4328
f 4324//4324 4325//4325 4296//4296
f 4324//4324 4311//4311 4325//4325
f 4311//4311 4290//4290 4325//4325
f 4322//4322 4323//4323 4301//4301
f 4322//4322 4312//4312 4323//4323
f 4312//4312 4295//4295 4323//4323
f 4314//4314 4321//4321 4295//4295
f 4314//4314 4318//4318 4321//4321
f 4318//4318 4294//4294 4321//4321
f 4319//4319 4320//4320 4294//4294
f 4319//4319 4315//4315 4320//4320
f 4315//4315 4293//4293 4320//4320
f 4316//4316 4317//4317 4293//4293
f 4316//4316 4308//4308 4317//4317
f 4308//4308 4292//4292 4317//4317
f 4312//4312 4313//4313 4295//4295
f 4312//4312 4310//4310 4313//4313
f 4310//4310 4286//4286 4313//4313
f 4307//4307 4311//4311 4291//4291
f 4307//4307 4309//4309 4311//4311
f 4309//4309 4290//4290 4311//4311
f 4348//4348 4372//4372 4370//4370
f 4353//4353 4373//4373 4375//4375
f 4352//4352 4371//4371 4379//4379
f 4351//4351 4378//4378 4382//4382
f 4350//4350 4381//4381 4377//4377
f 4353//4353 4375//4375 4385//4385
f 4354//4354 4374//4374 4387//4387
f 4356//4356 4380//4380 4389//4389
f 4357//4357 4383//4383 4392//4392
f 4358//4358 4384//4384 4394//4394
f 4353//4353 4385//4385 4388//4388
f 4354//4354 4387//4387 4390//4390
f 4356//4356 4389//4389 4393//4393
f 4357//4357 4392//4392 4395//4395
f 4358//4358 4394//4394 4386//4386
f 4359//4359 4396//4396 4402//4402
f 4360//4360 4397//4397 4405//4405
f 4362//4362 4398//4398 4408//4408
f 4363//4363 4399//4399 4410//4410
f 4364//4364 4400//4400 4404//4404
f 4404//4404 4409//4409 4367//4367
f 4404//4404 4400//4400 4409//4409
f 4400//4400 4363//4363 4409//4409
f 4410//4410 4407//4407 4368//4368
f 4410//4410 4399//4399 4407//4407
f 4399//4399 4362//4362 4407//4407
f 4408//4408 4406//4406 4369//4369
f 4408//4408 4398//4398 4406//4406
f 4398//4398 4361//4361 4406//4406
f 4405//4405 4401//4401 4365//4365
f 4405//4405 4397//4397 4401//4401
f 4397//4397 4359//4359 4401//4401
f 4402//4402 4403//4403 4366//4366
f 4402//4402 4396//4396 4403//4403
f 4396//4396 4364//4364 4403//4403
f 4386//4386 4400//4400 4364//4364
f 4386//4386 4394//4394 4400//4400
f 4394//4394 4363//4363 4400//4400
f 4395//4395 4399//4399 4363//4363
f 4395//4395 4392//4392 4399//4399
f 4392//4392 4362//4362 4399//4399
f 4393//4393 4398//4398 4362//4362
f 4393//4393 4389//4389 4398//4398
f 4389//4389 4361//4361 4398//4398
f 4390//4390 4397//4397 4360//4360
f 4390//4390 4387//4387 4397//4397
f 4387//4387 4359//4359 4397//4397
f 4388//4388 4396//4396 4359//4359
f 4388//4388 4385//4385 4396//4396
f 4385//4385 4364//4364 4396//4396
f 4394//4394 4395//4395 4363//4363
f 4394//4394 4384//4384 4395//4395
f 4384//4384 4357//4357 4395//4395
f 4392//4392 4393//4393 4362//4362
f 4392//4392 4383//4383 4393//4393
f 4383//4383 4356//4356 4393//4393
f 4389//4389 4391//4391 4361//4361
f 4389//4389 4380//4380 4391//4391
f 4380//4380 4355//4355 4391//4391
f 4387//4387 4388//4388 4359//4359
f 4387//4387 4374//4374 4388//4388
f 4374//4374 4353//4353 4388//4388
f 4385//4385 4386//4386 4364//4364
f 4385//4385 4375//4375 4386//4386
f 4375//4375 4358//4358 4386//4386
f 4377//4377 4384//4384 4358//4358
f 4377//4377 4381//4381 4384//4384
f 4381//4381 4357//4357 4384//4384
f 4382//4382 4383//4383 4357//4357
f 4382//4382 4378//4378 4383//4383
f 4378//4378 4356//4356 4383//4383
f 4379//4379 4380//4380 4356//4356
f 4379//4379 4371//4371 4380//4380
f 4371//4371 4355//4355 4380//4380
f 4375//4375 4376//4376 4358//4358
f 4375//4375 4373//4373 4376//4376
f 4373//4373 4349//4349 4376//4376
f 4370//4370 4374//4374 4354//4354
f 4370//4370 4372//4372 4374//4374
f 4372//4372 4353//4353 4374//4374
f 4411//4411 4435//4435 4433//4433
f 4416//4416 4436//4436 4438//4438
f 4415//4415 4434//4434 4442//4442
f 4414//4414 4441//4441 4445//4445
f 4413//4413 4444//4444 4440//4440
f 4416//4416 4438//4438 4448//4448
f 4417//4417 4437//4437 4450//4450
f 4419//4419 4443//4443 4452//4452
f 4420//4420 4446//4446 4455//4455
f 4421//4421 4447//4447 4457//4457
f 4416//4416 4448//4448 4451//4451
f 4417//4417 4450//4450 4453//4453
f 4419//4419 4452//4452 4456//4456
f 4420//4420 4455//4455 4458//4458
f 4421//4421 4457//4457 4449//4449
f 4422//4422 4459//4459 4465//4465
f 4423//4423 4460//4460 4468//4468
f 4425//4425 4461//4461 4471//4471
f 4426//4426 4462//4462 4473//4473
f 4427//4427 4463//4463 4467//4467
f 4467//4467 4472//4472 4430//4430
f 4467//4467 4463//4463 4472//4472
f 4463//4463 4426//4426 4472//4472
f 4473//4473 4470//4470 4431//4431
f 4473//4473 4462//4462 4470//4470
f 4462//4462 4425//4425 4470//4470
f 4471//4471 4469//4469 4432//4432
f 4471//4471 4461//4461 4469//4469
f 4461//4461 4424//4424 4469//4469
f 4468//4468 4464//4464 4428//4428
f 4468//4468 4460//4460 4464//4464
f 4460//4460 4422//4422 4464//4464
f 4465//4465 4466//4466 4429//4429
f 4465//4465 4459//4459 4466//4466
f 4459//4459 4427//4427 4466//4466
f 4449//4449 4463//4463 4427//4427
f 4449//4449 4457//4457 4463//4463
f 4457//4457 4426//4426 4463//4463
f 4458//4458 4462//4462 4426//4426
f 4458//4458 4455//4455 4462//4462
f 4455//4455 4425//4425 4462//4462
f 4456//4456 4461//4461 4425//4425
f 4456//4456 4452//4452 4461//4461
f 4452//4452 4424//4424 4461//4461
f 4453//4453 4460//4460 4423//4423
f 4453//4453 4450//4450 4460//4460
f 4450//4450 4422//4422 4460//4460
f 4451//4451 4459//4459 4422//4422
f 4451//4451 4448//4448 4459//4459
f 4448//4448 4427//4427 4459//4459
f 4457//4457 4458//4458 4426//4426
f 4457//4457 4447//4447 4458//4458
f 4447//4447 4420//4420 4458//4458
f 4455//4455 4456//4456 4425//4425
f 4455//4455 4446//4446 4456//4456
f 4446//4446 4419//4419 4456//4456
f 4452//4452 4454//4454 4424//4424
f 4452//4452 4443//4443 4454//4454
f 4443//4443 4418//4418 4454//4454
f 4450//4450 4451//4451 4422//4422
f 4450//4450 4437//4437 4451//4451
f 4437//4437 4416//4416 4451//4451
f 4448//4448 4449//4449 4427//4427
f 4448//4448 4438//4438 4449//4449
f 4438//4438 4421//4421 4449//4449
f 4440//4440 4447//4447 4421//4421
f 4440//4440 4444//4444 4447//4447
f 4444//4444 4420//4420 4447//4447
f 4445//4445 4446//4446 4420//4420
f 4445//4445 4441//4441 4446//4446
f 4441//4441 4419//4419 4446//4446
f 4442//4442 4443//4443 4419//4419
f 4442//4442 4434//4434 4443//4443
f 4434//4434 4418//4418 4443//4443
f 4438//4438 4439//4439 4421//4421
f 4438//4438 4436//4436 4439//4439
f 4436//4436 4412//4412 4439//4439
f 4433//4433 4437//4437 4417//4417
f 4433//4433 4435//4435 4437//4437
f 4435//4435 4416//4416 4437//4437
f 4474//4474 4498//4498 4496//4496
f 4479//4479 4499//4499 4501//4501
f 4478//4478 4497//4497 4505//4505
f 4477//4477 4504//4504 4508//4508
f 4476//4476 4507//4507 4503//4503
f 4479//4479 4501//4501 4511//4511
f 4480//4480 4500//4500 4513//4513
f 4482//4482 4506//4506 4515//4515
f 4483//4483 4509//4509 4518//4518
f 4484//4484 4510//4510 4520//4520
f 4479//4479 4511//4511 4514//4514
f 4480//4480 4513//4513 4516//4516
f 4482//4482 4515//4515 4519//4519
f 4483//4483 4518//4518 4521//4521
f 4484//4484 4520//4520 4512//4512
f 4485//4485 4522//4522 4528//4528
f 4486//4486 4523//4523 4531//4531
f 4488//4488 4524//4524 4534//4534
f 4489//4489 4525//4525 4536//4536
f 4490//4490 4526//4526 4530//4530
f 4530//4530 4535//4535 4493//4493
f 4530//4530 4526//4526 4535//4535
f 4526//4526 4489//4489 4535//4535
f 4536//4536 4533//4533 4494//4494
f 4536//4536 4525//4525 4533//4533
f 4525//4525 4488//4488 4533//4533
f 4534//4534 4532//4532 4495//4495
f 4534//4534 4524//4524 4532//4532
f 4524//4524 4487//4487 4532//4532
f 4531//4531 4527//4527 4491//4491
f 4531//4531 4523//4523 4527//4527
f 4523//4523 4485//4485 4527//4527
f 4528//4528 4529//4529 4492//4492
f 4528//4528 4522//4522 4529//4529
f 4522//4522 4490//4490 4529//4529
f 4512//4512 4526//4526 4490//4490
f 4512//4512 4520//4520 4526//4526
f 4520//4520 4489//4489 4526//4526
f 4521//4521 4525//4525 4489//4489
f 4521//4521 4518//4518 4525//4525
f 4518//4518 4488//4488 4525//4525
f 4519//4519 4524//4524 4488//4488
f 4519//4519 4515//4515 4524//4524
f 4515//4515 4487//4487 4524//4524
f 4516//4516 4523//4523 4486//4486
f 4516//4516 4513//4513 4523//4523
f 4513//4513 4485//4485 4523//4523
f 4514//4514 4522//4522 4485//4485
f 4514//4514 4511//4511 4522//4522
f 4511//4511 4490//4490 4522//4522
f 4520//4520 4521//4521 4489//4489
f 4520//4520 4510//4510 4521//4521
f 4510//4510 4483//4483 4521//4521
f 4518//4518 4519//4519 4488//4488
f 4518//4518 4509//4509 4519//4519
f 4509//4509 4482//4482 4519//4519
f 4515//4515 4517//4517 4487//4487
f 4515//4515 4506//4506 4517//4517
f 4506//4506 4481//4481 4517//4517
f 4513//4513 4514//4514 4485//4485
f 4513//4513 4500//4500 4514//4514
f 4500//4500 4479//4479 4514//4514
f 4511//4511 4512//4512 4490//4490
f 4511//4511 4501//4501 4512//4512
f 4501//4501 4484//4484 4512//4512
f 4503//4503 4510//4510 4484//4484
f 4503//4503 4507//4507 4510//4510
f 4507//4507 4483//4483 4510//4510
f 4508//4508 4509//4509 4483//4483
f 4508//4508 4504//4504 4509//4509
f 4504//4504 4482//4482 4509//4509
f 4505//4505 4506//4506 4482//4482
f 4505//4505 4497//4497 4506//4506
f 4497//4497 4481//4481 4506//4506
f 4501//4501 4502//4502 4484//4484
f 4501//4501 4499//4499 4502//4502
f 4499//4499 4475//4475 4502//4502
f 4496//4496 4500//4500 4480//4480
f 4496//4496 4498//4498 4500//4500
f 4498//4498 4479//4479 4500//4500
f 4537//4537 4561//4561 4559//4559
f 4542//4542 4562//4562 4564//4564
f 4541//4541 4560//4560 4568//4568
f 4540//4540 4567//4567 4571//4571
f 4539//4539 4570//4570 4566//4566
f 4542//4542 4564//4564 4574//4574
f 4543//4543 4563//4563 4576//4576
f 4545//4545 4569//4569 4578//4578
f 4546//4546 4572//4572 4581//4581
f 4547//4547 4573//4573 4583//4583
f 4542//4542 4574//4574 4577//4577
f 4543//4543 4576//4576 4579//4579
f 4545//4545 4578//4578 4582//4582
f 4546//4546 4581//4581 4584//4584
f 4547//4547 4583//4583 4575//4575
f 4548//4548 4585//4585 4591//4591
f 4549//4549 4586//4586 4594//4594
f 4551//4551 4587//4587 4597//4597
f 4552//4552 4588//4588 4599//4599
f 4553//4553 4589//4589 4593//4593
f 4593//4593 4598//4598 4556//4556
f 4593//4593 4589//4589 4598//4598
f 4589//4589 4552//4552 4598//4598
f 4599//4599 4596//4596 4557//4557
f 4599//4599 4588//4588 4596//4596
f 4588//4588 4551//4551 4596//4596
f 4597//4597 4595//4595 4558//4558
f 4597//4597 4587//4587 4595//4595
f 4587//4587 4550//4550 4595//4595
f 4594//4594 4590//4590 4554//4554
f 4594//4594 4586//4586 4590//4590
f 4586//4586 4548//4548 4590//4590
f 4591//4591 4592//4592 4555//4555
f 4591//4591 4585//4585 4592//4592
f 4585//4585 4553//4553 4592//4592
f 4575//4575 4589//4589 4553//4553
f 4575//4575 4583//4583 4589//4589
f 4583//4583 4552//4552 4589//4589
f 4584//4584 4588//4588 4552//4552
f 4584//4584 4581//4581 4588//4588
f 4581//4581 4551//4551 4588//4588
f 4582//4582 4587//4587 4551//4551
f 4582//4582 4578//4578 4587//4587
f 4578//4578 4550//4550 4587//4587
f 4579//4579 4586//4586 4549//4549
f 4579//4579 4576//4576 4586//4586
f 4576//4576 4548//4548 4586//4586
f 4577//4577 4585//4585 4548//4548
f 4577//4577 4574//4574 4585//4585
f 4574//4574 4553//4553 4585//4585
f 4583//4583 4584//4584 4552//4552
f 4583//4583 4573//4573 4584//4584
f 4573//4573 4546//4546 4584//4584
f 4581//4581 4582//4582 4551//4551
f 4581//4581 4572//4572 4582//4582
f 4572//4572 4545//4545 4582//4582
f 4578//4578 4580//4580 4550//4550
f 4578//4578 4569//4569 4580//4580
f 4569//4569 4544//4544 4580//4580
f 4576//4576 4577//4577 4548//4548
f 4576//4576 4563//4563 4577//4577
f 4563//4563 4542//4542 4577//4577
f 4574//4574 4575//4575 4553//4553
f 4574//4574 4564//4564 4575//4575
f 4564//4564 4547//4547 4575//4575
f 4566//4566 4573//4573 4547//4547
f 4566//4566 4570//4570 4573//4573
f 4570//4570 4546//4546 4573//4573
f 4571//4571 4572//4572 4546//4546
f 4571//4571 4567//4567 4572//4572
f 4567//4567 4545//4545 4572//4572
f 4568//4568 4569//4569 4545//4545
f 4568//4568 4560//4560 4569//4569
f 4560//4560 4544//4544 4569//4569
f 4564//4564 4565//4565 4547//4547
f 4564//4564 4562//4562 4565//4565
f 4562//4562 4538//4538 4565//4565
f 4559//4559 4563//4563 4543//4543
f 4559//4559 4561//4561 4563//4563
f 4561//4561 4542//4542 4563//4563
f 4600//4600 4624//4624 4622//4622
f 4605//4605 4625//4625 4627//4627
f 4604//4604 4623//4623 4631//4631
f 4603//4603 4630//4630 4634//4634
f 4602//4602 4633//4633 4629//4629
f 4605//4605 4627//4627 4637//4637
f 4606//4606 4626//4626 4639//4639
f 4608//4608 4632//4632 4641//4641
f 4609//4609 4635//4635 4644//4644
f 4610//4610 4636//4636 4646//4646
f 4605//4605 4637//4637 4640//4640
f 4606//4606 4639//4639 4642//4642
f 4608//4608 4641//4641 4645//4645
f 4609//4609 4644//4644 4647//4647
f 4610//4610 4646//4646 4638//4638
f 4611//4611 4648//4648 4654//4654
f 4612//4612 4649//4649 4657//4657
f 4614//4614 4650//4650 4660//4660
f 4615//4615 4651//4651 4662//4662
f 4616//4616 4652//4652 4656//4656
f 4656//4656 4661//4661 4619//4619
f 4656//4656 4652//4652 4661//4661
f 4652//4652 4615//4615 4661//4661
f 4662//4662 4659//4659 4620//4620
f 4662//4662 4651//4651 4659//4659
f 4651//4651 4614//4614 4659//4659
f 4660//4660 4658//4658 4621//4621
f 4660//4660 4650//4650 4658//4658
f 4650//4650 4613//4613 4658//4658
f 4657//4657 4653//4653 4617//4617
f 4657//4657 4649//4649 4653//4653
f 4649//4649 4611//4611 4653//4653
f 4654//4654 4655//4655 4618//4618
f 4654//4654 4648//4648 4655//4655
f 4648//4648 4616//4616 4655//4655
f 4638//4638 4652//4652 4616//4616
f 4638//4638 4646//4646 4652//4652
f 4646//4646 4615//4615 4652//4652
f 4647//4647 4651//4651 4615//4615
f 4647//4647 4644//4644 4651//4651
f 4644//4644 4614//4614 4651//4651
f 4645//4645 4650//4650 4614//4614
f 4645//4645 4641//4641 4650//4650
f 4641//4641 4613//4613 4650//4650
f 4642//4642 4649//4649 4612//4612
f 4642//4642 4639//4639 4649//4649
f 4639//4639 4611//4611 4649//4649
f 4640//4640 4648//4648 4611//4611
f 4640//4640 4637//4637 4648//4648
f 4637//4637 4616//4616 4648//4648
f 4646//4646 4647//4647 4615//4615
f 4646//4646 4636//4636 4647//4647
f 4636//4636 4609//4609 4647//4647
f 4644//4644 4645//4645 4614//4614
f 4644//4644 4635//4635 4645//4645
f 4635//4635 4608//4608 4645//4645
f 4641//4641 4643//4643 4613//4613
f 4641//4641 4632//4632 4643//4643
f 4632//4632 4607//4607 4643//4643
f 4639//4639 4640//4640 4611//4611
f 4639//4639 4626//4626 4640//4640
f 4626//4626 4605//4605 4640//4640
f 4637//4637 4638//4638 4616//4616
f 4637//4637 4627//4627 4638//4638
f 4627//4627 4610//4610 4638//4638
f 4629//4629 4636//4636 4610//4610
f 4629//4629 4633//4633 4636//4636
f 4633//4633 4609//4609 4636//4636
f 4634//4634 4635//4635 4609//4609
f 4634//4634 4630//4630 4635//4635
f 4630//4630 4608//4608 4635//4635
f 4631//4631 4632//4632 4608//4608
f 4631//4631 4623//4623 4632//4632
f 4623//4623 4607//4607 4632//4632
f 4627//4627 4628//4628 4610//4610
f 4627//4627 4625//4625 4628//4628
f 4625//4625 4601//4601 4628//4628
f 4622//4622 4626//4626 4606//4606
f 4622//4622 4624//4624 4626//4626
f 4624//4624 4605//4605 4626//4626
f 4663//4663 4687//4687 4685//4685
f 4668//4668 4688//4688 4690//4690
f 4667//4667 4686//4686 4694//4694
f 4666//4666 4693//4693 4697//4697
f 4665//4665 4696//4696 4692//4692
f 4668//4668 4690//4690 4700//4700
f 4669//4669 4689//4689 4702//4702
f 4671//4671 4695//4695 4704//4704
f 4672//4672 4698//4698 4707//4707
f 4673//4673 4699//4699 4709//4709
f 4668//4668 4700//4700 4703//4703
f 4669//4669 4702//4702 4705//4705
f 4671//4671 4704//4704 4708//4708
f 4672//4672 4707//4707 4710//4710
f 4673//4673 4709//4709 4701//4701
f 4674//4674 4711//4711 4717//4717
f 4675//4675 4712//4712 4720//4720
f 4677//4677 4713//4713 4723//4723
f 4678//4678 4714//4714 4725//4725
f 4679//4679 4715//4715 4719//4719
f 4719//4719 4724//4724 4682//4682
f 4719//4719 4715//4715 4724//4724
f 4715//4715 4678//4678 4724//4724
f 4725//4725 4722//4722 4683//4683
f 4725//4725 4714//4714 4722//4722
f 4714//4714 4677//4677 4722//4722
f 4723//4723 4721//4721 4684//4684
f 4723//4723 4713//4713 4721//4721
f 4713//4713 4676//4676 4721//4721
f 4720//4720 4716//4716 4680//4680
f 4720//4720 4712//4712 4716//4716
f 4712//4712 4674//4674 4716//4716
f 4717//4717 4718//4718 4681//4681
f 4717//4717 4711//4711 4718//4718
f 4711//4711 4679//4679 4718//4718
f 4701//4701 4715//4715 4679//4679
f 4701//4701 4709//4709 4715//4715
f 4709//4709 4678//4678 4715//4715
f 4710//4710 4714//4714 4678//4678
f 4710//4710 4707//4707 4714//4714
f 4707//4707 4677//4677 4714//4714
f 4708//4708 4713//4713 4677//4677
f 4708//4708 4704//4704 4713//4713
f 4704//4704 4676//4676 4713//4713
f 4705//4705 4712//4712 4675//4675
f 4705//4705 4702//4702 4712//4712
f 4702//4702 4674//4674 4712//4712
f 4703//4703 4711//4711 4674//4674
f 4703//4703 4700//4700 4711//4711
f 4700//4700 4679//4679 4711//4711
f 4709//4709 4710//4710 4678//4678
f 4709//4709 4699//4699 4710//4710
f 4699//4699 4672//4672 4710//4710
f 4707//4707 4708//4708 4677//4677
f 4707//4707 4698//4698 4708//4708
f 4698//4698 4671//4671 4708//4708
f 4704//4704 4706//4706 4676//4676
f 4704//4704 4695//4695 4706//4706
f 4695//4695 4670//4670 4706//4706
f 4702//4702 4703//4703 4674//4674
f 4702//4702 4689//4689 4703//4703
f 4689//4689 4668//4668 4703//4703
f 4700//4700 4701//4701 4679//4679
f 4700//4700 4690//4690 4701//4701
f 4690//4690 4673//4673 4701//4701
f 4692//4692 4699//4699 4673//4673
f 4692//4692 4696//4696 4699//4699
f 4696//4696 4672//4672 4699//4699
f 4697//4697 4698//4698 4672//4672
f 4697//4697 4693//4693 4698//4698
f 4693//4693 4671//4671 4698//4698
f 4694//4694 4695//4695 4671//4671
f 4694//4694 4686//4686 4695//4695
f 4686//4686 4670//4670 4695//4695
f 4690//4690 4691//4691 4673//4673
f 4690//4690 4688//4688 4691//4691
f 4688//4688 4664//4664 4691//4691
f 4685//4685 4689//4689 4669//4669
f 4685//4685 4687//4687 4689//4689
f 4687//4687 4668//4668 4689//4689
f 4726//4726 4750//4750 4748//4748
f 4731//4731 4751//4751 4753//4753
f 4730//4730 4749//4749 4757//4757
f 4729//4729 4756//4756 4760//4760
f 4728//4728 4759//4759 4755//4755
f 4731//4731 4753//4753 4763//4763
f 4732//4732 4752//4752 4765//4765
f 4734//4734 4758//4758 4767//4767
f 4735//4735 4761//4761 4770//4770
f 4736//4736 4762//4762 4772//4772
f 4731//4731 4763//4763 4766//4766
f 4732//4732 4765//4765 4768//4768
f 4734//4734 4767//4767 4771//4771
f 4735//4735 4770//4770 4773//4773
f 4736//4736 4772//4772 4764//4764
f 4737//4737 4774//4774 4780//4780
f 4738//4738 4775//4775 4783//4783
f 4740//4740 4776//4776 4786//4786
f 4741//4741 4777//4777 4788//4788
f 4742//4742 4778//4778 4782//4782
f 4782//4782 4787//4787 4745//4745
f 4782//4782 4778//4778 4787//4787
f 4778//4778 4741//4741 4787//4787
f 4788//4788 4785//4785 4746//4746
f 4788//4788 4777//4777 4785//4785
f 4777//4777 4740//4740 4785//4785
f 4786//4786 4784//4784 4747//4747
f 4786//4786 4776//4776 4784//4784
f 4776//4776 4739//4739 4784//4784
f 4783//4783 4779//4779 4743//4743
f 4783//4783 4775//4775 4779//4779
f 4775//4775 4737//4737 4779//4779
f 4780//4780 4781//4781 4744//4744
f 4780//4780 4774//4774 4781//4781
f 4774//4774 4742//4742 4781//4781
f 4764//4764 4778//4778 4742//4742
f 4764//4764 4772//4772 4778//4778
f 4772//4772 4741//4741 4778//4778
f 4773//4773 4777//4777 4741//4741
f 4773//4773 4770//4770 4777//4777
f 4770//4770 4740//4740 4777//4777
f 4771//4771 4776//4776 4740//4740
f 4771//4771 4767//4767 4776//4776
f 4767//4767 4739//4739 4776//4776
f 4768//4768 4775//4775 4738//4738
f 4768//4768 4765//4765 4775//4775
f 4765//4765 4737//4737 4775//4775
f 4766//4766 4774//4774 4737//4737
f 4766//4766 4763//4763 4774//4774
f 4763//4763 4742//4742 4774//4774
f 4772//4772 4773//4773 4741//4741
f 4772//4772 4762//4762 4773//4773
f 4762//4762 4735//4735 4773//4773
f 4770//4770 4771//4771 4740//4740
f 4770//4770 4761//4761 4771//4771
f 4761//4761 4734//4734 4771//4771
f 4767//4767 4769//4769 4739//4739
f 4767//4767 4758//4758 4769//4769
f 4758//4758 4733//4733 4769//4769
f 4765//4765 4766//4766 4737//4737
f 4765//4765 4752//4752 4766//4766
f 4752//4752 4731//4731 4766//4766
f 4763//4763 4764//4764 4742//4742
f 4763//4763 4753//4753 4764//4764
f 4753//4753 4736//4736 4764//4764
f 4755//4755 4762//4762 4736//4736
f 4755//4755 4759//4759 4762//4762
f 4759//4759 4735//4735 4762//4762
f 4760//4760 4761//4761 4735//4735
f 4760//4760 4756//4756 4761//4761
f 4756//4756 4734//4734 4761//4761
f 4757//4757 4758//4758 4734//4734
f 4757//4757 4749//4749 4758//4758
f 4749//4749 4733//4733 4758//4758
f 4753//4753 4754//4754 4736//4736
f 4753//4753 4751//4751 4754//4754
f 4751//4751 4727//4727 4754//4754
f 4748//4748 4752//4752 4732//4732
f 4748//4748 4750//4750 4752//4752
f 4750//4750 4731//4731 4752//4752
f 4789//4789 4813//4813 4811//4811
f 4794//4794 4814//4814 4816//4816
f 4793//4793 4812//4812 4820//4820
f 4792//4792 4819//4819 4823//4823
f 4791//4791 4822//4822 4818//4818
f 4794//4794 4816//4816 4826//4826
f 4795//4795 4815//4815 4828//4828
f 4797//4797 4821//4821 4830//4830
f 4798//4798 4824//4824 4833//4833
f 4799//4799 4825//4825 4835//4835
f 4794//4794 4826//4826 4829//4829
f 4795//4795 4828//4828 4831//4831
f 4797//4797 4830//4830 4834//4834
f 4798//4798 4833//4833 4836//4836
f 4799//4799 4835//4835 4827//4827
f 4800//4800 4837//4837 4843//4843
f 4801//4801 4838//4838 4846//4846
f 4803//4803 4839//4839 4849//4849
f 4804//4804 4840//4840 4851//4851
f 4805//4805 4841//4841 4845//4845
f 4845//4845 4850//4850 4808//4808
f 4845//4845 4841//4841 4850//4850
f 4841//4841 4804//4804 4850//4850
f 4851//4851 4848//4848 4809//4809
f 4851//4851 4840//4840 4848//4848
f 4840//4840 4803//4803 4848//4848
f 4849//4849 4847//4847 4810//4810
f 4849//4849 4839//4839 4847//4847
f 4839//4839 4802//4802 4847//4847
f 4846//4846 4842//4842 4806//4806
f 4846//4846 4838//4838 4842//4842
f 4838//4838 4800//4800 4842//4842
f 4843//4843 4844//4844 4807//4807
f 4843//4843 4837//4837 4844//4844
f 4837//4837 4805//4805 4844//4844
f 4827//4827 4841//4841 4805//4805
f 4827//4827 4835//4835 4841//4841
f 4835//4835 4804//4804 4841//4841
f 4836//4836 4840//4840 4804//4804
f 4836//4836 4833//4833 4840//4840
f 4833//4833 4803//4803 4840//4840
f 4834//4834 4839//4839 4803//4803
f 4834//4834 4830//4830 4839//4839
f 4830//4830 4802//4802 4839//4839
f 4831//4831 4838//4838 4801//4801
f 4831//4831 4828//4828 4838//4838
f 4828//4828 4800//4800 4838//4838
f 4829//4829 4837//4837 4800//4800
f 4829//4829 4826//4826 4837//4837
f 4826//4826 4805//4805 4837//4837
f 4835//4835 4836//4836 4804//4804
f 4835//4835 4825//4825 4836//4836
f 4825//4825 4798//4798 4836//4836
f 4833//4833 4834//4834 4803//4803
f 4833//4833 4824//4824 4834//4834
f 4824//4824 4797//4797 4834//4834
f 4830//4830 4832//4832 4802//4802
f 4830//4830 4821//4821 4832//4832
f 4821//4821 4796//4796 4832//4832
f 4828//4828 4829//4829 4800//4800
f 4828//4828 4815//4815 4829//4829
f 4815//4815 4794//4794 4829//4829
f 4826//4826 4827//4827 4805//4805
f 4826//4826 4816//4816 4827//4827
f 4816//4816 4799//4799 4827//4827
f 4818//4818 4825//4825 4799//4799
f 4818//4818 4822//4822 4825//4825
f 4822//4822 4798//4798 4825//4825
f 4823//4823 4824//4824 4798//4798
f 4823//4823 4819//4819 4824//4824
f 4819//4819 4797//4797 4824//4824
f 4820//4820 4821//4821 4797//4797
f 4820//4820 4812//4812 4821//4821
f 4812//4812 4796//4796 4821//4821
f 4816//4816 4817//4817 4799//4799
f 4816//4816 4814//4814 4817//4817
f 4814//4814 4790//4790 4817//4817
f 4811//4811 4815//4815 4795//4795
f 4811//4811 4813//4813 4815//4815
f 4813//4813 4794//4794 4815//4815
f 4852//4852 4876//4876 4874//4874
f 4857//4857 4877//4877 4879//4879
f 4856//4856 4875//4875 4883//4883
f 4855//4855 4882//4882 4886//4886
f 4854//4854 4885//4885 4881//4881
f 4857//4857 4879//4879 4889//4889
f 4858//4858 4878//4878 4891//4891
f 4860//4860 4884//4884 4893//4893
f 4861//4861 4887//4887 4896//4896
f 4862//4862 4888//4888 4898//4898
f 4857//4857 4889//4889 4892//4892
f 4858//4858 4891//4891 4894//4894
f 4860//4860 4893//4893 4897//4897
f 4861//4861 4896//4896 4899//4899
f 4862//4862 4898//4898 4890//4890
f 4863//4863 4900//4900 4906//4906
f 4864//4864 4901//4901 4909//4909
f 4866//4866 4902//4902 4912//4912
f 4867//4867 4903//4903 4914//4914
f 4868//4868 4904//4904 4908//4908
f 4908//4908 4913//4913 4871//4871
f 4908//4908 4904//4904 4913//4913
f 4904//4904 4867//4867 4913//4913
f 4914//4914 4911//4911 4872//4872
f 4914//4914 4903//4903 4911//4911
f 4903//4903 4866//4866 4911//4911
f 4912//4912 4910//4910 4873//4873
f 4912//4912 4902//4902 4910//4910
f 4902//4902 4865//4865 4910//4910
f 4909//4909 4905//4905 4869//4869
f 4909//4909 4901//4901 4905//4905
f 4901//4901 4863//4863 4905//4905
f 4906//4906 4907//4907 4870//4870
f 4906//4906 4900//4900 4907//4907
f 4900//4900 4868//4868 4907//4907
f 4890//4890 4904//4904 4868//4868
f 4890//4890 4898//4898 4904//4904
f 4898//4898 4867//4867 4904//4904
f 4899//4899 4903//4903 4867//4867
f 4899//4899 4896//4896 4903//4903
f 4896//4896 4866//4866 4903//4903
f 4897//4897 4902//4902 4866//4866
f 4897//4897 4893//4893 4902//4902
f 4893//4893 4865//4865 4902//4902
f 4894//4894 4901//4901 4864//4864
f 4894//4894 4891//4891 4901//4901
f 4891//4891 4863//4863 4901//4901
f 4892//4892 4900//4900 4863//4863
f 4892//4892 4889//4889 4900//4900
f 4889//4889 4868//4868 4900//4900
f 4898//4898 4899//4899 4867//4867
f 4898//4898 4888//4888 4899//4899
f 4888//4888 4861//4861 4899//4899
f 4896//4896 4897//4897 4866//4866
f 4896//4896 4887//4887 4897//4897
f 4887//4887 4860//4860 4897//4897
f 4893//4893 4895//4895 4865//4865
f 4893//4893 4884//4884 4895//4895
f 4884//4884 4859//4859 4895//4895
f 4891//4891 4892//4892 4863//4863
f 4891//4891 4878//4878 4892//4892
f 4878//4878 4857//4857 4892//4892
f 4889//4889 4890//4890 4868//4868
f 4889//4889 4879//4879 4890//4890
f 4879//4879 4862//4862 4890//4890
f 4881//4881 4888//4888 4862//4862
f 4881//4881 4885//4885 4888//4888
f 4885//4885 4861//4861 4888//4888
f 4886//4886 4887//4887 4861//4861
f 4886//4886 4882//4882 4887//4887
f 4882//4882 4860//4860 4887//4887
f 4883//4883 4884//4884 4860//4860
f 4883//4883 4875//4875 4884//4884
f 4875//4875 4859//4859 4884//4884
f 4879//4879 4880//4880 4862//4862
f 4879//4879 4877//4877 4880//4880
f 4877//4877 4853//4853 4880//4880
f 4874//4874 4878//4878 4858//4858
f 4874//4874 4876//4876 4878//4878
f 4876//4876 4857//4857 4878//4878
f 4915//4915 4939//4939 4937//4937
f 4920//4920 4940//4940 4942//4942
f 4919//4919 4938//4938 4946//4946
f 4918//4918 4945//4945 4949//4949
f 4917//4917 4948//4948 4944//4944
f 4920//4920 4942//4942 4952//4952
f 4921//4921 4941//4941 4954//4954
f 4923//4923 4947//4947 4956//4956
f 4924//4924 4950//4950 4959//4959
f 4925//4925 4951//4951 4961//4961
f 4920//4920 4952//4952 4955//4955
f 4921//4921 4954//4954 4957//4957
f 4923//4923 4956//4956 4960//4960
f 4924//4924 4959//4959 4962//4962
f 4925//4925 4961//4961 4953//4953
f 4926//4926 4963//4963 4969//4969
f 4927//4927 4964//4964 4972//4972
f 4929//4929 4965//4965 4975//4975
f 4930//4930 4966//4966 4977//4977
f 4931//4931 4967//4967 4971//4971
f 4971//4971 4976//4976 4934//4934
f 4971//4971 4967//4967 4976//4976
f 4967//4967 4930//4930 4976//4976
f 4977//4977 4974//4974 4935//4935
f 4977//4977 4966//4966 4974//4974
f 4966//4966 4929//4929 4974//4974
f 4975//4975 4973//4973 4936//4936
f 4975//4975 4965//4965 4973//4973
f 4965//4965 4928//4928 4973//4973
f 4972//4972 4968//4968 4932//4932
f 4972//4972 4964//4964 4968//4968
f 4964//4964 4926//4926 4968//4968
f 4969//4969 4970//4970 4933//4933
f 4969//4969 4963//4963 4970//4970
f 4963//4963 4931//4931 4970//4970
f 4953//4953 4967//4967 4931//4931
f 4953//4953 4961//4961 4967//4967
f 4961//4961 4930//4930 4967//4967
f 4962//4962 4966//4966 4930//4930
f 4962//4962 4959//4959 4966//4966
f 4959//4959 4929//4929 4966//4966
f 4960//4960 4965//4965 4929//4929
f 4960//4960 4956//4956 4965//4965
f 4956//4956 4928//4928 4965//4965
f 4957//4957 4964//4964 4927//4927
f 4957//4957 4954//4954 4964//4964
f 4954//4954 4926//4926 4964//4964
f 4955//4955 4963//4963 4926//4926
f 4955//4955 4952//4952 4963//4963
f 4952//4952 4931//4931 4963//4963
f 4961//4961 4962//4962 4930//4930
f 4961//4961 4951//4951 4962//4962
f 4951//4951 4924//4924 4962//4962
f 4959//4959 4960//4960 4929//4929
f 4959//4959 4950//4950 4960//4960
f 4950//4950 4923//4923 4960//4960
f 4956//4956 4958//4958 4928//4928
f 4956//4956 4947//4947 4958//4958
f 4947//4947 4922//4922 4958//4958
f 4954//4954 4955//4955 4926//4926
f 4954//4954 4941//4941 4955//4955
f 4941//4941 4920//4920 4955//4955
f 4952//4952 4953//4953 4931//4931
f 4952//4952 4942//4942 4953//4953
f 4942//4942 4925//4925 4953//4953
f 4944//4944 4951//4951 4925//4925
f 4944//4944 4948//4948 4951//4951
f 4948//4948 4924//4924 4951//4951
f 4949//4949 4950//4950 4924//4924
f 4949//4949 4945//4945 4950//4950
f 4945//4945 4923//4923 4950//4950
f 4946//4946 4947//4947 4923//4923
f 4946//4946 4938//4938 4947//4947
f 4938//4938 4922//4922 4947//4947
f 4942//4942 4943//4943 4925//4925
f 4942//4942 4940//4940 4943//4943
f 4940//4940 4916//4916 4943//4943
f 4937//4937 4941//4941 4921//4921
f 4937//4937 4939//4939 4941//4941
f 4939//4939 4920//4920 4941//4941
f 4978//4978 5002//5002 5000//5000
f 4983//4983 5003//5003 5005//5005
f 4982//4982 5001//5001 5009//5009
f 4981//4981 5008//5008 5012//5012
f 4980//4980 5011//5011 5007//5007
f 4983//4983 5005//5005 5015//5015
f 4984//4984 5004//5004 5017//5017
f 4986//4986 5010//5010 5019//5019
f 4987//4987 5013//5013 5022//5022
f 4988//4988 5014//5014 5024//5024
f 4983//4983 5015//5015 5018//5018
f 4984//4984 5017//5017 5020//5020
f 4986//4986 5019//5019 5023//5023
f 4987//4987 5022//5022 5025//5025
f 4988//4988 5024//5024 5016//5016
f 4989//4989 5026//5026 5032//5032
f 4990//4990 5027//5027 5035//5035
f 4992//4992 5028//5028 5038//5038
f 4993//4993 5029//5029 5040//5040
f 4994//4994 5030//5030 5034//5034
f 5034//5034 5039//5039 4997//4997
f 5034//5034 5030//5030 5039//5039
f 5030//5030 4993//4993 5039//5039
f 5040//5040 5037//5037 4998//4998
f 5040//5040 5029//5029 5037//5037
f 5029//5029 4992//4992 5037//5037
f 5038//5038 5036//5036 4999//4999
f 5038//5038 5028//5028 5036//5036
f 5028//5028 4991//4991 5036//5036
f 5035//5035 5031//5031 4995//4995
f 5035//5035 5027//5027 5031//5031
f 5027//5027 4989//4989 5031//5031
f 5032//5032 5033//5033 4996//4996
f 5032//5032 5026//5026 5033//5033
f 5026//5026 4994//4994 5033//5033
f 5016//5016 5030//5030 4994//4994
f 5016//5016 5024//5024 5030//5030
f 5024//5024 4993//4993 5030//5030
f 5025//5025 5029//5029 4993//4993
f 5025//5025 5022//5022 5029//5029
f 5022//5022 4992//4992 5029//5029
f 5023//5023 5028//5028 4992//4992
f 5023//5023 5019//5019 5028//5028
f 5019//5019 4991//4991 5028//5028
f 5020//5020 5027//5027 4990//4990
f 5020//5020 5017//5017 5027//5027
f 5017//5017 4989//4989 5027//5027
f 5018//5018 5026//5026 4989//4989
f 5018//5018 5015//5015 5026//5026
f 5015//5015 4994//4994 5026//5026
f 5024//5024 5025//5025 4993//4993
f 5024//5024 5014//5014 5025//5025
f 5014//5014 4987//4987 5025//5025
f 5022//5022 5023//5023 4992//4992
f 5022//5022 5013//5013 5023//5023
f 5013//5013 4986//4986 5023//5023
f 5019//5019 5021//5021 4991//4991
f 5019//5019 5010//5010 5021//5021
f 5010//5010 4985//4985 5021//5021
f 5017//5017 5018//5018 4989//4989
f 5017//5017 5004//5004 5018//5018
f 5004//5004 4983//4983 5018//5018
f 5015//5015 5016//5016 4994//4994
f 5015//5015 5005//5005 5016//5016
f 5005//5005 4988//4988 5016//5016
f 5007//5007 5014//5014 4988//4988
f 5007//5007 5011//5011 5014//5014
f 5011//5011 4987//4987 5014//5014
f 5012//5012 5013//5013 4987//4987
f 5012//5012 5008//5008 5013//5013
f 5008//5008 4986//4986 5013//5013
f 5009//5009 5010//5010 4986//4986
f 5009//5009 5001//5001 5010//5010
f 5001//5001 4985//4985 5010//5010
f 5005//5005 5006//5006 4988//4988
f 5005//5005 5003//5003 5006//5006
f 5003//5003 4979//4979 5006//5006
f 5000//5000 5004//5004 4984//4984
f 5000//5000 5002//5002 5004//5004
f 5002//5002 4983//4983 5004//5004
f 5041//5041 5065//5065 5063//5063
f 5046//5046 5066//5066 5068//5068
f 5045//5045 5064//5064 5072//5072
f 5044//5044 5071//5071 5075//5075
f 5043//5043 5074//5074 5070//5070
f 5046//5046 5068//5068 5078//5078
f 5047//5047 5067//5067 5080//5080
f 5049//5049 5073//5073 5082//5082
f 5050//5050 5076//5076 5085//5085
f 5051//5051 5077//5077 5087//5087
f 5046//5046 5078//5078 5081//5081
f 5047//5047 5080//5080 5083//5083
f 5049//5049 5082//5082 5086//5086
f 5050//5050 5085//5085 5088//5088
f 5051//5051 5087//5087 5079//5079
f 5052//5052 5089//5089 5095//5095
f 5053//5053 5090//5090 5098//5098
f 5055//5055 5091//5091 5101//5101
f 5056//5056 5092//5092 5103//5103
f 5057//5057 5093//5093 5097//5097
f 5097//5097 5102//5102 5060//5060
f 5097//5097 5093//5093 5102//5102
f 5093//5093 5056//5056 5102//5102
f 5103//5103 5100//5100 5061//5061
f 5103//5103 5092//5092 5100//5100
f 5092//5092 5055//5055 5100//5100
f 5101//5101 5099//5099 5062//5062
f 5101//5101 5091//5091 5099//5099
f 5091//5091 5054//5054 5099//5099
f 5098//5098 5094//5094 5058//5058
f 5098//5098 5090//5090 5094//5094
f 5090//5090 5052//5052 5094//5094
f 5095//5095 5096//5096 5059//5059
f 5095//5095 5089//5089 5096//5096
f 5089//5089 5057//5057 5096//5096
f 5079//5079 5093//5093 5057//5057
f 5079//5079 5087//5087 5093//5093
f 5087//5087 5056//5056 5093//5093
f 5088//5088 5092//5092 5056//5056
f 5088//5088 5085//5085 5092//5092
f 5085//5085 5055//5055 5092//5092
f 5086//5086 5091//5091 5055//5055
f 5086//5086 5082//5082 5091//5091
f 5082//5082 5054//5054 5091//5091
f 5083//5083 5090//5090 5053//5053
f 5083//5083 5080//5080 5090//5090
f 5080//5080 5052//5052 5090//5090
f 5081//5081 5089//5089 5052//5052
f 5081//5081 5078//5078 5089//5089
f 5078//5078 5057//5057 5089//5089
f 5087//5087 5088//5088 5056//5056
f 5087//5087 5077//5077 5088//5088
f 5077//5077 5050//5050 5088//5088
f 5085//5085 5086//5086 5055//5055
f 5085//5085 5076//5076 5086//5086
f 5076//5076 5049//5049 5086//5086
f 5082//5082 5084//5084 5054//5054
f 5082//5082 5073//5073 5084//5084
f 5073//5073 5048//5048 5084//5084
f 5080//5080 5081//5081 5052//5052
f 5080//5080 5067//5067 5081//5081
f 5067//5067 5046//5046 5081//5081
f 5078//5078 5079//5079 5057//5057
f 5078//5078 5068//5068 5079//5079
f 5068//5068 5051//5051 5079//5079
f 5070//5070 5077//5077 5051//5051
f 5070//5070 5074//5074 5077//5077
f 5074//5074 5050//5050 5077//5077
f 5075//5075 5076//5076 5050//5050
f 5075//5075 5071//5071 5076//5076
f 5071//5071 5049//5049 5076//5076
f 5072//5072 5073//5073 5049//5049
f 5072//5072 5064//5064 5073//5073
f 5064//5064 5048//5048 5073//5073
f 5068//5068 5069//5069 5051//5051
f 5068//5068 5066//5066 5069//5069
f 5066//5066 5042//5042 5069//5069
f 5063//5063 5067//5067 5047//5047
f 5063//5063 5065//5065 5067//5067
f 5065//5065 5046//5046 5067//5067
f 5104//5104 5128//5128 5126//5126
f 5109//5109 5129//5129 5131//5131
f 5108//5108 5127//5127 5135//5135
f 5107//5107 5134//5134 5138//5138
f 5106//5106 5137//5137 5133//5133
f 5109//5109 5131//5131 5141//5141
f 5110//5110 5130//5130 5143//5143
f 5112//5112 5136//5136 5145//5145
f 5113//5113 5139//5139 5148//5148
f 5114//5114 5140//5140 5150//5150
f 5109//5109 5141//5141 5144//5144
f 5110//5110 5143//5143 5146//5146
f 5112//5112 5145//5145 5149//5149
f 5113//5113 5148//5148 5151//5151
f 5114//5114 5150//5150 5142//5142
f 5115//5115 5152//5152 5158//5158
f 5116//5116 5153//5153 5161//5161
f 5118//5118 5154//5154 5164//5164
f 5119//5119 5155//5155 5166//5166
f 5120//5120 5156//5156 5160//5160
f 5160//5160 5165//5165 5123//5123
f 5160//5160 5156//5156 5165//5165
f 5156//5156 5119//5119 5165//5165
f 5166//5166 5163//5163 5124//5124
f 5166//5166 5155//5155 5163//5163
f 5155//5155 5118//5118 5163//5163
f 5164//5164 5162//5162 5125//5125
f 5164//5164 5154//5154 5162//5162
f 5154//5154 5117//5117 5162//5162
f 5161//5161 5157//5157 5121//5121
f 5161//5161 5153//5153 5157//5157
f 5153//5153 5115//5115 5157//5157
f 5158//5158 5159//5159 5122//5122
f 5158//5158 5152//5152 5159//5159
f 5152//5152 5120//5120 5159//5159
f 5142//5142 5156//5156 5120//5120
f 5142//5142 5150//5150 5156//5156
f 5150//5150 5119//5119 5156//5156
f 5151//5151 5155//5155 5119//5119
f 5151//5151 5148//5148 5155//5155
f 5148//5148 5118//5118 5155//5155
f 5149//5149 5154//5154 5118//5118
f 5149//5149 5145//5145 5154//5154
f 5145//5145 5117//5117 5154//5154
f 5146//5146 5153//5153 5116//5116
f 5146//5146 5143//5143 5153//5153
f 5143//5143 5115//5115 5153//5153
f 5144//5144 5152//5152 5115//5115
f 5144//5144 5141//5141 5152//5152
f 5141//5141 5120//5120 5152//5152
f 5150//5150 5151//5151 5119//5119
f 5150//5150 5140//5140 5151//5151
f 5140//5140 5113//5113 5151//5151
f 5148//5148 5149//5149 5118//5118
f 5148//5148 5139//5139 5149//5149
f 5139//5139 5112//5112 5149//5149
f 5145//5145 5147//5147 5117//5117
f 5145//5145 5136//5136 5147//5147
f 5136//5136 5111//5111 5147//5147
f 5143//5143 5144//5144 5115//5115
f 5143//5143 5130//5130 5144//5144
f 5130//5130 5109//5109 5144//5144
f 5141//5141 5142//5142 5120//5120
f 5141//5141 5131//5131 5142//5142
f 5131//5131 5114//5114 5142//5142
f 5133//5133 5140//5140 5114//5114
f 5133//5133 5137//5137 5140//5140
f 5137//5137 5113//5113 5140//5140
f 5138//5138 5139//5139 5113//5113
f 5138//5138 5134//5134 5139//5139
f 5134//5134 5112//5112 5139//5139
f 5135//5135 5136//5136 5112//5112
f 5135//5135 5127//5127 5136//5136
f 5127//5127 5111//5111 5136//5136
f 5131//5131 5132//5132 5114//5114
f 5131//5131 5129//5129 5132//5132
f 5129//5129 5105//5105 5132//5132
f 5126//5126 5130//5130 5110//5110
f 5126//5126 5128//5128 5130//5130
f 5128//5128 5109//5109 5130//5130
f 5167//5167 5191//5191 5189//5189
f 5172//5172 5192//5192 5194//5194
f 5171//5171 5190//5190 5198//5198
f 5170//5170 5197//5197 5201//5201
f 5169//5169 5200//5200 5196//5196
f 5172//5172 5194//5194 5204//5204
f 5173//5173 5193//5193 5206//5206
f 5175//5175 5199//5199 5208//5208
f 5176//5176 5202//5202 5211//5211
f 5177//5177 5203//5203 5213//5213
f 5172//5172 5204//5204 5207//5207
f 5173//5173 5206//5206 5209//5209
f 5175//5175 5208//5208 5212//5212
f 5176//5176 5211//5211 5214//5214
f 5177//5177 5213//5213 5205//5205
f 5178//5178 5215//5215 5221//5221
f 5179//5179 5216//5216 5224//5224
f 5181//5181 5217//5217 5227//5227
f 5182//5182 5218//5218 5229//5229
f 5183//5183 5219//5219 5223//5223
f 5223//5223 5228//5228 5186//5186
f 5223//5223 5219//5219 5228//5228
f 5219//5219 5182//5182 5228//5228
f 5229//5229 5226//5226 5187//5187
f 5229//5229 5218//5218 5226//5226
f 5218//5218 5181//5181 5226//5226
f 5227//5227 5225//5225 5188//5188
f 5227//5227 5217//5217 5225//5225
f 5217//5217 5180//5180 5225//5225
f 5224//5224 5220//5220 5184//5184
f 5224//5224 5216//5216 5220//5220
f 5216//5216 5178//5178 5220//5220
f 5221//5221 5222//5222 5185//5185
f 5221//5221 5215//5215 5222//5222
f 5215//5215 5183//5183 5222//5222
f 5205//5205 5219//5219 5183//5183
f 5205//5205 5213//5213 5219//5219
f 5213//5213 5182//5182 5219//5219
f 5214//5214 5218//5218 5182//5182
f 5214//5214 5211//5211 5218//5218
f 5211//5211 5181//5181 5218//5218
f 5212//5212 5217//5217 5181//5181
f 5212//5212 5208//5208 5217//5217
f 5208//5208 5180//5180 5217//5217
f 5209//5209 5216//5216 5179//5179
f 5209//5209 5206//5206 5216//5216
f 5206//5206 5178//5178 5216//5216
f 5207//5207 5215//5215 5178//5178
f 5207//5207 5204//5204 5215//5215
f 5204//5204 5183//5183 5215//5215
f 5213//5213 5214//5214 5182//5182
f 5213//5213 5203//5203 5214//5214
f 5203//5203 5176//5176 5214//5214
f 5211//5211 5212//5212 5181//5181
f 5211//5211 5202//5202 5212//5212
f 5202//5202 5175//5175 5212//5212
f 5208//5208 5210//5210 5180//5180
f 5208//5208 5199//5199 5210//5210
f 5199//5199 5174//5174 5210//5210
f 5206//5206 5207//5207 5178//5178
f 5206//5206 5193//5193 5207//5207
f 5193//5193 5172//5172 5207//5207
f 5204//5204 5205//5205 5183//5183
f 5204//5204 5194//5194 5205//5205
f 5194//5194 5177//5177 5205//5205
f 5196//5196 5203//5203 5177//5177
f 5196//5196 5200//5200 5203//5203
f 5200//5200 5176//5176 5203//5203
f 5201//5201 5202//5202 5176//5176
f 5201//5201 5197//5197 5202//5202
f 5197//5197 5175//5175 5202//5202
f 5198//5198 5199//5199 5175//5175
f 5198//5198 5190//5190 5199//5199
f 5190//5190 5174//5174 5199//5199
f 5194//5194 5195//5195 5177//5177
f 5194//5194 5192//5192 5195//5195
f 5192//5192 5168//5168 5195//5195
f 5189//5189 5193//5193 5173//5173
f 5189//5189 5191//5191 5193//5193
f 5191//5191 5172//5172 5193//5193
f 5230//5230 5254//5254 5252//5252
f 5235//5235 5255//5255 5257//5257
f 5234//5234 5253//5253 5261//5261
f 5233//5233 5260//5260 5264//5264
f 5232//5232 5263//5263 5259//5259
f 5235//5235 5257//5257 5267//5267
f 5236//5236 5256//5256 5269//5269
f 5238//5238 5262//5262 5271//5271
f 5239//5239 5265//5265 5274//5274
f 5240//5240 5266//5266 5276//5276
f 5235//5235 5267//5267 5270//5270
f 5236//5236 5269//5269 5272//5272
f 5238//5238 5271//5271 5275//5275
f 5239//5239 5274//5274 5277//5277
f 5240//5240 5276//5276 5268//5268
f 5241//5241 5278//5278 5284//5284
f 5242//5242 5279//5279 5287//5287
f 5244//5244 5280//5280 5290//5290
f 5245//5245 5281//5281 5292//5292
f 5246//5246 5282//5282 5286//5286
f 5286//5286 5291//5291 5249//5249
f 5286//5286 5282//5282 5291//5291
f 5282//5282 5245//5245 5291//5291
f 5292//5292 5289//5289 5250//5250
f 5292//5292 5281//5281 5289//5289
f 5281//5281 5244//5244 5289//5289
f 5290//5290 5288//5288 5251//5251
f 5290//5290 5280//5280 5288//5288
f 5280//5280 5243//5243 5288//5288
f 5287//5287 5283//5283 5247//5247
f 5287//5287 5279//5279 5283//5283
f 5279//5279 5241//5241 5283//5283
f 5284//5284 5285//5285 5248//5248
f 5284//5284 5278//5278 5285//5285
f 5278//5278 5246//5246 5285//5285
f 5268//5268 5282//5282 5246//5246
f 5268//5268 5276//5276 5282//5282
f 5276//5276 5245//5245 5282//5282
f 5277//5277 5281//5281 5245//5245
f 5277//5277 5274//5274 5281//5281
f 5274//5274 5244//5244 5281//5281
f 5275//5275 5280//5280 5244//5244
f 5275//5275 5271//5271 5280//5280
f 5271//5271 5243//5243 5280//5280
f 5272//5272 5279//5279 5242//5242
f 5272//5272 5269//5269 5279//5279
f 5269//5269 5241//5241 5279//5279
f 5270//5270 5278//5278 5241//5241
f 5270//5270 5267//5267 5278//5278
f 5267//5267 5246//5246 5278//5278
f 5276//5276 5277//5277 5245//5245
f 5276//5276 5266//5266 5277//5277
f 5266//5266 5239//5239 5277//5277
f 5274//5274 5275//5275 5244//5244
f 5274//5274 5265//5265 5275//5275
f 5265//5265 5238//5238 5275//5275
f 5271//5271 5273//5273 5243//5243
f 5271//5271 5262//5262 5273//5273
f 5262//5262 5237//5237 5273//5273
f 5269//5269 5270//5270 5241//5241
f 5269//5269 5256//5256 5270//5270
f 5256//5256 5235//5235 5270//5270
f 5267//5267 5268//5268 5246//5246
f 5267//5267 5257//5257 5268//5268
f 5257//5257 5240//5240 5268//5268
f 5259//5259 5266//5266 5240//5240
f 5259//5259 5263//5263 5266//5266
f 5263//5263 5239//5239 5266//5266
f 5264//5264 5265//5265 5239//5239
f 5264//5264 5260//5260 5265//5265
f 5260//5260 5238//5238 5265//5265
f 5261//5261 5262//5262 5238//5238
f 5261//5261 5253//5253 5262//5262
f 5253//5253 5237//5237 5262//5262
f 5257//5257 5258//5258 5240//5240
f 5257//5257 5255//5255 5258//5258
f 5255//5255 5231//5231 5258//5258
f 5252//5252 5256//5256 5236//5236
f 5252//5252 5254//5254 5256//5256
f 5254//5254 5235//5235 5256//5256
f 5293//5293 5317//5317 5315//5315
f 5298//5298 5318//5318 5320//5320
f 5297//5297 5316//5316 5324//5324
f 5296//5296 5323//5323 5327//5327
f 5295//5295 5326//5326 5322//5322
f 5298//5298 5320//5320 5330//5330
f 5299//5299 5319//5319 5332//5332
f 5301//5301 5325//5325 5334//5334
f 5302//5302 5328//5328 5337//5337
f 5303//5303 5329//5329 5339//5339
f 5298//5298 5330//5330 5333//5333
f 5299//5299 5332//5332 5335//5335
f 5301//5301 5334//5334 5338//5338
f 5302//5302 5337//5337 5340//5340
f 5303//5303 5339//5339 5331//5331
f 5304//5304 5341//5341 5347//5347
f 5305//5305 5342//5342 5350//5350
f 5307//5307 5343//5343 5353//5353
f 5308//5308 5344//5344 5355//5355
f 5309//5309 5345//5345 5349//5349
f 5349//5349 5354//5354 5312//5312
f 5349//5349 5345//5345 5354//5354
f 5345//5345 5308//5308 5354//5354
f 5355//5355 5352//5352 5313//5313
f 5355//5355 5344//5344 5352//5352
f 5344//5344 5307//5307 5352//5352
f 5353//5353 5351//5351 5314//5314
f 5353//5353 5343//5343 5351//5351
f 5343//5343 5306//5306 5351//5351
f 5350//5350 5346//5346 5310//5310
f 5350//5350 5342//5342 5346//5346
f 5342//5342 5304//5304 5346//5346
f 5347//5347 5348//5348 5311//5311
f 5347//5347 5341//5341 5348//5348
f 5341//5341 5309//5309 5348//5348
f 5331//5331 5345//5345 5309//5309
f 5331//5331 5339//5339 5345//5345
f 5339//5339 5308//5308 5345//5345
f 5340//5340 5344//5344 5308//5308
f 5340//5340 5337//5337 5344//5344
f 5337//5337 5307//5307 5344//5344
f 5338//5338 5343//5343 5307//5307
f 5338//5338 5334//5334 5343//5343
f 5334//5334 5306//5306 5343//5343
f 5335//5335 5342//5342 5305//5305
f 5335//5335 5332//5332 5342//5342
f 5332//5332 5304//5304 5342//5342
f 5333//5333 5341//5341 5304//5304
f 5333//5333 5330//5330 5341//5341
f 5330//5330 5309//5309 5341//5341
f 5339//5339 5340//5340 5308//5308
f 5339//5339 5329//5329 5340//5340
f 5329//5329 5302//5302 5340//5340
f 5337//5337 5338//5338 5307//5307
f 5337//5337 5328//5328 5338//5338
f 5328//5328 5301//5301 5338//5338
f 5334//5334 5336//5336 5306//5306
f 5334//5334 5325//5325 5336//5336
f 5325//5325 5300//5300 5336//5336
f 5332//5332 5333//5333 5304//5304
f 5332//5332 5319//5319 5333//5333
f 5319//5319 5298//5298 5333//5333
f 5330//5330 5331//5331 5309//5309
f 5330//5330 5320//5320 5331//5331
f 5320//5320 5303//5303 5331//5331
f 5322//5322 5329//5329 5303//5303
f 5322//5322 5326//5326 5329//5329
f 5326//5326 5302//5302 5329//5329
f 5327//5327 5328//5328 5302//5302
f 5327//5327 5323//5323 5328//5328
f 5323//5323 5301//5301 5328//5328
f 5324//5324 5325//5325 5301//5301
f 5324//5324 5316//5316 5325//5325
f 5316//5316 5300//5300 5325//5325
f 5320//5320 5321//5321 5303//5303
f 5320//5320 5318//5318 5321//5321
f 5318//5318 5294//5294 5321//5321
f 5315//5315 5319//5319 5299//5299
f 5315//5315 5317//5317 5319//5319
f 5317//5317 5298//5298 5319//5319
f 5356//5356 5380//5380 5378//5378
f 5361//5361 5381//5381 5383//5383
f 5360//5360 5379//5379 5387//5387
f 5359//5359 5386//5386 5390//5390
f 5358//5358 5389//5389 5385//5385
f 5361//5361 5383//5383 5393//5393
f 5362//5362 5382//5382 5395//5395
f 5364//5364 5388//5388 5397//5397
f 5365//5365 5391//5391 5400//5400
f 5366//5366 5392//5392 5402//5402
f 5361//5361 5393//5393 5396//5396
f 5362//5362 5395//5395 5398//5398
f 5364//5364 5397//5397 5401//5401
f 5365//5365 5400//5400 5403//5403
f 5366//5366 5402//5402 5394//5394
f 5367//5367 5404//5404 5410//5410
f 5368//5368 5405//5405 5413//5413
f 5370//5370 5406//5406 5416//5416
f 5371//5371 5407//5407 5418//5418
f 5372//5372 5408//5408 5412//5412
f 5412//5412 5417//5417 5375//5375
f 5412//5412 5408//5408 5417//5417
f 5408//5408 5371//5371 5417//5417
f 5418//5418 5415//5415 5376//5376
f 5418//5418 5407//5407 5415//5415
f 5407//5407 5370//5370 5415//5415
f 5416//5416 5414//5414 5377//5377
f 5416//5416 5406//5406 5414//5414
f 5406//5406 5369//5369 5414//5414
f 5413//5413 5409//5409 5373//5373
f 5413//5413 5405//5405 5409//5409
f 5405//5405 5367//5367 5409//5409
f 5410//5410 5411//5411 5374//5374
f 5410//5410 5404//5404 5411//5411
f 5404//5404 5372//5372 5411//5411
f 5394//5394 5408//5408 5372//5372
f 5394//5394 5402//5402 5408//5408
f 5402//5402 5371//5371 5408//5408
f 5403//5403 5407//5407 5371//5371
f 5403//5403 5400//5400 5407//5407
f 5400//5400 5370//5370 5407//5407
f 5401//5401 5406//5406 5370//5370
f 5401//5401 5397//5397 5406//5406
f 5397//5397 5369//5369 5406//5406
f 5398//5398 5405//5405 5368//5368
f 5398//5398 5395//5395 5405//5405
f 5395//5395 5367//5367 5405//5405
f 5396//5396 5404//5404 5367//5367
f 5396//5396 5393//5393 5404//5404
f 5393//5393 5372//5372 5404//5404
f 5402//5402 5403//5403 5371//5371
f 5402//5402 5392//5392 5403//5403
f 5392//5392 5365//5365 5403//5403
f 5400//5400 5401//5401 5370//5370
f 5400//5400 5391//5391 5401//5401
f 5391//5391 5364//5364 5401//5401
f 5397//5397 5399//5399 5369//5369
f 5397//5397 5388//5388 5399//5399
f 5388//5388 5363//5363 5399//5399
f 5395//5395 5396//5396 5367//5367
f 5395//5395 5382//5382 5396//5396
f 5382//5382 5361//5361 5396//5396
f 5393//5393 5394//5394 5372//5372
f 5393//5393 5383//5383 5394//5394
f 5383//5383 5366//5366 5394//5394
f 5385//5385 5392//5392 5366//5366
f 5385//5385 5389//5389 5392//5392
f 5389//5389 5365//5365 5392//5392
f 5390//5390 5391//5391 5365//5365
f 5390//5390 5386//5386 5391//5391
f 5386//5386 5364//5364 5391//5391
f 5387//5387 5388//5388 5364//5364
f 5387//5387 5379//5379 5388//5388
f 5379//5379 5363//5363 5388//5388
f 5383//5383 5384//5384 5366//5366
f 5383//5383 5381//5381 5384//5384
f 5381//5381 5357//5357 5384//5384
f 5378//5378 5382//5382 5362//5362
f 5378//5378 5380//5380 5382//5382
f 5380//5380 5361//5361 5382//5382
f 5419//5419 5443//5443 5441//5441
f 5424//5424 5444//5444 5446//5446
f 5423//5423 5442//5442 5450//5450
f 5422//5422 5449//5449 5453//5453
f 5421//5421 5452//5452 5448//5448
f 5424//5424 5446//5446 5456//5456
f 5425//5425 5445//5445 5458//5458
f 5427//5427 5451//5451 5460//5460
f 5428//5428 5454//5454 5463//5463
f 5429//5429 5455//5455 5465//5465
f 5424//5424 5456//5456 5459//5459
f 5425//5425 5458//5458 5461//5461
f 5427//5427 5460//5460 5464//5464
f 5428//5428 5463//5463 5466//5466
f 5429//5429 5465//5465 5457//5457
f 5430//5430 5467//5467 5473//5473
f 5431//5431 5468//5468 5476//5476
f 5433//5433 5469//5469 5479//5479
f 5434//5434 5470//5470 5481//5481
f 5435//5435 5471//5471 5475//5475
f 5475//5475 5480//5480 5438//5438
f 5475//5475 5471//5471 5480//5480
f 5471//5471 5434//5434 5480//5480
f 5481//5481 5478//5478 5439//5439
f 5481//5481 5470//5470 5478//5478
f 5470//5470 5433//5433 5478//5478
f 5479//5479 5477//5477 5440//5440
f 5479//5479 5469//5469 5477//5477
f 5469//5469 5432//5432 5477//5477
f 5476//5476 5472//5472 5436//5436
f 5476//5476 5468//5468 5472//5472
f 5468//5468 5430//5430 5472//5472
f 5473//5473 5474//5474 5437//5437
f 5473//5473 5467//5467 5474//5474
f 5467//5467 5435//5435 5474//5474
f 5457//5457 5471//5471 5435//5435
f 5457//5457 5465//5465 5471//5471
f 5465//5465 5434//5434 5471//5471
f 5466//5466 5470//5470 5434//5434
f 5466//5466 5463//5463 5470//5470
f 5463//5463 5433//5433 5470//5470
f 5464//5464 5469//5469 5433//5433
f 5464//5464 5460//5460 5469//5469
f 5460//5460 5432//5432 5469//5469
f 5461//5461 5468//5468 5431//5431
f 5461//5461 5458//5458 5468//5468
f 5458//5458 5430//5430 5468//5468
f 5459//5459 5467//5467 5430//5430
f 5459//5459 5456//5456 5467//5467
f 5456//5456 5435//5435 5467//5467
f 5465//5465 5466//5466 5434//5434
f 5465//5465 5455//5455 5466//5466
f 5455//5455 5428//5428 5466//5466
f 5463//5463 5464//5464 5433//5433
f 5463//5463 5454//5454 5464//5464
f 5454//5454 5427//5427 5464//5464
f 5460//5460 5462//5462 5432//5432
f 5460//5460 5451//5451 5462//5462
f 5451//5451 5426//5426 5462//5462
f 5458//5458 5459//5459 5430//5430
f 5458//5458 5445//5445 5459//5459
f 5445//5445 5424//5424 5459//5459
f 5456//5456 5457//5457 5435//5435
f 5456//5456 5446//5446 5457//5457
f 5446//5446 5429//5429 5457//5457
f 5448//5448 5455//5455 5429//5429
f 5448//5448 5452//5452 5455//5455
f 5452//5452 5428//5428 5455//5455
f 5453//5453 5454//5454 5428//5428
f 5453//5453 5449//5449 5454//5454
f 5449//5449 5427//5427 5454//5454
f 5450//5450 5451//5451 5427//5427
f 5450//5450 5442//5442 5451//5451
f 5442//5442 5426//5426 5451//5451
f 5446//5446 5447//5447 5429//5429
f 5446//5446 5444//5444 5447//5447
f 5444//5444 5420//5420 5447//5447
f 5441//5441 5445//5445 5425//5425
f 5441//5441 5443//5443 5445//5445
f 5443//5443 5424//5424 5445//5445
f 5482//5482 5506//5506 5504//5504
f 5487//5487 5507//5507 5509//5509
f 5486//5486 5505//5505 5513//5513
f 5485//5485 5512//5512 5516//5516
f 5484//5484 5515//5515 5511//5511
f 5487//5487 5509//5509 5519//5519
f 5488//5488 5508//5508 5521//5521
f 5490//5490 5514//5514 5523//5523
f 5491//5491 5517//5517 5526//5526
f 5492//5492 5518//5518 5528//5528
f 5487//5487 5519//5519 5522//5522
f 5488//5488 5521//5521 5524//5524
f 5490//5490 5523//5523 5527//5527
f 5491//5491 5526//5526 5529//5529
f 5492//5492 5528//5528 5520//5520
f 5493//5493 5530//5530 5536//5536
f 5494//5494 5531//5531 5539//5539
f 5496//5496 5532//5532 5542//5542
f 5497//5497 5533//5533 5544//5544
f 5498//5498 5534//5534 5538//5538
f 5538//5538 5543//5543 5501//5501
f 5538//5538 5534//5534 5543//5543
f 5534//5534 5497//5497 5543//5543
f 5544//5544 5541//5541 5502//5502
f 5544//5544 5533//5533 5541//5541
f 5533//5533 5496//5496 5541//5541
f 5542//5542 5540//5540 5503//5503
f 5542//5542 5532//5532 5540//5540
f 5532//5532 5495//5495 5540//5540
f 5539//5539 5535//5535 5499//5499
f 5539//5539 5531//5531 5535//5535
f 5531//5531 5493//5493 5535//5535
f 5536//5536 5537//5537 5500//5500
f 5536//5536 5530//5530 5537//5537
f 5530//5530 5498//5498 5537//5537
f 5520//5520 5534//5534 5498//5498
f 5520//5520 5528//5528 5534//5534
f 5528//5528 5497//5497 5534//5534
f 5529//5529 5533//5533 5497//5497
f 5529//5529 5526//5526 5533//5533
f 5526//5526 5496//5496 5533//5533
f 5527//5527 5532//5532 5496//5496
f 5527//5527 5523//5523 5532//5532
f 5523//5523 5495//5495 5532//5532
f 5524//5524 5531//5531 5494//5494
f 5524//5524 5521//5521 5531//5531
f 5521//5521 5493//5493 5531//5531
f 5522//5522 5530//5530 5493//5493
f 5522//5522 5519//5519 5530//5530
f 5519//5519 5498//5498 5530//5530
f 5528//5528 5529//5529 5497//5497
f 5528//5528 5518//5518 5529//5529
f 5518//5518 5491//5491 5529//5529
f 5526//5526 5527//5527 5496//5496
f 5526//5526 5517//5517 5527//5527
f 5517//5517 5490//5490 5527//5527
f 5523//5523 5525//5525 5495//5495
f 5523//5523 5514//5514 5525//5525
f 5514//5514 5489//5489 5525//5525
f 5521//5521 5522//5522 5493//5493
f 5521//5521 5508//5508 5522//5522
f 5508//5508 5487//5487 5522//5522
f 5519//5519 5520//5520 5498//5498
f 5519//5519 5509//5509 5520//5520
f 5509//5509 5492//5492 5520//5520
f 5511//5511 5518//5518 5492//5492
f 5511//5511 5515//5515 5518//5518
f 5515//5515 5491//5491 5518//5518
f 5516//5516 5517//5517 5491//5491
f 5516//5516 5512//5512 5517//5517
f 5512//5512 5490//5490 5517//5517
f 5513//5513 5514//5514 5490//5490
f 5513//5513 5505//5505 5514//5514
f 5505//5505 5489//5489 5514//5514
f 5509//5509 5510//5510 5492//5492
f 5509//5509 5507//5507 5510//5510
f 5507//5507 5483//5483 5510//5510
f 5504//5504 5508//5508 5488//5488
f 5504//5504 5506//5506 5508//5508
f 5506//5506 5487//5487 5508//5508
f 5545//5545 5569//5569 5567//5567
f 5550//5550 5570//5570 5572//5572
f 5549//5549 5568//5568 5576//5576
f 5548//5548 5575//5575 5579//5579
f 5547//5547 5578//5578 5574//5574
f 5550//5550 5572//5572 5582//5582
f 5551//5551 5571//5571 5584//5584
f 5553//5553 5577//5577 5586//5586
f 5554//5554 5580//5580 5589//5589
f 5555//5555 5581//5581 5591//5591
f 5550//5550 5582//5582 5585//5585
f 5551//5551 5584//5584 5587//5587
f 5553//5553 5586//5586 5590//5590
f 5554//5554 5589//5589 5592//5592
f 5555//5555 5591//5591 5583//5583
f 5556//5556 5593//5593 5599//5599
f 5557//5557 5594//5594 5602//5602
f 5559//5559 5595//5595 5605//5605
f 5560//5560 5596//5596 5607//5607
f 5561//5561 5597//5597 5601//5601
f 5601//5601 5606//5606 5564//5564
f 5601//5601 5597//5597 5606//5606
f 5597//5597 5560//5560 5606//5606
f 5607//5607 5604//5604 5565//5565
f 5607//5607 5596//5596 5604//5604
f 5596//5596 5559//5559 5604//5604
f 5605//5605 5603//5603 5566//5566
f 5605//5605 5595//5595 5603//5603
f 5595//5595 5558//5558 5603//5603
f 5602//5602 5598//5598 5562//5562
f 5602//5602 5594//5594 5598//5598
f 5594//5594 5556//5556 5598//5598
f 5599//5599 5600//5600 5563//5563
f 5599//5599 5593//5593 5600//5600
f 5593//5593 5561//5561 5600//5600
f 5583//5583 5597//5597 5561//5561
f 5583//5583 5591//5591 5597//5597
f 5591//5591 5560//5560 5597//5597
f 5592//5592 5596//5596 5560//5560
f 5592//5592 5589//5589 5596//5596
f 5589//5589 5559//5559 5596//5596
f 5590//5590 5595//5595 5559//5559
f 5590//5590 5586//5586 5595//5595
f 5586//5586 5558//5558 5595//5595
f 5587//5587 5594//5594 5557//5557
f 5587//5587 5584//5584 5594//5594
f 5584//5584 5556//5556 5594//5594
f 5585//5585 5593//5593 5556//5556
f 5585//5585 5582//5582 5593//5593
f 5582//5582 5561//5561 5593//5593
f 5591//5591 5592//5592 5560//5560
f 5591//5591 5581//5581 5592//5592
f 5581//5581 5554//5554 5592//5592
f 5589//5589 5590//5590 5559//5559
f 5589//5589 5580//5580 5590//5590
f 5580//5580 5553//5553 5590//5590
f 5586//5586 5588//5588 5558//5558
f 5586//5586 5577//5577 5588//5588
f 5577//5577 5552//5552 5588//5588
f 5584//5584 5585//5585 5556//5556
f 5584//5584 5571//5571 5585//5585
f 5571//5571 5550//5550 5585//5585
f 5582//5582 5583//5583 5561//5561
f 5582//5582 5572//5572 5583//5583
f 5572//5572 5555//5555 5583//5583
f 5574//5574 5581//5581 5555//5555
f 5574//5574 5578//5578 5581//5581
f 5578//5578 5554//5554 5581//5581
f 5579//5579 5580//5580 5554//5554
f 5579//5579 5575//5575 5580//5580
f 5575//5575 5553//5553 5580//5580
f 5576//5576 5577//5577 5553//5553
f 5576//5576 5568//5568 5577//5577
f 5568//5568 5552//5552 5577//5577
f 5572//5572 5573//5573 5555//5555
f 5572//5572 5570//5570 5573//5573
f 5570//5570 5546//5546 5573//5573
f 5567//5567 5571//5571 5551//5551
f 5567//5567 5569//5569 5571//5571
f 5569//5569 5550//5550 5571//5571
f 5608//5608 5632//5632 5630//5630
f 5613//5613 5633//5633 5635//5635
f 5612//5612 5631//5631 5639//5639
f 5611//5611 5638//5638 5642//5642
f 5610//5610 5641//5641 5637//5637
f 5613//5613 5635//5635 5645//5645
f 5614//5614 5634//5634 5647//5647
f 5616//5616 5640//5640 5649//5649
f 5617//5617 5643//5643 5652//5652
f 5618//5618 5644//5644 5654//5654
f 5613//5613 5645//5645 5648//5648
f 5614//5614 5647//5647 5650//5650
f 5616//5616 5649//5649 5653//5653
f 5617//5617 5652//5652 5655//5655
f 5618//5618 5654//5654 5646//5646
f 5619//5619 5656//5656 5662//5662
f 5620//5620 5657//5657 5665//5665
f 5622//5622 5658//5658 5668//5668
f 5623//5623 5659//5659 5670//5670
f 5624//5624 5660//5660 5664//5664
f 5664//5664 5669//5669 5627//5627
f 5664//5664 5660//5660 5669//5669
f 5660//5660 5623//5623 5669//5669
f 5670//5670 5667//5667 5628//5628
f 5670//5670 5659//5659 5667//5667
f 5659//5659 5622//5622 5667//5667
f 5668//5668 5666//5666 5629//5629
f 5668//5668 5658//5658 5666//5666
f 5658//5658 5621//5621 5666//5666
f 5665//5665 5661//5661 5625//5625
f 5665//5665 5657//5657 5661//5661
f 5657//5657 5619//5619 5661//5661
f 5662//5662 5663//5663 5626//5626
f 5662//5662 5656//5656 5663//5663
f 5656//5656 5624//5624 5663//5663
f 5646//5646 5660//5660 5624//5624
f 5646//5646 5654//5654 5660//5660
f 5654//5654 5623//5623 5660//5660
f 5655//5655 5659//5659 5623//5623
f 5655//5655 5652//5652 5659//5659
f 5652//5652 5622//5622 5659//5659
f 5653//5653 5658//5658 5622//5622
f 5653//5653 5649//5649 5658//5658
f 5649//5649 5621//5621 5658//5658
f 5650//5650 5657//5657 5620//5620
f 5650//5650 5647//5647 5657//5657
f 5647//5647 5619//5619 5657//5657
f 5648//5648 5656//5656 5619//5619
f 5648//5648 5645//5645 5656//5656
f 5645//5645 5624//5624 5656//5656
f 5654//5654 5655//5655 5623//5623
f 5654//5654 5644//5644 5655//5655
f 5644//5644 5617//5617 5655//5655
f 5652//5652 5653//5653 5622//5622
f 5652//5652 5643//5643 5653//5653
f 5643//5643 5616//5616 5653//5653
f 5649//5649 5651//5651 5621//5621
f 5649//5649 5640//5640 5651//5651
f 5640//5640 5615//5615 5651//5651
f 5647//5647 5648//5648 5619//5619
f 5647//5647 5634//5634 5648//5648
f 5634//5634 5613//5613 5648//5648
f 5645//5645 5646//5646 5624//5624
f 5645//5645 5635//5635 5646//5646
f 5635//5635 5618//5618 5646//5646
f 5637//5637 5644//5644 5618//5618
f 5637//5637 5641//5641 5644//5644
f 5641//5641 5617//5617 5644//5644
f 5642//5642 5643//5643 5617//5617
f 5642//5642 5638//5638 5643//5643
f 5638//5638 5616//5616 5643//5643
f 5639//5639 5640//5640 5616//5616
f 5639//5639 5631//5631 5640//5640
f 5631//5631 5615//5615 5640//5640
f 5635//5635 5636//5636 5618//5618
f 5635//5635 5633//5633 5636//5636
f 5633//5633 5609//5609 5636//5636
f 5630//5630 5634//5634 5614//5614
f 5630//5630 5632//5632 5634//5634
f 5632//5632 5613//5613 5634//5634
f 5671//5671 5695//5695 5693//5693
f 5676//5676 5696//5696 5698//5698
f 5675//5675 5694//5694 5702//5702
f 5674//5674 5701//5701 5705//5705
f 5673//5673 5704//5704 5700//5700
f 5676//5676 5698//5698 5708//5708
f 5677//5677 5697//5697 5710//5710
f 5679//5679 5703//5703 5712//5712
f 5680//5680 5706//5706 5715//5715
f 5681//5681 5707//5707 5717//5717
f 5676//5676 5708//5708 5711//5711
f 5677//5677 5710//5710 5713//5713
f 5679//5679 5712//5712 5716//5716
f 5680//5680 5715//5715 5718//5718
f 5681//5681 5717//5717 5709//5709
f 5682//5682 5719//5719 5725//5725
f 5683//5683 5720//5720 5728//5728
f 5685//5685 5721//5721 5731//5731
f 5686//5686 5722//5722 5733//5733
f 5687//5687 5723//5723 5727//5727
f 5727//5727 5732//5732 5690//5690
f 5727//5727 5723//5723 5732//5732
f 5723//5723 5686//5686 5732//5732
f 5733//5733 5730//5730 5691//5691
f 5733//5733 5722//5722 5730//5730
f 5722//5722 5685//5685 5730//5730
f 5731//5731 5729//5729 5692//5692
f 5731//5731 5721//5721 5729//5729
f 5721//5721 5684//5684 5729//5729
f 5728//5728 5724//5724 5688//5688
f 5728//5728 5720//5720 5724//5724
f 5720//5720 5682//5682 5724//5724
f 5725//5725 5726//5726 5689//5689
f 5725//5725 5719//5719 5726//5726
f 5719//5719 5687//5687 5726//5726
f 5709//5709 5723//5723 5687//5687
f 5709//5709 5717//5717 5723//5723
f 5717//5717 5686//5686 5723//5723
f 5718//5718 5722//5722 5686//5686
f 5718//5718 5715//5715 5722//5722
f 5715//5715 5685//5685 5722//5722
f 5716//5716 5721//5721 5685//5685
f 5716//5716 5712//5712 5721//5721
f 5712//5712 5684//5684 5721//5721
f 5713//5713 5720//5720 5683//5683
f 5713//5713 5710//5710 5720//5720
f 5710//5710 5682//5682 5720//5720
f 5711//5711 5719//5719 5682//5682
f 5711//5711 5708//5708 5719//5719
f 5708//5708 5687//5687 5719//5719
f 5717//5717 5718//5718 5686//5686
f 5717//5717 5707//5707 5718//5718
f 5707//5707 5680//5680 5718//5718
f 5715//5715 5716//5716 5685//5685
f 5715//5715 5706//5706 5716//5716
f 5706//5706 5679//5679 5716//5716
f 5712//5712 5714//5714 5684//5684
f 5712//5712 5703//5703 5714//5714
f 5703//5703 5678//5678 5714//5714
f 5710//5710 5711//5711 5682//5682
f 5710//5710 5697//5697 5711//5711
f 5697//5697 5676//5676 5711//5711
f 5708//5708 5709//5709 5687//5687
f 5708//5708 5698//5698 5709//5709
f 5698//5698 5681//5681 5709//5709
f 5700//5700 5707//5707 5681//5681
f 5700//5700 5704//5704 5707//5707
f 5704//5704 5680//5680 5707//5707
f 5705//5705 5706//5706 5680//5680
f 5705//5705 5701//5701 5706//5706
f 5701//5701 5679//5679 5706//5706
f 5702//5702 5703//5703 5679//5679
f 5702//5702 5694//5694 5703//5703
f 5694//5694 5678//5678 5703//5703
f 5698//5698 5699//5699 5681//5681
f 5698//5698 5696//5696 5699//5699
f 5696//5696 5672//5672 5699//5699
f 5693//5693 5697//5697 5677//5677
f 5693//5693 5695//5695 5697//5697
f 5695//5695 5676//5676 5697//5697
f 5734//5734 5758//5758 5756//5756
f 5739//5739 5759//5759 5761//5761
f 5738//5738 5757//5757 5765//5765
f 5737//5737 5764//5764 5768//5768
f 5736//5736 5767//5767 5763//5763
f 5739//5739 5761//5761 5771//5771
f 5740//5740 5760//5760 5773//5773
f 5742//5742 5766//5766 5775//5775
f 5743//5743 5769//5769 5778//5778
f 5744//5744 5770//5770 5780//5780
f 5739//5739 5771//5771 5774//5774
f 5740//5740 5773//5773 5776//5776
f 5742//5742 5775//5775 5779//5779
f 5743//5743 5778//5778 5781//5781
f 5744//5744 5780//5780 5772//5772
f 5745//5745 5782//5782 5788//5788
f 5746//5746 5783//5783 5791//5791
f 5748//5748 5784//5784 5794//5794
f 5749//5749 5785//5785 5796//5796
f 5750//5750 5786//5786 5790//5790
f 5790//5790 5795//5795 5753//5753
f 5790//5790 5786//5786 5795//5795
f 5786//5786 5749//5749 5795//5795
f 5796//5796 5793//5793 5754//5754
f 5796//5796 5785//5785 5793//5793
f 5785//5785 5748//5748 5793//5793
f 5794//5794 5792//5792 5755//5755
f 5794//5794 5784//5784 5792//5792
f 5784//5784 5747//5747 5792//5792
f 5791//5791 5787//5787 5751//5751
f 5791//5791 5783//5783 5787//5787
f 5783//5783 5745//5745 5787//5787
f 5788//5788 5789//5789 5752//5752
f 5788//5788 5782//5782 5789//5789
f 5782//5782 5750//5750 5789//5789
f 5772//5772 5786//5786 5750//5750
f 5772//5772 5780//5780 5786//5786
f 5780//5780 5749//5749 5786//5786
f 5781//5781 5785//5785 5749//5749
f 5781//5781 5778//5778 5785//5785
f 5778//5778 5748//5748 5785//5785
f 5779//5779 5784//5784 5748//5748
f 5779//5779 5775//5775 5784//5784
f 5775//5775 5747//5747 5784//5784
f 5776//5776 5783//5783 5746//5746
f 5776//5776 5773//5773 5783//5783
f 5773//5773 5745//5745 5783//5783
f 5774//5774 5782//5782 5745//5745
f 5774//5774 5771//5771 5782//5782
f 5771//5771 5750//5750 5782//5782
f 5780//5780 5781//5781 5749//5749
f 5780//5780 5770//5770 5781//5781
f 5770//5770 5743//5743 5781//5781
f 5778//5778 5779//5779 5748//5748
f 5778//5778 5769//5769 5779//5779
f 5769//5769 5742//5742 5779//5779
f 5775//5775 5777//5777 5747//5747
f 5775//5775 5766//5766 5777//5777
f 5766//5766 5741//5741 5777//5777
f 5773//5773 5774//5774 5745//5745
f 5773//5773 5760//5760 5774//5774
f 5760//5760 5739//5739 5774//5774
f 5771//5771 5772//5772 5750//5750
f 5771//5771 5761//5761 5772//5772
f 5761//5761 5744//5744 5772//5772
f 5763//5763 5770//5770 5744//5744
f 5763//5763 5767//5767 5770//5770
f 5767//5767 5743//5743 5770//5770
f 5768//5768 5769//5769 5743//5743
f 5768//5768 5764//5764 5769//5769
f 5764//5764 5742//5742 5769//5769
f 5765//5765 5766//5766 5742//5742
f 5765//5765 5757//5757 5766//5766
f 5757//5757 5741//5741 5766//5766
f 5761//5761 5762//5762 5744//5744
f 5761//5761 5759//5759 5762//5762
f 5759//5759 5735//5735 5762//5762
f 5756//5756 5760//5760 5740//5740
f 5756//5756 5758//5758 5760//5760
f 5758//5758 5739//5739 5760//5760
f 5797//5797 5821//5821 5819//5819
f 5802//5802 5822//5822 5824//5824
f 5801//5801 5820//5820 5828//5828
f 5800//5800 5827//5827 5831//5831
f 5799//5799 5830//5830 5826//5826
f 5802//5802 5824//5824 5834//5834
f 5803//5803 5823//5823 5836//5836
f 5805//5805 5829//5829 5838//5838
f 5806//5806 5832//5832 5841//5841
f 5807//5807 5833//5833 5843//5843
f 5802//5802 5834//5834 5837//5837
f 5803//5803 5836//5836 5839//5839
f 5805//5805 5838//5838 5842//5842
f 5806//5806 5841//5841 5844//5844
f 5807//5807 5843//5843 5835//5835
f 5808//5808 5845//5845 5851//5851
f 5809//5809 5846//5846 5854//5854
f 5811//5811 5847//5847 5857//5857
f 5812//5812 5848//5848 5859//5859
f 5813//5813 5849//5849 5853//5853
f 5853//5853 5858//5858 5816//5816
f 5853//5853 5849//5849 5858//5858
f 5849//5849 5812//5812 5858//5858
f 5859//5859 5856//5856 5817//5817
f 5859//5859 5848//5848 5856//5856
f 5848//5848 5811//5811 5856//5856
f 5857//5857 5855//5855 5818//5818
f 5857//5857 5847//5847 5855//5855
f 5847//5847 5810//5810 5855//5855
f 5854//5854 5850//5850 5814//5814
f 5854//5854 5846//5846 5850//5850
f 5846//5846 5808//5808 5850//5850
f 5851//5851 5852//5852 5815//5815
f 5851//5851 5845//5845 5852//5852
f 5845//5845 5813//5813 5852//5852
f 5835//5835 5849//5849 5813//5813
f 5835//5835 5843//5843 5849//5849
f 5843//5843 5812//5812 5849//5849
f 5844//5844 5848//5848 5812//5812
f 5844//5844 5841//5841 5848//5848
f 5841//5841 5811//5811 5848//5848
f 5842//5842 5847//5847 5811//5811
f 5842//5842 5838//5838 5847//5847
f 5838//5838 5810//5810 5847//5847
f 5839//5839 5846//5846 5809//5809
f 5839//5839 5836//5836 5846//5846
f 5836//5836 5808//5808 5846//5846
f 5837//5837 5845//5845 5808//5808
f 5837//5837 5834//5834 5845//5845
f 5834//5834 5813//5813 5845//5845
f 5843//5843 5844//5844 5812//5812
f 5843//5843 5833//5833 5844//5844
f 5833//5833 5806//5806 5844//5844
f 5841//5841 5842//5842 5811//5811
f 5841//5841 5832//5832 5842//5842
f 5832//5832 5805//5805 5842//5842
f 5838//5838 5840//5840 5810//5810
f 5838//5838 5829//5829 5840//5840
f 5829//5829 5804//5804 5840//5840
f 5836//5836 5837//5837 5808//5808
f 5836//5836 5823//5823 5837//5837
f 5823//5823 5802//5802 5837//5837
f 5834//5834 5835//5835 5813//5813
f 5834//5834 5824//5824 5835//5835
f 5824//5824 5807//5807 5835//5835
f 5826//5826 5833//5833 5807//5807
f 5826//5826 5830//5830 5833//5833
f 5830//5830 5806//5806 5833//5833
f 5831//5831 5832//5832 5806//5806
f 5831//5831 5827//5827 5832//5832
f 5827//5827 5805//5805 5832//5832
f 5828//5828 5829//5829 5805//5805
f 5828//5828 5820//5820 5829//5829
f 5820//5820 5804//5804 5829//5829
f 5824//5824 5825//5825 5807//5807
f 5824//5824 5822//5822 5825//5825
f 5822//5822 5798//5798 5825//5825
f 5819//5819 5823//5823 5803//5803
f 5819//5819 5821//5821 5823//5823
f 5821//5821 5802//5802 5823//5823
f 5860//5860 5884//5884 5882//5882
f 5865//5865 5885//5885 5887//5887
f 5864//5864 5883//5883 5891//5891
f 5863//5863 5890//5890 5894//5894
f 5862//5862 5893//5893 5889//5889
f 5865//5865 5887//5887 5897//5897
f 5866//5866 5886//5886 5899//5899
f 5868//5868 5892//5892 5901//5901
f 5869//5869 5895//5895 5904//5904
f 5870//5870 5896//5896 5906//5906
f 5865//5865 5897//5897 5900//5900
f 5866//5866 5899//5899 5902//5902
f 5868//5868 5901//5901 5905//5905
f 5869//5869 5904//5904 5907//5907
f 5870//5870 5906//5906 5898//5898
f 5871//5871 5908//5908 5914//5914
f 5872//5872 5909//5909 5917//5917
f 5874//5874 5910//5910 5920//5920
f 5875//5875 5911//5911 5922//5922
f 5876//5876 5912//5912 5916//5916
f 5916//5916 5921//5921 5879//5879
f 5916//5916 5912//5912 5921//5921
f 5912//5912 5875//5875 5921//5921
f 5922//5922 5919//5919 5880//5880
f 5922//5922 5911//5911 5919//5919
f 5911//5911 5874//5874 5919//5919
f 5920//5920 5918//5918 5881//5881
f 5920//5920 5910//5910 5918//5918
f 5910//5910 5873//5873 5918//5918
f 5917//5917 5913//5913 5877//5877
f 5917//5917 5909//5909 5913//5913
f 5909//5909 5871//5871 5913//5913
f 5914//5914 5915//5915 5878//5878
f 5914//5914 5908//5908 5915//5915
f 5908//5908 5876//5876 5915//5915
f 5898//5898 5912//5912 5876//5876
f 5898//5898 5906//5906 5912//5912
f 5906//5906 5875//5875 5912//5912
f 5907//5907 5911//5911 5875//5875
f 5907//5907 5904//5904 5911//5911
f 5904//5904 5874//5874 5911//5911
f 5905//5905 5910//5910 5874//5874
f 5905//5905 5901//5901 5910//5910
f 5901//5901 5873//5873 5910//5910
f 5902//5902 5909//5909 5872//5872
f 5902//5902 5899//5899 5909//5909
f 5899//5899 5871//5871 5909//5909
f 5900//5900 5908//5908 5871//5871
f 5900//5900 5897//5897 5908//5908
f 5897//5897 5876//5876 5908//5908
f 5906//5906 5907//5907 5875//5875
f 5906//5906 5896//5896 5907//5907
f 5896//5896 5869//5869 5907//5907
f 5904//5904 5905//5905 5874//5874
f 5904//5904 5895//5895 5905//5905
f 5895//5895 5868//5868 5905//5905
f 5901//5901 5903//5903 5873//5873
f 5901//5901 5892//5892 5903//5903
f 5892//5892 5867//5867 5903//5903
f 5899//5899 5900//5900 5871//5871
f 5899//5899 5886//5886 5900//5900
f 5886//5886 5865//5865 5900//5900
f 5897//5897 5898//5898 5876//5876
f 5897//5897 5887//5887 5898//5898
f 5887//5887 5870//5870 5898//5898
f 5889//5889 5896//5896 5870//5870
f 5889//5889 5893//5893 5896//5896
f 5893//5893 5869//5869 5896//5896
f 5894//5894 5895//5895 5869//5869
f 5894//5894 5890//5890 5895//5895
f 5890//5890 5868//5868 5895//5895
f 5891//5891 5892//5892 5868//5868
f 5891//5891 5883//5883 5892//5892
f 5883//5883 5867//5867 5892//5892
f 5887//5887 5888//5888 5870//5870
f 5887//5887 5885//5885 5888//5888
f 5885//5885 5861//5861 5888//5888
f 5882//5882 5886//5886 5866//5866
f 5882//5882 5884//5884 5886//5886
f 5884//5884 5865//5865 5886//5886
f 5923//5923 5947//5947 5945//5945
f 5928//5928 5948//5948 5950//5950
f 5927//5927 5946//5946 5954//5954
f 5926//5926 5953//5953 5957//5957
f 5925//5925 5956//5956 5952//5952
f 5928//5928 5950//5950 5960//5960
f 5929//5929 5949//5949 5962//5962
f 5931//5931 5955//5955 5964//5964
f 5932//5932 5958//5958 5967//5967
f 5933//5933 5959//5959 5969//5969
f 5928//5928 5960//5960 5963//5963
f 5929//5929 5962//5962 5965//5965
f 5931//5931 5964//5964 5968//5968
f 5932//5932 5967//5967 5970//5970
f 5933//5933 5969//5969 5961//5961
f 5934//5934 5971//5971 5977//5977
f 5935//5935 5972//5972 5980//5980
f 5937//5937 5973//5973 5983//5983
f 5938//5938 5974//5974 5985//5985
f 5939//5939 5975//5975 5979//5979
f 5979//5979 5984//5984 5942//5942
f 5979//5979 5975//5975 5984//5984
f 5975//5975 5938//5938 5984//5984
f 5985//5985 5982//5982 5943//5943
f 5985//5985 5974//5974 5982//5982
f 5974//5974 5937//5937 5982//5982
f 5983//5983 5981//5981 5944//5944
f 5983//5983 5973//5973 5981//5981
f 5973//5973 5936//5936 5981//5981
f 5980//5980 5976//5976 5940//5940
f 5980//5980 5972//5972 5976//5976
f 5972//5972 5934//5934 5976//5976
f 5977//5977 5978//5978 5941//5941
f 5977//5977 5971//5971 5978//5978
f 5971//5971 5939//5939 5978//5978
f 5961//5961 5975//5975 5939//5939
f 5961//5961 5969//5969 5975//5975
f 5969//5969 5938//5938 5975//5975
f 5970//5970 5974//5974 5938//5938
f 5970//5970 5967//5967 5974//5974
f 5967//5967 5937//5937 5974//5974
f 5968//5968 5973//5973 5937//5937
f 5968//5968 5964//5964 5973//5973
f 5964//5964 5936//5936 5973//5973
f 5965//5965 5972//5972 5935//5935
f 5965//5965 5962//5962 5972//5972
f 5962//5962 5934//5934 5972//5972
f 5963//5963 5971//5971 5934//5934
f 5963//5963 5960//5960 5971//5971
f 5960//5960 5939//5939 5971//5971
f 5969//5969 5970//5970 5938//5938
f 5969//5969 5959//5959 5970//5970
f 5959//5959 5932//5932 5970//5970
f 5967//5967 5968//5968 5937//5937
f 5967//5967 5958//5958 5968//5968
f 5958//5958 5931//5931 5968//5968
f 5964//5964 5966//5966 5936//5936
f 5964//5964 5955//5955 5966//5966
f 5955//5955 5930//5930 5966//5966
f 5962//5962 5963//5963 5934//5934
f 5962//5962 5949//5949 5963//5963
f 5949//5949 5928//5928 5963//5963
f 5960//5960 5961//5961 5939//5939
f 5960//5960 5950//5950 5961//5961
f 5950//5950 5933//5933 5961//5961
f 5952//5952 5959//5959 5933//5933
f 5952//5952 5956//5956 5959//5959
f 5956//5956 5932//5932 5959//5959
f 5957//5957 5958//5958 5932//5932
f 5957//5957 5953//5953 5958//5958
f 5953//5953 5931//5931 5958//5958
f 5954//5954 5955//5955 5931//5931
f 5954//5954 5946//5946 5955//5955
f 5946//5946 5930//5930 5955//5955
f 5950//5950 5951//5951 5933//5933
f 5950//5950 5948//5948 5951//5951
f 5948//5948 5924//5924 5951//5951
f 5945//5945 5949//5949 5929//5929
f 5945//5945 5947//5947 5949//5949
f 5947//5947 5928//5928 5949//5949
f 5986//5986 6010//6010 6008//6008
f 5991//5991 6011//6011 6013//6013
f 5990//5990 6009//6009 6017//6017
f 5989//5989 6016//6016 6020//6020
f 5988//5988 6019//6019 6015//6015
f 5991//5991 6013//6013 6023//6023
f 5992//5992 6012//6012 6025//6025
f 5994//5994 6018//6018 6027//6027
f 5995//5995 6021//6021 6030//6030
f 5996//5996 6022//6022 6032//6032
f 5991//5991 6023//6023 6026//6026
f 5992//5992 6025//6025 6028//6028
f 5994//5994 6027//6027 6031//6031
f 5995//5995 6030//6030 6033//6033
f 5996//5996 6032//6032 6024//6024
f 5997//5997 6034//6034 6040//6040
f 5998//5998 6035//6035 6043//6043
f 6000//6000 6036//6036 6046//6046
f 6001//6001 6037//6037 6048//6048
f 6002//6002 6038//6038 6042//6042
f 6042//6042 6047//6047 6005//6005
f 6042//6042 6038//6038 6047//6047
f 6038//6038 6001//6001 6047//6047
f 6048//6048 6045//6045 6006//6006
f 6048//6048 6037//6037 6045//6045
f 6037//6037 6000//6000 6045//6045
f 6046//6046 6044//6044 6007//6007
f 6046//6046 6036//6036 6044//6044
f 6036//6036 5999//5999 6044//6044
f 6043//6043 6039//6039 6003//6003
f 6043//6043 6035//6035 6039//6039
f 6035//6035 5997//5997 6039//6039
f 6040//6040 6041//6041 6004//6004
f 6040//6040 6034//6034 6041//6041
f 6034//6034 6002//6002 6041//6041
f 6024//6024 6038//6038 6002//6002
f 6024//6024 6032//6032 6038//6038
f 6032//6032 6001//6001 6038//6038
f 6033//6033 6037//6037 6001//6001
f 6033//6033 6030//6030 6037//6037
f 6030//6030 6000//6000 6037//6037
f 6031//6031 6036//6036 6000//6000
f 6031//6031 6027//6027 6036//6036
f 6027//6027 5999//5999 6036//6036
f 6028//6028 6035//6035 5998//5998
f 6028//6028 6025//6025 6035//6035
f 6025//6025 5997//5997 6035//6035
f 6026//6026 6034//6034 5997//5997
f 6026//6026 6023//6023 6034//6034
f 6023//6023 6002//6002 6034//6034
f 6032//6032 6033//6033 6001//6001
f 6032//6032 6022//6022 6033//6033
f 6022//6022 5995//5995 6033//6033
f 6030//6030 6031//6031 6000//6000
f 6030//6030 6021//6021 6031//6031
f 6021//6021 5994//5994 6031//6031
f 6027//6027 6029//6029 5999//5999
f 6027//6027 6018//6018 6029//6029
f 6018//6018 5993//5993 6029//6029
f 6025//6025 6026//6026 5997//5997
f 6025//6025 6012//6012 6026//6026
f 6012//6012 5991//5991 6026//6026
f 6023//6023 6024//6024 6002//6002
f 6023//6023 6013//6013 6024//6024
f 6013//6013 5996//5996 6024//6024
f 6015//6015 6022//6022 5996//5996
f 6015//6015 6019//6019 6022//6022
f 6019//6019 5995//5995 6022//6022
f 6020//6020 6021//6021 5995//5995
f 6020//6020 6016//6016 6021//6021
f 6016//6016 5994//5994 6021//6021
f 6017//6017 6018//6018 5994//5994
f 6017//6017 6009//6009 6018//6018
f 6009//6009 5993//5993 6018//6018
f 6013//6013 6014//6014 5996//5996
f 6013//6013 6011//6011 6014//6014
f 6011//6011 5987//5987 6014//6014
f 6008//6008 6012//6012 5992//5992
f 6008//6008 6010//6010 6012//6012
f 6010//6010 5991//5991 6012//6012
f 6049//6049 6073//6073 6071//6071
f 6054//6054 6074//6074 6076//6076
f 6053//6053 6072//6072 6080//6080
f 6052//6052 6079//6079 6083//6083
f 6051//6051 6082//6082 6078//6078
f 6054//6054 6076//6076 6086//6086
f 6055//6055 6075//6075 6088//6088
f 6057//6057 6081//6081 6090//6090
f 6058//6058 6084//6084 6093//6093
f 6059//6059 6085//6085 6095//6095
f 6054//6054 6086//6086 6089//6089
f 6055//6055 6088//6088 6091//6091
f 6057//6057 6090//6090 6094//6094
f 6058//6058 6093//6093 6096//6096
f 6059//6059 6095//6095 6087//6087
f 6060//6060 6097//6097 6103//6103
f 6061//6061 6098//6098 6106//6106
f 6063//6063 6099//6099 6109//6109
f 6064//6064 6100//6100 6111//6111
f 6065//6065 6101//6101 6105//6105
f 6105//6105 6110//6110 6068//6068
f 6105//6105 6101//6101 6110//6110
f 6101//6101 6064//6064 6110//6110
f 6111//6111 6108//6108 6069//6069
f 6111//6111 6100//6100 6108//6108
f 6100//6100 6063//6063 6108//6108
f 6109//6109 6107//6107 6070//6070
f 6109//6109 6099//6099 6107//6107
f 6099//6099 6062//6062 6107//6107
f 6106//6106 6102//6102 6066//6066
f 6106//6106 6098//6098 6102//6102
f 6098//6098 6060//6060 6102//6102
f 6103//6103 6104//6104 6067//6067
f 6103//6103 6097//6097 6104//6104
f 6097//6097 6065//6065 6104//6104
f 6087//6087 6101//6101 6065//6065
f 6087//6087 6095//6095 6101//6101
f 6095//6095 6064//6064 6101//6101
f 6096//6096 6100//6100 6064//6064
f 6096//6096 6093//6093 6100//6100
f 6093//6093 6063//6063 6100//6100
f 6094//6094 6099//6099 6063//6063
f 6094//6094 6090//6090 6099//6099
f 6090//6090 6062//6062 6099//6099
f 6091//6091 6098//6098 6061//6061
f 6091//6091 6088//6088 6098//6098
f 6088//6088 6060//6060 6098//6098
f 6089//6089 6097//6097 6060//6060
f 6089//6089 6086//6086 6097//6097
f 6086//6086 6065//6065 6097//6097
f 6095//6095 6096//6096 6064//6064
f 6095//6095 6085//6085 6096//6096
f 6085//6085 6058//6058 6096//6096
f 6093//6093 6094//6094 6063//6063
f 6093//6093 6084//6084 6094//6094
f 6084//6084 6057//6057 6094//6094
f 6090//6090 6092//6092 6062//6062
f 6090//6090 6081//6081 6092//6092
f 6081//6081 6056//6056 6092//6092
f 6088//6088 6089//6089 6060//6060
f 6088//6088 6075//6075 6089//6089
f 6075//6075 6054//6054 6089//6089
f 6086//6086 6087//6087 6065//6065
f 6086//6086 6076//6076 6087//6087
f 6076//6076 6059//6059 6087//6087
f 6078//6078 6085//6085 6059//6059
f 6078//6078 6082//6082 6085//6085
f 6082//6082 6058//6058 6085//6085
f 6083//6083 6084//6084 6058//6058
f 6083//6083 6079//6079 6084//6084
f 6079//6079 6057//6057 6084//6084
f 6080//6080 6081//6081 6057//6057
f 6080//6080 6072//6072 6081//6081
f 6072//6072 6056//6056 6081//6081
f 6076//6076 6077//6077 6059//6059
f 6076//6076 6074//6074 6077//6077
f 6074//6074 6050//6050 6077//6077
f 6071//6071 6075//6075 6055//6055
f 6071//6071 6073//6073 6075//6075
f 6073//6073 6054//6054 6075//6075
f 6112//6112 6136//6136 6134//6134
f 6117//6117 6137//6137 6139//6139
f 6116//6116 6135//6135 6143//6143
f 6115//6115 6142//6142 6146//6146
f 6114//6114 6145//6145 6141//6141
f 6117//6117 6139//6139 6149//6149
f 6118//6118 6138//6138 6151//6151
f 6120//6120 6144//6144 6153//6153
f 6121//6121 6147//6147 6156//6156
f 6122//6122 6148//6148 6158//6158
f 6117//6117 6149//6149 6152//6152
f 6118//6118 6151//6151 6154//6154
f 6120//6120 6153//6153 6157//6157
f 6121//6121 6156//6156 6159//6159
f 6122//6122 6158//6158 6150//6150
f 6123//6123 6160//6160 6166//6166
f 6124//6124 6161//6161 6169//6169
f 6126//6126 6162//6162 6172//6172
f 6127//6127 6163//6163 6174//6174
f 6128//6128 6164//6164 6168//6168
f 6168//6168 6173//6173 6131//6131
f 6168//6168 6164//6164 6173//6173
f 6164//6164 6127//6127 6173//6173
f 6174//6174 6171//6171 6132//6132
f 6174//6174 6163//6163 6171//6171
f 6163//6163 6126//6126 6171//6171
f 6172//6172 6170//6170 6133//6133
f 6172//6172 6162//6162 6170//6170
f 6162//6162 6125//6125 6170//6170
f 6169//6169 6165//6165 6129//6129
f 6169//6169 6161//6161 6165//6165
f 6161//6161 6123//6123 6165//6165
f 6166//6166 6167//6167 6130//6130
f 6166//6166 6160//6160 6167//6167
f 6160//6160 6128//6128 6167//6167
f 6150//6150 6164//6164 6128//6128
f 6150//6150 6158//6158 6164//6164
f 6158//6158 6127//6127 6164//6164
f 6159//6159 6163//6163 6127//6127
f 6159//6159 6156//6156 6163//6163
f 6156//6156 6126//6126 6163//6163
f 6157//6157 6162//6162 6126//6126
f 6157//6157 6153//6153 6162//6162
f 6153//6153 6125//6125 6162//6162
f 6154//6154 6161//6161 6124//6124
f 6154//6154 6151//6151 6161//6161
f 6151//6151 6123//6123 6161//6161
f 6152//6152 6160//6160 6123//6123
f 6152//6152 6149//6149 6160//6160
f 6149//6149 6128//6128 6160//6160
f 6158//6158 6159//6159 6127//6127
f 6158//6158 6148//6148 6159//6159
f 6148//6148 6121//6121 6159//6159
f 6156//6156 6157//6157 6126//6126
f 6156//6156 6147//6147 6157//6157
f 6147//6147 6120//6120 6157//6157
f 6153//6153 6155//6155 6125//6125
f 6153//6153 6144//6144 6155//6155
f 6144//6144 6119//6119 6155//6155
f 6151//6151 6152//6152 6123//6123
f 6151//6151 6138//6138 6152//6152
f 6138//6138 6117//6117 6152//6152
f 6149//6149 6150//6150 6128//6128
f 6149//6149 6139//6139 6150//6150
f 6139//6139 6122//6122 6150//6150
f 6141//6141 6148//6148 6122//6122
f 6141//6141 6145//6145 6148//6148
f 6145//6145 6121//6121 6148//6148
f 6146//6146 6147//6147 6121//6121
f 6146//6146 6142//6142 6147//6147
f 6142//6142 6120//6120 6147//6147
f 6143//6143 6144//6144 6120//6120
f 6143//6143 6135//6135 6144//6144
f 6135//6135 6119//6119 6144//6144
f 6139//6139 6140//6140 6122//6122
f 6139//6139 6137//6137 6140//6140
f 6137//6137 6113//6113 6140//6140
f 6134//6134 6138//6138 6118//6118
f 6134//6134 6136//6136 6138//6138
f 6136//6136 6117//6117 6138//6138
f 6175//6175 6199//6199 6197//6197
f 6180//6180 6200//6200 6202//6202
f 6179//6179 6198//6198 6206//6206
f 6178//6178 6205//6205 6209//6209
f 6177//6177 6208//6208 6204//6204
f 6180//6180 6202//6202 6212//6212
f 6181//6181 6201//6201 6214//6214
f 6183//6183 6207//6207 6216//6216
f 6184//6184 6210//6210 6219//6219
f 6185//6185 6211//6211 6221//6221
f 6180//6180 6212//6212 6215//6215
f 6181//6181 6214//6214 6217//6217
f 6183//6183 6216//6216 6220//6220
f 6184//6184 6219//6219 6222//6222
f 6185//6185 6221//6221 6213//6213
f 6186//6186 6223//6223 6229//6229
f 6187//6187 6224//6224 6232//6232
f 6189//6189 6225//6225 6235//6235
f 6190//6190 6226//6226 6237//6237
f 6191//6191 6227//6227 6231//6231
f 6231//6231 6236//6236 6194//6194
f 6231//6231 6227//6227 6236//6236
f 6227//6227 6190//6190 6236//6236
f 6237//6237 6234//6234 6195//6195
f 6237//6237 6226//6226 6234//6234
f 6226//6226 6189//6189 6234//6234
f 6235//6235 6233//6233 6196//6196
f 6235//6235 6225//6225 6233//6233
f 6225//6225 6188//6188 6233//6233
f 6232//6232 6228//6228 6192//6192
f 6232//6232 6224//6224 6228//6228
f 6224//6224 6186//6186 6228//6228
f 6229//6229 6230//6230 6193//6193
f 6229//6229 6223//6223 6230//6230
f 6223//6223 6191//6191 6230//6230
f 6213//6213 6227//6227 6191//6191
f 6213//6213 6221//6221 6227//6227
f 6221//6221 6190//6190 6227//6227
f 6222//6222 6226//6226 6190//6190
f 6222//6222 6219//6219 6226//6226
f 6219//6219 6189//6189 6226//6226
f 6220//6220 6225//6225 6189//6189
f 6220//6220 6216//6216 6225//6225
f 6216//6216 6188//6188 6225//6225
f 6217//6217 6224//6224 6187//6187
f 6217//6217 6214//6214 6224//6224
f 6214//6214 6186//6186 6224//6224
f 6215//6215 6223//6223 6186//6186
f 6215//6215 6212//6212 6223//6223
f 6212//6212 6191//6191 6223//6223
f 6221//6221 6222//6222 6190//6190
f 6221//6221 6211//6211 6222//6222
f 6211//6211 6184//6184 6222//6222
f 6219//6219 6220//6220 6189//6189
f 6219//6219 6210//6210 6220//6220
f 6210//6210 6183//6183 6220//6220
f 6216//6216 6218//6218 6188//6188
f 6216//6216 6207//6207 6218//6218
f 6207//6207 6182//6182 6218//6218
f 6214//6214 6215//6215 6186//6186
f 6214//6214 6201//6201 6215//6215
f 6201//6201 6180//6180 6215//6215
f 6212//6212 6213//6213 6191//6191
f 6212//6212 6202//6202 6213//6213
f 6202//6202 6185//6185 6213//6213
f 6204//6204 6211//6211 6185//6185
f 6204//6204 6208//6208 6211//6211
f 6208//6208 6184//6184 6211//6211
f 6209//6209 6210//6210 6184//6184
f 6209//6209 6205//6205 6210//6210
f 6205//6205 6183//6183 6210//6210
f 6206//6206 6207//6207 6183//6183
f 6206//6206 6198//6198 6207//6207
f 6198//6198 6182//6182 6207//6207
f 6202//6202 6203//6203 6185//6185
f 6202//6202 6200//6200 6203//6203
f 6200//6200 6176//6176 6203//6203
f 6197//6197 6201//6201 6181//6181
f 6197//6197 6199//6199 6201//6201
f 6199//6199 6180//6180 6201//6201
f 6238//6238 6262//6262 6260//6260
f 6243//6243 6263//6263 6265//6265
f 6242//6242 6261//6261 6269//6269
f 6241//6241 6268//6268 6272//6272
f 6240//6240 6271//6271 6267//6267
f 6243//6243 6265//6265 6275//6275
f 6244//6244 6264//6264 6277//6277
f 6246//6246 6270//6270 6279//6279
f 6247//6247 6273//6273 6282//6282
f 6248//6248 6274//6274 6284//6284
f 6243//6243 6275//6275 6278//6278
f 6244//6244 6277//6277 6280//6280
f 6246//6246 6279//6279 6283//6283
f 6247//6247 6282//6282 6285//6285
f 6248//6248 6284//6284 6276//6276
f 6249//6249 6286//6286 6292//6292
f 6250//6250 6287//6287 6295//6295
f 6252//6252 6288//6288 6298//6298
f 6253//6253 6289//6289 6300//6300
f 6254//6254 6290//6290 6294//6294
f 6294//6294 6299//6299 6257//6257
f 6294//6294 6290//6290 6299//6299
f 6290//6290 6253//6253 6299//6299
f 6300//6300 6297//6297 6258//6258
f 6300//6300 6289//6289 6297//6297
f 6289//6289 6252//6252 6297//6297
f 6298//6298 6296//6296 6259//6259
f 6298//6298 6288//6288 6296//6296
f 6288//6288 6251//6251 6296//6296
f 6295//6295 6291//6291 6255//6255
f 6295//6295 6287//6287 6291//6291
f 6287//6287 6249//6249 6291//6291
f 6292//6292 6293//6293 6256//6256
f 6292//6292 6286//6286 6293//6293
f 6286//6286 6254//6254 6293//6293
f 6276//6276 6290//6290 6254//6254
f 6276//6276 6284//6284 6290//6290
f 6284//6284 6253//6253 6290//6290
f 6285//6285 6289//6289 6253//6253
f 6285//6285 6282//6282 6289//6289
f 6282//6282 6252//6252 6289//6289
f 6283//6283 6288//6288 6252//6252
f 6283//6283 6279//6279 6288//6288
f 6279//6279 6251//6251 6288//6288
f 6280//6280 6287//6287 6250//6250
f 6280//6280 6277//6277 6287//6287
f 6277//6277 6249//6249 6287//6287
f 6278//6278 6286//6286 6249//6249
f 6278//6278 6275//6275 6286//6286
f 6275//6275 6254//6254 6286//6286
f 6284//6284 6285//6285 6253//6253
f 6284//6284 6274//6274 6285//6285
f 6274//6274 6247//6247 6285//6285
f 6282//6282 6283//6283 6252//6252
f 6282//6282 6273//6273 6283//6283
f 6273//6273 6246//6246 6283//6283
f 6279//6279 6281//6281 6251//6251
f 6279//6279 6270//6270 6281//6281
f 6270//6270 6245//6245 6281//6281
f 6277//6277 6278//6278 6249//6249
f 6277//6277 6264//6264 6278//6278
f 6264//6264 6243//6243 6278//6278
f 6275//6275 6276//6276 6254//6254
f 6275//6275 6265//6265 6276//6276
f 6265//6265 6248//6248 6276//6276
f 6267//6267 6274//6274 6248//6248
f 6267//6267 6271//6271 6274//6274
f 6271//6271 6247//6247 6274//6274
f 6272//6272 6273//6273 6247//6247
f 6272//6272 6268//6268 6273//6273
f 6268//6268 6246//6246 6273//6273
f 6269//6269 6270//6270 6246//6246
f 6269//6269 6261//6261 6270//6270
f 6261//6261 6245//6245 6270//6270
f 6265//6265 6266//6266 6248//6248
f 6265//6265 6263//6263 6266//6266
f 6263//6263 6239//6239 6266//6266
f 6260//6260 6264//6264 6244//6244
f 6260//6260 6262//6262 6264//6264
f 6262//6262 6243//6243 6264//6264
f 6301//6301 6325//6325 6323//6323
f 6306//6306 6326//6326 6328//6328
f 6305//6305 6324//6324 6332//6332
f 6304//6304 6331//6331 6335//6335
f 6303//6303 6334//6334 6330//6330
f 6306//6306 6328//6328 6338//6338
f 6307//6307 6327//6327 6340//6340
f 6309//6309 6333//6333 6342//6342
f 6310//6310 6336//6336 6345//6345
f 6311//6311 6337//6337 6347//6347
f 6306//6306 6338//6338 6341//6341
f 6307//6307 6340//6340 6343//6343
f 6309//6309 6342//6342 6346//6346
f 6310//6310 6345//6345 6348//6348
f 6311//6311 6347//6347 6339//6339
f 6312//6312 6349//6349 6355//6355
f 6313//6313 6350//6350 6358//6358
f 6315//6315 6351//6351 6361//6361
f 6316//6316 6352//6352 6363//6363
f 6317//6317 6353//6353 6357//6357
f 6357//6357 6362//6362 6320//6320
f 6357//6357 6353//6353 6362//6362
f 6353//6353 6316//6316 6362//6362
f 6363//6363 6360//6360 6321//6321
f 6363//6363 6352//6352 6360//6360
f 6352//6352 6315//6315 6360//6360
f 6361//6361 6359//6359 6322//6322
f 6361//6361 6351//6351 6359//6359
f 6351//6351 6314//6314 6359//6359
f 6358//6358 6354//6354 6318//6318
f 6358//6358 6350//6350 6354//6354
f 6350//6350 6312//6312 6354//6354
f 6355//6355 6356//6356 6319//6319
f 6355//6355 6349//6349 6356//6356
f 6349//6349 6317//6317 6356//6356
f 6339//6339 6353//6353 6317//6317
f 6339//6339 6347//6347 6353//6353
f 6347//6347 6316//6316 6353//6353
f 6348//6348 6352//6352 6316//6316
f 6348//6348 6345//6345 6352//6352
f 6345//6345 6315//6315 6352//6352
f 6346//6346 6351//6351 6315//6315
f 6346//6346 6342//6342 6351//6351
f 6342//6342 6314//6314 6351//6351
f 6343//6343 6350//6350 6313//6313
f 6343//6343 6340//6340 6350//6350
f 6340//6340 6312//6312 6350//6350
f 6341//6341 6349//6349 6312//6312
f 6341//6341 6338//6338 6349//6349
f 6338//6338 6317//6317 6349//6349
f 6347//6347 6348//6348 6316//6316
f 6347//6347 6337//6337 6348//6348
f 6337//6337 6310//6310 6348//6348
f 6345//6345 6346//6346 6315//6315
f 6345//6345 6336//6336 6346//6346
f 6336//6336 6309//6309 6346//6346
f 6342//6342 6344//6344 6314//6314
f 6342//6342 6333//6333 6344//6344
f 6333//6333 6308//6308 6344//6344
f 6340//6340 6341//6341 6312//6312
f 6340//6340 6327//6327 6341//6341
f 6327//6327 6306//6306 6341//6341
f 6338//6338 6339//6339 6317//6317
f 6338//6338 6328//6328 6339//6339
f 6328//6328 6311//6311 6339//6339
f 6330//6330 6337//6337 6311//6311
f 6330//6330 6334//6334 6337//6337
f 6334//6334 6310//6310 6337//6337
f 6335//6335 6336//6336 6310//6310
f 6335//6335 6331//6331 6336//6336
f 6331//6331 6309//6309 6336//6336
f 6332//6332 6333//6333 6309//6309
f 6332//6332 6324//6324 6333//6333
f 6324//6324 6308//6308 6333//6333
f 6328//6328 6329//6329 6311//6311
f 6328//6328 6326//6326 6329//6329
f 6326//6326 6302//6302 6329//6329
f 6323//6323 6327//6327 6307//6307
f 6323//6323 6325//6325 6327//6327
f 6325//6325 6306//6306 6327//6327
f 6364//6364 6388//6388 6386//6386
f 6369//6369 6389//6389 6391//6391
f 6368//6368 6387//6387 6395//6395
f 6367//6367 6394//6394 6398//6398
f 6366//6366 6397//6397 6393//6393
f 6369//6369 6391//6391 6401//6401
f 6370//6370 6390//6390 6403//6403
f 6372//6372 6396//6396 6405//6405
f 6373//6373 6399//6399 6408//6408
f 6374//6374 6400//6400 6410//6410
f 6369//6369 6401//6401 6404//6404
f 6370//6370 6403//6403 6406//6406
f 6372//6372 6405//6405 6409//6409
f 6373//6373 6408//6408 6411//6411
f 6374//6374 6410//6410 6402//6402
f 6375//6375 6412//6412 6418//6418
f 6376//6376 6413//6413 6421//6421
f 6378//6378 6414//6414 6424//6424
f 6379//6379 6415//6415 6426//6426
f 6380//6380 6416//6416 6420//6420
f 6420//6420 6425//6425 6383//6383
f 6420//6420 6416//6416 6425//6425
f 6416//6416 6379//6379 6425//6425
f 6426//6426 6423//6423 6384//6384
f 6426//6426 6415//6415 6423//6423
f 6415//6415 6378//6378 6423//6423
f 6424//6424 6422//6422 6385//6385
f 6424//6424 6414//6414 6422//6422
f 6414//6414 6377//6377 6422//6422
f 6421//6421 6417//6417 6381//6381
f 6421//6421 6413//6413 6417//6417
f 6413//6413 6375//6375 6417//6417
f 6418//6418 6419//6419 6382//6382
f 6418//6418 6412//6412 6419//6419
f 6412//6412 6380//6380 6419//6419
f 6402//6402 6416//6416 6380//6380
f 6402//6402 6410//6410 6416//6416
f 6410//6410 6379//6379 6416//6416
f 6411//6411 6415//6415 6379//6379
f 6411//6411 6408//6408 6415//6415
f 6408//6408 6378//6378 6415//6415
f 6409//6409 6414//6414 6378//6378
f 6409//6409 6405//6405 6414//6414
f 6405//6405 6377//6377 6414//6414
f 6406//6406 6413//6413 6376//6376
f 6406//6406 6403//6403 6413//6413
f 6403//6403 6375//6375 6413//6413
f 6404//6404 6412//6412 6375//6375
f 6404//6404 6401//6401 6412//6412
f 6401//6401 6380//6380 6412//6412
f 6410//6410 6411//6411 6379//6379
f 6410//6410 6400//6400 6411//6411
f 6400//6400 6373//6373 6411//6411
f 6408//6408 6409//6409 6378//6378
f 6408//6408 6399//6399 6409//6409
f 6399//6399 6372//6372 6409//6409
f 6405//6405 6407//6407 6377//6377
f 6405//6405 6396//6396 6407//6407
f 6396//6396 6371//6371 6407//6407
f 6403//6403 6404//6404 6375//6375
f 6403//6403 6390//6390 6404//6404
f 6390//6390 6369//6369 6404//6404
f 6401//6401 6402//6402 6380//6380
f 6401//6401 6391//6391 6402//6402
f 6391//6391 6374//6374 6402//6402
f 6393//6393 6400//6400 6374//6374
f 6393//6393 6397//6397 6400//6400
f 6397//6397 6373//6373 6400//6400
f 6398//6398 6399//6399 6373//6373
f 6398//6398 6394//6394 6399//6399
f 6394//6394 6372//6372 6399//6399
f 6395//6395 6396//6396 6372//6372
f 6395//6395 6387//6387 6396//6396
f 6387//6387 6371//6371 6396//6396
f 6391//6391 6392//6392 6374//6374
f 6391//6391 6389//6389 6392//6392
f 6389//6389 6365//6365 6392//6392
f 6386//6386 6390//6390 6370//6370
f 6386//6386 6388//6388 6390//6390
f 6388//6388 6369//6369 6390//6390
f 6427//6427 6451//6451 6449//6449
f 6432//6432 6452//6452 6454//6454
f 6431//6431 6450//6450 6458//6458
f 6430//6430 6457//6457 6461//6461
f 6429//6429 6460//6460 6456//6456
f 6432//6432 6454//6454 6464//6464
f 6433//6433 6453//6453 6466//6466
f 6435//6435 6459//6459 6468//6468
f 6436//6436 6462//6462 6471//6471
f 6437//6437 6463//6463 6473//6473
f 6432//6432 6464//6464 6467//6467
f 6433//6433 6466//6466 6469//6469
f 6435//6435 6468//6468 6472//6472
f 6436//6436 6471//6471 6474//6474
f 6437//6437 6473//6473 6465//6465
f 6438//6438 6475//6475 6481//6481
f 6439//6439 6476//6476 6484//6484
f 6441//6441 6477//6477 6487//6487
f 6442//6442 6478//6478 6489//6489
f 6443//6443 6479//6479 6483//6483
f 6483//6483 6488//6488 6446//6446
f 6483//6483 6479//6479 6488//6488
f 6479//6479 6442//6442 6488//6488
f 6489//6489 6486//6486 6447//6447
f 6489//6489 6478//6478 6486//6486
f 6478//6478 6441//6441 6486//6486
f 6487//6487 6485//6485 6448//6448
f 6487//6487 6477//6477 6485//6485
f 6477//6477 6440//6440 6485//6485
f 6484//6484 6480//6480 6444//6444
f 6484//6484 6476//6476 6480//6480
f 6476//6476 6438//6438 6480//6480
f 6481//6481 6482//6482 6445//6445
f 6481//6481 6475//6475 6482//6482
f 6475//6475 6443//6443 6482//6482
f 6465//6465 6479//6479 6443//6443
f 6465//6465 6473//6473 6479//6479
f 6473//6473 6442//6442 6479//6479
f 6474//6474 6478//6478 6442//6442
f 6474//6474 6471//6471 6478//6478
f 6471//6471 6441//6441 6478//6478
f 6472//6472 6477//6477 6441//6441
f 6472//6472 6468//6468 6477//6477
f 6468//6468 6440//6440 6477//6477
f 6469//6469 6476//6476 6439//6439
f 6469//6469 6466//6466 6476//6476
f 6466//6466 6438//6438 6476//6476
f 6467//6467 6475//6475 6438//6438
f 6467//6467 6464//6464 6475//6475
f 6464//6464 6443//6443 6475//6475
f 6473//6473 6474//6474 6442//6442
f 6473//6473 6463//6463 6474//6474
f 6463//6463 6436//6436 6474//6474
f 6471//6471 6472//6472 6441//6441
f 6471//6471 6462//6462 6472//6472
f 6462//6462 6435//6435 6472//6472
f 6468//6468 6470//6470 6440//6440
f 6468//6468 6459//6459 6470//6470
f 6459//6459 6434//6434 6470//6470
f 6466//6466 6467//6467 6438//6438
f 6466//6466 6453//6453 6467//6467
f 6453//6453 6432//6432 6467//6467
f 6464//6464 6465//6465 6443//6443
f 6464//6464 6454//6454 6465//6465
f 6454//6454 6437//6437 6465//6465
f 6456//6456 6463//6463 6437//6437
f 6456//6456 6460//6460 6463//6463
f 6460//6460 6436//6436 6463//6463
f 6461//6461 6462//6462 6436//6436
f 6461//6461 6457//6457 6462//6462
f 6457//6457 6435//6435 6462//6462
f 6458//6458 6459//6459 6435//6435
f 6458//6458 6450//6450 6459//6459
f 6450//6450 6434//6434 6459//6459
f 6454//6454 6455//6455 6437//6437
f 6454//6454 6452//6452 6455//6455
f 6452//6452 6428//6428 6455//6455
f 6449//6449 6453//6453 6433//6433
f 6449//6449 6451//6451 6453//6453
f 6451//6451 6432//6432 6453//6453
f 6490//6490 6514//6514 6512//6512
f 6495//6495 6515//6515 6517//6517
f 6494//6494 6513//6513 6521//6521
f 6493//6493 6520//6520 6524//6524
f 6492//6492 6523//6523 6519//6519
f 6495//6495 6517//6517 6527//6527
f 6496//6496 6516//6516 6529//6529
f 6498//6498 6522//6522 6531//6531
f 6499//6499 6525//6525 6534//6534
f 6500//6500 6526//6526 6536//6536
f 6495//6495 6527//6527 6530//6530
f 6496//6496 6529//6529 6532//6532
f 6498//6498 6531//6531 6535//6535
f 6499//6499 6534//6534 6537//6537
f 6500//6500 6536//6536 6528//6528
f 6501//6501 6538//6538 6544//6544
f 6502//6502 6539//6539 6547//6547
f 6504//6504 6540//6540 6550//6550
f 6505//6505 6541//6541 6552//6552
f 6506//6506 6542//6542 6546//6546
f 6546//6546 6551//6551 6509//6509
f 6546//6546 6542//6542 6551//6551
f 6542//6542 6505//6505 6551//6551
f 6552//6552 6549//6549 6510//6510
f 6552//6552 6541//6541 6549//6549
f 6541//6541 6504//6504 6549//6549
f 6550//6550 6548//6548 6511//6511
f 6550//6550 6540//6540 6548//6548
f 6540//6540 6503//6503 6548//6548
f 6547//6547 6543//6543 6507//6507
f 6547//6547 6539//6539 6543//6543
f 6539//6539 6501//6501 6543//6543
f 6544//6544 6545//6545 6508//6508
f 6544//6544 6538//6538 6545//6545
f 6538//6538 6506//6506 6545//6545
f 6528//6528 6542//6542 6506//6506
f 6528//6528 6536//6536 6542//6542
f 6536//6536 6505//6505 6542//6542
f 6537//6537 6541//6541 6505//6505
f 6537//6537 6534//6534 6541//6541
f 6534//6534 6504//6504 6541//6541
f 6535//6535 6540//6540 6504//6504
f 6535//6535 6531//6531 6540//6540
f 6531//6531 6503//6503 6540//6540
f 6532//6532 6539//6539 6502//6502
f 6532//6532 6529//6529 6539//6539
f 6529//6529 6501//6501 6539//6539
f 6530//6530 6538//6538 6501//6501
f 6530//6530 6527//6527 6538//6538
f 6527//6527 6506//6506 6538//6538
f 6536//6536 6537//6537 6505//6505
f 6536//6536 6526//6526 6537//6537
f 6526//6526 6499//6499 6537//6537
f 6534//6534 6535//6535 6504//6504
f 6534//6534 6525//6525 6535//6535
f 6525//6525 6498//6498 6535//6535
f 6531//6531 6533//6533 6503//6503
f 6531//6531 6522//6522 6533//6533
f 6522//6522 6497//6497 6533//6533
f 6529//6529 6530//6530 6501//6501
f 6529//6529 6516//6516 6530//6530
f 6516//6516 6495//6495 6530//6530
f 6527//6527 6528//6528 6506//6506
f 6527//6527 6517//6517 6528//6528
f 6517//6517 6500//6500 6528//6528
f 6519//6519 6526//6526 6500//6500
f 6519//6519 6523//6523 6526//6526
f 6523//6523 6499//6499 6526//6526
f 6524//6524 6525//6525 6499//6499
f 6524//6524 6520//6520 6525//6525
f 6520//6520 6498//6498 6525//6525
f 6521//6521 6522//6522 6498//6498
f 6521//6521 6513//6513 6522//6522
f 6513//6513 6497//6497 6522//6522
f 6517//6517 6518//6518 6500//6500
f 6517//6517 6515//6515 6518//6518
f 6515//6515 6491//6491 6518//6518
f 6512//6512 6516//6516 6496//6496
f 6512//6512 6514//6514 6516//6516
f 6514//6514 6495//6495 6516//6516
f 6553//6553 6577//6577 6575//6575
f 6558//6558 6578//6578 6580//6580
f 6557//6557 6576//6576 6584//6584
f 6556//6556 6583//6583 6587//6587
f 6555//6555 6586//6586 6582//6582
f 6558//6558 6580//6580 6590//6590
f 6559//6559 6579//6579 6592//6592
f 6561//6561 6585//6585 6594//6594
f 6562//6562 6588//6588 6597//6597
f 6563//6563 6589//6589 6599//6599
f 6558//6558 6590//6590 6593//6593
f 6559//6559 6592//6592 6595//6595
f 6561//6561 6594//6594 6598//6598
f 6562//6562 6597//6597 6600//6600
f 6563//6563 6599//6599 6591//6591
f 6564//6564 6601//6601 6607//6607
f 6565//6565 6602//6602 6610//6610
f 6567//6567 6603//6603 6613//6613
f 6568//6568 6604//6604 6615//6615
f 6569//6569 6605//6605 6609//6609
f 6609//6609 6614//6614 6572//6572
f 6609//6609 6605//6605 6614//6614
f 6605//6605 6568//6568 6614//6614
f 6615//6615 6612//6612 6573//6573
f 6615//6615 6604//6604 6612//6612
f 6604//6604 6567//6567 6612//6612
f 6613//6613 6611//6611 6574//6574
f 6613//6613 6603//6603 6611//6611
f 6603//6603 6566//6566 6611//6611
f 6610//6610 6606//6606 6570//6570
f 6610//6610 6602//6602 6606//6606
f 6602//6602 6564//6564 6606//6606
f 6607//6607 6608//6608 6571//6571
f 6607//6607 6601//6601 6608//6608
f 6601//6601 6569//6569 6608//6608
f 6591//6591 6605//6605 6569//6569
f 6591//6591 6599//6599 6605//6605
f 6599//6599 6568//6568 6605//6605
f 6600//6600 6604//6604 6568//6568
f 6600//6600 6597//6597 6604//6604
f 6597//6597 6567//6567 6604//6604
f 6598//6598 6603//6603 6567//6567
f 6598//6598 6594//6594 6603//6603
f 6594//6594 6566//6566 6603//6603
f 6595//6595 6602//6602 6565//6565
f 6595//6595 6592//6592 6602//6602
f 6592//6592 6564//6564 6602//6602
f 6593//6593 6601//6601 6564//6564
f 6593//6593 6590//6590 6601//6601
f 6590//6590 6569//6569 6601//6601
f 6599//6599 6600//6600 6568//6568
f 6599//6599 6589//6589 6600//6600
f 6589//6589 6562//6562 6600//6600
f 6597//6597 6598//6598 6567//6567
f 6597//6597 6588//6588 6598//6598
f 6588//6588 6561//6561 6598//6598
f 6594//6594 6596//6596 6566//6566
f 6594//6594 6585//6585 6596//6596
f 6585//6585 6560//6560 6596//6596
f 6592//6592 6593//6593 6564//6564
f 6592//6592 6579//6579 6593//6593
f 6579//6579 6558//6558 6593//6593
f 6590//6590 6591//6591 6569//6569
f 6590//6590 6580//6580 6591//6591
f 6580//6580 6563//6563 6591//6591
f 6582//6582 6589//6589 6563//6563
f 6582//6582 6586//6586 6589//6589
f 6586//6586 6562//6562 6589//6589
f 6587//6587 6588//6588 6562//6562
f 6587//6587 6583//6583 6588//6588
f 6583//6583 6561//6561 6588//6588
f 6584//6584 6585//6585 6561//6561
f 6584//6584 6576//6576 6585//6585
f 6576//6576 6560//6560 6585//6585
f 6580//6580 6581//6581 6563//6563
f 6580//6580 6578//6578 6581//6581
f 6578//6578 6554//6554 6581//6581
f 6575//6575 6579//6579 6559//6559
f 6575//6575 6577//6577 6579//6579
f 6577//6577 6558//6558 6579//6579
f 6616//6616 6640//6640 6638//6638
f 6621//6621 6641//6641 6643//6643
f 6620//6620 6639//6639 6647//6647
f 6619//6619 6646//6646 6650//6650
f 6618//6618 6649//6649 6645//6645
f 6621//6621 6643//6643 6653//6653
f 6622//6622 6642//6642 6655//6655
f 6624//6624 6648//6648 6657//6657
f 6625//6625 6651//6651 6660//6660
f 6626//6626 6652//6652 6662//6662
f 6621//6621 6653//6653 6656//6656
f 6622//6622 6655//6655 6658//6658
f 6624//6624 6657//6657 6661//6661
f 6625//6625 6660//6660 6663//6663
f 6626//6626 6662//6662 6654//6654
f 6627//6627 6664//6664 6670//6670
f 6628//6628 6665//6665 6673//6673
f 6630//6630 6666//6666 6676//6676
f 6631//6631 6667//6667 6678//6678
f 6632//6632 6668//6668 6672//6672
f 6672//6672 6677//6677 6635//6635
f 6672//6672 6668//6668 6677//6677
f 6668//6668 6631//6631 6677//6677
f 6678//6678 6675//6675 6636//6636
f 6678//6678 6667//6667 6675//6675
f 6667//6667 6630//6630 6675//6675
f 6676//6676 6674//6674 6637//6637
f 6676//6676 6666//6666 6674//6674
f 6666//6666 6629//6629 6674//6674
f 6673//6673 6669//6669 6633//6633
f 6673//6673 6665//6665 6669//6669
f 6665//6665 6627//6627 6669//6669
f 6670//6670 6671//6671 6634//6634
f 6670//6670 6664//6664 6671//6671
f 6664//6664 6632//6632 6671//6671
f 6654//6654 6668//6668 6632//6632
f 6654//6654 6662//6662 6668//6668
f 6662//6662 6631//6631 6668//6668
f 6663//6663 6667//6667 6631//6631
f 6663//6663 6660//6660 6667//6667
f 6660//6660 6630//6630 6667//6667
f 6661//6661 6666//6666 6630//6630
f 6661//6661 6657//6657 6666//6666
f 6657//6657 6629//6629 6666//6666
f 6658//6658 6665//6665 6628//6628
f 6658//6658 6655//6655 6665//6665
f 6655//6655 6627//6627 6665//6665
f 6656//6656 6664//6664 6627//6627
f 6656//6656 6653//6653 6664//6664
f 6653//6653 6632//6632 6664//6664
f 6662//6662 6663//6663 6631//6631
f 6662//6662 6652//6652 6663//6663
f 6652//6652 6625//6625 6663//6663
f 6660//6660 6661//6661 6630//6630
f 6660//6660 6651//6651 6661//6661
f 6651//6651 6624//6624 6661//6661
f 6657//6657 6659//6659 6629//6629
f 6657//6657 6648//6648 6659//6659
f 6648//6648 6623//6623 6659//6659
f 6655//6655 6656//6656 6627//6627
f 6655//6655 6642//6642 6656//6656
f 6642//6642 6621//6621 6656//6656
f 6653//6653 6654//6654 6632//6632
f 6653//6653 6643//6643 6654//6654
f 6643//6643 6626//6626 6654//6654
f 6645//6645 6652//6652 6626//6626
f 6645//6645 6649//6649 6652//6652
f 6649//6649 6625//6625 6652//6652
f 6650//6650 6651//6651 6625//6625
f 6650//6650 6646//6646 6651//6651
f 6646//6646 6624//6624 6651//6651
f 6647//6647 6648//6648 6624//6624
f 6647//6647 6639//6639 6648//6648
f 6639//6639 6623//6623 6648//6648
f 6643//6643 6644//6644 6626//6626
f 6643//6643 6641//6641 6644//6644
f 6641//6641 6617//6617 6644//6644
f 6638//6638 6642//6642 6622//6622
f 6638//6638 6640//6640 6642//6642
f 6640//6640 6621//6621 6642//6642
f 6679//6679 6703//6703 6701//6701
f 6684//6684 6704//6704 6706//6706
f 6683//6683 6702//6702 6710//6710
f 6682//6682 6709//6709 6713//6713
f 6681//6681 6712//6712 6708//6708
f 6684//6684 6706//6706 6716//6716
f 6685//6685 6705//6705 6718//6718
f 6687//6687 6711//6711 6720//6720
f 6688//6688 6714//6714 6723//6723
f 6689//6689 6715//6715 6725//6725
f 6684//6684 6716//6716 6719//6719
f 6685//6685 6718//6718 6721//6721
f 6687//6687 6720//6720 6724//6724
f 6688//6688 6723//6723 6726//6726
f 6689//6689 6725//6725 6717//6717
f 6690//6690 6727//6727 6733//6733
f 6691//6691 6728//6728 6736//6736
f 6693//6693 6729//6729 6739//6739
f 6694//6694 6730//6730 6741//6741
f 6695//6695 6731//6731 6735//6735
f 6735//6735 6740//6740 6698//6698
f 6735//6735 6731//6731 6740//6740
f 6731//6731 6694//6694 6740//6740
f 6741//6741 6738//6738 6699//6699
f 6741//6741 6730//6730 6738//6738
f 6730//6730 6693//6693 6738//6738
f 6739//6739 6737//6737 6700//6700
f 6739//6739 6729//6729 6737//6737
f 6729//6729 6692//6692 6737//6737
f 6736//6736 6732//6732 6696//6696
f 6736//6736 6728//6728 6732//6732
f 6728//6728 6690//6690 6732//6732
f 6733//6733 6734//6734 6697//6697
f 6733//6733 6727//6727 6734//6734
f 6727//6727 6695//6695 6734//6734
f 6717//6717 6731//6731 6695//6695
f 6717//6717 6725//6725 6731//6731
f 6725//6725 6694//6694 6731//6731
f 6726//6726 6730//6730 6694//6694
f 6726//6726 6723//6723 6730//6730
f 6723//6723 6693//6693 6730//6730
f 6724//6724 6729//6729 6693//6693
f 6724//6724 6720//6720 6729//6729
f 6720//6720 6692//6692 6729//6729
f 6721//6721 6728//6728 6691//6691
f 6721//6721 6718//6718 6728//6728
f 6718//6718 6690//6690 6728//6728
f 6719//6719 6727//6727 6690//6690
f 6719//6719 6716//6716 6727//6727
f 6716//6716 6695//6695 6727//6727
f 6725//6725 6726//6726 6694//6694
f 6725//6725 6715//6715 6726//6726
f 6715//6715 6688//6688 6726//6726
f 6723//6723 6724//6724 6693//6693
f 6723//6723 6714//6714 6724//6724
f 6714//6714 6687//6687 6724//6724
f 6720//6720 6722//6722 6692//6692
f 6720//6720 6711//6711 6722//6722
f 6711//6711 6686//6686 6722//6722
f 6718//6718 6719//6719 6690//6690
f 6718//6718 6705//6705 6719//6719
f 6705//6705 6684//6684 6719//6719
f 6716//6716 6717//6717 6695//6695
f 6716//6716 6706//6706 6717//6717
f 6706//6706 6689//6689 6717//6717
f 6708//6708 6715//6715 6689//6689
f 6708//6708 6712//6712 6715//6715
f 6712//6712 6688//6688 6715//6715
f 6713//6713 6714//6714 6688//6688
f 6713//6713 6709//6709 6714//6714
f 6709//6709 6687//6687 6714//6714
f 6710//6710 6711//6711 6687//6687
f 6710//6710 6702//6702 6711//6711
f 6702//6702 6686//6686 6711//6711
f 6706//6706 6707//6707 6689//6689
f 6706//6706 6704//6704 6707//6707
f 6704//6704 6680//6680 6707//6707
f 6701//6701 6705//6705 6685//6685
f 6701//6701 6703//6703 6705//6705
f 6703//6703 6684//6684 6705//6705
f 6742//6742 6766//6766 6764//6764
f 6747//6747 6767//6767 6769//6769
f 6746//6746 6765//6765 6773//6773
f 6745//6745 6772//6772 6776//6776
f 6744//6744 6775//6775 6771//6771
f 6747//6747 6769//6769 6779//6779
f 6748//6748 6768//6768 6781//6781
f 6750//6750 6774//6774 6783//6783
f 6751//6751 6777//6777 6786//6786
f 6752//6752 6778//6778 6788//6788
f 6747//6747 6779//6779 6782//6782
f 6748//6748 6781//6781 6784//6784
f 6750//6750 6783//6783 6787//6787
f 6751//6751 6786//6786 6789//6789
f 6752//6752 6788//6788 6780//6780
f 6753//6753 6790//6790 6796//6796
f 6754//6754 6791//6791 6799//6799
f 6756//6756 6792//6792 6802//6802
f 6757//6757 6793//6793 6804//6804
f 6758//6758 6794//6794 6798//6798
f 6798//6798 6803//6803 6761//6761
f 6798//6798 6794//6794 6803//6803
f 6794//6794 6757//6757 6803//6803
f 6804//6804 6801//6801 6762//6762
f 6804//6804 6793//6793 6801//6801
f 6793//6793 6756//6756 6801//6801
f 6802//6802 6800//6800 6763//6763
f 6802//6802 6792//6792 6800//6800
f 6792//6792 6755//6755 6800//6800
f 6799//6799 6795//6795 6759//6759
f 6799//6799 6791//6791 6795//6795
f 6791//6791 6753//6753 6795//6795
f 6796//6796 6797//6797 6760//6760
f 6796//6796 6790//6790 6797//6797
f 6790//6790 6758//6758 6797//6797
f 6780//6780 6794//6794 6758//6758
f 6780//6780 6788//6788 6794//6794
f 6788//6788 6757//6757 6794//6794
f 6789//6789 6793//6793 6757//6757
f 6789//6789 6786//6786 6793//6793
f 6786//6786 6756//6756 6793//6793
f 6787//6787 6792//6792 6756//6756
f 6787//6787 6783//6783 6792//6792
f 6783//6783 6755//6755 6792//6792
f 6784//6784 6791//6791 6754//6754
f 6784//6784 6781//6781 6791//6791
f 6781//6781 6753//6753 6791//6791
f 6782//6782 6790//6790 6753//6753
f 6782//6782 6779//6779 6790//6790
f 6779//6779 6758//6758 6790//6790
f 6788//6788 6789//6789 6757//6757
f 6788//6788 6778//6778 6789//6789
f 6778//6778 6751//6751 6789//6789
f 6786//6786 6787//6787 6756//6756
f 6786//6786 6777//6777 6787//6787
f 6777//6777 6750//6750 6787//6787
f 6783//6783 6785//6785 6755//6755
f 6783//6783 6774//6774 6785//6785
f 6774//6774 6749//6749 6785//6785
f 6781//6781 6782//6782 6753//6753
f 6781//6781 6768//6768 6782//6782
f 6768//6768 6747//6747 6782//6782
f 6779//6779 6780//6780 6758//6758
f 6779//6779 6769//6769 6780//6780
f 6769//6769 6752//6752 6780//6780
f 6771//6771 6778//6778 6752//6752
f 6771//6771 6775//6775 6778//6778
f 6775//6775 6751//6751 6778//6778
f 6776//6776 6777//6777 6751//6751
f 6776//6776 6772//6772 6777//6777
f 6772//6772 6750//6750 6777//6777
f 6773//6773 6774//6774 6750//6750
f 6773//6773 6765//6765 6774//6774
f 6765//6765 6749//6749 6774//6774
f 6769//6769 6770//6770 6752//6752
f 6769//6769 6767//6767 6770//6770
f 6767//6767 6743//6743 6770//6770
f 6764//6764 6768//6768 6748//6748
f 6764//6764 6766//6766 6768//6768
f 6766//6766 6747//6747 6768//6768
f 6805//6805 6829//6829 6827//6827
f 6810//6810 6830//6830 6832//6832
f 6809//6809 6828//6828 6836//6836
f 6808//6808 6835//6835 6839//6839
f 6807//6807 6838//6838 6834//6834
f 6810//6810 6832//6832 6842//6842
f 6811//6811 6831//6831 6844//6844
f 6813//6813 6837//6837 6846//6846
f 6814//6814 6840//6840 6849//6849
f 6815//6815 6841//6841 6851//6851
f 6810//6810 6842//6842 6845//6845
f 6811//6811 6844//6844 6847//6847
f 6813//6813 6846//6846 6850//6850
f 6814//6814 6849//6849 6852//6852
f 6815//6815 6851//6851 6843//6843
f 6816//6816 6853//6853 6859//6859
f 6817//6817 6854//6854 6862//6862
f 6819//6819 6855//6855 6865//6865
f 6820//6820 6856//6856 6867//6867
f 6821//6821 6857//6857 6861//6861
f 6861//6861 6866//6866 6824//6824
f 6861//6861 6857//6857 6866//6866
f 6857//6857 6820//6820 6866//6866
f 6867//6867 6864//6864 6825//6825
f 6867//6867 6856//6856 6864//6864
f 6856//6856 6819//6819 6864//6864
f 6865//6865 6863//6863 6826//6826
f 6865//6865 6855//6855 6863//6863
f 6855//6855 6818//6818 6863//6863
f 6862//6862 6858//6858 6822//6822
f 6862//6862 6854//6854 6858//6858
f 6854//6854 6816//6816 6858//6858
f 6859//6859 6860//6860 6823//6823
f 6859//6859 6853//6853 6860//6860
f 6853//6853 6821//6821 6860//6860
f 6843//6843 6857//6857 6821//6821
f 6843//6843 6851//6851 6857//6857
f 6851//6851 6820//6820 6857//6857
f 6852//6852 6856//6856 6820//6820
f 6852//6852 6849//6849 6856//6856
f 6849//6849 6819//6819 6856//6856
f 6850//6850 6855//6855 6819//6819
f 6850//6850 6846//6846 6855//6855
f 6846//6846 6818//6818 6855//6855
f 6847//6847 6854//6854 6817//6817
f 6847//6847 6844//6844 6854//6854
f 6844//6844 6816//6816 6854//6854
f 6845//6845 6853//6853 6816//6816
f 6845//6845 6842//6842 6853//6853
f 6842//6842 6821//6821 6853//6853
f 6851//6851 6852//6852 6820//6820
f 6851//6851 6841//6841 6852//6852
f 6841//6841 6814//6814 6852//6852
f 6849//6849 6850//6850 6819//6819
f 6849//6849 6840//6840 6850//6850
f 6840//6840 6813//6813 6850//6850
f 6846//6846 6848//6848 6818//6818
f 6846//6846 6837//6837 6848//6848
f 6837//6837 6812//6812 6848//6848
f 6844//6844 6845//6845 6816//6816
f 6844//6844 6831//6831 6845//6845
f 6831//6831 6810//6810 6845//6845
f 6842//6842 6843//6843 6821//6821
f 6842//6842 6832//6832 6843//6843
f 6832//6832 6815//6815 6843//6843
f 6834//6834 6841//6841 6815//6815
f 6834//6834 6838//6838 6841//6841
f 6838//6838 6814//6814 6841//6841
f 6839//6839 6840//6840 6814//6814
f 6839//6839 6835//6835 6840//6840
f 6835//6835 6813//6813 6840//6840
f 6836//6836 6837//6837 6813//6813
f 6836//6836 6828//6828 6837//6837
f 6828//6828 6812//6812 6837//6837
f 6832//6832 6833//6833 6815//6815
f 6832//6832 6830//6830 6833//6833
f 6830//6830 6806//6806 6833//6833
f 6827//6827 6831//6831 6811//6811
f 6827//6827 6829//6829 6831//6831
f 6829//6829 6810//6810 6831//6831
f 6868//6868 6892//6892 6890//6890
f 6873//6873 6893//6893 6895//6895
f 6872//6872 6891//6891 6899//6899
f 6871//6871 6898//6898 6902//6902
f 6870//6870 6901//6901 6897//6897
f 6873//6873 6895//6895 6905//6905
f 6874//6874 6894//6894 6907//6907
f 6876//6876 6900//6900 6909//6909
f 6877//6877 6903//6903 6912//6912
f 6878//6878 6904//6904 6914//6914
f 6873//6873 6905//6905 6908//6908
f 6874//6874 6907//6907 6910//6910
f 6876//6876 6909//6909 6913//6913
f 6877//6877 6912//6912 6915//6915
f 6878//6878 6914//6914 6906//6906
f 6879//6879 6916//6916 6922//6922
f 6880//6880 6917//6917 6925//6925
f 6882//6882 6918//6918 6928//6928
f 6883//6883 6919//6919 6930//6930
f 6884//6884 6920//6920 6924//6924
f 6924//6924 6929//6929 6887//6887
f 6924//6924 6920//6920 6929//6929
f 6920//6920 6883//6883 6929//6929
f 6930//6930 6927//6927 6888//6888
f 6930//6930 6919//6919 6927//6927
f 6919//6919 6882//6882 6927//6927
f 6928//6928 6926//6926 6889//6889
f 6928//6928 6918//6918 6926//6926
f 6918//6918 6881//6881 6926//6926
f 6925//6925 6921//6921 6885//6885
f 6925//6925 6917//6917 6921//6921
f 6917//6917 6879//6879 6921//6921
f 6922//6922 6923//6923 6886//6886
f 6922//6922 6916//6916 6923//6923
f 6916//6916 6884//6884 6923//6923
f 6906//6906 6920//6920 6884//6884
f 6906//6906 6914//6914 6920//6920
f 6914//6914 6883//6883 6920//6920
f 6915//6915 6919//6919 6883//6883
f 6915//6915 6912//6912 6919//6919
f 6912//6912 6882//6882 6919//6919
f 6913//6913 6918//6918 6882//6882
f 6913//6913 6909//6909 6918//6918
f 6909//6909 6881//6881 6918//6918
f 6910//6910 6917//6917 6880//6880
f 6910//6910 6907//6907 6917//6917
f 6907//6907 6879//6879 6917//6917
f 6908//6908 6916//6916 6879//6879
f 6908//6908 6905//6905 6916//6916
f 6905//6905 6884//6884 6916//6916
f 6914//6914 6915//6915 6883//6883
f 6914//6914 6904//6904 6915//6915
f 6904//6904 6877//6877 6915//6915
f 6912//6912 6913//6913 6882//6882
f 6912//6912 6903//6903 6913//6913
f 6903//6903 6876//6876 6913//6913
f 6909//6909 6911//6911 6881//6881
f 6909//6909 6900//6900 6911//6911
f 6900//6900 6875//6875 6911//6911
f 6907//6907 6908//6908 6879//6879
f 6907//6907 6894//6894 6908//6908
f 6894//6894 6873//6873 6908//6908
f 6905//6905 6906//6906 6884//6884
f 6905//6905 6895//6895 6906//6906
f 6895//6895 6878//6878 6906//6906
f 6897//6897 6904//6904 6878//6878
f 6897//6897 6901//6901 6904//6904
f 6901//6901 6877//6877 6904//6904
f 6902//6902 6903//6903 6877//6877
f 6902//6902 6898//6898 6903//6903
f 6898//6898 6876//6876 6903//6903
f 6899//6899 6900//6900 6876//6876
f 6899//6899 6891//6891 6900//6900
f 6891//6891 6875//6875 6900//6900
f 6895//6895 6896//6896 6878//6878
f 6895//6895 6893//6893 6896//6896
f 6893//6893 6869//6869 6896//6896
f 6890//6890 6894//6894 6874//6874
f 6890//6890 6892//6892 6894//6894
f 6892//6892 6873//6873 6894//6894
f 6931//6931 6955//6955 6953//6953
f 6936//6936 6956//6956 6958//6958
f 6935//6935 6954//6954 6962//6962
f 6934//6934 6961//6961 6965//6965
f 6933//6933 6964//6964 6960//6960
f 6936//6936 6958//6958 6968//6968
f 6937//6937 6957//6957 6970//6970
f 6939//6939 6963//6963 6972//6972
f 6940//6940 6966//6966 6975//6975
f 6941//6941 6967//6967 6977//6977
f 6936//6936 6968//6968 6971//6971
f 6937//6937 6970//6970 6973//6973
f 6939//6939 6972//6972 6976//6976
f 6940//6940 6975//6975 6978//6978
f 6941//6941 6977//6977 6969//6969
f 6942//6942 6979//6979 6985//6985
f 6943//6943 6980//6980 6988//6988
f 6945//6945 6981//6981 6991//6991
f 6946//6946 6982//6982 6993//6993
f 6947//6947 6983//6983 6987//6987
f 6987//6987 6992//6992 6950//6950
f 6987//6987 6983//6983 6992//6992
f 6983//6983 6946//6946 6992//6992
f 6993//6993 6990//6990 6951//6951
f 6993//6993 6982//6982 6990//6990
f 6982//6982 6945//6945 6990//6990
f 6991//6991 6989//6989 6952//6952
f 6991//6991 6981//6981 6989//6989
f 6981//6981 6944//6944 6989//6989
f 6988//6988 6984//6984 6948//6948
f 6988//6988 6980//6980 6984//6984
f 6980//6980 6942//6942 6984//6984
f 6985//6985 6986//6986 6949//6949
f 6985//6985 6979//6979 6986//6986
f 6979//6979 6947//6947 6986//6986
f 6969//6969 6983//6983 6947//6947
f 6969//6969 6977//6977 6983//6983
f 6977//6977 6946//6946 6983//6983
f 6978//6978 6982//6982 6946//6946
f 6978//6978 6975//6975 6982//6982
f 6975//6975 6945//6945 6982//6982
f 6976//6976 6981//6981 6945//6945
f 6976//6976 6972//6972 6981//6981
f 6972//6972 6944//6944 6981//6981
f 6973//6973 6980//6980 6943//6943
f 6973//6973 6970//6970 6980//6980
f 6970//6970 6942//6942 6980//6980
f 6971//6971 6979//6979 6942//6942
f 6971//6971 6968//6968 6979//6979
f 6968//6968 6947//6947 6979//6979
f 6977//6977 6978//6978 6946//6946
f 6977//6977 6967//6967 6978//6978
f 6967//6967 6940//6940 6978//6978
f 6975//6975 6976//6976 6945//6945
f 6975//6975 6966//6966 6976//6976
f 6966//6966 6939//6939 6976//6976
f 6972//6972 6974//6974 6944//6944
f 6972//6972 6963//6963 6974//6974
f 6963//6963 6938//6938 6974//6974
f 6970//6970 6971//6971 6942//6942
f 6970//6970 6957//6957 6971//6971
f 6957//6957 6936//6936 6971//6971
f 6968//6968 6969//6969 6947//6947
f 6968//6968 6958//6958 6969//6969
f 6958//6958 6941//6941 6969//6969
f 6960//6960 6967//6967 6941//6941
f 6960//6960 6964//6964 6967//6967
f 6964//6964 6940//6940 6967//6967
f 6965//6965 6966//6966 6940//6940
f 6965//6965 6961//6961 6966//6966
f 6961//6961 6939//6939 6966//6966
f 6962//6962 6963//6963 6939//6939
f 6962//6962 6954//6954 6963//6963
f 6954//6954 6938//6938 6963//6963
f 6958//6958 6959//6959 6941//6941
f 6958//6958 6956//6956 6959//6959
f 6956//6956 6932//6932 6959//6959
f 6953//6953 6957//6957 6937//6937
f 6953//6953 6955//6955 6957//6957
f 6955//6955 6936//6936 6957//6957
f 6994//6994 7018//7018 7016//7016
f 6999//6999 7019//7019 7021//7021
f 6998//6998 7017//7017 7025//7025
f 6997//6997 7024//7024 7028//7028
f 6996//6996 7027//7027 7023//7023
f 6999//6999 7021//7021 7031//7031
f 7000//7000 7020//7020 7033//7033
f 7002//7002 7026//7026 7035//7035
f 7003//7003 7029//7029 7038//7038
f 7004//7004 7030//7030 7040//7040
f 6999//6999 7031//7031 7034//7034
f 7000//7000 7033//7033 7036//7036
f 7002//7002 7035//7035 7039//7039
f 7003//7003 7038//7038 7041//7041
f 7004//7004 7040//7040 7032//7032
f 7005//7005 7042//7042 7048//7048
f 7006//7006 7043//7043 7051//7051
f 7008//7008 7044//7044 7054//7054
f 7009//7009 7045//7045 7056//7056
f 7010//7010 7046//7046 7050//7050
f 7050//7050 7055//7055 7013//7013
f 7050//7050 7046//7046 7055//7055
f 7046//7046 7009//7009 7055//7055
f 7056//7056 7053//7053 7014//7014
f 7056//7056 7045//7045 7053//7053
f 7045//7045 7008//7008 7053//7053
f 7054//7054 7052//7052 7015//7015
f 7054//7054 7044//7044 7052//7052
f 7044//7044 7007//7007 7052//7052
f 7051//7051 7047//7047 7011//7011
f 7051//7051 7043//7043 7047//7047
f 7043//7043 7005//7005 7047//7047
f 7048//7048 7049//7049 7012//7012
f 7048//7048 7042//7042 7049//7049
f 7042//7042 7010//7010 7049//7049
f 7032//7032 7046//7046 7010//7010
f 7032//7032 7040//7040 7046//7046
f 7040//7040 7009//7009 7046//7046
f 7041//7041 7045//7045 7009//7009
f 7041//7041 7038//7038 7045//7045
f 7038//7038 7008//7008 7045//7045
f 7039//7039 7044//7044 7008//7008
f 7039//7039 7035//7035 7044//7044
f 7035//7035 7007//7007 7044//7044
f 7036//7036 7043//7043 7006//7006
f 7036//7036 7033//7033 7043//7043
f 7033//7033 7005//7005 7043//7043
f 7034//7034 7042//7042 7005//7005
f 7034//7034 7031//7031 7042//7042
f 7031//7031 7010//7010 7042//7042
f 7040//7040 7041//7041 7009//7009
f 7040//7040 7030//7030 7041//7041
f 7030//7030 7003//7003 7041//7041
f 7038//7038 7039//7039 7008//7008
f 7038//7038 7029//7029 7039//7039
f 7029//7029 7002//7002 7039//7039
f 7035//7035 7037//7037 7007//7007
f 7035//7035 7026//7026 7037//7037
f 7026//7026 7001//7001 7037//7037
f 7033//7033 7034//7034 7005//7005
f 7033//7033 7020//7020 7034//7034
f 7020//7020 6999//6999 7034//7034
f 7031//7031 7032//7032 7010//7010
f 7031//7031 7021//7021 7032//7032
f 7021//7021 7004//7004 7032//7032
f 7023//7023 7030//7030 7004//7004
f 7023//7023 7027//7027 7030//7030
f 7027//7027 7003//7003 7030//7030
f 7028//7028 7029//7029 7003//7003
f 7028//7028 7024//7024 7029//7029
f 7024//7024 7002//7002 7029//7029
f 7025//7025 7026//7026 7002//7002
f 7025//7025 7017//7017 7026//7026
f 7017//7017 7001//7001 7026//7026
f 7021//7021 7022//7022 7004//7004
f 7021//7021 7019//7019 7022//7022
f 7019//7019 6995//6995 7022//7022
f 7016//7016 7020//7020 7000//7000
f 7016//7016 7018//7018 7020//7020
f 7018//7018 6999//6999 7020//7020
f 7057//7057 7081//7081 7079//7079
f 7062//7062 7082//7082 7084//7084
f 7061//7061 7080//7080 7088//7088
f 7060//7060 7087//7087 7091//7091
f 7059//7059 7090//7090 7086//7086
f 7062//7062 7084//7084 7094//7094
f 7063//7063 7083//7083 7096//7096
f 7065//7065 7089//7089 7098//7098
f 7066//7066 7092//7092 7101//7101
f 7067//7067 7093//7093 7103//7103
f 7062//7062 7094//7094 7097//7097
f 7063//7063 7096//7096 7099//7099
f 7065//7065 7098//7098 7102//7102
f 7066//7066 7101//7101 7104//7104
f 7067//7067 7103//7103 7095//7095
f 7068//7068 7105//7105 7111//7111
f 7069//7069 7106//7106 7114//7114
f 7071//7071 7107//7107 7117//7117
f 7072//7072 7108//7108 7119//7119
f 7073//7073 7109//7109 7113//7113
f 7113//7113 7118//7118 7076//7076
f 7113//7113 7109//7109 7118//7118
f 7109//7109 7072//7072 7118//7118
f 7119//7119 7116//7116 7077//7077
f 7119//7119 7108//7108 7116//7116
f 7108//7108 7071//7071 7116//7116
f 7117//7117 7115//7115 7078//7078
f 7117//7117 7107//7107 7115//7115
f 7107//7107 7070//7070 7115//7115
f 7114//7114 7110//7110 7074//7074
f 7114//7114 7106//7106 7110//7110
f 7106//7106 7068//7068 7110//7110
f 7111//7111 7112//7112 7075//7075
f 7111//7111 7105//7105 7112//7112
f 7105//7105 7073//7073 7112//7112
f 7095//7095 7109//7109 7073//7073
f 7095//7095 7103//7103 7109//7109
f 7103//7103 7072//7072 7109//7109
f 7104//7104 7108//7108 7072//7072
f 7104//7104 7101//7101 7108//7108
f 7101//7101 7071//7071 7108//7108
f 7102//7102 7107//7107 7071//7071
f 7102//7102 7098//7098 7107//7107
f 7098//7098 7070//7070 7107//7107
f 7099//7099 7106//7106 7069//7069
f 7099//7099 7096//7096 7106//7106
f 7096//7096 7068//7068 7106//7106
f 7097//7097 7105//7105 7068//7068
f 7097//7097 7094//7094 7105//7105
f 7094//7094 7073//7073 7105//7105
f 7103//7103 7104//7104 7072//7072
f 7103//7103 7093//7093 7104//7104
f 7093//7093 7066//7066 7104//7104
f 7101//7101 7102//7102 7071//7071
f 7101//7101 7092//7092 7102//7102
f 7092//7092 7065//7065 7102//7102
f 7098//7098 7100//7100 7070//7070
f 7098//7098 7089//7089 7100//7100
f 7089//7089 7064//7064 7100//7100
f 7096//7096 7097//7097 7068//7068
f 7096//7096 7083//7083 7097//7097
f 7083//7083 7062//7062 7097//7097
f 7094//7094 7095//7095 7073//7073
f 7094//7094 7084//7084 7095//7095
f 7084//7084 7067//7067 7095//7095
f 7086//7086 7093//7093 7067//7067
f 7086//7086 7090//7090 7093//7093
f 7090//7090 7066//7066 7093//7093
f 7091//7091 7092//7092 7066//7066
f 7091//7091 7087//7087 7092//7092
f 7087//7087 7065//7065 7092//7092
f 7088//7088 7089//7089 7065//7065
f 7088//7088 7080//7080 7089//7089
f 7080//7080 7064//7064 7089//7089
f 7084//7084 7085//7085 7067//7067
f 7084//7084 7082//7082 7085//7085
f 7082//7082 7058//7058 7085//7085
f 7079//7079 7083//7083 7063//7063
f 7079//7079 7081//7081 7083//7083
f 7081//7081 7062//7062 7083//7083
f 7120//7120 7144//7144 7142//7142
f 7125//7125 7145//7145 7147//7147
f 7124//7124 7143//7143 7151//7151
f 7123//7123 7150//7150 7154//7154
f 7122//7122 7153//7153 7149//7149
f 7125//7125 7147//7147 7157//7157
f 7126//7126 7146//7146 7159//7159
f 7128//7128 7152//7152 7161//7161
f 7129//7129 7155//7155 7164//7164
f 7130//7130 7156//7156 7166//7166
f 7125//7125 7157//7157 7160//7160
f 7126//7126 7159//7159 7162//7162
f 7128//7128 7161//7161 7165//7165
f 7129//7129 7164//7164 7167//7167
f 7130//7130 7166//7166 7158//7158
f 7131//7131 7168//7168 7174//7174
f 7132//7132 7169//7169 7177//7177
f 7134//7134 7170//7170 7180//7180
f 7135//7135 7171//7171 7182//7182
f 7136//7136 7172//7172 7176//7176
f 7176//7176 7181//7181 7139//7139
f 7176//7176 7172//7172 7181//7181
f 7172//7172 7135//7135 7181//7181
f 7182//7182 7179//7179 7140//7140
f 7182//7182 7171//7171 7179//7179
f 7171//7171 7134//7134 7179//7179
f 7180//7180 7178//7178 7141//7141
f 7180//7180 7170//7170 7178//7178
f 7170//7170 7133//7133 7178//7178
f 7177//7177 7173//7173 7137//7137
f 7177//7177 7169//7169 7173//7173
f 7169//7169 7131//7131 7173//7173
f 7174//7174 7175//7175 7138//7138
f 7174//7174 7168//7168 7175//7175
f 7168//7168 7136//7136 7175//7175
f 7158//7158 7172//7172 7136//7136
f 7158//7158 7166//7166 7172//7172
f 7166//7166 7135//7135 7172//7172
f 7167//7167 7171//7171 7135//7135
f 7167//7167 7164//7164 7171//7171
f 7164//7164 7134//7134 7171//7171
f 7165//7165 7170//7170 7134//7134
f 7165//7165 7161//7161 7170//7170
f 7161//7161 7133//7133 7170//7170
f 7162//7162 7169//7169 7132//7132
f 7162//7162 7159//7159 7169//7169
f 7159//7159 7131//7131 7169//7169
f 7160//7160 7168//7168 7131//7131
f 7160//7160 7157//7157 7168//7168
f 7157//7157 7136//7136 7168//7168
f 7166//7166 7167//7167 7135//7135
f 7166//7166 7156//7156 7167//7167
f 7156//7156 7129//7129 7167//7167
f 7164//7164 7165//7165 7134//7134
f 7164//7164 7155//7155 7165//7165
f 7155//7155 7128//7128 7165//7165
f 7161//7161 7163//7163 7133//7133
f 7161//7161 7152//7152 7163//7163
f 7152//7152 7127//7127 7163//7163
f 7159//7159 7160//7160 7131//7131
f 7159//7159 7146//7146 7160//7160
f 7146//7146 7125//7125 7160//7160
f 7157//7157 7158//7158 7136//7136
f 7157//7157 7147//7147 7158//7158
f 7147//7147 7130//7130 7158//7158
f 7149//7149 7156//7156 7130//7130
f 7149//7149 7153//7153 7156//7156
f 7153//7153 7129//7129 7156//7156
f 7154//7154 7155//7155 7129//7129
f 7154//7154 7150//7150 7155//7155
f 7150//7150 7128//7128 7155//7155
f 7151//7151 7152//7152 7128//7128
f 7151//7151 7143//7143 7152//7152
f 7143//7143 7127//7127 7152//7152
f 7147//7147 7148//7148 7130//7130
f 7147//7147 7145//7145 7148//7148
f 7145//7145 7121//7121 7148//7148
f 7142//7142 7146//7146 7126//7126
f 7142//7142 7144//7144 7146//7146
f 7144//7144 7125//7125 7146//7146
f 7183//7183 7207//7207 7205//7205
f 7188//7188 7208//7208 7210//7210
f 7187//7187 7206//7206 7214//7214
f 7186//7186 7213//7213 7217//7217
f 7185//7185 7216//7216 7212//7212
f 7188//7188 7210//7210 7220//7220
f 7189//7189 7209//7209 7222//7222
f 7191//7191 7215//7215 7224//7224
f 7192//7192 7218//7218 7227//7227
f 7193//7193 7219//7219 7229//7229
f 7188//7188 7220//7220 7223//7223
f 7189//7189 7222//7222 7225//7225
f 7191//7191 7224//7224 7228//7228
f 7192//7192 7227//7227 7230//7230
f 7193//7193 7229//7229 7221//7221
f 7194//7194 7231//7231 7237//7237
f 7195//7195 7232//7232 7240//7240
f 7197//7197 7233//7233 7243//7243
f 7198//7198 7234//7234 7245//7245
f 7199//7199 7235//7235 7239//7239
f 7239//7239 7244//7244 7202//7202
f 7239//7239 7235//7235 7244//7244
f 7235//7235 7198//7198 7244//7244
f 7245//7245 7242//7242 7203//7203
f 7245//7245 7234//7234 7242//7242
f 7234//7234 7197//7197 7242//7242
f 7243//7243 7241//7241 7204//7204
f 7243//7243 7233//7233 7241//7241
f 7233//7233 7196//7196 7241//7241
f 7240//7240 7236//7236 7200//7200
f 7240//7240 7232//7232 7236//7236
f 7232//7232 7194//7194 7236//7236
f 7237//7237 7238//7238 7201//7201
f 7237//7237 7231//7231 7238//7238
f 7231//7231 7199//7199 7238//7238
f 7221//7221 7235//7235 7199//7199
f 7221//7221 7229//7229 7235//7235
f 7229//7229 7198//7198 7235//7235
f 7230//7230 7234//7234 7198//7198
f 7230//7230 7227//7227 7234//7234
f 7227//7227 7197//7197 7234//7234
f 7228//7228 7233//7233 7197//7197
f 7228//7228 7224//7224 7233//7233
f 7224//7224 7196//7196 7233//7233
f 7225//7225 7232//7232 7195//7195
f 7225//7225 7222//7222 7232//7232
f 7222//7222 7194//7194 7232//7232
f 7223//7223 7231//7231 7194//7194
f 7223//7223 7220//7220 7231//7231
f 7220//7220 7199//7199 7231//7231
f 7229//7229 7230//7230 7198//7198
f 7229//7229 7219//7219 7230//7230
f 7219//7219 7192//7192 7230//7230
f 7227//7227 7228//7228 7197//7197
f 7227//7227 7218//7218 7228//7228
f 7218//7218 7191//7191 7228//7228
f 7224//7224 7226//7226 7196//7196
f 7224//7224 7215//7215 7226//7226
f 7215//7215 7190//7190 7226//7226
f 7222//7222 7223//7223 7194//7194
f 7222//7222 7209//7209 7223//7223
f 7209//7209 7188//7188 7223//7223
f 7220//7220 7221//7221 7199//7199
f 7220//7220 7210//7210 7221//7221
f 7210//7210 7193//7193 7221//7221
f 7212//7212 7219//7219 7193//7193
f 7212//7212 7216//7216 7219//7219
f 7216//7216 7192//7192 7219//7219
f 7217//7217 7218//7218 7192//7192
f 7217//7217 7213//7213 7218//7218
f 7213//7213 7191//7191 7218//7218
f 7214//7214 7215//7215 7191//7191
f 7214//7214 7206//7206 7215//7215
f 7206//7206 7190//7190 7215//7215
f 7210//7210 7211//7211 7193//7193
f 7210//7210 7208//7208 7211//7211
f 7208//7208 7184//7184 7211//7211
f 7205//7205 7209//7209 7189//7189
f 7205//7205 7207//7207 7209//7209
f 7207//7207 7188//7188 7209//7209
f 7246//7246 7270//7270 7268//7268
f 7251//7251 7271//7271 7273//7273
f 7250//7250 7269//7269 7277//7277
f 7249//7249 7276//7276 7280//7280
f 7248//7248 7279//7279 7275//7275
f 7251//7251 7273//7273 7283//7283
f 7252//7252 7272//7272 7285//7285
f 7254//7254 7278//7278 7287//7287
f 7255//7255 7281//7281 7290//7290
f 7256//7256 7282//7282 7292//7292
f 7251//7251 7283//7283 7286//7286
f 7252//7252 7285//7285 7288//7288
f 7254//7254 7287//7287 7291//7291
f 7255//7255 7290//7290 7293//7293
f 7256//7256 7292//7292 7284//7284
f 7257//7257 7294//7294 7300//7300
f 7258//7258 7295//7295 7303//7303
f 7260//7260 7296//7296 7306//7306
f 7261//7261 7297//7297 7308//7308
f 7262//7262 7298//7298 7302//7302
f 7302//7302 7307//7307 7265//7265
f 7302//7302 7298//7298 7307//7307
f 7298//7298 7261//7261 7307//7307
f 7308//7308 7305//7305 7266//7266
f 7308//7308 7297//7297 7305//7305
f 7297//7297 7260//7260 7305//7305
f 7306//7306 7304//7304 7267//7267
f 7306//7306 7296//7296 7304//7304
f 7296//7296 7259//7259 7304//7304
f 7303//7303 7299//7299 7263//7263
f 7303//7303 7295//7295 7299//7299
f 7295//7295 7257//7257 7299//7299
f 7300//7300 7301//7301 7264//7264
f 7300//7300 7294//7294 7301//7301
f 7294//7294 7262//7262 7301//7301
f 7284//7284 7298//7298 7262//7262
f 7284//7284 7292//7292 7298//7298
f 7292//7292 7261//7261 7298//7298
f 7293//7293 7297//7297 7261//7261
f 7293//7293 7290//7290 7297//7297
f 7290//7290 7260//7260 7297//7297
f 7291//7291 7296//7296 7260//7260
f 7291//7291 7287//7287 7296//7296
f 7287//7287 7259//7259 7296//7296
f 7288//7288 7295//7295 7258//7258
f 7288//7288 7285//7285 7295//7295
f 7285//7285 7257//7257 7295//7295
f 7286//7286 7294//7294 7257//7257
f 7286//7286 7283//7283 7294//7294
f 7283//7283 7262//7262 7294//7294
f 7292//7292 7293//7293 7261//7261
f 7292//7292 7282//7282 7293//7293
f 7282//7282 7255//7255 7293//7293
f 7290//7290 7291//7291 7260//7260
f 7290//7290 7281//7281 7291//7291
f 7281//7281 7254//7254 7291//7291
f 7287//7287 7289//7289 7259//7259
f 7287//7287 7278//7278 7289//7289
f 7278//7278 7253//7253 7289//7289
f 7285//7285 7286//7286 7257//7257
f 7285//7285 7272//7272 7286//7286
f 7272//7272 7251//7251 7286//7286
f 7283//7283 7284//7284 7262//7262
f 7283//7283 7273//7273 7284//7284
f 7273//7273 7256//7256 7284//7284
f 7275//7275 7282//7282 7256//7256
f 7275//7275 7279//7279 7282//7282
f 7279//7279 7255//7255 7282//7282
f 7280//7280 7281//7281 7255//7255
f 7280//7280 7276//7276 7281//7281
f 7276//7276 7254//7254 7281//7281
f 7277//7277 7278//7278 7254//7254
f 7277//7277 7269//7269 7278//7278
f 7269//7269 7253//7253 7278//7278
f 7273//7273 7274//7274 7256//7256
f 7273//7273 7271//7271 7274//7274
f 7271//7271 7247//7247 7274//7274
f 7268//7268 7272//7272 7252//7252
f 7268//7268 7270//7270 7272//7272
f 7270//7270 7251//7251 7272//7272
f 7309//7309 7333//7333 7331//7331
f 7314//7314 7334//7334 7336//7336
f 7313//7313 7332//7332 7340//7340
f 7312//7312 7339//7339 7343//7343
f 7311//7311 7342//7342 7338//7338
f 7314//7314 7336//7336 7346//7346
f 7315//7315 7335//7335 7348//7348
f 7317//7317 7341//7341 7350//7350
f 7318//7318 7344//7344 7353//7353
f 7319//7319 7345//7345 7355//7355
f 7314//7314 7346//7346 7349//7349
f 7315//7315 7348//7348 7351//7351
f 7317//7317 7350//7350 7354//7354
f 7318//7318 7353//7353 7356//7356
f 7319//7319 7355//7355 7347//7347
f 7320//7320 7357//7357 7363//7363
f 7321//7321 7358//7358 7366//7366
f 7323//7323 7359//7359 7369//7369
f 7324//7324 7360//7360 7371//7371
f 7325//7325 7361//7361 7365//7365
f 7365//7365 7370//7370 7328//7328
f 7365//7365 7361//7361 7370//7370
f 7361//7361 7324//7324 7370//7370
f 7371//7371 7368//7368 7329//7329
f 7371//7371 7360//7360 7368//7368
f 7360//7360 7323//7323 7368//7368
f 7369//7369 7367//7367 7330//7330
f 7369//7369 7359//7359 7367//7367
f 7359//7359 7322//7322 7367//7367
f 7366//7366 7362//7362 7326//7326
f 7366//7366 7358//7358 7362//7362
f 7358//7358 7320//7320 7362//7362
f 7363//7363 7364//7364 7327//7327
f 7363//7363 7357//7357 7364//7364
f 7357//7357 7325//7325 7364//7364
f 7347//7347 7361//7361 7325//7325
f 7347//7347 7355//7355 7361//7361
f 7355//7355 7324//7324 7361//7361
f 7356//7356 7360//7360 7324//7324
f 7356//7356 7353//7353 7360//7360
f 7353//7353 7323//7323 7360//7360
f 7354//7354 7359//7359 7323//7323
f 7354//7354 7350//7350 7359//7359
f 7350//7350 7322//7322 7359//7359
f 7351//7351 7358//7358 7321//7321
f 7351//7351 7348//7348 7358//7358
f 7348//7348 7320//7320 7358//7358
f 7349//7349 7357//7357 7320//7320
f 7349//7349 7346//7346 7357//7357
f 7346//7346 7325//7325 7357//7357
f 7355//7355 7356//7356 7324//7324
f 7355//7355 7345//7345 7356//7356
f 7345//7345 7318//7318 7356//7356
f 7353//7353 7354//7354 7323//7323
f 7353//7353 7344//7344 7354//7354
f 7344//7344 7317//7317 7354//7354
f 7350//7350 7352//7352 7322//7322
f 7350//7350 7341//7341 7352//7352
f 7341//7341 7316//7316 7352//7352
f 7348//7348 7349//7349 7320//7320
f 7348//7348 7335//7335 7349//7349
f 7335//7335 7314//7314 7349//7349
f 7346//7346 7347//7347 7325//7325
f 7346//7346 7336//7336 7347//7347
f 7336//7336 7319//7319 7347//7347
f 7338//7338 7345//7345 7319//7319
f 7338//7338 7342//7342 7345//7345
f 7342//7342 7318//7318 7345//7345
f 7343//7343 7344//7344 7318//7318
f 7343//7343 7339//7339 7344//7344
f 7339//7339 7317//7317 7344//7344
f 7340//7340 7341//7341 7317//7317
f 7340//7340 7332//7332 7341//7341
f 7332//7332 7316//7316 7341//7341
f 7336//7336 7337//7337 7319//7319
f 7336//7336 7334//7334 7337//7337
f 7334//7334 7310//7310 7337//7337
f 7331//7331 7335//7335 7315//7315
f 7331//7331 7333//7333 7335//7335
f 7333//7333 7314//7314 7335//7335
f 7372//7372 7396//7396 7394//7394
f 7377//7377 7397//7397 7399//7399
f 7376//7376 7395//7395 7403//7403
f 7375//7375 7402//7402 7406//7406
f 7374//7374 7405//7405 7401//7401
f 7377//7377 7399//7399 7409//7409
f 7378//7378 7398//7398 7411//7411
f 7380//7380 7404//7404 7413//7413
f 7381//7381 7407//7407 7416//7416
f 7382//7382 7408//7408 7418//7418
f 7377//7377 7409//7409 7412//7412
f 7378//7378 7411//7411 7414//7414
f 7380//7380 7413//7413 7417//7417
f 7381//7381 7416//7416 7419//7419
f 7382//7382 7418//7418 7410//7410
f 7383//7383 7420//7420 7426//7426
f 7384//7384 7421//7421 7429//7429
f 7386//7386 7422//7422 7432//7432
f 7387//7387 7423//7423 7434//7434
f 7388//7388 7424//7424 7428//7428
f 7428//7428 7433//7433 7391//7391
f 7428//7428 7424//7424 7433//7433
f 7424//7424 7387//7387 7433//7433
f 7434//7434 7431//7431 7392//7392
f 7434//7434 7423//7423 7431//7431
f 7423//7423 7386//7386 7431//7431
f 7432//7432 7430//7430 7393//7393
f 7432//7432 7422//7422 7430//7430
f 7422//7422 7385//7385 7430//7430
f 7429//7429 7425//7425 7389//7389
f 7429//7429 7421//7421 7425//7425
f 7421//7421 7383//7383 7425//7425
f 7426//7426 7427//7427 7390//7390
f 7426//7426 7420//7420 7427//7427
f 7420//7420 7388//7388 7427//7427
f 7410//7410 7424//7424 7388//7388
f 7410//7410 7418//7418 7424//7424
f 7418//7418 7387//7387 7424//7424
f 7419//7419 7423//7423 7387//7387
f 7419//7419 7416//7416 7423//7423
f 7416//7416 7386//7386 7423//7423
f 7417//7417 7422//7422 7386//7386
f 7417//7417 7413//7413 7422//7422
f 7413//7413 7385//7385 7422//7422
f 7414//7414 7421//7421 7384//7384
f 7414//7414 7411//7411 7421//7421
f 7411//7411 7383//7383 7421//7421
f 7412//7412 7420//7420 7383//7383
f 7412//7412 7409//7409 7420//7420
f 7409//7409 7388//7388 7420//7420
f 7418//7418 7419//7419 7387//7387
f 7418//7418 7408//7408 7419//7419
f 7408//7408 7381//7381 7419//7419
f 7416//7416 7417//7417 7386//7386
f 7416//7416 7407//7407 7417//7417
f 7407//7407 7380//7380 7417//7417
f 7413//7413 7415//7415 7385//7385
f 7413//7413 7404//7404 7415//7415
f 7404//7404 7379//7379 7415//7415
f 7411//7411 7412//7412 7383//7383
f 7411//7411 7398//7398 7412//7412
f 7398//7398 7377//7377 7412//7412
f 7409//7409 7410//7410 7388//7388
f 7409//7409 7399//7399 7410//7410
f 7399//7399 7382//7382 7410//7410
f 7401//7401 7408//7408 7382//7382
f 7401//7401 7405//7405 7408//7408
f 7405//7405 7381//7381 7408//7408
f 7406//7406 7407//7407 7381//7381
f 7406//7406 7402//7402 7407//7407
f 7402//7402 7380//7380 7407//7407
f 7403//7403 7404//7404 7380//7380
f 7403//7403 7395//7395 7404//7404
f 7395//7395 7379//7379 7404//7404
f 7399//7399 7400//7400 7382//7382
f 7399//7399 7397//7397 7400//7400
f 7397//7397 7373//7373 7400//7400
f 7394//7394 7398//7398 7378//7378
f 7394//7394 7396//7396 7398//7398
f 7396//7396 7377//7377 7398//7398
