mtllib wire_006135006.mtl
o wire_006135006
v 0.05101 -0.02132 0.80011
v 0.05667 -0.01355 0.78728
v 0.04150 -0.01453 0.77481
v 0.04150 -0.01453 0.77481
v 0.02710 0.10025 0.88138
v 0.02710 0.10025 0.88138
v 0.04629 0.15969 0.93016
v -0.00650 0.17907 0.93774
v -0.00650 0.17907 0.93774
v 0.04714 0.14932 0.89830
v -0.02746 0.21024 0.94972
v -0.07472 0.20122 0.97843
v -0.12554 0.14142 0.96472
v -0.12554 0.14142 0.96472
v -0.12554 0.14142 0.96472
v -0.12849 0.17510 0.95272
v -0.16400 0.10267 0.96770
v -0.18416 0.10051 0.98991
v -0.22853 0.07494 1.03136
v -0.22853 0.07494 1.03136
v -0.33912 0.14337 1.04765
v -0.33912 0.14337 1.04765
v -0.32395 0.14962 1.06295
v -0.34055 0.15110 1.06389
v -0.34055 0.15110 1.06389
v -0.30987 0.28282 1.06054
v -0.30987 0.28282 1.06054
v -0.30226 0.23608 1.06724
v -0.30700 0.27731 1.04114
v -0.29310 0.34520 0.98699
v -0.31305 0.34057 0.93126
v -0.31663 0.35246 0.91572
v -0.31663 0.35246 0.91572
v -0.30579 0.31017 0.88138
v -0.35541 0.25622 0.87243
v -0.35541 0.25622 0.87243
v -0.35331 0.23787 0.87234
v -0.47025 0.22854 0.81065
v -0.47025 0.22854 0.81065
v -0.46246 0.21048 0.81874
v -0.52304 0.24946 0.79218
v -0.52304 0.24946 0.79218
v -0.55041 0.34541 0.71665
v -0.53234 0.33834 0.72595
v -0.50249 0.41258 0.67864
v -0.50249 0.41258 0.67864
v -0.45550 0.41843 0.64585
v -0.45550 0.41843 0.64585
v -0.45550 0.41843 0.64585
v -0.45550 0.41843 0.64585
v -0.44666 0.41667 0.61759
v -0.44666 0.41667 0.61759
v -0.43057 0.42008 0.61292
v -0.43057 0.42008 0.61292
v -0.43269 0.34772 0.55746
v -0.43269 0.34772 0.55746
v -0.44665 0.34058 0.56116
v -0.44665 0.34058 0.56116
v -0.43890 0.36074 0.55711
v -0.51931 0.25817 0.54303
v -0.52672 0.23788 0.53968
v -0.52672 0.23788 0.53968
v -0.53932 0.24056 0.52862
v -0.64247 0.27361 0.53203
v -0.64247 0.27361 0.53203
v -0.62533 0.25415 0.52816
v -0.62533 0.25415 0.52816
v -0.65079 0.29515 0.52215
v -0.67930 0.32229 0.49652
v -0.69606 0.36228 0.46298
v -0.69606 0.36228 0.46298
v -0.69283 0.33624 0.48559
v -0.69283 0.33624 0.48559
v -0.67760 0.37577 0.37187
v -0.68752 0.36983 0.37775
v -0.68752 0.36983 0.37775
v -0.67942 0.37591 0.37167
v -0.67355 0.33670 0.29661
v -0.67355 0.33670 0.29661
v -0.66619 0.30163 0.26747
v -0.68348 0.25351 0.24174
v -0.69992 0.25473 0.23488
v -0.69992 0.25473 0.23488
v -0.74398 0.20601 0.18740
v -0.79541 0.20243 0.14708
v -0.79541 0.20243 0.14708
v -0.81430 0.20994 0.10317
v -0.80300 0.21531 0.10185
v -0.77190 0.28198 0.04530
v -0.77190 0.28198 0.04530
v -0.75469 0.27325 0.04651
v -0.76020 0.27613 0.03971
v -0.68469 0.27532 0.03892
v -0.67574 0.27825 0.03131
v -0.66958 0.27642 0.04143
v -0.66958 0.27642 0.04143
v -0.58055 0.19041 0.07767
v -0.55431 0.18042 0.09345
v -0.55431 0.18042 0.09345
v -0.55727 0.17565 0.08958
v -0.54930 0.17050 0.16421
v -0.55419 0.17965 0.18585
v -0.61655 0.20299 0.18499
v -0.62257 0.20779 0.18788
v -0.58657 0.20303 0.20115
v -0.58657 0.20303 0.20115
v -0.62364 0.18823 0.11959
v -0.62715 0.19887 0.11882
v -0.62715 0.19887 0.11882
v -0.63094 0.19264 0.11622
v -0.57578 0.17937 0.12053
v -0.57578 0.17937 0.12053
v -0.57650 0.17704 0.12226
v -0.57582 0.17626 0.11885
v -0.02765 0.05693 0.96071
v -0.02765 0.05693 0.96071
v -0.05987 0.09080 0.98068
v -0.08902 0.11501 0.98166
v -0.08902 0.11501 0.98166
v -0.01053 0.07628 0.96166
v -0.01490 0.07736 0.94441
v -0.06710 0.14185 1.02913
v -0.05475 0.18122 1.10426
v -0.07651 0.17444 1.08836
v -0.07651 0.17444 1.08836
v -0.09087 0.25036 1.11473
v -0.09087 0.25036 1.11473
v -0.12432 0.28206 1.13762
v -0.18299 0.30906 1.08123
v -0.18299 0.30906 1.08123
v -0.15595 0.32346 1.11246
v -0.16450 0.31560 1.08242
v -0.19409 0.31082 1.03907
v -0.17893 0.25048 0.99345
v -0.20059 0.22039 1.00277
v -0.20059 0.22039 1.00277
v -0.19012 0.20109 0.98462
v -0.35835 0.14069 0.98677
v -0.35835 0.14069 0.98677
v -0.30274 0.15727 0.97521
v -0.31542 0.14042 0.97407
v -0.43346 0.20119 0.94894
v -0.43346 0.20119 0.94894
v -0.41195 0.18538 0.94809
v -0.45417 0.26597 0.83874
v -0.45417 0.26597 0.83874
v -0.44316 0.25468 0.86662
v -0.42349 0.31297 0.80153
v -0.42349 0.31297 0.80153
v -0.37024 0.32106 0.79141
v -0.29206 0.29651 0.73805
v -0.28005 0.29534 0.73025
v -0.28005 0.29534 0.73025
v -0.24743 0.21116 0.64585
v -0.25518 0.22020 0.63599
v -0.25518 0.22020 0.63599
v -0.27071 0.20906 0.62737
v -0.32775 0.17033 0.55364
v -0.32707 0.17825 0.54912
v -0.32707 0.17825 0.54912
v -0.38370 0.21502 0.50042
v -0.38370 0.21502 0.50042
v -0.38712 0.25526 0.46779
v -0.38404 0.25818 0.47565
v -0.30528 0.42636 0.39424
v -0.30528 0.42636 0.39424
v -0.31703 0.39690 0.40033
v -0.31797 0.45686 0.38125
v -0.32262 0.45613 0.38804
v -0.34903 0.50322 0.39566
v -0.35456 0.51034 0.40965
v -0.35456 0.51034 0.40965
v -0.34860 0.49521 0.39940
v -0.37417 0.50406 0.43784
v -0.36999 0.49874 0.43307
v -0.37495 0.48423 0.46414
v -0.36292 0.47419 0.47142
v -0.36292 0.47419 0.47142
v -0.36968 0.47193 0.46607
v -0.33469 0.42643 0.46166
v -0.33469 0.43240 0.45520
v -0.33469 0.43240 0.45520
v -0.33652 0.43254 0.45328
v -0.01268 0.07889 0.96198
v -0.01268 0.07889 0.96198
v -0.05336 0.07009 1.00741
v -0.05336 0.07009 1.00741
v -0.03249 0.06619 0.95079
v -0.02127 0.05498 0.95081
v -0.03046 0.04563 1.00289
v -0.09002 0.08357 1.01639
v -0.09002 0.08357 1.01639
v -0.09002 0.08357 1.01639
v -0.09039 0.05833 1.02223
v -0.19527 0.01784 0.96923
v -0.16431 0.04359 0.99576
v -0.20756 0.02702 0.98440
v -0.20756 0.02702 0.98440
v -0.24056 -0.05073 1.02778
v -0.25831 -0.04093 1.08179
v -0.25831 -0.04093 1.08179
v -0.26525 -0.05717 1.08028
v -0.27863 -0.03307 1.11977
v -0.34484 -0.02331 1.07140
v -0.39195 0.00470 1.01119
v -0.39195 0.00470 1.01119
v -0.39195 0.00470 1.01119
v -0.39195 0.00470 1.01119
v -0.40073 -0.00198 0.99780
v -0.40073 -0.00198 0.99780
v -0.40073 -0.00198 0.99780
v -0.38453 0.00310 0.99434
v -0.38453 0.00310 0.99434
v -0.37124 0.11083 1.01090
v -0.37124 0.11083 1.01090
v -0.35443 0.12380 1.00456
v -0.33330 0.13811 1.01294
v -0.28240 0.17459 0.95585
v -0.28240 0.17459 0.95585
v -0.24085 0.17521 0.88693
v -0.24939 0.18067 0.87546
v -0.24939 0.18067 0.87546
v -0.25703 0.16830 0.85134
v -0.30749 0.16656 0.72110
v -0.31418 0.17060 0.72161
v -0.31418 0.17060 0.72161
v -0.31833 0.15719 0.69709
v -0.29842 0.14516 0.67631
v -0.30213 0.14317 0.66776
v -0.30213 0.14317 0.66776
v -0.26694 0.09435 0.68302
v -0.27060 0.09243 0.68216
v -0.26900 0.09263 0.68137
v -0.26900 0.09263 0.68137
v -0.11454 0.00878 1.11915
v -0.09854 0.01063 1.10593
v -0.09854 0.01063 1.10593
v -0.09910 -0.01472 1.10892
v -0.09585 0.04111 1.24574
v -0.09585 0.04111 1.24574
v -0.06233 0.03424 1.26663
v -0.07158 0.02759 1.27802
v -0.04571 0.06795 1.30912
v -0.04571 0.06795 1.30912
v -0.00422 0.08894 1.33930
v -0.00569 0.15972 1.35057
v -0.00569 0.15972 1.35057
v 0.00969 0.18284 1.36011
v -0.02505 0.21888 1.38595
v -0.08998 0.25153 1.34232
v -0.08998 0.25153 1.34232
v -0.10389 0.26050 1.35669
v -0.10267 0.26613 1.33378
v -0.17199 0.14508 1.28902
v -0.17199 0.14508 1.28902
v -0.18992 0.14067 1.31679
v -0.18666 0.16215 1.29950
v -0.27870 0.13684 1.33579
v -0.31950 0.14504 1.35750
v -0.31279 0.13520 1.33900
v -0.31279 0.13520 1.33900
v -0.38821 0.22645 1.28561
v -0.38821 0.22645 1.28561
v -0.37485 0.22675 1.28645
v -0.37084 0.30578 1.23138
v -0.37084 0.30578 1.23138
v -0.34146 0.32822 1.21895
v -0.34005 0.31461 1.21335
v -0.28517 0.34810 1.19298
v -0.28517 0.34810 1.19298
v -0.25449 0.33955 1.18445
v -0.20767 0.32798 1.11118
v -0.21678 0.32243 1.10873
v -0.21678 0.32243 1.10873
v -0.21441 0.32767 1.12988
v -0.21652 0.22053 1.02275
v -0.21991 0.24103 1.03515
v -0.21991 0.24103 1.03515
v -0.23398 0.21134 1.02015
v -0.29800 0.20454 0.95684
v -0.29800 0.20454 0.95684
v -0.34202 0.23086 0.90200
v -0.32453 0.23420 0.91507
v -0.32453 0.23420 0.91507
v -0.33281 0.31203 0.86492
v -0.32887 0.31736 0.86388
v -0.32887 0.31736 0.86388
v -0.26266 0.39791 0.78515
v -0.25178 0.42444 0.76806
v -0.25178 0.42444 0.76806
v -0.26037 0.47674 0.71036
v -0.28593 0.49677 0.70683
v -0.26906 0.48447 0.72054
v -0.26906 0.48447 0.72054
v -0.31637 0.52846 0.74223
v -0.31637 0.52846 0.74223
v -0.32493 0.53249 0.74687
v -0.32839 0.52143 0.79070
v -0.31222 0.51039 0.82007
v -0.31134 0.51330 0.80697
v -0.31134 0.51330 0.80697
v -0.25389 0.45953 0.78296
v -0.25389 0.45953 0.78296
v -0.27609 0.46822 0.81585
v -0.25647 0.45871 0.78218
v -0.26091 0.46090 0.77987
v -0.11771 -0.01693 1.31114
v -0.11771 -0.01693 1.31114
v -0.09823 -0.02203 1.32684
v -0.13784 0.02646 1.39844
v -0.13784 0.02646 1.39844
v -0.09936 -0.00698 1.31328
v -0.11354 0.06768 1.43874
v -0.10011 0.07081 1.46770
v -0.12177 0.13624 1.51692
v -0.12177 0.13624 1.51692
v -0.12649 0.15488 1.50020
v -0.15436 0.15325 1.52353
v -0.15436 0.15325 1.52353
v -0.16685 0.17882 1.54702
v -0.21748 0.18568 1.57016
v -0.25379 0.16268 1.60689
v -0.25379 0.16268 1.60689
v -0.25188 0.16327 1.68339
v -0.25188 0.16327 1.68339
v -0.24148 0.19272 1.71115
v -0.26073 0.23869 1.74308
v -0.26073 0.23869 1.74308
v -0.24332 0.25407 1.73458
v -0.21677 0.37687 1.72937
v -0.21677 0.37687 1.72937
v -0.21677 0.37687 1.72937
v -0.23076 0.38333 1.71689
v -0.22635 0.36759 1.70528
v -0.16775 0.37321 1.64805
v -0.17600 0.39095 1.60298
v -0.17118 0.39805 1.55834
v -0.17118 0.39805 1.55834
v -0.21905 0.37917 1.50399
v -0.23099 0.39516 1.50474
v -0.23099 0.39516 1.50474
v -0.23900 0.38068 1.52931
v -0.30620 0.37467 1.54362
v -0.30620 0.37467 1.54362
v -0.30871 0.36225 1.55862
v -0.38450 0.40230 1.52200
v -0.37945 0.39556 1.50535
v -0.37945 0.39556 1.50535
v -0.39288 0.38993 1.51616
v -0.39794 0.42901 1.36199
v -0.39794 0.42901 1.36199
v -0.41301 0.42022 1.38199
v -0.41301 0.42022 1.38199
v -0.41870 0.40149 1.39885
v -0.38401 0.48219 1.33491
v -0.28134 0.55028 1.31901
v -0.28134 0.55028 1.31901
v -0.28272 0.52796 1.31941
v -0.28272 0.52796 1.31941
v -0.29894 0.53281 1.31457
v -0.21815 0.50934 1.23162
v -0.19193 0.48773 1.21489
v -0.19193 0.48773 1.21489
v -0.19147 0.48293 1.20121
v -0.22532 0.39588 1.14602
v -0.24384 0.37498 1.11965
v -0.24384 0.37498 1.11965
v -0.27491 0.36915 1.08897
v -0.27491 0.36915 1.08897
v -0.32164 0.38546 1.06178
v -0.35153 0.42521 1.01001
v -0.34781 0.43126 0.99015
v -0.34781 0.43126 0.99015
v -0.34149 0.43887 0.99366
v -0.30925 0.50948 0.90693
v -0.30920 0.49884 0.90260
v -0.30920 0.49884 0.90260
v -0.25891 0.51799 0.87524
v -0.16018 0.47167 0.80737
v -0.16018 0.47167 0.80737
v -0.16777 0.48142 0.81232
v -0.09186 0.43847 0.71433
v -0.09526 0.45086 0.70778
v -0.10082 0.44312 0.71279
v -0.10082 0.44312 0.71279
v -0.03736 0.54218 0.68847
v -0.05568 0.49801 0.66598
v -0.05568 0.49801 0.66598
v -0.01723 0.54863 0.70573
v -0.00964 0.55681 0.74506
v -0.00964 0.55681 0.74506
v -0.01186 0.51418 0.80611
v -0.01392 0.48900 0.80972
v -0.01155 0.49477 0.81527
v -0.01155 0.49477 0.81527
v -0.05912 0.42628 0.81730
v -0.05559 0.43862 0.82113
v -0.04902 0.43436 0.82587
v -0.04902 0.43436 0.82587
v -0.09579 0.43085 0.79906
v -0.09795 0.42344 0.79908
v -0.09795 0.42344 0.79908
v -0.10621 0.43932 0.77590
v -0.10769 0.45291 0.77488
v -0.11201 0.46169 0.76354
v -0.11201 0.46169 0.76354
v -0.08019 0.48764 0.76151
v -0.07962 0.48671 0.75808
v -0.09293 -0.00881 1.31892
v -0.09293 -0.00881 1.31892
v -0.09027 -0.00838 1.35470
v -0.09027 -0.00838 1.35470
v -0.11665 -0.01772 1.32500
v -0.10988 -0.03163 1.32141
v -0.08241 -0.02690 1.37333
v -0.08241 -0.02690 1.37333
v -0.12862 0.00638 1.40092
v -0.11965 0.02753 1.40817
v -0.11965 0.02753 1.40817
v -0.15389 0.02689 1.39717
v -0.24093 0.00754 1.45083
v -0.23334 0.03127 1.45521
v -0.23334 0.03127 1.45521
v -0.21911 0.01419 1.46084
v -0.28680 0.10689 1.51367
v -0.28680 0.10689 1.51367
v -0.30255 0.09082 1.51263
v -0.28180 0.08230 1.51493
v -0.28180 0.08230 1.51493
v -0.23934 0.14549 1.56929
v -0.18693 0.16443 1.54774
v -0.19238 0.14450 1.55939
v -0.19238 0.14450 1.55939
v -0.15386 0.16233 1.52095
v -0.15386 0.16233 1.52095
v -0.12897 0.17360 1.51633
v -0.13182 0.15484 1.49452
v -0.13182 0.15484 1.49452
v -0.16001 0.16724 1.44225
v -0.14633 0.15668 1.43301
v -0.18993 0.16231 1.42198
v -0.18993 0.16231 1.42198
v -0.23425 0.21805 1.38236
v -0.24103 0.25205 1.39392
v -0.25397 0.27588 1.38402
v -0.25397 0.27588 1.38402
v -0.20356 0.35096 1.32474
v -0.20356 0.35096 1.32474
v -0.20063 0.35941 1.34393
v -0.20063 0.35941 1.34393
v -0.20063 0.35941 1.34393
v -0.18926 0.35340 1.32629
v -0.18926 0.35340 1.32629
v -0.18926 0.35340 1.32629
v -0.19625 0.32316 1.23790
v -0.18036 0.26500 1.21803
v -0.18036 0.26500 1.21803
v -0.20894 0.18721 1.20332
v -0.22796 0.16056 1.19781
v -0.26578 0.13588 1.20917
v -0.26578 0.13588 1.20917
v -0.39205 0.13752 1.17048
v -0.33862 0.11954 1.19001
v -0.35869 0.12906 1.19002
v -0.35869 0.12906 1.19002
v -0.41832 0.15700 1.12976
v -0.41832 0.15700 1.12976
v -0.40861 0.15454 1.12999
v -0.39290 0.18582 1.04164
v -0.39088 0.17898 1.02793
v -0.39088 0.17898 1.02793
v -0.37753 0.17440 1.02501
v -0.28410 0.16747 0.94056
v -0.27920 0.16132 0.93877
v -0.27724 0.16399 0.92887
v -0.27724 0.16399 0.92887
v -0.23974 0.20485 0.93099
v -0.23018 0.21672 0.93074
v -0.23018 0.21672 0.93074
v -0.23204 0.20348 0.93092
v -0.23510 0.23816 0.96340
v -0.22852 0.23739 0.96740
v -0.23240 0.24330 0.96478
v -0.23240 0.24330 0.96478
v -0.25906 0.22913 0.99223
v -0.25906 0.22913 0.99223
v -0.25941 0.22591 0.99023
v -0.25677 0.22600 0.99224
v -0.07923 -0.00747 1.52766
v -0.08034 0.01433 1.52472
v -0.10494 0.00012 1.51313
v -0.10494 0.00012 1.51313
v -0.11784 0.01739 1.67867
v -0.11784 0.01739 1.67867
v -0.09262 0.01147 1.68795
v -0.09262 0.01147 1.68795
v -0.12076 0.05735 1.70690
v -0.15524 0.09430 1.81583
v -0.17376 0.09829 1.80749
v -0.17376 0.09829 1.80749
v -0.12804 0.06580 1.89893
v -0.10411 -0.02070 1.92213
v -0.10411 -0.02070 1.92213
v -0.12049 -0.00253 1.90109
v -0.12049 -0.00253 1.90109
v -0.10361 -0.02925 1.87832
v -0.12299 -0.04232 1.84669
v -0.12299 -0.04232 1.84669
v -0.09976 -0.05415 1.83561
v -0.07591 -0.06919 1.77435
v -0.07591 -0.06919 1.77435
v -0.06685 -0.09248 1.78497
v -0.08731 -0.08666 1.78775
v -0.06627 -0.22999 1.77907
v -0.06627 -0.22999 1.77907
v -0.05079 -0.20766 1.78897
v -0.08245 -0.21681 1.79457
v -0.00971 -0.20089 1.84690
v -0.00971 -0.20089 1.84690
v -0.00343 -0.18157 1.87215
v 0.04487 -0.24337 1.86852
v 0.04487 -0.24337 1.86852
v 0.02038 -0.23072 1.88442
v 0.05193 -0.25561 1.87508
v 0.03320 -0.32782 1.81107
v 0.01512 -0.35622 1.75759
v -0.04376 -0.36906 1.75365
v -0.04376 -0.36906 1.75365
v -0.03847 -0.36496 1.76850
v -0.03847 -0.36496 1.76850
v -0.07458 -0.38134 1.76963
v -0.16954 -0.33011 1.67383
v -0.16954 -0.33011 1.67383
v -0.16960 -0.35005 1.68655
v -0.17164 -0.34459 1.70281
v -0.17164 -0.34459 1.70281
v -0.15927 -0.25509 1.59150
v -0.15927 -0.25509 1.59150
v -0.15927 -0.25509 1.59150
v -0.17252 -0.25465 1.61346
v -0.17252 -0.25465 1.61346
v -0.15182 -0.24295 1.59860
v -0.15182 -0.24295 1.59860
v -0.15182 -0.24295 1.59860
v -0.13869 -0.26726 1.50288
v -0.11578 -0.30296 1.48313
v -0.11578 -0.30296 1.48313
v -0.12145 -0.33448 1.46278
v -0.10430 -0.37076 1.45232
v -0.14445 -0.45143 1.46623
v -0.14445 -0.45143 1.46623
v -0.14971 -0.45124 1.45636
v -0.15938 -0.46991 1.46814
v -0.15938 -0.46991 1.46814
v -0.27749 -0.50177 1.47396
v -0.27749 -0.50177 1.47396
v -0.25159 -0.49878 1.46974
v -0.28322 -0.48807 1.46780
v -0.36455 -0.45468 1.37434
v -0.36455 -0.45468 1.37434
v -0.34973 -0.46311 1.38316
v -0.36282 -0.45862 1.34265
v -0.36282 -0.45862 1.34265
v -0.33518 -0.47185 1.24106
v -0.33518 -0.47185 1.24106
v -0.32468 -0.47126 1.24129
v -0.29769 -0.53374 1.18613
v -0.30183 -0.59260 1.12588
v -0.31889 -0.61114 1.10562
v -0.31889 -0.61114 1.10562
v -0.33976 -0.62367 1.04386
v -0.33569 -0.61271 1.04335
v -0.33369 -0.55875 0.99164
v -0.35228 -0.57010 0.98793
v -0.35228 -0.57010 0.98793
v -0.33810 -0.56076 0.98402
v -0.26352 -0.49305 1.00065
v -0.27222 -0.49263 0.98803
v -0.25565 -0.48500 1.00900
v -0.25565 -0.48500 1.00900
v -0.20321 -0.50361 1.14643
v -0.19949 -0.48833 1.08942
v -0.19949 -0.48833 1.08942
v -0.19419 -0.49134 1.08466
v -0.20310 -0.49653 1.14353
v -0.21705 -0.49352 1.15059
v -0.21705 -0.49352 1.15059
v -0.26347 -0.50208 1.16511
v -0.27716 -0.50232 1.15015
v -0.27716 -0.50232 1.15015
v -0.28382 -0.51905 1.12355
v -0.28780 -0.51853 1.12353
v -0.24613 -0.52942 1.08534
v -0.24613 -0.52942 1.08534
v -0.24568 -0.53259 1.08876
v -0.24301 -0.53052 1.09500
v -0.19038 -0.06634 1.86814
v -0.19038 -0.06634 1.86814
v -0.23191 -0.03951 1.84275
v -0.23191 -0.03951 1.84275
v -0.19721 -0.07111 1.87321
v -0.20870 -0.06843 1.89202
v -0.27783 -0.08674 1.75086
v -0.29065 -0.07144 1.75778
v -0.29065 -0.07144 1.75778
v -0.29596 -0.09435 1.76533
v -0.37379 -0.06974 1.72759
v -0.37379 -0.06974 1.72759
v -0.38638 -0.08794 1.72249
v -0.37603 -0.07941 1.74563
v -0.45424 0.01789 1.76139
v -0.45424 0.01789 1.76139
v -0.45394 -0.00808 1.77280
v -0.44226 0.01144 1.78102
v -0.52400 0.04641 1.74075
v -0.55665 0.03267 1.68103
v -0.53967 0.04291 1.67655
v -0.53967 0.04291 1.67655
v -0.55723 0.04973 1.65768
v -0.49542 0.02816 1.61597
v -0.49542 0.02816 1.61597
v -0.47660 0.01500 1.57740
v -0.47660 0.01500 1.57740
v -0.50834 0.01407 1.59320
v -0.50277 -0.05860 1.52422
v -0.53721 -0.06721 1.49761
v -0.56205 -0.07921 1.46644
v -0.56205 -0.07921 1.46644
v -0.66024 -0.09713 1.45313
v -0.66024 -0.09713 1.45313
v -0.72281 -0.05730 1.44535
v -0.72281 -0.05730 1.44535
v -0.69370 -0.05573 1.44936
v -0.74735 0.08049 1.43294
v -0.73223 0.08653 1.42191
v -0.74201 0.10138 1.40976
v -0.74201 0.10138 1.40976
v -0.67349 0.17570 1.34704
v -0.66179 0.18249 1.26013
v -0.66179 0.18249 1.26013
v -0.64199 0.17220 1.23939
v -0.64199 0.17220 1.23939
v -0.64791 0.17518 1.22197
v -0.64791 0.17518 1.22197
v -0.64791 0.17518 1.22197
v -0.59481 0.03498 1.11952
v -0.59481 0.03498 1.11952
v -0.59481 0.03498 1.11952
v -0.59600 0.05211 1.11194
v -0.59600 0.05211 1.11194
v -0.58696 0.04545 1.12226
v -0.61398 0.01701 1.01443
v -0.63020 0.01649 1.01127
v -0.63020 0.01649 1.01127
v -0.64409 0.00411 0.99001
v -0.72560 0.06290 0.93491
v -0.72995 0.07457 0.94490
v -0.72995 0.07457 0.94490
v -0.75774 0.11864 0.92469
v -0.74054 0.20221 0.91458
v -0.74054 0.20221 0.91458
v -0.74280 0.20275 0.90344
v -0.71801 0.24667 0.90073
v -0.71801 0.24667 0.90073
v -0.66703 0.27709 0.85130
v -0.63106 0.27534 0.81412
v -0.63106 0.27534 0.81412
v -0.63202 0.27871 0.80507
v -0.63202 0.27871 0.80507
v -0.63178 0.22486 0.71342
v -0.65357 0.21033 0.67699
v -0.65357 0.21033 0.67699
v -0.67816 0.20543 0.66748
v -0.75862 0.19029 0.57175
v -0.75969 0.19459 0.54516
v -0.75969 0.19459 0.54516
v -0.76575 0.19673 0.54669
v -0.75754 0.16165 0.47898
v -0.75542 0.16227 0.46763
v -0.73993 0.15185 0.46523
v -0.73993 0.15185 0.46523
v -0.71927 0.09265 0.47850
v -0.71565 0.08886 0.47191
v -0.70943 0.08557 0.48473
v -0.70943 0.08557 0.48473
v -0.71886 0.06202 0.53141
v -0.71331 0.05999 0.54041
v -0.71331 0.05999 0.54041
v -0.71663 0.05308 0.53817
v -0.76135 0.09501 0.60405
v -0.76238 0.09503 0.61120
v -0.75455 0.09536 0.60746
v -0.75455 0.09536 0.60746
v -0.76233 0.16500 0.59809
v -0.76374 0.16780 0.60507
v -0.75726 0.16627 0.60315
v -0.75726 0.16627 0.60315
v -0.74321 0.17711 0.57309
v -0.73725 0.17757 0.57597
v -0.73725 0.17757 0.57597
v -0.73177 0.18232 0.56297
v -0.72245 0.14951 0.54304
v -0.71998 0.14905 0.54502
v -0.71998 0.14905 0.54502
v -0.20004 -0.08102 1.88531
v -0.20004 -0.08102 1.88531
v -0.26745 -0.04098 1.90030
v -0.26745 -0.04098 1.90030
v -0.19448 -0.06793 1.87653
v -0.20303 -0.07797 1.85251
v -0.24382 -0.02527 1.90318
v -0.25959 0.07719 1.93225
v -0.26912 0.04650 1.91390
v -0.29654 0.08826 1.91885
v -0.29654 0.08826 1.91885
v -0.32770 0.13475 1.86168
v -0.34689 0.12910 1.86927
v -0.34689 0.12910 1.86927
v -0.34761 0.10997 1.80223
v -0.36106 0.10214 1.78523
v -0.36106 0.10214 1.78523
v -0.33424 0.09933 1.76799
v -0.30030 -0.00895 1.76980
v -0.31853 -0.00687 1.75432
v -0.31853 -0.00687 1.75432
v -0.34343 -0.07049 1.69416
v -0.39721 -0.08891 1.68294
v -0.39721 -0.08891 1.68294
v -0.37850 -0.09273 1.67202
v -0.51523 -0.04393 1.66937
v -0.50594 -0.03236 1.66239
v -0.51047 -0.02740 1.67304
v -0.51047 -0.02740 1.67304
v -0.55147 0.03038 1.62879
v -0.55147 0.03038 1.62879
v -0.54133 0.07888 1.55027
v -0.54041 0.08465 1.54074
v -0.54041 0.08465 1.54074
v -0.54167 0.07533 1.53553
v -0.44466 0.11110 1.47794
v -0.44466 0.11110 1.47794
v -0.41169 0.08994 1.45763
v -0.41169 0.08994 1.45763
v -0.39073 0.07284 1.43277
v -0.37549 0.00246 1.34397
v -0.37549 0.00246 1.34397
v -0.38625 0.01805 1.36990
v -0.38525 -0.00401 1.34734
v -0.41503 -0.02190 1.26051
v -0.41524 -0.01429 1.27294
v -0.41025 -0.00994 1.25536
v -0.41025 -0.00994 1.25536
v -0.41677 0.03978 1.19978
v -0.40696 0.03720 1.20187
v -0.40696 0.03720 1.20187
v -0.41443 0.02727 1.20135
v -0.32690 0.09702 1.20133
v -0.33658 0.08552 1.21146
v -0.33658 0.08552 1.21146
v -0.34201 0.09189 1.20958
v -0.27939 0.06152 1.28749
v -0.28452 0.05175 1.28883
v -0.28452 0.05175 1.28883
v -0.29175 0.04267 1.31476
v -0.32621 0.04094 1.32552
v -0.32621 0.04094 1.32552
v -0.32531 0.04082 1.32831
v -0.32569 0.04407 1.32763
v -0.40752 0.05336 1.79488
v -0.40485 0.04714 1.81330
v -0.40485 0.04714 1.81330
v -0.41821 0.03393 1.79240
v -0.53869 0.07929 1.82872
v -0.53869 0.07929 1.82872
v -0.54707 0.10285 1.81285
v -0.54707 0.10285 1.81285
v -0.53266 0.07572 1.81202
v -0.56969 0.00750 1.82673
v -0.56983 -0.00820 1.85420
v -0.66503 -0.04009 1.83106
v -0.66503 -0.04009 1.83106
v -0.66056 -0.06270 1.83389
v -0.73858 -0.03463 1.84072
v -0.76079 0.00008 1.81504
v -0.76079 0.00008 1.81504
v -0.80634 0.02969 1.78508
v -0.79952 0.05130 1.78652
v -0.79952 0.05130 1.78652
v -0.78923 0.08666 1.70084
v -0.79098 0.10207 1.70430
v -0.79098 0.10207 1.70430
v -0.78308 0.10535 1.66548
v -0.69773 0.08305 1.59847
v -0.69773 0.08305 1.59847
v -0.71662 0.07715 1.59791
v -0.69853 0.06244 1.60416
v -0.69078 -0.03227 1.55335
v -0.68956 -0.02157 1.54320
v -0.68267 -0.04177 1.54146
v -0.68267 -0.04177 1.54146
v -0.75138 -0.09776 1.48655
v -0.75138 -0.09776 1.48655
v -0.75138 -0.09776 1.48655
v -0.75571 -0.08927 1.46490
v -0.75571 -0.08927 1.46490
v -0.75571 -0.08927 1.46490
v -0.75258 -0.08292 1.48108
v -0.75258 -0.08292 1.48108
v -0.79458 -0.02568 1.42537
v -0.78455 0.05421 1.40899
v -0.78455 0.05421 1.40899
v -0.76763 0.04732 1.40296
v -0.75556 0.08233 1.39049
v -0.65887 0.11735 1.37401
v -0.68445 0.11623 1.38096
v -0.68445 0.11623 1.38096
v -0.64530 0.10475 1.37684
v -0.60949 0.09901 1.36598
v -0.60949 0.09901 1.36598
v -0.56883 0.07236 1.31437
v -0.56883 0.07236 1.31437
v -0.57546 0.06681 1.30453
v -0.57120 0.05439 1.29757
v -0.60229 0.03279 1.20304
v -0.59633 0.03898 1.19683
v -0.59633 0.03898 1.19683
v -0.61338 0.04986 1.19221
v -0.71076 0.14006 1.07502
v -0.70825 0.13044 1.07563
v -0.70000 0.13407 1.07553
v -0.70000 0.13407 1.07553
v -0.75475 0.11877 1.03292
v -0.75432 0.12372 1.02495
v -0.75432 0.12372 1.02495
v -0.77621 0.11197 1.02363
v -0.78745 0.08191 1.03366
v -0.79392 0.07467 1.03305
v -0.79392 0.07467 1.03305
v -0.79896 0.06003 1.06764
v -0.78680 0.05844 1.07731
v -0.78889 0.05181 1.08403
v -0.78889 0.05181 1.08403
v -0.76924 0.06640 1.09907
v -0.76814 0.07118 1.10837
v -0.74540 0.08437 1.10538
v -0.76094 0.06835 1.10915
v -0.76094 0.06835 1.10915
v -0.40764 0.03497 1.80999
v -0.40983 0.02803 1.78969
v -0.40983 0.02803 1.78969
v -0.47972 0.01204 1.81554
v -0.47972 0.01204 1.81554
v -0.46688 0.02976 1.83576
v -0.41781 0.05269 1.78791
v -0.50842 0.03154 1.89398
v -0.50842 0.03154 1.89398
v -0.56553 0.05332 1.92791
v -0.56553 0.05332 1.92791
v -0.55795 0.07334 1.94204
v -0.61342 0.07176 1.93824
v -0.70189 0.02222 1.93809
v -0.69874 0.01931 1.91220
v -0.69874 0.01931 1.91220
v -0.72622 0.01755 1.89074
v -0.71404 -0.04126 1.82577
v -0.68893 -0.03981 1.81622
v -0.68893 -0.03981 1.81622
v -0.68690 -0.04856 1.79330
v -0.63153 -0.13733 1.81018
v -0.63153 -0.13733 1.81018
v -0.61804 -0.12389 1.81060
v -0.61804 -0.12389 1.81060
v -0.62396 -0.14376 1.79712
v -0.64768 -0.20525 1.78535
v -0.71044 -0.21966 1.77045
v -0.71044 -0.21966 1.77045
v -0.70933 -0.21132 1.75607
v -0.74965 -0.21608 1.74673
v -0.85840 -0.14087 1.73553
v -0.85840 -0.14087 1.73553
v -0.84031 -0.15518 1.73560
v -0.84031 -0.15518 1.73560
v -0.84031 -0.15518 1.73560
v -0.84139 -0.13749 1.73031
v -0.84139 -0.13749 1.73031
v -0.84139 -0.13749 1.73031
v -0.80787 -0.09771 1.57709
v -0.81405 -0.09540 1.59391
v -0.81405 -0.09540 1.59391
v -0.82404 -0.09807 1.58704
v -0.65996 -0.11434 1.55007
v -0.65996 -0.11434 1.55007
v -0.73382 -0.08384 1.55496
v -0.65305 -0.13529 1.53609
v -0.62652 -0.14920 1.53377
v -0.62652 -0.14920 1.53377
v -0.62112 -0.23880 1.47574
v -0.63398 -0.24455 1.46725
v -0.62824 -0.24600 1.47420
v -0.62824 -0.24600 1.47420
v -0.66652 -0.20892 1.35509
v -0.65148 -0.23834 1.39004
v -0.66250 -0.24333 1.37329
v -0.66250 -0.24333 1.37329
v -0.64179 -0.15017 1.34319
v -0.62648 -0.05958 1.36768
v -0.62648 -0.05958 1.36768
v -0.63339 -0.06998 1.37309
v -0.63659 -0.03993 1.39948
v -0.66045 -0.04624 1.41354
v -0.67153 -0.04448 1.42249
v -0.67153 -0.04448 1.42249
v -0.68588 -0.07261 1.43243
v -0.68748 -0.07088 1.43448
v -0.68748 -0.07088 1.43448
v -0.68525 -0.07141 1.43604
v -0.63752 -0.01425 1.87174
v -0.63752 -0.01425 1.87174
v -0.65205 -0.02191 1.85466
v -0.63141 -0.03252 1.87401
v -0.72335 -0.08644 1.97714
v -0.72335 -0.08644 1.97714
v -0.70287 -0.09461 1.97111
v -0.72121 -0.10614 1.95667
v -0.70015 -0.21682 1.97377
v -0.74041 -0.25742 1.98939
v -0.74041 -0.25742 1.98939
v -0.72959 -0.23240 1.96892
v -0.84787 -0.25567 1.98165
v -0.84078 -0.28461 1.96596
v -0.91385 -0.23331 2.00477
v -0.91385 -0.23331 2.00477
v -0.92234 -0.12030 2.03299
v -0.92234 -0.12030 2.03299
v -0.91625 -0.11896 2.00972
v -0.93099 -0.12831 2.02630
v -0.86322 -0.02201 1.96658
v -0.86322 -0.02201 1.96658
v -0.87944 -0.02052 1.94764
v -0.88114 0.02276 1.88342
v -0.88114 0.02276 1.88342
v -0.91520 0.01561 1.85111
v -0.95872 0.01190 1.80306
v -0.95872 0.01190 1.80306
v -0.95815 -0.01402 1.77537
v -0.95815 -0.01402 1.77537
v -0.94427 -0.02510 1.78557
v -0.92928 -0.08701 1.78527
v -0.92928 -0.08701 1.78527
v -0.93127 -0.15092 1.81700
v -0.94304 -0.11021 1.80155
v -0.97555 -0.17591 1.80670
v -1.02154 -0.21050 1.76907
v -1.02154 -0.21050 1.76907
v -1.06516 -0.22354 1.76065
v -1.06516 -0.22354 1.76065
v -1.09417 -0.20050 1.75418
v -1.17896 -0.13015 1.71714
v -1.14350 -0.15814 1.73151
v -1.17336 -0.11762 1.69825
v -1.17336 -0.11762 1.69825
v -1.15797 -0.04790 1.64079
v -1.15797 -0.04790 1.64079
v -1.15796 -0.03282 1.61950
v -1.15538 -0.03071 1.63483
v -1.05579 -0.00233 1.54739
v -1.05579 -0.00233 1.54739
v -1.03516 0.00075 1.54551
v -1.03516 0.00075 1.54551
v -1.03516 0.00075 1.54551
v -1.03516 0.00075 1.54551
v -1.02810 0.01225 1.52808
v -1.02810 0.01225 1.52808
v -1.03316 -0.06925 1.38444
v -1.03143 -0.05522 1.41896
v -1.03143 -0.05522 1.41896
v -1.03668 -0.10572 1.37333
v -1.07724 -0.13104 1.37963
v -1.07724 -0.13104 1.37963
v -1.16384 -0.16527 1.37215
v -1.18023 -0.16922 1.37959
v -1.18023 -0.16922 1.37959
v -1.14577 -0.17328 1.37291
v -1.25283 -0.14619 1.35670
v -1.25711 -0.15109 1.36443
v -1.28961 -0.11660 1.34693
v -1.28961 -0.11660 1.34693
v -1.29816 -0.08897 1.32003
v -1.30882 -0.07353 1.29473
v -1.31611 -0.04321 1.27211
v -1.31611 -0.04321 1.27211
v -1.29767 -0.01821 1.22376
v -1.27225 -0.02104 1.16039
v -1.28798 -0.01842 1.17481
v -1.28798 -0.01842 1.17481
v -1.24882 -0.06958 1.09344
v -1.24882 -0.06958 1.09344
v -1.27923 -0.15600 1.02786
v -1.26350 -0.13971 1.04240
v -1.30462 -0.17518 0.91975
v -1.30437 -0.16533 0.92976
v -1.30437 -0.16533 0.92976
v -1.29535 -0.15508 0.88131
v -1.22803 -0.13276 0.85913
v -1.26816 -0.13797 0.87038
v -1.26816 -0.13797 0.87038
v -1.17322 -0.12309 0.86892
v -1.14844 -0.15695 0.92523
v -1.18709 -0.12262 0.87532
v -1.18709 -0.12262 0.87532
v -1.15080 -0.18544 0.98341
v -1.15080 -0.18544 0.98341
v -1.15865 -0.19955 1.00759
v -1.19659 -0.20399 1.04867
v -1.20668 -0.18572 1.05420
v -1.20668 -0.18572 1.05420
v -1.21056 -0.18800 1.06177
v -1.23811 -0.14067 1.04560
v -1.23811 -0.14067 1.04560
v -1.24744 -0.12463 1.02092
v -1.23814 -0.14966 1.05642
v -1.24308 -0.12325 1.02863
v -1.19020 -0.16060 0.99923
v -1.19020 -0.16060 0.99923
v -1.19191 -0.16631 0.98613
v -1.19541 -0.16706 0.99001
v -0.63357 -0.04578 1.86593
v -0.63357 -0.04578 1.86593
v -0.75475 -0.05432 1.83732
v -0.75475 -0.05432 1.83732
v -0.63842 -0.03592 1.88357
v -0.63911 -0.02478 1.86271
v -0.76541 -0.01324 1.83232
v -0.76541 -0.01324 1.83232
v -0.77095 -0.02563 1.85178
v -0.81472 0.04006 1.83850
v -0.81472 0.04006 1.83850
v -0.79741 0.05862 1.84223
v -0.89016 0.10233 1.82352
v -0.90634 0.08579 1.79536
v -0.90634 0.08579 1.79536
v -0.87583 0.10238 1.80693
v -0.87583 0.10238 1.80693
v -0.92904 0.07057 1.74905
v -0.94154 0.00309 1.74339
v -0.94154 0.00309 1.74339
v -0.97800 -0.01720 1.75883
v -1.02944 -0.05581 1.75792
v -1.02944 -0.05581 1.75792
v -1.01476 -0.04082 1.74803
v -1.12506 -0.00791 1.73551
v -1.12506 -0.00791 1.73551
v -1.12769 0.02613 1.71515
v -1.15946 0.04733 1.69532
v -1.15946 0.04733 1.69532
v -1.14396 0.09184 1.69492
v -1.12710 0.15190 1.67341
v -1.12710 0.15190 1.67341
v -1.12477 0.17500 1.67878
v -1.12477 0.17500 1.67878
v -1.10170 0.18701 1.66211
v -1.05608 0.22136 1.53151
v -1.05608 0.22136 1.53151
v -1.06290 0.22946 1.55278
v -1.05416 0.21815 1.55115
v -0.99364 0.14184 1.48767
v -0.99364 0.14184 1.48767
v -0.99435 0.10006 1.47646
v -1.02334 0.05581 1.44066
v -1.07045 0.03496 1.38065
v -1.07856 0.04273 1.38113
v -1.07856 0.04273 1.38113
v -1.11655 0.04437 1.35026
v -1.14800 0.09689 1.28457
v -1.14502 0.09601 1.29942
v -1.14502 0.09601 1.29942
v -1.15391 0.09228 1.29808
v -1.10701 0.16730 1.22421
v -1.10701 0.16730 1.22421
v -1.10256 0.17837 1.22143
v -1.10256 0.17837 1.22143
v -1.07574 0.18755 1.19190
v -0.98467 0.18270 1.11039
v -0.96409 0.19555 1.08446
v -0.96409 0.19555 1.08446
v -0.98036 0.19416 1.09132
v -0.95198 0.24944 1.01165
v -0.95989 0.24394 1.02146
v -0.95298 0.26158 1.02103
v -0.95298 0.26158 1.02103
v -0.96994 0.31567 1.04510
v -0.96321 0.31814 1.05454
v -0.96321 0.31814 1.05454
v -0.96602 0.32815 1.05653
v -0.95999 0.31814 1.10218
v -0.95999 0.31814 1.10218
v -0.96285 0.30784 1.12968
v -0.95894 0.31578 1.12258
v -0.95073 0.27335 1.13653
v -0.95073 0.27335 1.13653
v -0.96166 0.21727 1.11809
v -0.96354 0.22719 1.11091
v -0.96354 0.22719 1.11091
v -0.96621 0.22499 1.11352
v -0.88024 -0.00874 1.85348
v -0.88024 -0.00874 1.85348
v -0.87430 -0.02023 1.83245
v -0.96086 -0.00767 1.80733
v -0.96086 -0.00767 1.80733
v -0.88295 -0.03512 1.84649
v -0.95222 -0.02816 1.82183
v -1.02813 -0.03953 1.83183
v -1.02813 -0.03953 1.83183
v -1.08348 -0.06315 1.82939
v -1.08348 -0.06315 1.82939
v -1.07877 -0.07954 1.85047
v -1.18407 -0.04918 1.84048
v -1.19375 -0.00169 1.83447
v -1.19375 -0.00169 1.83447
v -1.15226 -0.04772 1.85825
v -1.21507 0.05093 1.82610
v -1.19880 0.08981 1.76049
v -1.17768 0.08091 1.76369
v -1.17768 0.08091 1.76369
v -1.17916 0.11084 1.67532
v -1.18374 0.07991 1.66489
v -1.18374 0.07991 1.66489
v -1.21188 0.06868 1.62906
v -1.21666 0.03380 1.60864
v -1.21666 0.03380 1.60864
v -1.26973 -0.00166 1.59140
v -1.26973 -0.00166 1.59140
v -1.29332 0.00615 1.59419
v -1.35504 0.04309 1.52779
v -1.37503 0.04500 1.51067
v -1.36429 0.05807 1.49281
v -1.36429 0.05807 1.49281
v -1.38232 0.15692 1.46154
v -1.36115 0.16535 1.45756
v -1.36115 0.16535 1.45756
v -1.36962 0.14989 1.47588
v -1.30589 0.23154 1.45527
v -1.30589 0.23154 1.45527
v -1.32148 0.24152 1.46766
v -1.29693 0.24081 1.46725
v -1.23811 0.27881 1.39603
v -1.22784 0.27053 1.30973
v -1.22784 0.27053 1.30973
v -1.22094 0.26925 1.35236
v -1.21586 0.24086 1.25189
v -1.21586 0.24086 1.25189
v -1.20250 0.18842 1.23294
v -1.21880 0.15286 1.24419
v -1.21880 0.15286 1.24419
v -1.28169 0.07887 1.21198
v -1.26523 0.07597 1.22594
v -1.35354 0.05009 1.18782
v -1.35354 0.05009 1.18782
v -1.35354 0.05009 1.18782
v -1.34929 0.06159 1.16719
v -1.34929 0.06159 1.16719
v -1.34929 0.06159 1.16719
v -1.35565 0.04648 1.16757
v -1.35565 0.04648 1.16757
v -1.31957 0.13077 1.05343
v -1.34528 0.11266 1.07221
v -1.34528 0.11266 1.07221
v -1.33340 0.11070 1.05398
v -1.24941 0.18910 1.03783
v -1.24941 0.18910 1.03783
v -1.21476 0.19039 1.03610
v -1.18221 0.19510 1.05298
v -1.18221 0.19510 1.05298
v -1.08541 0.14950 1.05265
v -1.05798 0.11110 1.05246
v -1.08546 0.16636 1.06154
v -1.08546 0.16636 1.06154
v -1.05064 0.01876 0.91622
v -1.05064 0.01876 0.91622
v -1.04466 0.03651 0.97817
v -1.04466 0.03651 0.97817
v -1.05767 0.03013 0.92142
v -1.06490 0.04675 0.82840
v -1.06490 0.04675 0.82840
v -1.05464 0.10115 0.77114
v -0.98974 0.14799 0.72340
v -0.93066 0.12503 0.66568
v -0.93066 0.12503 0.66568
v -0.93038 0.12197 0.64922
v -0.92286 0.06262 0.58413
v -0.94872 0.05427 0.57799
v -0.93652 0.05580 0.58968
v -0.93652 0.05580 0.58968
v -1.02817 0.02171 0.55666
v -1.02817 0.02171 0.55666
v -1.04104 0.03231 0.55743
v -1.03341 0.02551 0.55133
v -1.16172 0.05779 0.60662
v -1.16777 0.05356 0.60292
v -1.20023 0.03245 0.66210
v -1.20023 0.03245 0.66210
v -1.19475 0.03080 0.67158
v -1.19721 0.01341 0.68576
v -1.16067 -0.00505 0.70546
v -1.12787 -0.01109 0.69267
v -1.12787 -0.01109 0.69267
v -1.12556 -0.01635 0.69779
v -1.09760 0.00498 0.67654
v -1.10446 0.00964 0.66613
v -1.10446 0.00964 0.66613
v -1.09750 0.00826 0.66551
v -1.12326 0.04444 0.64144
v -1.12326 0.04444 0.64144
v -1.12203 0.05029 0.63708
v -1.17143 0.05402 0.64662
v -0.88443 -0.02427 1.85861
v -0.96645 -0.01211 1.83844
v -0.96645 -0.01211 1.83844
v -0.87449 -0.04568 1.83001
v -0.87449 -0.04568 1.83001
v -0.87836 -0.02453 1.83957
v -1.02184 0.05934 1.82270
v -1.02184 0.05934 1.82270
v -1.04385 0.10060 1.78348
v -1.03149 0.07546 1.78373
v -1.10507 0.06925 1.69541
v -1.10507 0.06925 1.69541
v -1.07909 0.06503 1.67881
v -1.08435 0.05576 1.70104
v -1.08435 0.05576 1.70104
v -1.07375 -0.00177 1.67432
v -1.07375 -0.00177 1.67432
v -1.06081 0.00230 1.69366
v -1.06081 0.00230 1.69366
v -1.06391 -0.03285 1.66091
v -1.12762 -0.06807 1.61450
v -1.12762 -0.06807 1.61450
v -1.13221 -0.08498 1.58640
v -1.14859 -0.06154 1.58523
v -1.23457 -0.04176 1.58892
v -1.23457 -0.04176 1.58892
v -1.26241 0.03005 1.55413
v -1.26241 0.03005 1.55413
v -1.23754 -0.02453 1.56662
v -1.27187 0.07756 1.48070
v -1.25801 0.08850 1.47684
v -1.24456 0.11285 1.45159
v -1.24456 0.11285 1.45159
v -1.17236 0.11792 1.36808
v -1.17236 0.11792 1.36808
v -1.16566 0.12459 1.37276
v -1.16566 0.12459 1.37276
v -1.16566 0.12459 1.37276
v -1.17916 0.11503 1.40005
v -1.17916 0.11503 1.40005
v -1.17916 0.11503 1.40005
v -1.16063 0.07415 1.31048
v -1.16063 0.07415 1.31048
v -1.17874 0.05745 1.27450
v -1.22385 0.00353 1.25092
v -1.22385 0.00353 1.25092
v -1.22434 -0.00574 1.24196
v -1.23859 -0.00253 1.23927
v -1.39220 -0.01545 1.24999
v -1.39220 -0.01545 1.24999
v -1.39220 -0.01545 1.24999
v -1.34467 -0.02579 1.24163
v -1.35361 -0.03258 1.24646
v -1.42986 0.05310 1.20209
v -1.42984 0.04010 1.20436
v -1.40741 0.09006 1.10215
v -1.40741 0.09006 1.10215
v -1.38844 0.07732 1.08771
v -1.40456 0.07572 1.11052
v -1.31151 -0.02683 0.99727
v -1.28812 -0.02511 0.99591
v -1.30112 -0.02651 0.98998
v -1.30112 -0.02651 0.98998
v -1.23442 -0.01613 1.01685
v -1.23651 -0.02162 1.00555
v -1.23651 -0.02162 1.00555
v -1.22743 -0.02072 1.02031
v -1.22520 -0.00625 1.03813
v -1.22520 -0.00625 1.03813
v -1.25483 0.00189 1.06525
v -1.25432 -0.00192 1.06643
v -1.25433 0.00043 1.06557
v -1.25433 0.00043 1.06557
v -1.11722 0.03922 1.84644
v -1.11722 0.03922 1.84644
v -1.19095 0.02313 1.83916
v -1.19095 0.02313 1.83916
v -1.11230 0.01647 1.83960
v -1.11232 0.02342 1.85719
v -1.19845 -0.00955 1.80711
v -1.24101 -0.04160 1.73645
v -1.25225 -0.03133 1.76114
v -1.25225 -0.03133 1.76114
v -1.31001 -0.10800 1.76055
v -1.33639 -0.09722 1.75511
v -1.33639 -0.09722 1.75511
v -1.37863 -0.12762 1.76550
v -1.44192 -0.06723 1.80071
v -1.44192 -0.06723 1.80071
v -1.45317 -0.07006 1.81879
v -1.45317 -0.07006 1.81879
v -1.48108 -0.03946 1.81369
v -1.46065 0.06421 1.78271
v -1.46065 0.06421 1.78271
v -1.48075 0.06546 1.77946
v -1.49473 0.11035 1.76025
v -1.49473 0.11035 1.76025
v -1.56216 0.10387 1.68251
v -1.55880 0.09882 1.64694
v -1.55880 0.09882 1.64694
v -1.58592 0.03951 1.59755
v -1.57648 0.09815 1.63926
v -1.56696 0.04883 1.59682
v -1.56696 0.04883 1.59682
v -1.58644 -0.04116 1.60360
v -1.57545 -0.04996 1.59896
v -1.57545 -0.04996 1.59896
v -1.61531 -0.11213 1.61447
v -1.61531 -0.11213 1.61447
v -1.70532 -0.14295 1.64634
v -1.68911 -0.13206 1.62457
v -1.68911 -0.13206 1.62457
v -1.70283 -0.14731 1.62376
v -1.70283 -0.14731 1.62376
v -1.77623 -0.12828 1.52113
v -1.77462 -0.11261 1.48222
v -1.77462 -0.11261 1.48222
v -1.76595 -0.09960 1.49914
v -1.75554 0.03525 1.44415
v -1.73037 0.03932 1.45232
v -1.73037 0.03932 1.45232
v -1.71954 0.03989 1.43173
v -1.71954 0.03989 1.43173
v -1.57439 0.04965 1.32219
v -1.57439 0.04965 1.32219
v -1.57439 0.04965 1.32219
v -1.58781 0.06056 1.32449
v -1.58781 0.06056 1.32449
v -1.58781 0.06056 1.32449
v -1.56940 0.05907 1.32102
v -1.55187 0.01232 1.22318
v -1.55692 0.00792 1.23720
v -1.55692 0.00792 1.23720
v -1.54633 -0.00331 1.21768
v -1.62736 -0.04446 1.14059
v -1.61370 -0.03505 1.16053
v -1.61370 -0.03505 1.16053
v -1.71310 -0.04513 1.12220
v -1.72927 -0.02338 1.12478
v -1.72927 -0.02338 1.12478
v -1.75961 0.02220 1.10382
v -1.78609 0.10991 1.07766
v -1.78609 0.10991 1.07766
v -1.78170 0.09079 1.07136
v -1.75393 0.15152 1.03443
v -1.74101 0.16233 0.99948
v -1.72029 0.15965 0.98255
v -1.72029 0.15965 0.98255
v -1.69394 0.09065 0.89107
v -1.69173 0.12350 0.90428
v -1.69173 0.12350 0.90428
v -1.69917 0.11391 0.89816
v -1.79329 -0.01653 0.78481
v -1.79329 -0.01653 0.78481
v -1.80318 -0.01068 0.78973
v -1.81391 -0.04959 0.74364
v -1.79143 -0.07862 0.69864
v -1.79143 -0.07862 0.69864
v -1.80722 -0.06892 0.70938
v -1.76438 -0.10939 0.69152
v -1.76868 -0.10457 0.68558
v -1.70611 -0.13151 0.71543
v -1.70953 -0.12838 0.73122
v -1.70715 -0.12448 0.71309
v -1.70715 -0.12448 0.71309
v -1.70676 -0.11867 0.78416
v -1.70003 -0.11967 0.78703
v -1.75703 -0.07306 0.83368
v -1.76317 -0.06298 0.84204
v -1.72899 -0.08842 0.82839
v -1.72899 -0.08842 0.82839
v -1.77994 -0.02360 0.79408
v -1.77994 -0.02360 0.79408
v -1.78551 -0.02444 0.77881
v -1.74661 -0.05307 0.73789
v -1.74389 -0.05317 0.74459
v -1.74389 -0.05317 0.74459
v -1.74813 -0.05597 0.74397
v -1.11110 0.02509 1.85367
v -1.11606 0.02983 1.82599
v -1.11606 0.02983 1.82599
v -1.12956 0.03901 1.83976
v -1.17216 -0.10394 1.83325
v -1.17216 -0.10394 1.83325
v -1.19208 -0.08870 1.83534
v -1.22606 -0.12109 1.84781
v -1.26747 -0.09846 1.83728
v -1.25699 -0.09957 1.81538
v -1.25699 -0.09957 1.81538
v -1.32109 -0.11054 1.77511
v -1.32109 -0.11054 1.77511
v -1.32671 -0.08945 1.78109
v -1.33137 -0.09648 1.74812
v -1.33137 -0.09648 1.74812
v -1.35903 -0.17192 1.70098
v -1.35903 -0.17192 1.70098
v -1.37777 -0.17202 1.68517
v -1.34912 -0.18531 1.67446
v -1.34912 -0.18531 1.67446
v -1.31922 -0.27984 1.68685
v -1.30168 -0.27411 1.67623
v -1.30325 -0.33682 1.71041
v -1.30325 -0.33682 1.71041
v -1.36121 -0.38956 1.70737
v -1.40556 -0.40760 1.72170
v -1.43841 -0.42426 1.71675
v -1.43841 -0.42426 1.71675
v -1.53181 -0.39461 1.65372
v -1.52972 -0.39006 1.66748
v -1.53051 -0.40446 1.66210
v -1.53051 -0.40446 1.66210
v -1.55574 -0.27864 1.53701
v -1.55574 -0.27864 1.53701
v -1.56242 -0.35970 1.59283
v -1.56242 -0.35970 1.59283
v -1.53489 -0.27932 1.53978
v -1.47693 -0.24801 1.50702
v -1.46215 -0.23443 1.49869
v -1.46215 -0.23443 1.49869
v -1.41343 -0.24260 1.46591
v -1.39515 -0.24719 1.43094
v -1.38391 -0.27165 1.39418
v -1.38391 -0.27165 1.39418
v -1.38440 -0.33373 1.36628
v -1.39243 -0.32972 1.36214
v -1.39243 -0.32972 1.36214
v -1.41009 -0.36968 1.32283
v -1.47395 -0.37851 1.25726
v -1.47395 -0.37851 1.25726
v -1.47852 -0.37939 1.26651
v -1.47852 -0.37939 1.26651
v -1.47316 -0.38462 1.26289
v -1.53065 -0.29511 1.18995
v -1.50012 -0.25426 1.16235
v -1.51765 -0.28569 1.18847
v -1.51765 -0.28569 1.18847
v -1.44882 -0.12256 1.05560
v -1.44882 -0.12256 1.05560
v -1.45976 -0.14241 1.06849
v -1.45789 -0.13020 1.05314
v -1.51826 -0.06369 1.03752
v -1.50640 -0.07909 1.04008
v -1.53228 -0.05732 1.06715
v -1.53228 -0.05732 1.06715
v -1.54402 -0.06912 1.11433
v -1.52676 -0.07900 1.14621
v -1.50079 -0.08941 1.14730
v -1.50079 -0.08941 1.14730
v -1.46016 -0.12836 1.10506
v -1.46051 -0.12366 1.10352
v -1.46401 -0.11940 1.10038
v -1.46401 -0.11940 1.10038
v -1.33250 -0.04527 1.83511
v -1.33250 -0.04527 1.83511
v -1.33501 -0.06195 1.81174
v -1.40342 -0.03368 1.79957
v -1.33955 -0.06781 1.83456
v -1.43950 -0.01577 1.80693
v -1.43950 -0.01577 1.80693
v -1.49938 -0.04710 1.77045
v -1.49938 -0.04710 1.77045
v -1.51735 -0.06476 1.74116
v -1.64805 -0.08930 1.75506
v -1.62787 -0.07260 1.76662
v -1.62787 -0.07260 1.76662
v -1.64762 -0.08878 1.77700
v -1.71428 -0.02191 1.77117
v -1.74492 0.00152 1.78232
v -1.74492 0.00152 1.78232
v -1.75624 0.07683 1.71180
v -1.75624 0.07683 1.71180
v -1.75727 0.05000 1.72349
v -1.78068 0.08062 1.70054
v -1.76719 0.08369 1.59205
v -1.76719 0.08369 1.59205
v -1.78483 0.09556 1.60617
v -1.78483 0.09556 1.60617
v -1.76775 0.05430 1.57994
v -1.74503 0.00867 1.55518
v -1.74503 0.00867 1.55518
v -1.76229 0.00013 1.55656
v -1.75922 -0.02611 1.57040
v -1.78286 -0.06708 1.51467
v -1.78286 -0.06708 1.51467
v -1.79700 -0.05276 1.51351
v -1.85312 -0.04315 1.43853
v -1.85312 -0.04315 1.43853
v -1.86391 -0.05498 1.44889
v -1.86953 -0.04798 1.42710
v -1.86953 -0.04798 1.42710
v -1.90935 -0.01709 1.46154
v -1.93411 0.02432 1.45241
v -1.93411 0.02432 1.45241
v -1.91858 0.02456 1.45668
v -1.91858 0.02456 1.45668
v -1.94363 0.07086 1.44998
v -1.95775 0.08825 1.40117
v -1.95775 0.08825 1.40117
v -1.96781 0.10003 1.40918
v -1.96749 0.10801 1.26762
v -1.96749 0.10801 1.26762
v -1.96154 0.12568 1.24783
v -1.95442 0.11735 1.27047
v -1.95442 0.11735 1.27047
v -1.82514 0.09630 1.22386
v -1.82514 0.09630 1.22386
v -1.83981 0.11818 1.22813
v -1.79802 0.08458 1.20625
v -1.76965 0.04893 1.18173
v -1.76965 0.04893 1.18173
v -1.78236 -0.01909 1.11601
v -1.78236 -0.01909 1.11601
v -1.79789 -0.02284 1.09508
v -1.80328 -0.04147 1.08614
v -1.80328 -0.04147 1.08614
v -1.93559 -0.01340 0.98671
v -1.90507 -0.04712 1.01368
v -1.90507 -0.04712 1.01368
v -1.89492 -0.04159 1.01183
v -1.93277 0.01415 0.94784
v -1.93277 0.01415 0.94784
v -1.91963 0.06531 0.90436
v -1.91516 0.06880 0.88278
v -1.91516 0.06880 0.88278
v -1.90662 0.06478 0.88406
v -1.85770 0.08407 0.82959
v -1.83604 0.07366 0.79617
v -1.83604 0.07366 0.79617
v -1.84731 0.07178 0.81552
v -1.78520 0.03353 0.76177
v -1.77889 -0.00136 0.74992
v -1.77318 -0.06597 0.70436
v -1.77318 -0.06597 0.70436
v -1.76270 -0.13224 0.62440
v -1.75957 -0.14472 0.61175
v -1.64968 -0.13127 0.58797
v -1.73405 -0.14280 0.57821
v -1.73405 -0.14280 0.57821
v -1.64627 -0.14159 0.58955
v -1.63241 -0.13682 0.60091
v -1.63241 -0.13682 0.60091
v -1.64056 -0.15610 0.69185
v -1.63437 -0.15686 0.67298
v -1.62711 -0.15300 0.67528
v -1.62711 -0.15300 0.67528
v -1.72605 -0.18830 0.72608
v -1.67385 -0.17592 0.71839
v -1.67385 -0.17592 0.71839
v -1.73100 -0.17571 0.72334
v -1.74153 -0.17864 0.72545
v -1.74153 -0.17864 0.72545
v -1.76948 -0.14695 0.69858
v -1.77526 -0.15084 0.70175
v -1.77526 -0.15084 0.70175
v -1.76548 -0.12314 0.66417
v -1.71186 -0.11933 0.66158
v -1.71326 -0.12200 0.65407
v -1.71326 -0.12200 0.65407
v -1.33058 -0.06791 1.81650
v -1.33058 -0.06791 1.81650
v -1.40406 -0.09007 1.80718
v -1.40406 -0.09007 1.80718
v -1.33660 -0.05773 1.82859
v -1.33715 -0.03944 1.81791
v -1.43446 -0.10501 1.87888
v -1.44164 -0.08938 1.86373
v -1.50320 -0.08561 1.93139
v -1.50320 -0.08561 1.93139
v -1.52228 -0.05161 1.93300
v -1.51823 -0.07059 1.91619
v -1.51823 -0.07059 1.91619
v -1.61120 -0.06095 1.90082
v -1.61120 -0.06095 1.90082
v -1.63110 -0.06500 1.91617
v -1.63110 -0.06500 1.91617
v -1.63089 -0.04930 1.90601
v -1.59253 -0.06267 1.86667
v -1.55100 -0.09419 1.87187
v -1.55100 -0.09419 1.87187
v -1.52970 -0.09441 1.85636
v -1.53791 -0.18818 1.79567
v -1.52415 -0.18715 1.81233
v -1.52415 -0.18715 1.81233
v -1.56019 -0.22831 1.74854
v -1.64500 -0.22927 1.70001
v -1.64500 -0.22927 1.70001
v -1.63320 -0.22417 1.68908
v -1.64293 -0.23778 1.69167
v -1.64293 -0.23778 1.69167
v -1.69367 -0.14031 1.64945
v -1.69367 -0.14031 1.64945
v -1.69367 -0.14031 1.64945
v -1.68455 -0.13145 1.63215
v -1.68455 -0.13145 1.63215
v -1.68455 -0.13145 1.63215
v -1.68010 -0.10493 1.61875
v -1.68010 -0.10493 1.61875
v -1.67650 -0.12233 1.57215
v -1.67650 -0.12233 1.57215
v -1.64409 -0.14144 1.52858
v -1.64409 -0.14144 1.52858
v -1.65444 -0.14057 1.52022
v -1.59277 -0.22219 1.49624
v -1.59277 -0.22219 1.49624
v -1.61126 -0.21217 1.50258
v -1.59904 -0.28944 1.48687
v -1.62950 -0.33981 1.49039
v -1.66800 -0.37148 1.49054
v -1.64273 -0.36181 1.49068
v -1.64273 -0.36181 1.49068
v -1.75859 -0.40355 1.43364
v -1.75859 -0.40355 1.43364
v -1.74075 -0.39636 1.43448
v -1.77382 -0.37680 1.37315
v -1.73202 -0.36030 1.31298
v -1.73351 -0.35967 1.30196
v -1.73351 -0.35967 1.30196
v -1.66145 -0.32669 1.23881
v -1.66093 -0.33302 1.23390
v -1.66093 -0.33302 1.23390
v -1.65364 -0.33045 1.23778
v -1.63213 -0.28332 1.21398
v -1.62480 -0.28222 1.21299
v -1.62538 -0.27348 1.20526
v -1.62538 -0.27348 1.20526
v -1.66351 -0.25251 1.27180
v -1.63415 -0.22824 1.24183
v -1.65753 -0.24927 1.27703
v -1.65753 -0.24927 1.27703
v -1.65667 -0.25174 1.27553
v -1.55421 0.05140 1.85554
v -1.54094 0.03835 1.86972
v -1.54094 0.03835 1.86972
v -1.56696 0.03512 1.84150
v -1.66308 0.02521 1.91483
v -1.69263 0.03871 1.92657
v -1.69263 0.03871 1.92657
v -1.76863 -0.05772 1.94251
v -1.70951 -0.00774 1.93923
v -1.70951 -0.00774 1.93923
v -1.75136 -0.06935 1.93992
v -1.80179 -0.10164 1.98653
v -1.80179 -0.10164 1.98653
v -1.84271 -0.07422 2.00430
v -1.84271 -0.07422 2.00430
v -1.88159 -0.07304 2.00450
v -1.87439 -0.07285 2.02654
v -1.87439 -0.07285 2.02654
v -1.90238 -0.00492 2.03207
v -1.92080 0.00326 2.04369
v -1.89230 0.03347 2.05486
v -1.89230 0.03347 2.05486
v -1.85791 0.09375 2.02354
v -1.85791 0.09375 2.02354
v -1.86638 0.14021 2.02937
v -1.89195 0.16826 2.01644
v -1.88133 0.17484 2.00819
v -1.88133 0.17484 2.00819
v -1.98417 0.23292 2.02385
v -2.03314 0.24619 1.99082
v -2.03314 0.24619 1.99082
v -2.03314 0.24619 1.99082
v -2.04949 0.21518 1.94392
v -2.05475 0.20034 1.94966
v -2.04001 0.20074 1.91009
v -2.04001 0.20074 1.91009
v -1.98716 0.16108 1.92518
v -1.94715 0.14263 1.91422
v -1.94715 0.14263 1.91422
v -1.96727 0.15326 1.93638
v -1.94735 0.09334 1.88056
v -1.95628 0.09864 1.86407
v -1.95569 0.07685 1.82694
v -1.95569 0.07685 1.82694
v -2.02270 0.03418 1.77017
v -2.05004 0.03616 1.78016
v -2.05004 0.03616 1.78016
v -2.02599 0.03432 1.78640
v -2.09693 0.02269 1.80172
v -2.12653 0.04397 1.80192
v -2.17534 0.07191 1.74075
v -2.17534 0.07191 1.74075
v -2.18240 0.06274 1.75591
v -2.19920 0.12180 1.66765
v -2.19920 0.12180 1.66765
v -2.19920 0.12180 1.66765
v -2.18826 0.15360 1.65148
v -2.18826 0.15360 1.65148
v -2.18826 0.15360 1.65148
v -2.19987 0.14851 1.64009
v -2.19987 0.14851 1.64009
v -2.14879 0.12060 1.53292
v -2.14879 0.12060 1.53292
v -2.14792 0.12509 1.52241
v -2.14503 0.09468 1.50590
v -2.12229 -0.01057 1.49431
v -2.11149 0.00772 1.49513
v -2.11149 0.00772 1.49513
v -2.12683 -0.04882 1.49105
v -2.18279 -0.10215 1.51213
v -2.18279 -0.10215 1.51213
v -2.19745 -0.10619 1.50276
v -2.22289 -0.12405 1.50324
v -2.28285 -0.11865 1.48096
v -2.28285 -0.11865 1.48096
v -2.28889 -0.11722 1.46373
v -2.33957 -0.09777 1.38861
v -2.33957 -0.09777 1.38861
v -2.32893 -0.11481 1.42033
v -2.32893 -0.11481 1.42033
v -2.32776 -0.09970 1.37356
v -2.29141 -0.11560 1.26189
v -2.29141 -0.11560 1.26189
v -2.28480 -0.11042 1.26523
v -2.25905 -0.13730 1.23811
v -2.22281 -0.23932 1.13803
v -2.23564 -0.24209 1.13253
v -2.23564 -0.24209 1.13253
v -2.22953 -0.24040 1.14285
v -2.24297 -0.25413 1.08296
v -2.25699 -0.23892 1.05662
v -2.25699 -0.23892 1.05662
v -2.25181 -0.18643 1.01095
v -2.25517 -0.18077 1.00170
v -2.25492 -0.17636 1.01431
v -2.25492 -0.17636 1.01431
v -2.17489 -0.09848 1.06345
v -2.17489 -0.09848 1.06345
v -2.16161 -0.10506 1.08372
v -2.16036 -0.09890 1.07563
v -2.14848 -0.11606 1.16300
v -2.15191 -0.10974 1.16619
v -2.15191 -0.10974 1.16619
v -2.14527 -0.11173 1.16964
v -2.20039 -0.13552 1.20425
v -2.19108 -0.12345 1.20205
v -2.19108 -0.12345 1.20205
v -2.19017 -0.12708 1.20870
v -2.23068 -0.14373 1.18548
v -2.22186 -0.15392 1.14778
v -2.22607 -0.15595 1.14000
v -2.23491 -0.14412 1.15790
v -2.23491 -0.14412 1.15790
v -2.18404 -0.15103 1.13136
v -2.18404 -0.15103 1.13136
v -2.18362 -0.15366 1.13380
v -2.18409 -0.15414 1.13096
v -1.56099 0.03007 1.83507
v -1.56099 0.03007 1.83507
v -1.55655 0.03373 1.85240
v -1.65315 0.00783 1.91832
v -1.56590 0.05172 1.84033
v -1.65171 -0.01038 1.90754
v -1.65171 -0.01038 1.90754
v -1.67558 0.00113 1.98010
v -1.74046 0.03801 2.01415
v -1.74046 0.03801 2.01415
v -1.77525 0.08095 2.02346
v -1.74788 0.04452 1.99956
v -1.74788 0.04452 1.99956
v -1.86976 0.06712 1.98894
v -1.86411 0.04794 2.00029
v -1.86411 0.04794 2.00029
v -1.91823 0.02414 1.96053
v -1.88566 -0.01105 1.92023
v -1.88566 -0.01105 1.92023
v -1.88563 0.00138 1.90891
v -1.88563 0.00138 1.90891
v -1.87606 -0.02298 1.89537
v -1.81549 -0.07438 1.92018
v -1.81386 -0.04303 1.92514
v -1.81386 -0.04303 1.92514
v -1.82145 -0.04897 1.90829
v -1.80538 -0.11307 1.87071
v -1.80787 -0.12734 1.88237
v -1.80787 -0.12734 1.88237
v -1.84289 -0.16956 1.80931
v -1.84289 -0.16956 1.80931
v -1.88021 -0.17017 1.81868
v -1.88257 -0.18279 1.82523
v -1.88257 -0.18279 1.82523
v -1.97308 -0.17709 1.81797
v -1.97308 -0.17709 1.81797
v -1.99419 -0.16011 1.80814
v -1.99419 -0.16011 1.80814
v -2.00905 -0.13333 1.78695
v -2.02867 -0.09299 1.71098
v -2.02867 -0.09299 1.71098
v -2.02944 -0.07349 1.71001
v -2.00696 -0.05549 1.70310
v -1.96808 -0.01973 1.65605
v -1.96808 -0.01973 1.65605
v -1.95962 -0.03006 1.65462
v -1.89109 -0.02941 1.59329
v -1.87998 -0.03603 1.56574
v -1.88883 -0.04197 1.56677
v -1.88883 -0.04197 1.56677
v -1.86511 -0.09533 1.51823
v -1.89122 -0.14146 1.48172
v -1.89122 -0.14146 1.48172
v -1.88908 -0.15438 1.47407
v -1.96028 -0.16946 1.40617
v -1.99856 -0.14535 1.39031
v -1.99856 -0.14535 1.39031
v -2.00665 -0.13772 1.37632
v -2.01624 -0.01185 1.28121
v -2.02034 0.00857 1.26734
v -2.02034 0.00857 1.26734
v -2.02479 -0.01772 1.28558
v -2.03617 0.03126 1.20174
v -2.04665 0.03033 1.20070
v -2.06731 0.04464 1.18048
v -2.06731 0.04464 1.18048
v -2.10180 0.04050 1.17293
v -2.13226 0.03748 1.18784
v -2.16299 0.04258 1.22531
v -2.15656 0.04730 1.22759
v -2.15656 0.04730 1.22759
v -2.13954 0.04281 1.28132
v -2.12490 0.04816 1.29325
v -2.10334 0.05148 1.29650
v -2.10334 0.05148 1.29650
v -2.06718 0.03940 1.29373
v -2.07599 0.03711 1.28893
v -2.05375 0.02790 1.26643
v -2.05375 0.02790 1.26643
v -2.05653 0.02454 1.26719
v -1.79169 -0.03807 1.87364
v -1.79169 -0.03807 1.87364
v -1.82954 -0.01774 1.83690
v -1.82954 -0.01774 1.83690
v -1.77660 -0.02985 1.86122
v -1.80520 -0.00671 1.82915
v -1.78388 -0.04984 1.85158
v -1.80566 0.09304 1.77400
v -1.80566 0.09304 1.77400
v -1.81709 0.06417 1.77092
v -1.80112 0.08487 1.73261
v -1.84345 0.07931 1.71369
v -1.84345 0.07931 1.71369
v -1.86190 0.07050 1.66963
v -1.93052 0.04932 1.67448
v -1.93052 0.04932 1.67448
v -1.93297 0.02520 1.67958
v -2.02010 0.06372 1.67418
v -2.05477 0.10393 1.69913
v -2.05477 0.10393 1.69913
v -2.03141 0.05565 1.68672
v -2.06957 0.15690 1.65993
v -2.06801 0.19516 1.64981
v -2.06801 0.19516 1.64981
v -2.08682 0.20104 1.64937
v -2.11515 0.22754 1.53951
v -2.10608 0.20619 1.51220
v -2.11360 0.23327 1.50353
v -2.11360 0.23327 1.50353
v -2.12777 0.10237 1.44902
v -2.12777 0.10237 1.44902
v -2.13214 0.13750 1.46666
v -2.18950 0.04992 1.45371
v -2.18950 0.04992 1.45371
v -2.22761 0.02578 1.46468
v -2.20703 0.05297 1.46581
v -2.26581 0.02436 1.37076
v -2.26581 0.02436 1.37076
v -2.28399 0.05080 1.34037
v -2.29612 0.04853 1.32181
v -2.28361 0.09760 1.27682
v -2.28361 0.09760 1.27682
v -2.29737 0.12054 1.27003
v -2.28488 0.14866 1.28842
v -2.28488 0.14866 1.28842
v -2.27583 0.18486 1.27578
v -2.28639 0.18473 1.28690
v -2.21453 0.22707 1.25560
v -2.21453 0.22707 1.25560
v -2.20669 0.24448 1.25149
v -2.20343 0.23751 1.22903
v -2.12511 0.22744 1.17150
v -2.11684 0.19968 1.16178
v -2.11684 0.19968 1.16178
v -2.09691 0.18051 1.15675
v -2.09691 0.18051 1.15675
v -2.08283 0.12212 1.10972
v -2.11903 0.06227 1.06196
v -2.12826 0.06151 1.07272
v -2.12826 0.06151 1.07272
v -2.15498 0.03316 1.04406
v -2.15498 0.03316 1.04406
v -2.24606 0.06762 0.97466
v -2.25043 0.06787 0.95773
v -2.26489 0.08024 0.95565
v -2.26489 0.08024 0.95565
v -2.27071 0.15876 0.90022
v -2.27071 0.15876 0.90022
v -2.26050 0.15693 0.89397
v -2.25357 0.18518 0.85918
v -2.25357 0.18518 0.85918
v -2.19104 0.21377 0.80845
v -2.19104 0.21377 0.80845
v -2.18847 0.20640 0.81559
v -2.12706 0.17424 0.76663
v -2.14327 0.18229 0.77720
v -2.11509 0.12282 0.72779
v -2.11509 0.12282 0.72779
v -2.11440 0.08439 0.70803
v -2.11440 0.08439 0.70803
v -2.11713 0.08631 0.71644
v -2.18359 0.03719 0.65914
v -2.18359 0.03719 0.65914
v -2.19108 0.02532 0.65014
v -2.21759 0.02154 0.61060
v -2.26191 0.03411 0.54175
v -2.25229 0.04281 0.52187
v -2.25229 0.04281 0.52187
v -2.24930 0.03242 0.52003
v -2.20222 0.00609 0.42808
v -2.19956 0.01321 0.42246
v -2.19956 0.01321 0.42246
v -2.19879 0.00278 0.41389
v -2.16240 -0.06816 0.43554
v -2.15656 -0.06510 0.42828
v -2.15656 -0.06510 0.42828
v -2.16195 -0.11453 0.45245
v -2.18996 -0.15820 0.51261
v -2.16410 -0.13495 0.47693
v -2.16410 -0.13495 0.47693
v -2.22709 -0.19598 0.58795
v -2.21902 -0.19527 0.59812
v -2.21902 -0.19527 0.59812
v -2.20966 -0.18277 0.65420
v -2.19942 -0.17602 0.66518
v -2.18961 -0.17147 0.66452
v -2.18961 -0.17147 0.66452
v -2.17584 -0.13446 0.67148
v -2.17606 -0.11300 0.65174
v -2.17480 -0.10222 0.64878
v -2.19482 -0.09681 0.61626
v -2.16748 -0.10908 0.65169
v -2.16748 -0.10908 0.65169
v -2.18963 -0.09094 0.62194
v -2.20798 -0.10202 0.59523
v -2.20798 -0.10202 0.59523
v -2.21952 -0.10599 0.59385
v -2.22039 -0.11677 0.59743
v -2.23139 -0.14474 0.59990
v -2.23092 -0.14486 0.59302
v -2.23092 -0.14486 0.59302
v -2.23701 -0.14762 0.59679
v -2.21653 -0.17469 0.62435
v -2.21624 -0.17895 0.62161
v -2.21624 -0.17895 0.62161
v -2.21950 -0.17894 0.62455
v -1.78087 -0.04591 1.86203
v -1.78087 -0.04591 1.86203
v -1.79742 -0.04068 1.87020
v -1.85656 -0.10792 1.79550
v -1.78462 -0.02469 1.85475
v -1.81287 -0.09510 1.80828
v -1.81287 -0.09510 1.80828
v -1.86288 -0.11290 1.81351
v -1.93722 -0.14694 1.78098
v -1.93722 -0.14694 1.78098
v -1.95628 -0.12791 1.78668
v -1.97494 -0.10125 1.75355
v -2.00758 -0.07057 1.70401
v -1.98483 -0.06600 1.66290
v -1.98483 -0.06600 1.66290
v -1.99142 -0.04787 1.61792
v -1.96094 -0.11951 1.54139
v -1.96094 -0.11951 1.54139
v -1.94855 -0.11714 1.52570
v -1.96219 -0.14887 1.51807
v -1.98515 -0.23011 1.54522
v -1.96239 -0.22267 1.55648
v -1.96239 -0.22267 1.55648
v -1.97442 -0.24782 1.54365
v -2.05835 -0.28102 1.47500
v -2.05843 -0.29692 1.47555
v -2.05843 -0.29692 1.47555
v -2.11955 -0.26695 1.36461
v -2.11955 -0.26695 1.36461
v -2.11955 -0.26695 1.36461
v -2.14002 -0.25861 1.33140
v -2.14002 -0.25861 1.33140
v -2.14002 -0.25861 1.33140
v -2.13090 -0.25021 1.33668
v -2.13090 -0.25021 1.33668
v -2.09079 -0.22229 1.25596
v -2.09079 -0.22229 1.25596
v -2.09298 -0.22495 1.24113
v -1.97393 -0.23677 1.18627
v -2.00663 -0.22540 1.20317
v -2.00663 -0.22540 1.20317
v -2.02832 -0.21583 1.20461
v -1.92951 -0.26828 1.19212
v -1.92951 -0.26828 1.19212
v -1.91946 -0.30975 1.18529
v -1.90346 -0.36699 1.16364
v -1.90346 -0.36699 1.16364
v -1.90330 -0.35759 1.15804
v -1.92699 -0.39814 1.12450
v -1.93123 -0.40620 1.10160
v -1.93123 -0.40620 1.10160
v -1.92808 -0.39699 1.10114
v -1.96905 -0.36680 1.03229
v -1.96668 -0.37386 1.02619
v -1.96668 -0.37386 1.02619
v -1.96093 -0.36755 1.02970
v -1.96379 -0.25399 1.00542
v -1.96085 -0.26504 0.99812
v -1.96085 -0.26504 0.99812
v -1.96215 -0.21522 1.01515
v -1.99979 -0.22172 1.07932
v -1.97836 -0.20228 1.03062
v -1.97836 -0.20228 1.03062
v -1.99380 -0.22633 1.07749
v -1.99380 -0.22633 1.07749
v -1.99214 -0.22646 1.07764
v -1.98997 0.03335 1.82286
v -1.98997 0.03335 1.82286
v -2.00321 0.05364 1.81232
v -2.00845 0.02658 1.80986
v -2.08660 0.06830 1.88943
v -2.08238 0.08966 1.89340
v -2.10253 0.08563 1.91187
v -2.10253 0.08563 1.91187
v -2.16190 0.10575 1.86914
v -2.15967 0.08168 1.86417
v -2.20135 0.06022 1.84618
v -2.20135 0.06022 1.84618
v -2.22537 0.03445 1.81321
v -2.25068 -0.00190 1.82155
v -2.29480 0.01680 1.83600
v -2.29480 0.01680 1.83600
v -2.39730 0.02783 1.86071
v -2.39737 0.05788 1.87428
v -2.39356 0.03943 1.88441
v -2.39356 0.03943 1.88441
v -2.41215 0.16196 1.91336
v -2.41644 0.16138 1.92642
v -2.41644 0.16138 1.92642
v -2.42462 0.18787 1.91534
v -2.42147 0.23549 1.87282
v -2.42117 0.25028 1.87965
v -2.42117 0.25028 1.87965
v -2.46410 0.34204 1.72197
v -2.46410 0.34204 1.72197
v -2.45872 0.33724 1.71131
v -2.45872 0.33724 1.71131
v -2.45872 0.33724 1.71131
v -2.45576 0.34455 1.72059
v -2.45576 0.34455 1.72059
v -2.45576 0.34455 1.72059
v -2.42766 0.31787 1.55736
v -2.43000 0.31953 1.60531
v -2.43000 0.31953 1.60531
v -2.41931 0.31360 1.58200
v -2.48848 0.30779 1.50123
v -2.48848 0.30779 1.50123
v -2.53782 0.31869 1.46086
v -2.55589 0.34060 1.45636
v -2.56062 0.33819 1.46068
v -2.56062 0.33819 1.46068
v -2.58805 0.40137 1.43138
v -2.58805 0.40137 1.43138
v -2.58446 0.42895 1.41021
v -2.57472 0.41758 1.42373
v -2.53955 0.45585 1.40172
v -2.54963 0.46002 1.40144
v -2.54963 0.46002 1.40144
v -2.48777 0.45475 1.38541
v -2.48838 0.46241 1.38140
v -2.48838 0.46241 1.38140
v -2.47317 0.44994 1.37344
v -2.44091 0.41652 1.37929
v -2.43351 0.41576 1.37541
v -2.43351 0.41576 1.37541
v -2.42321 0.38253 1.38502
v -2.42324 0.37875 1.39701
v -2.41684 0.37770 1.39482
v -2.41684 0.37770 1.39482
v -2.43367 0.35862 1.43674
v -2.42926 0.35517 1.43835
v -2.42926 0.35517 1.43835
v -2.43215 0.35166 1.43609
v -2.00772 0.03426 1.80665
v -2.07798 0.06464 1.82434
v -2.07798 0.06464 1.82434
v -2.00146 0.04090 1.82130
v -1.99861 0.05826 1.81301
v -1.99861 0.05826 1.81301
v -2.14741 0.04495 1.88388
v -2.12906 0.05441 1.89314
v -2.14358 0.07628 1.91107
v -2.14358 0.07628 1.91107
v -2.13304 0.09221 1.97684
v -2.11556 0.15218 1.99861
v -2.11556 0.15218 1.99861
v -2.10067 0.15993 1.98597
v -2.10067 0.15993 1.98597
v -2.09547 0.15360 1.99158
v -2.12983 0.22683 1.94865
v -2.12983 0.22683 1.94865
v -2.11192 0.24139 1.95952
v -2.12253 0.20895 1.92191
v -2.17709 0.17346 1.90091
v -2.22404 0.15037 1.92127
v -2.22404 0.15037 1.92127
v -2.22694 0.14171 1.91206
v -2.28513 0.15988 1.93461
v -2.31806 0.20219 1.97963
v -2.31806 0.20219 1.97963
v -2.33060 0.22880 1.95857
v -2.37678 0.27049 1.95936
v -2.39624 0.32071 1.89878
v -2.38439 0.31825 1.92429
v -2.38439 0.31825 1.92429
v -2.40266 0.34708 1.87444
v -2.40266 0.34708 1.87444
v -2.35180 0.35702 1.81251
v -2.35052 0.36518 1.80218
v -2.35052 0.36518 1.80218
v -2.35754 0.35651 1.79684
v -2.28953 0.28886 1.73301
v -2.28953 0.28886 1.73301
v -2.29628 0.25471 1.71130
v -2.29142 0.23851 1.70783
v -2.36966 0.18716 1.61222
v -2.36966 0.18716 1.61222
v -2.39072 0.17879 1.61043
v -2.37510 0.19193 1.62436
v -2.46256 0.25321 1.55855
v -2.47586 0.27787 1.52131
v -2.45969 0.26088 1.54166
v -2.45969 0.26088 1.54166
v -2.46751 0.31994 1.48914
v -2.45222 0.32605 1.48225
v -2.45222 0.32605 1.48225
v -2.38638 0.35132 1.40705
v -2.34563 0.34648 1.39265
v -2.35161 0.33365 1.39411
v -2.35161 0.33365 1.39411
v -2.29845 0.24731 1.30599
v -2.29428 0.24082 1.31161
v -2.29428 0.24082 1.31161
v -2.28243 0.21331 1.24975
v -2.28438 0.20838 1.22975
v -2.24372 0.20807 1.17322
v -2.24372 0.20807 1.17322
v -2.24341 0.21769 1.17308
v -2.24457 0.21771 1.18501
v -2.17532 0.24476 1.17537
v -2.17160 0.24701 1.18231
v -2.15531 0.24571 1.19737
v -2.15531 0.24571 1.19737
v -2.14453 0.25673 1.22022
v -2.14800 0.24840 1.26813
v -2.14800 0.24840 1.26813
v -2.15287 0.25275 1.26411
v -2.15188 0.25296 1.27565
v -2.19960 0.23500 1.30676
v -2.19960 0.23500 1.30676
v -2.19643 0.24122 1.30854
v -2.19748 0.24089 1.30175
v -2.24354 0.24112 1.29877
v -2.24495 0.23569 1.29413
v -2.24495 0.23569 1.29413
v -2.24065 0.24037 1.29276
v -2.25168 0.25019 1.25720
v -2.25168 0.25019 1.25720
v -2.25240 0.25286 1.25810
v -2.24948 0.25201 1.25747
v -2.21321 -0.04921 1.91086
v -2.21321 -0.04921 1.91086
v -2.21780 -0.01664 1.91473
v -2.21910 -0.02706 1.89750
v -2.33473 0.01927 1.94493
v -2.33473 0.01927 1.94493
v -2.34733 0.04157 1.92921
v -2.34804 0.02002 1.92012
v -2.41867 0.02653 1.88674
v -2.45185 0.03103 1.91413
v -2.45185 0.03103 1.91413
v -2.48168 0.05564 1.90298
v -2.49860 0.06778 1.91536
v -2.49860 0.06778 1.91536
v -2.50562 0.05348 1.89711
v -2.53215 0.05714 1.78132
v -2.53215 0.05714 1.78132
v -2.54576 0.04468 1.79982
v -2.54576 0.04468 1.79982
v -2.51196 0.04615 1.78094
v -2.47712 0.02072 1.73536
v -2.47712 0.02072 1.73536
v -2.45426 0.00395 1.72528
v -2.54217 -0.09282 1.70688
v -2.56366 -0.08301 1.69684
v -2.56366 -0.08301 1.69684
v -2.56365 -0.09990 1.70642
v -2.56365 -0.09990 1.70642
v -2.58953 -0.09184 1.77701
v -2.64236 -0.09685 1.77131
v -2.64236 -0.09685 1.77131
v -2.64709 -0.11576 1.76845
v -2.67225 -0.12007 1.77458
v -2.76364 -0.14886 1.65758
v -2.75635 -0.13315 1.67572
v -2.75635 -0.13315 1.67572
v -2.76358 -0.14474 1.67788
v -2.74751 -0.04326 1.59632
v -2.74751 -0.04326 1.59632
v -2.75242 -0.01908 1.58912
v -2.69000 0.00629 1.53677
v -2.63050 0.00225 1.50467
v -2.63050 0.00225 1.50467
v -2.63891 -0.00054 1.49215
v -2.57581 -0.04629 1.45570
v -2.57581 -0.04629 1.45570
v -2.58108 -0.06979 1.44168
v -2.58253 -0.15984 1.39317
v -2.58253 -0.15984 1.39317
v -2.58253 -0.15984 1.39317
v -2.59362 -0.14925 1.38662
v -2.59362 -0.14925 1.38662
v -2.59362 -0.14925 1.38662
v -2.58179 -0.15112 1.38237
v -2.58179 -0.15112 1.38237
v -2.57667 -0.13946 1.29593
v -2.59966 -0.11218 1.25247
v -2.59966 -0.11218 1.25247
v -2.58740 -0.14710 1.30013
v -2.59971 -0.09029 1.23263
v -2.60327 -0.06451 1.23181
v -2.62371 0.02842 1.20842
v -2.61133 0.03903 1.21539
v -2.61670 0.05971 1.21293
v -2.61670 0.05971 1.21293
v -2.51809 0.15453 1.18976
v -2.51809 0.15453 1.18976
v -2.52564 0.14209 1.18037
v -2.53981 0.14433 1.18394
v -2.40387 0.13381 1.13847
v -2.38871 0.13563 1.13928
v -2.38871 0.13563 1.13928
v -2.38173 0.11351 1.11862
v -2.35960 0.07835 1.01267
v -2.36257 0.08632 0.95785
v -2.35438 0.08542 0.98490
v -2.35438 0.08542 0.98490
v -2.34234 0.10584 0.88156
v -2.31528 0.12545 0.85783
v -2.31528 0.12545 0.85783
v -2.32624 0.12472 0.86242
v -2.23256 0.12318 0.82474
v -2.27042 0.13484 0.83182
v -2.23784 0.12513 0.83719
v -2.23784 0.12513 0.83719
v -2.18889 0.09155 0.84139
v -2.18539 0.04724 0.86378
v -2.18539 0.04724 0.86378
v -2.20845 0.00437 0.86697
v -2.20811 -0.00067 0.86982
v -2.28704 -0.05015 0.88286
v -2.28704 -0.05015 0.88286
v -2.26640 -0.04517 0.87681
v -2.33249 -0.05674 0.88842
v -2.32292 -0.06012 0.88965
v -2.37279 -0.02971 0.93121
v -2.37279 -0.02971 0.93121
v -2.37038 -0.04219 0.92108
v -2.36984 0.02175 0.94017
v -2.36418 0.01789 0.94686
v -2.33276 0.03199 0.93376
v -2.33276 0.03199 0.93376
v -2.30247 -0.00096 0.88710
v -2.30926 -0.00243 0.88905
v -2.30877 -0.00475 0.89385
v -2.30877 -0.00475 0.89385
v -2.21413 -0.01229 1.89637
v -2.21413 -0.01229 1.89637
v -2.30278 -0.03051 1.88179
v -2.22107 -0.02703 1.91774
v -2.22077 -0.01317 1.91392
v -2.33822 -0.00301 1.88207
v -2.33822 -0.00301 1.88207
v -2.33041 -0.00725 1.90353
v -2.48409 0.03453 1.93686
v -2.48409 0.03453 1.93686
v -2.45537 0.00831 1.95320
v -2.44028 0.02590 1.95083
v -2.44028 0.02590 1.95083
v -2.51352 0.03208 1.93177
v -2.52812 0.07829 1.89666
v -2.56326 0.06609 1.80909
v -2.55059 0.06578 1.78809
v -2.55059 0.06578 1.78809
v -2.57604 0.06467 1.78356
v -2.62285 -0.02065 1.78436
v -2.62285 -0.02065 1.78436
v -2.65861 -0.02664 1.80316
v -2.66354 -0.02030 1.78611
v -2.73766 -0.04438 1.77042
v -2.73766 -0.04438 1.77042
v -2.78450 -0.02740 1.76505
v -2.81438 0.00667 1.75798
v -2.80966 0.02124 1.73846
v -2.83772 0.05606 1.71344
v -2.83772 0.05606 1.71344
v -2.82150 0.15586 1.60541
v -2.82150 0.15586 1.60541
v -2.83130 0.10455 1.69626
v -2.80025 0.14180 1.60323
v -2.80025 0.14180 1.60323
v -2.78406 0.16385 1.58418
v -2.70875 0.11091 1.52381
v -2.70875 0.11091 1.52381
v -2.70959 0.12408 1.52505
v -2.67360 0.04162 1.49998
v -2.67360 0.04162 1.49998
v -2.66948 -0.00599 1.46487
v -2.68010 0.00753 1.46508
v -2.74551 -0.07985 1.45071
v -2.74551 -0.07985 1.45071
v -2.73744 -0.08595 1.45583
v -2.79202 -0.10469 1.42164
v -2.82011 -0.10115 1.41865
v -2.82011 -0.10115 1.41865
v -2.87294 -0.08008 1.35162
v -2.87294 -0.08008 1.35162
v -2.87294 -0.08008 1.35162
v -2.88805 -0.08159 1.34034
v -2.88805 -0.08159 1.34034
v -2.88805 -0.08159 1.34034
v -2.87676 -0.08765 1.33524
v -2.87676 -0.08765 1.33524
v -2.86186 -0.04189 1.23261
v -2.86186 -0.04189 1.23261
v -2.83929 -0.04083 1.20181
v -2.87094 -0.05108 1.23538
v -2.82021 -0.02656 1.19555
v -2.73469 -0.05357 1.16887
v -2.73469 -0.05357 1.16887
v -2.70922 -0.07048 1.15351
v -2.73097 -0.04510 1.16240
v -2.65258 -0.15322 1.16391
v -2.65258 -0.15322 1.16391
v -2.66364 -0.12595 1.15254
v -2.66790 -0.16879 1.16406
v -2.70119 -0.26786 1.16107
v -2.70119 -0.26786 1.16107
v -2.70332 -0.26547 1.15326
v -2.69990 -0.26995 1.14713
v -2.74628 -0.31373 1.08008
v -2.77219 -0.31746 1.02580
v -2.77219 -0.31746 1.02580
v -2.76376 -0.30707 1.04274
v -2.72377 -0.28847 0.94454
v -2.71638 -0.28044 0.92373
v -2.66702 -0.28964 0.88545
v -2.66702 -0.28964 0.88545
v -2.61028 -0.30598 0.85751
v -2.63296 -0.29406 0.86142
v -2.58823 -0.35694 0.78307
v -2.59545 -0.36306 0.78493
v -2.59545 -0.36306 0.78493
v -2.61487 -0.37205 0.72577
v -2.65196 -0.33554 0.69595
v -2.65196 -0.33554 0.69595
v -2.64813 -0.31709 0.69491
v -2.64873 -0.31466 0.68977
v -2.64727 -0.26718 0.69099
v -2.63333 -0.24667 0.70710
v -2.64013 -0.24299 0.70589
v -2.64013 -0.24299 0.70589
v -2.59096 -0.20711 0.72858
v -2.58841 -0.21389 0.73851
v -2.58254 -0.20373 0.74571
v -2.58254 -0.20373 0.74571
v -2.51990 -0.22735 0.84395
v -2.53299 -0.20638 0.80493
v -2.53299 -0.20638 0.80493
v -2.52590 -0.20793 0.80457
v -2.52960 -0.23178 0.85867
v -2.56470 -0.25958 0.87258
v -2.59355 -0.27605 0.83757
v -2.55847 -0.24934 0.87964
v -2.55847 -0.24934 0.87964
v -2.60135 -0.27999 0.83248
v -2.57383 -0.26235 0.79885
v -2.59373 -0.26740 0.80705
v -2.59373 -0.26740 0.80705
v -2.55116 -0.24702 0.79390
v -2.55301 -0.24482 0.79224
v -2.55301 -0.24482 0.79224
v -2.56878 -0.25947 0.79058
v -2.44075 -0.03399 1.78688
v -2.44075 -0.03399 1.78688
v -2.43370 -0.02471 1.78999
v -2.43279 -0.01719 1.77192
v -2.48749 0.03090 1.83846
v -2.48749 0.03090 1.83846
v -2.45242 0.08491 1.86486
v -2.44230 0.13165 1.89656
v -2.46305 0.11227 1.88325
v -2.46305 0.11227 1.88325
v -2.48010 0.21036 1.85403
v -2.48010 0.21036 1.85403
v -2.47527 0.23928 1.83653
v -2.48186 0.22787 1.85869
v -2.48186 0.22787 1.85869
v -2.58839 0.23647 1.75637
v -2.58839 0.23647 1.75637
v -2.58839 0.23647 1.75637
v -2.57908 0.22277 1.75985
v -2.59259 0.21088 1.73998
v -2.67200 0.11545 1.81401
v -2.67200 0.11545 1.81401
v -2.67262 0.13141 1.79647
v -2.66950 0.12035 1.79788
v -2.78574 0.15162 1.74195
v -2.78574 0.15162 1.74195
v -2.73352 0.12344 1.77143
v -2.79124 0.18484 1.69914
v -2.80422 0.18199 1.70605
v -2.76860 0.28239 1.65877
v -2.76860 0.28239 1.65877
v -2.77736 0.28720 1.65847
v -2.77736 0.28720 1.65847
v -2.77736 0.28720 1.65847
v -2.77322 0.28056 1.64617
v -2.77322 0.28056 1.64617
v -2.77322 0.28056 1.64617
v -2.74653 0.30950 1.54040
v -2.73102 0.30349 1.53447
v -2.73102 0.30349 1.53447
v -2.74510 0.31212 1.55791
v -2.69464 0.25217 1.47050
v -2.70577 0.17440 1.43398
v -2.69816 0.18835 1.44825
v -2.69816 0.18835 1.44825
v -2.75218 0.08008 1.42094
v -2.75003 0.10085 1.43563
v -2.75003 0.10085 1.43563
v -2.81155 0.07820 1.41723
v -2.82112 0.07224 1.41860
v -2.82112 0.07224 1.41860
v -2.87561 0.10718 1.34706
v -2.87356 0.08863 1.37106
v -2.87356 0.08863 1.37106
v -2.86535 0.08474 1.36927
v -2.87220 0.11388 1.31525
v -2.87220 0.11388 1.31525
v -2.86499 0.10999 1.31516
v -2.81115 0.12382 1.26193
v -2.81648 0.12229 1.25643
v -2.81648 0.12229 1.25643
v -2.79959 0.11432 1.25603
v -2.70889 0.10445 1.25216
v -2.70445 0.10140 1.24684
v -2.70445 0.10140 1.24684
v -2.69955 0.09836 1.25352
v -2.66748 0.11869 1.27379
v -2.65803 0.12040 1.27452
v -2.65803 0.12040 1.27452
v -2.65589 0.12472 1.28845
v -2.66510 0.13889 1.29779
v -2.66725 0.14865 1.30873
v -2.66725 0.14865 1.30873
v -2.68992 0.14993 1.31690
v -2.68902 0.15030 1.31796
v -2.68902 0.15030 1.31796
v -2.68842 0.15030 1.31956
v -2.41587 -0.01145 1.78424
v -2.41587 -0.01145 1.78424
v -2.43645 -0.02509 1.78763
v -2.43507 -0.02399 1.80271
v -2.46661 0.03478 1.79916
v -2.46661 0.03478 1.79916
v -2.52894 0.04288 1.78937
v -2.55333 0.05063 1.77029
v -2.55333 0.05063 1.77029
v -2.54263 0.03343 1.77175
v -2.60373 0.00225 1.81223
v -2.63213 -0.02106 1.82441
v -2.65487 -0.00284 1.84137
v -2.65487 -0.00284 1.84137
v -2.72311 0.03612 1.89279
v -2.68822 0.01972 1.88896
v -2.73748 0.09496 1.89128
v -2.73748 0.09496 1.89128
v -2.73801 0.10160 1.90083
v -2.76079 0.16838 1.86441
v -2.74042 0.20870 1.81707
v -2.74042 0.20870 1.81707
v -2.74137 0.21703 1.82471
v -2.70937 0.24045 1.74209
v -2.66234 0.20642 1.70268
v -2.66234 0.20642 1.70268
v -2.67567 0.22753 1.71188
v -2.63648 0.10852 1.61819
v -2.63862 0.10482 1.62697
v -2.63862 0.10482 1.62697
v -2.67579 0.08572 1.57981
v -2.74365 0.09753 1.52779
v -2.74365 0.09753 1.52779
v -2.73290 0.09897 1.52654
v -2.83589 0.15760 1.48560
v -2.82575 0.14534 1.48822
v -2.82575 0.14534 1.48822
v -2.82513 0.15091 1.48323
v -2.89995 0.12010 1.51134
v -2.89995 0.12010 1.51134
v -2.90372 0.12814 1.51536
v -2.90303 0.12871 1.51624
v -2.62984 0.07239 1.87371
v -2.71186 0.04290 1.91178
v -2.71186 0.04290 1.91178
v -2.64066 0.07428 1.85292
v -2.64066 0.07428 1.85292
v -2.63379 0.07644 1.87091
v -2.74054 0.08193 1.96154
v -2.74059 0.09800 1.95156
v -2.77719 0.15970 1.97256
v -2.79813 0.15768 1.96834
v -2.79813 0.15768 1.96834
v -2.84008 0.20198 1.92750
v -2.86021 0.22294 1.91355
v -2.88843 0.21051 1.83906
v -2.88843 0.21051 1.83906
v -2.87100 0.19349 1.80893
v -2.86806 0.19785 1.83185
v -2.83334 0.13177 1.80428
v -2.84849 0.05759 1.80714
v -2.84849 0.05759 1.80714
v -2.82992 0.10853 1.81064
v -2.90164 0.00484 1.75176
v -2.90164 0.00484 1.75176
v -2.89461 -0.00463 1.74865
v -2.94997 -0.01271 1.71839
v -2.99168 0.02183 1.67521
v -3.00707 0.03724 1.66481
v -3.00707 0.03724 1.66481
v -3.00358 0.10715 1.59481
v -2.97248 0.11783 1.58531
v -2.97816 0.12532 1.58474
v -2.97816 0.12532 1.58474
v -2.85742 0.14493 1.52094
v -2.86088 0.15087 1.51989
v -2.86088 0.15087 1.51989
v -2.84802 0.15084 1.50919
v -2.81636 0.18911 1.50905
v -2.81636 0.18911 1.50905
v -2.80839 0.18930 1.51074
v -2.81070 0.19576 1.50816
v -2.81900 0.22460 1.54074
v -2.81900 0.22460 1.54074
v -2.81633 0.22380 1.54172
v -2.81664 0.22694 1.54011
v -2.63808 0.08485 1.86296
v -2.62658 0.07650 1.88637
v -2.62658 0.07650 1.88637
v -2.63772 0.06816 1.86772
v -2.73846 0.10743 1.89014
v -2.73846 0.10743 1.89014
v -2.80763 0.08668 1.88640
v -2.82929 0.06445 1.91018
v -2.84603 0.06984 1.94062
v -2.84603 0.06984 1.94062
v -2.90906 0.06847 1.98880
v -2.91052 0.06452 2.01425
v -2.96996 0.09524 2.01562
v -2.96996 0.09524 2.01562
v -3.04937 0.09308 1.98945
v -3.06728 0.10516 1.98986
v -3.05202 0.12264 1.95925
v -3.05202 0.12264 1.95925
v -3.04413 0.10584 1.87809
v -3.05313 0.11886 1.86881
v -3.04391 0.09574 1.81380
v -3.04391 0.09574 1.81380
v -3.08960 0.04106 1.77465
v -3.09476 0.06093 1.77029
v -3.09133 0.04569 1.76344
v -3.09133 0.04569 1.76344
v -3.17065 -0.03017 1.79630
v -3.17494 -0.01761 1.78489
v -3.17494 -0.01761 1.78489
v -3.24822 -0.01857 1.79837
v -3.26859 -0.02818 1.77358
v -3.26859 -0.02818 1.77358
v -3.27648 -0.02775 1.78600
v -3.32811 -0.00069 1.68737
v -3.32811 -0.00069 1.68737
v -3.34165 0.01951 1.67596
v -3.34547 0.00887 1.66490
v -3.25386 0.13669 1.57239
v -3.25386 0.13669 1.57239
v -3.29045 0.11873 1.58978
v -3.26842 0.11790 1.59254
v -3.26842 0.11790 1.59254
v -3.18314 0.13617 1.56168
v -3.14881 0.11061 1.54086
v -3.14881 0.11061 1.54086
v -3.10791 0.07701 1.49524
v -3.12263 0.10051 1.52569
v -3.09987 0.01653 1.45983
v -3.09987 0.01653 1.45983
v -3.08816 0.01552 1.45814
v -3.12750 -0.03749 1.40994
v -3.12750 -0.03749 1.40994
v -3.17324 -0.04236 1.36741
v -3.17324 -0.04236 1.36741
v -3.17324 -0.04236 1.36741
v -3.15455 -0.05044 1.39440
v -3.15455 -0.05044 1.39440
v -3.15455 -0.05044 1.39440
v -3.17885 -0.01732 1.33637
v -3.18792 -0.01860 1.32089
v -3.20112 0.06265 1.28773
v -3.21102 0.08701 1.28541
v -3.21102 0.08701 1.28541
v -3.21210 0.09143 1.27539
v -3.16639 0.17334 1.27837
v -3.13052 0.20263 1.28894
v -3.13052 0.20263 1.28894
v -3.12611 0.19047 1.28611
v -3.02014 0.20809 1.26010
v -3.03887 0.20141 1.27115
v -3.04691 0.21087 1.27665
v -3.04691 0.21087 1.27665
v -2.97132 0.17644 1.23107
v -2.97132 0.17644 1.23107
v -2.95712 0.13910 1.17484
v -2.96049 0.14491 1.14854
v -2.95557 0.14158 1.14481
v -2.95557 0.14158 1.14481
v -2.99241 0.15478 1.03995
v -2.99241 0.15478 1.03995
v -3.00054 0.15759 1.03850
v -3.00407 0.17554 1.02839
v -3.01321 0.26076 0.94326
v -3.00968 0.26654 0.94965
v -2.99714 0.27247 0.93014
v -2.99714 0.27247 0.93014
v -2.97024 0.29209 0.86802
v -2.96603 0.28989 0.87686
v -2.96603 0.28989 0.87686
v -2.96485 0.29762 0.86883
v -2.94565 0.26707 0.82087
v -2.94565 0.26707 0.82087
v -2.95379 0.26492 0.81544
v -2.94716 0.26919 0.81266
v -2.97051 0.21930 0.78578
v -2.96602 0.21278 0.78595
v -2.96602 0.21278 0.78595
v -2.97436 0.20605 0.77557
v -3.03995 0.17629 0.79133
v -3.03293 0.17100 0.78996
v -3.03293 0.17100 0.78996
v -3.04062 0.17422 0.78776
v -3.11208 0.17909 0.83111
v -3.14617 0.19349 0.88351
v -3.14343 0.18622 0.87885
v -3.14343 0.18622 0.87885
v -3.15634 0.19071 0.92074
v -3.12356 0.18727 0.95923
v -3.08828 0.17947 0.97202
v -3.07959 0.18504 0.96171
v -3.05391 0.19655 0.92769
v -3.08772 0.17249 0.96965
v -3.08772 0.17249 0.96965
v -3.04951 0.19270 0.92940
v -3.07082 0.20374 0.89647
v -3.07082 0.20374 0.89647
v -3.06974 0.20873 0.89601
v -3.12016 0.21336 0.89970
v -3.12018 0.21159 0.89932
v -3.11877 0.20726 0.90301
v -3.11877 0.20726 0.90301
v -0.01559 0.08191 0.95876
v -0.10316 0.10220 1.00220
v -0.10316 0.10220 1.00220
v -0.00146 0.08678 0.97985
v -0.00146 0.08678 0.97985
v -0.01737 0.06330 0.96631
v -0.12713 0.08122 1.02760
v -0.12713 0.08122 1.02760
v -0.09588 0.07757 1.00129
v -0.18127 0.05191 1.03751
v -0.19643 0.02738 1.08541
v -0.25534 0.08070 1.16987
v -0.25534 0.08070 1.16987
v -0.23053 0.06318 1.17217
v -0.23053 0.06318 1.17217
v -0.29339 0.10908 1.19910
v -0.34393 0.17685 1.13488
v -0.33277 0.18880 1.14563
v -0.33277 0.18880 1.14563
v -0.35906 0.22011 1.09614
v -0.32714 0.20412 1.07464
v -0.32714 0.20412 1.07464
v -0.35220 0.21086 1.06854
v -0.30507 0.21762 1.04828
v -0.31020 0.20170 1.02904
v -0.29157 0.19301 0.98200
v -0.29157 0.19301 0.98200
v -0.35379 0.18681 0.90474
v -0.35447 0.16719 0.90947
v -0.36160 0.16258 0.88682
v -0.36160 0.16258 0.88682
v -0.41302 0.12406 0.94035
v -0.43848 0.12876 0.93365
v -0.44932 0.11626 0.93258
v -0.44932 0.11626 0.93258
v -0.51749 0.13460 0.92531
v -0.57047 0.15713 0.86104
v -0.57047 0.15713 0.86104
v -0.56530 0.17555 0.85091
v -0.57807 0.24833 0.77586
v -0.57807 0.24833 0.77586
v -0.55876 0.23712 0.77808
v -0.55876 0.23712 0.77808
v -0.55876 0.23712 0.77808
v -0.54008 0.26600 0.78055
v -0.54008 0.26600 0.78055
v -0.54008 0.26600 0.78055
v -0.47304 0.26401 0.78016
v -0.45013 0.27082 0.78342
v -0.45013 0.27082 0.78342
v -0.43105 0.25742 0.79552
v -0.43105 0.25742 0.79552
v -0.35713 0.20092 0.76195
v -0.34680 0.20568 0.75398
v -0.34680 0.20568 0.75398
v -0.35475 0.20702 0.74681
v -0.33090 0.16501 0.69404
v -0.33090 0.16501 0.69404
v -0.33798 0.16809 0.67392
v -0.35269 0.15628 0.58786
v -0.34841 0.17190 0.57493
v -0.34841 0.17190 0.57493
v -0.35991 0.18454 0.56256
v -0.34452 0.26140 0.50297
v -0.34189 0.26756 0.51020
v -0.34189 0.26756 0.51020
v -0.33915 0.28766 0.49255
v -0.25617 0.34498 0.44378
v -0.25617 0.34498 0.44378
v -0.28954 0.33512 0.46344
v -0.25046 0.34399 0.42494
v -0.22507 0.35220 0.40034
v -0.21378 0.31881 0.33115
v -0.20549 0.31133 0.31787
v -0.20549 0.31133 0.31787
v -0.21265 0.32760 0.33629
v -0.28143 0.28276 0.27182
v -0.30659 0.27891 0.28584
v -0.38287 0.27138 0.32380
v -0.36245 0.27045 0.29475
v -0.36245 0.27045 0.29475
v -0.39449 0.27030 0.32651
v -0.40338 0.25083 0.37251
v -0.41020 0.24788 0.37615
v -0.40612 0.24237 0.37291
v -0.40612 0.24237 0.37291
v -0.36578 0.22365 0.40223
v -0.37502 0.22107 0.40590
v -0.35640 0.21480 0.39820
v -0.35640 0.21480 0.39820
v -0.32849 0.23697 0.37483
v -0.32366 0.23426 0.37645
v -0.01036 0.06184 0.96359
v -0.01036 0.06184 0.96359
v -0.09632 0.04735 0.99619
v -0.09632 0.04735 0.99619
v -0.00728 0.06785 0.98023
v -0.01528 0.08934 0.96899
v -0.10221 0.07060 0.98706
v -0.16701 0.09148 1.01614
v -0.21708 0.09087 0.98632
v -0.21708 0.09087 0.98632
v -0.18226 0.09952 0.98248
v -0.28456 0.09731 0.90962
v -0.25932 0.09305 0.91200
v -0.26657 0.06636 0.89895
v -0.26657 0.06636 0.89895
v -0.23211 0.00224 0.85230
v -0.23211 0.00224 0.85230
v -0.23594 0.03237 0.84762
v -0.26918 -0.03288 0.81227
v -0.26918 -0.03288 0.81227
v -0.29235 -0.04346 0.75343
v -0.29235 -0.04346 0.75343
v -0.28302 -0.02182 0.78462
v -0.38659 -0.01454 0.72059
v -0.38947 -0.00857 0.70493
v -0.45529 0.00299 0.73707
v -0.45529 0.00299 0.73707
v -0.50991 0.09669 0.78780
v -0.51120 0.08024 0.77043
v -0.51120 0.08024 0.77043
v -0.50752 0.10630 0.76146
v -0.53607 0.16074 0.72002
v -0.53607 0.16074 0.72002
v -0.51765 0.20771 0.67531
v -0.51765 0.20771 0.67531
v -0.50485 0.20312 0.65695
v -0.47630 0.22522 0.61150
v -0.47630 0.22522 0.61150
v -0.41478 0.21297 0.57301
v -0.43567 0.20721 0.58480
v -0.38511 0.14070 0.49262
v -0.38511 0.14070 0.49262
v -0.39545 0.14680 0.51257
v -0.38521 0.13628 0.50443
v -0.45527 0.04920 0.44113
v -0.45527 0.04920 0.44113
v -0.45344 0.04618 0.45475
v -0.45604 0.04486 0.43916
v -0.50549 0.05121 0.39349
v -0.53324 0.09450 0.36140
v -0.53324 0.09450 0.36140
v -0.54238 0.09311 0.35961
v -0.53530 0.14833 0.31179
v -0.50942 0.17651 0.29358
v -0.50942 0.17651 0.29358
v -0.51042 0.18569 0.29128
v -0.51042 0.18569 0.29128
v -0.42992 0.20750 0.22181
v -0.42870 0.19660 0.22301
v -0.42827 0.20270 0.23244
v -0.42827 0.20270 0.23244
v -0.36918 0.18849 0.13295
v -0.35409 0.19727 0.10877
v -0.35409 0.19727 0.10877
v -0.36097 0.21684 0.07742
v -0.36107 0.21874 0.07223
v -0.36583 0.27599 0.04874
v -0.35899 0.27469 0.05426
v -0.35899 0.27469 0.05426
v -0.36728 0.32422 0.08111
v -0.35557 0.32473 0.09012
v -0.35557 0.32473 0.09012
v -0.36122 0.32918 0.08646
v -0.34355 0.33358 0.14200
v -0.33277 0.32086 0.15616
v -0.33277 0.32086 0.15616
v -0.33176 0.29978 0.17700
v -0.32606 0.28234 0.18775
v -0.33235 0.24037 0.18270
v -0.33235 0.24037 0.18270
v -0.34294 0.23542 0.18313
v -0.34867 0.23588 0.17660
v -0.37339 0.22428 0.15012
v -0.36958 0.22806 0.14709
v -0.36958 0.22806 0.14709
v -0.37145 0.23038 0.14861
v -0.21691 -0.00698 0.94569
v -0.21691 -0.00698 0.94569
v -0.26496 -0.01374 0.89563
v -0.26496 -0.01374 0.89563
v -0.24200 -0.02527 0.88947
v -0.21277 -0.03229 0.94340
v -0.22892 -0.03095 0.95696
v -0.24846 -0.02598 0.80313
v -0.24846 -0.02598 0.80313
v -0.25839 -0.04099 0.81974
v -0.23566 -0.04609 0.80245
v -0.29878 -0.09935 0.74042
v -0.29878 -0.09935 0.74042
v -0.27570 -0.10440 0.75935
v -0.31845 -0.13177 0.76643
v -0.35934 -0.16228 0.77059
v -0.38355 -0.14402 0.78711
v -0.38355 -0.14402 0.78711
v -0.39374 -0.16067 0.80352
v -0.46811 -0.14461 0.76163
v -0.46811 -0.14461 0.76163
v -0.50033 -0.13438 0.75962
v -0.50033 -0.13438 0.75962
v -0.48164 -0.15970 0.76819
v -0.51144 -0.08705 0.67191
v -0.51144 -0.08705 0.67191
v -0.52521 -0.08894 0.65643
v -0.51045 -0.04612 0.64439
v -0.45480 -0.01810 0.63687
v -0.45480 -0.01810 0.63687
v -0.45751 -0.01536 0.61746
v -0.46786 -0.00650 0.63581
v -0.37929 -0.02121 0.55005
v -0.35852 -0.02378 0.53640
v -0.35852 -0.02378 0.53640
v -0.38267 -0.00453 0.54593
v -0.36202 -0.13085 0.43835
v -0.36202 -0.13085 0.43835
v -0.35283 -0.08838 0.45499
v -0.38585 -0.14078 0.42673
v -0.38585 -0.14078 0.42673
v -0.44166 -0.16338 0.38517
v -0.44166 -0.16338 0.38517
v -0.44166 -0.16338 0.38517
v -0.47901 -0.13672 0.38253
v -0.47901 -0.13672 0.38253
v -0.47901 -0.13672 0.38253
v -0.47285 -0.12747 0.37331
v -0.47285 -0.12747 0.37331
v -0.48180 -0.05177 0.32055
v -0.43795 -0.00945 0.30159
v -0.44197 0.00059 0.30108
v -0.44197 0.00059 0.30108
v -0.34708 0.01986 0.26902
v -0.32754 0.00203 0.27113
v -0.30883 0.00866 0.26806
v -0.30883 0.00866 0.26806
v -0.26095 -0.05436 0.20701
v -0.25766 -0.04468 0.20953
v -0.25766 -0.04468 0.20953
v -0.26550 -0.04117 0.20582
v -0.26854 -0.09518 0.14458
v -0.26854 -0.09518 0.14458
v -0.32956 -0.11122 0.08583
v -0.27584 -0.08758 0.15016
v -0.33870 -0.09236 0.06744
v -0.33870 -0.09236 0.06744
v -0.34831 -0.08194 0.06950
v -0.44488 0.01711 0.02412
v -0.43470 0.01688 0.02043
v -0.43470 0.01688 0.02043
v -0.43636 0.01983 0.02831
v -0.52405 0.03343 0.01647
v -0.52588 0.02278 0.01482
v -0.50565 0.03521 0.01073
v -0.50565 0.03521 0.01073
v -0.54746 -0.05272 0.03702
v -0.55893 -0.04038 0.03326
v -0.55793 -0.01036 0.01495
v -0.55793 -0.01036 0.01495
v -0.52197 -0.07274 0.05381
v -0.52197 -0.07274 0.05381
v -0.50036 -0.06467 0.06576
v -0.45142 -0.00834 0.04730
v -0.45657 -0.00499 0.04742
v -0.45657 -0.00499 0.04742
v -0.45845 -0.00636 0.04583
v -0.20855 -0.03969 0.94849
v -0.20855 -0.03969 0.94849
v -0.20690 -0.01908 0.94430
v -0.23019 -0.02363 0.95168
v -0.26304 -0.01578 0.82240
v -0.26304 -0.01578 0.82240
v -0.27406 -0.00924 0.84376
v -0.27444 0.02265 0.81599
v -0.27444 0.02265 0.81599
v -0.32111 0.08094 0.79084
v -0.32111 0.08094 0.79084
v -0.30626 0.10368 0.78653
v -0.30133 0.13920 0.70756
v -0.26200 0.11674 0.67712
v -0.26200 0.11674 0.67712
v -0.29090 0.13638 0.72216
v -0.29090 0.13638 0.72216
v -0.23820 0.09989 0.67417
v -0.23820 0.09989 0.67417
v -0.22569 0.10968 0.65699
v -0.23467 0.01282 0.57544
v -0.23467 0.01282 0.57544
v -0.22651 -0.00495 0.55490
v -0.22651 -0.00495 0.55490
v -0.22180 0.02196 0.56827
v -0.34014 -0.02705 0.52628
v -0.34014 -0.02705 0.52628
v -0.34014 -0.02705 0.52628
v -0.33403 -0.01211 0.53092
v -0.34306 -0.00005 0.50971
v -0.41932 0.06044 0.45555
v -0.41470 0.06288 0.43762
v -0.42829 0.07349 0.42310
v -0.42829 0.07349 0.42310
v -0.37504 0.15628 0.36658
v -0.37504 0.15628 0.36658
v -0.37797 0.15515 0.34502
v -0.37797 0.15515 0.34502
v -0.37797 0.15515 0.34502
v -0.37743 0.14068 0.35965
v -0.37743 0.14068 0.35965
v -0.37743 0.14068 0.35965
v -0.34548 0.10379 0.27942
v -0.34548 0.10379 0.27942
v -0.34563 0.11807 0.27665
v -0.34909 0.03132 0.23221
v -0.34640 0.00648 0.23851
v -0.34640 0.00648 0.23851
v -0.34319 0.01130 0.22877
v -0.42038 -0.07093 0.24138
v -0.41628 -0.07937 0.24382
v -0.41628 -0.07937 0.24382
v -0.42398 -0.08229 0.23441
v -0.51896 -0.07984 0.21507
v -0.54374 -0.08221 0.20774
v -0.54374 -0.08221 0.20774
v -0.53545 -0.08244 0.19755
v -0.56006 -0.02882 0.10400
v -0.55191 -0.04175 0.10327
v -0.55899 -0.03797 0.09853
v -0.55899 -0.03797 0.09853
v -0.49084 -0.03290 0.04745
v -0.49084 -0.03290 0.04745
v -0.46129 -0.04018 0.04345
v -0.39073 -0.03367 0.02505
v -0.38285 -0.03467 0.01691
v -0.38285 -0.03467 0.01691
v -0.37284 -0.03281 0.02334
v -0.34157 0.01092 0.03099
v -0.33111 0.01673 0.03608
v -0.33862 0.00821 0.02458
v -0.33862 0.00821 0.02458
v -0.35072 0.03946 0.06252
v -0.34592 0.04743 0.06369
v -0.34592 0.04743 0.06369
v -0.38641 0.02010 0.09293
v -0.38504 0.02289 0.10059
v -0.38640 0.02093 0.09485
v -0.38640 0.02093 0.09485
v -0.41225 0.05277 0.84802
v -0.41225 0.05277 0.84802
v -0.55428 0.11481 0.86161
v -0.42779 0.03233 0.84686
v -0.41839 0.03584 0.86304
v -0.51448 0.12418 0.86184
v -0.51448 0.12418 0.86184
v -0.55181 0.10659 0.84032
v -0.61943 0.08782 0.85558
v -0.62431 0.07482 0.90050
v -0.62431 0.07482 0.90050
v -0.64413 0.03982 0.92099
v -0.70057 0.04808 0.97022
v -0.70057 0.04808 0.97022
v -0.69651 0.03658 0.98047
v -0.80836 0.08171 0.99404
v -0.82143 0.10979 0.95347
v -0.82143 0.10979 0.95347
v -0.78907 0.06096 0.97817
v -0.87275 0.16461 0.87339
v -0.87275 0.16461 0.87339
v -0.85838 0.13063 0.92152
v -0.85938 0.14103 0.80532
v -0.85938 0.14103 0.80532
v -0.87260 0.12090 0.80126
v -0.85029 0.04100 0.74900
v -0.85029 0.04100 0.74900
v -0.85940 0.04567 0.76749
v -0.84439 0.02606 0.76442
v -0.94579 -0.04535 0.68546
v -0.94579 -0.04535 0.68546
v -0.91019 -0.03342 0.72819
v -0.98465 -0.02665 0.66952
v -1.03250 -0.01726 0.65519
v -1.08160 0.05953 0.63101
v -1.08160 0.05953 0.63101
v -1.07078 0.07514 0.63214
v -1.07078 0.07514 0.63214
v -1.08908 0.11390 0.63210
v -1.06854 0.17931 0.58481
v -1.06854 0.17931 0.58481
v -1.06118 0.17920 0.60052
v -1.04503 0.19611 0.56309
v -1.04503 0.19611 0.56309
v -1.03365 0.22053 0.50046
v -1.00737 0.19718 0.43437
v -0.98612 0.17874 0.43240
v -0.98612 0.17874 0.43240
v -0.98571 0.19072 0.43507
v -0.96763 0.12755 0.40893
v -0.96763 0.12755 0.40893
v -0.96763 0.12755 0.40893
v -0.95745 0.12148 0.42238
v -0.95745 0.12148 0.42238
v -0.95745 0.12148 0.42238
v -0.95002 0.12160 0.40261
v -0.95002 0.12160 0.40261
v -0.96674 0.10177 0.31388
v -0.96674 0.10177 0.31388
v -0.95080 0.10932 0.32553
v -0.98966 0.11070 0.26135
v -1.02275 0.14496 0.22445
v -1.05105 0.15332 0.21501
v -1.05105 0.15332 0.21501
v -1.03967 0.15759 0.21150
v -1.13408 0.23381 0.22409
v -1.13408 0.23381 0.22409
v -1.12227 0.22644 0.21450
v -1.12883 0.25835 0.22923
v -1.12063 0.34433 0.23100
v -1.13187 0.34559 0.22877
v -1.13187 0.34559 0.22877
v -1.12481 0.33927 0.22261
v -1.06370 0.40793 0.19109
v -1.07688 0.41105 0.19320
v -1.07688 0.41105 0.19320
v -1.07122 0.40345 0.18651
v -1.02172 0.40878 0.08927
v -1.02901 0.40366 0.08939
v -1.02971 0.41516 0.08838
v -1.02971 0.41516 0.08838
v -1.06045 0.32288 0.04108
v -1.06017 0.33347 0.03578
v -1.06017 0.33347 0.03578
v -1.08103 0.32050 0.03496
v -1.20512 0.19500 0.01678
v -1.20706 0.19850 0.01751
v -1.21457 0.19554 0.00845
v -1.21457 0.19554 0.00845
v -1.19328 0.11935 0.01131
v -1.16655 0.11046 0.01090
v -1.03276 0.14416 0.03784
v -1.12485 0.08895 0.00376
v -1.12485 0.08895 0.00376
v -1.10917 0.09138 0.01461
v -1.01695 0.17279 0.04201
v -1.03139 0.15860 0.03241
v -1.03139 0.15860 0.03241
v -1.03166 0.27340 0.02687
v -1.02549 0.27655 0.02588
v -1.01781 0.26558 0.02174
v -1.01781 0.26558 0.02174
v -1.07713 0.28827 0.02275
v -1.07735 0.29609 0.02008
v -1.08729 0.28583 0.01369
v -1.08729 0.28583 0.01369
v -1.08061 0.21001 0.02066
v -1.08265 0.20552 0.01505
v -1.07940 0.21009 0.01309
v -1.07940 0.21009 0.01309
v -0.42492 0.03238 0.84439
v -0.42492 0.03238 0.84439
v -0.47829 0.04156 0.89386
v -0.47829 0.04156 0.89386
v -0.41351 0.05365 0.85428
v -0.47260 0.06759 0.89798
v -0.42472 0.05188 0.83615
v -0.47310 0.08479 0.98669
v -0.49055 0.10769 0.98242
v -0.51027 0.10045 0.99488
v -0.51027 0.10045 0.99488
v -0.54334 0.15254 1.01258
v -0.61026 0.18274 0.94456
v -0.61026 0.18274 0.94456
v -0.58837 0.18385 0.94436
v -0.57470 0.19489 0.88130
v -0.57365 0.13555 0.82259
v -0.57365 0.13555 0.82259
v -0.55394 0.13099 0.82002
v -0.60903 0.10505 0.73542
v -0.62139 0.09562 0.75264
v -0.62139 0.09562 0.75264
v -0.62689 0.07749 0.73197
v -0.70086 0.08472 0.77690
v -0.69714 0.07637 0.79249
v -0.69714 0.07637 0.79249
v -0.73002 0.07426 0.78951
v -0.79738 0.11716 0.78384
v -0.79738 0.11716 0.78384
v -0.80162 0.11547 0.76299
v -0.83666 0.11821 0.76043
v -0.83666 0.11821 0.76043
v -0.87055 0.16224 0.67026
v -0.85132 0.19900 0.66073
v -0.85037 0.21797 0.64830
v -0.85037 0.21797 0.64830
v -0.76053 0.26548 0.60103
v -0.75991 0.26328 0.61276
v -0.75991 0.26328 0.61276
v -0.73700 0.25262 0.59012
v -0.69825 0.26139 0.53828
v -0.69825 0.26139 0.53828
v -0.67651 0.20489 0.47544
v -0.68531 0.20345 0.46790
v -0.68211 0.17563 0.44711
v -0.68211 0.17563 0.44711
v -0.74088 0.09082 0.40740
v -0.71930 0.11936 0.43098
v -0.77347 0.08992 0.37612
v -0.77347 0.08992 0.37612
v -0.79447 0.10100 0.36583
v -0.82196 0.11388 0.33083
v -0.83605 0.16951 0.28989
v -0.83605 0.16951 0.28989
v -0.82788 0.21634 0.24847
v -0.83959 0.18106 0.28314
v -0.74869 0.25187 0.21412
v -0.74869 0.25187 0.21412
v -0.74922 0.26193 0.21031
v -0.67787 0.26284 0.14313
v -0.65414 0.28056 0.11358
v -0.64533 0.30074 0.07871
v -0.64929 0.27478 0.11230
v -0.64929 0.27478 0.11230
v -0.63671 0.32005 0.07532
v -0.63671 0.32005 0.07532
v -0.64285 0.36980 0.07709
v -0.63924 0.38941 0.08684
v -0.63924 0.38941 0.08684
v -0.64502 0.38310 0.08080
v -0.64666 0.40274 0.14552
v -0.64508 0.39497 0.14405
v -0.63474 0.37554 0.18628
v -0.63474 0.37554 0.18628
v -0.64290 0.37235 0.18267
v -0.64195 0.36974 0.17580
v -0.64268 0.31617 0.18497
v -0.64213 0.31855 0.17826
v -0.64936 0.29150 0.15000
v -0.64936 0.29150 0.15000
v -0.65168 0.29656 0.14963
v -0.65059 0.29924 0.14845
v -0.62141 0.04848 1.00444
v -0.62141 0.04848 1.00444
v -0.62935 0.03948 0.98122
v -0.61700 0.02495 0.98113
v -0.68823 -0.02543 1.01188
v -0.72518 -0.02241 0.99637
v -0.72518 -0.02241 0.99637
v -0.72673 -0.03754 0.96078
v -0.74793 -0.05392 0.95609
v -0.74793 -0.05392 0.95609
v -0.73542 -0.07338 0.87616
v -0.70956 -0.08754 0.87861
v -0.71205 -0.11434 0.87357
v -0.71205 -0.11434 0.87357
v -0.68289 -0.15107 0.84956
v -0.67317 -0.19666 0.87271
v -0.69021 -0.22131 0.87059
v -0.69021 -0.22131 0.87059
v -0.68191 -0.25336 0.87723
v -0.78262 -0.31438 0.88461
v -0.78262 -0.31438 0.88461
v -0.78262 -0.31438 0.88461
v -0.74504 -0.29626 0.90405
v -0.76977 -0.32055 0.88945
v -0.85798 -0.31718 0.85104
v -0.85798 -0.31718 0.85104
v -0.85798 -0.31718 0.85104
v -0.85064 -0.31484 0.86542
v -0.85064 -0.31484 0.86542
v -0.91485 -0.22829 0.85003
v -0.90506 -0.16111 0.83656
v -0.90494 -0.13317 0.81983
v -0.90494 -0.13317 0.81983
v -0.87518 -0.10461 0.71436
v -0.87518 -0.10461 0.71436
v -0.86745 -0.11574 0.69432
v -0.87394 -0.12272 0.69910
v -0.91243 -0.22209 0.55890
v -0.90642 -0.19645 0.58295
v -0.91508 -0.19982 0.57765
v -0.91508 -0.19982 0.57765
v -0.89388 -0.22107 0.54902
v -0.89237 -0.22859 0.54119
v -0.89237 -0.22859 0.54119
v -0.84125 -0.23831 0.54698
v -0.83971 -0.24208 0.54293
v -0.83971 -0.24208 0.54293
v -0.84325 -0.24232 0.54899
v -0.61493 0.02698 0.98774
v -0.62689 0.04074 0.96836
v -0.62689 0.04074 0.96836
v -0.64205 -0.03541 0.98087
v -0.66560 -0.02918 0.98041
v -0.63961 0.04729 0.98073
v -0.64871 -0.04169 0.96574
v -0.64871 -0.04169 0.96574
v -0.66989 -0.09031 1.01767
v -0.65511 -0.11185 1.02117
v -0.65511 -0.11185 1.02117
v -0.70487 -0.11227 1.08768
v -0.78401 -0.12217 1.09369
v -0.78401 -0.12217 1.09369
v -0.81914 -0.14760 1.10268
v -0.81914 -0.14760 1.10268
v -0.82110 -0.13321 1.09835
v -0.88068 -0.17658 1.00592
v -0.88068 -0.17658 1.00592
v -0.88630 -0.15784 1.00201
v -0.87258 -0.16155 0.99315
v -0.87258 -0.16155 0.99315
v -0.80440 -0.16896 0.92805
v -0.80440 -0.16896 0.92805
v -0.83937 -0.15017 0.93625
v -0.77209 -0.16809 0.92140
v -0.74113 -0.21745 0.88947
v -0.74113 -0.21745 0.88947
v -0.70066 -0.31250 0.86871
v -0.70066 -0.31250 0.86871
v -0.70066 -0.31250 0.86871
v -0.70003 -0.31380 0.85869
v -0.70003 -0.31380 0.85869
v -0.70003 -0.31380 0.85869
v -0.68575 -0.32125 0.86800
v -0.71718 -0.42563 0.77688
v -0.71481 -0.43066 0.76820
v -0.70786 -0.41948 0.77017
v -0.70786 -0.41948 0.77017
v -0.74810 -0.39222 0.63021
v -0.74517 -0.38151 0.62580
v -0.74517 -0.38151 0.62580
v -0.74699 -0.37284 0.60664
v -0.71768 -0.36246 0.53212
v -0.70878 -0.37536 0.51898
v -0.72426 -0.42108 0.47610
v -0.69952 -0.37011 0.50662
v -0.69952 -0.37011 0.50662
v -0.71911 -0.40637 0.47509
v -0.78413 -0.44186 0.49104
v -0.75162 -0.44057 0.46702
v -0.75162 -0.44057 0.46702
v -0.78783 -0.43563 0.48537
v -0.80967 -0.40160 0.53322
v -0.80967 -0.40160 0.53322
v -0.79562 -0.40069 0.53150
v -0.79611 -0.39854 0.52969
v -0.85240 -0.05450 0.95860
v -0.89075 -0.02421 0.93234
v -0.89075 -0.02421 0.93234
v -0.85198 -0.06429 0.93475
v -0.85679 -0.06416 0.94924
v -0.85679 -0.06416 0.94924
v -0.87523 0.05615 0.89629
v -0.87523 0.05615 0.89629
v -0.86325 0.09019 0.84543
v -0.87422 0.07410 0.83064
v -0.91111 0.08741 0.81501
v -0.91111 0.08741 0.81501
v -0.93445 0.09186 0.77413
v -0.97526 0.07870 0.79800
v -0.97526 0.07870 0.79800
v -0.97268 0.06803 0.77680
v -1.02211 0.08928 0.78281
v -1.08226 0.10094 0.76859
v -1.07226 0.10995 0.78915
v -1.07226 0.10995 0.78915
v -1.10006 0.15415 0.71838
v -1.10006 0.15415 0.71838
v -1.08162 0.20064 0.67638
v -1.11630 0.17198 0.69793
v -1.05630 0.20703 0.68214
v -1.05267 0.23127 0.67881
v -1.05267 0.23127 0.67881
v -0.98235 0.24112 0.58712
v -0.98235 0.24112 0.58712
v -0.98903 0.22697 0.57027
v -0.98243 0.22997 0.52897
v -0.98243 0.22997 0.52897
v -0.96946 0.16419 0.51362
v -0.96946 0.16419 0.51362
v -0.98008 0.17136 0.52424
v -1.01001 0.10640 0.50541
v -1.02282 0.07842 0.51081
v -1.02282 0.07842 0.51081
v -1.07661 0.06027 0.48970
v -1.13811 0.05056 0.43111
v -1.13811 0.05056 0.43111
v -1.14496 0.06651 0.43402
v -1.17381 0.07456 0.42769
v -1.18395 0.17584 0.37386
v -1.18395 0.17584 0.37386
v -1.19007 0.19963 0.36640
v -1.19007 0.19963 0.36640
v -1.19007 0.19963 0.36640
v -1.15336 0.22808 0.37424
v -1.15336 0.22808 0.37424
v -1.15336 0.22808 0.37424
v -1.08061 0.23047 0.36095
v -1.08002 0.23626 0.36552
v -1.08002 0.23626 0.36552
v -1.00402 0.19095 0.34953
v -1.00402 0.19095 0.34953
v -1.01172 0.18673 0.34269
v -0.97012 0.15808 0.30054
v -0.97012 0.15808 0.30054
v -0.97597 0.13049 0.23775
v -0.96933 0.14087 0.24247
v -0.96933 0.14087 0.24247
v -0.98718 0.14244 0.16841
v -0.98718 0.14244 0.16841
v -1.00794 0.18161 0.12694
v -1.00268 0.18683 0.13291
v -0.99221 0.25863 0.08874
v -0.99221 0.25863 0.08874
v -0.98602 0.29087 0.08842
v -0.96807 0.31162 0.08676
v -0.96807 0.31162 0.08676
v -0.91036 0.34742 0.05145
v -0.87191 0.35907 0.04488
v -0.72902 0.38843 0.02270
v -0.72902 0.38843 0.02270
v -0.74876 0.38893 0.01777
v -0.71124 0.45356 0.02081
v -0.72095 0.51783 0.00791
v -0.76867 0.59222 0.01115
v -0.76867 0.59222 0.01115
v -0.83760 0.63516 0.01508
v -0.86814 0.63917 0.00976
v -0.91666 0.62125 0.01375
v -0.91666 0.62125 0.01375
v -0.90931 0.61374 0.01651
v -0.83027 -0.04710 0.92035
v -0.83027 -0.04710 0.92035
v -0.89234 -0.08737 0.91928
v -0.85734 -0.05446 0.95175
v -0.84826 -0.03260 0.93306
v -0.95847 -0.16544 0.89414
v -0.96790 -0.15726 0.86663
v -0.96790 -0.15726 0.86663
v -1.00322 -0.17743 0.81021
v -1.00322 -0.17743 0.81021
v -1.04215 -0.15639 0.77151
v -1.01851 -0.12101 0.75850
v -1.01851 -0.12101 0.75850
v -1.03592 -0.12134 0.74211
v -1.00466 -0.06105 0.76055
v -0.97484 -0.05479 0.76289
v -0.97484 -0.05479 0.76289
v -0.93283 0.03090 0.65513
v -0.92900 0.02322 0.69541
v -0.92533 0.01522 0.65560
v -0.92533 0.01522 0.65560
v -0.89814 -0.00787 0.58206
v -0.89814 -0.00787 0.58206
v -0.90539 0.02068 0.59887
v -0.91548 -0.02817 0.57326
v -0.93404 -0.09447 0.55165
v -0.93404 -0.09447 0.55165
v -0.95768 -0.11274 0.52528
v -1.00318 -0.11476 0.52964
v -1.07039 -0.11914 0.51428
v -1.07039 -0.11914 0.51428
v -1.10863 -0.08540 0.46381
v -1.11197 -0.09991 0.46826
v -1.11197 -0.09991 0.46826
v -1.13998 -0.00815 0.37935
v -1.13998 -0.00815 0.37935
v -1.13707 -0.04065 0.39778
v -1.13707 -0.04065 0.39778
v -1.10920 0.00761 0.35774
v -1.06276 0.03124 0.30666
v -1.06276 0.03124 0.30666
v -1.02564 0.03929 0.28886
v -0.99565 0.01871 0.27166
v -0.96410 -0.04555 0.20403
v -0.96410 -0.04555 0.20403
v -0.96550 -0.02248 0.21311
v -0.96550 -0.02248 0.21311
v -0.96230 -0.06682 0.18591
v -1.01876 -0.11023 0.11382
v -1.02016 -0.10273 0.12685
v -1.02016 -0.10273 0.12685
v -1.02351 -0.11351 0.11619
v -1.11118 -0.07476 0.04914
v -1.11118 -0.07476 0.04914
v -1.10499 -0.06959 0.04523
v -1.10721 -0.05730 0.05261
v -1.10721 -0.05730 0.05261
v -1.15828 0.09389 0.01923
v -1.15828 0.09389 0.01923
v -1.15472 0.08113 0.01273
v -1.17595 0.09976 0.01464
v -1.19920 0.12456 0.00725
v -1.23796 0.13311 0.01921
v -1.23796 0.13311 0.01921
v -1.24305 0.12435 0.01709
v -1.25512 0.12591 0.01864
v -1.28742 0.08024 0.06666
v -1.27420 0.06854 0.08892
v -1.27420 0.06854 0.08892
v -1.27835 0.08293 0.06068
v -1.22138 0.05067 0.09630
v -1.22400 0.05369 0.09035
v -1.17132 0.08759 0.06383
v -1.17132 0.08759 0.06383
v -1.17211 0.08508 0.06227
v -1.17615 0.08643 0.06068
v -1.04797 0.05513 0.93017
v -1.04797 0.05513 0.93017
v -1.05787 0.07596 0.92264
v -1.06626 0.06176 0.91164
v -1.14739 0.06318 1.01822
v -1.14739 0.06318 1.01822
v -1.16208 0.04456 1.00134
v -1.17194 0.03979 1.02448
v -1.17194 0.03979 1.02448
v -1.29301 0.02545 0.93614
v -1.30115 0.01927 0.95718
v -1.30115 0.01927 0.95718
v -1.26454 0.00984 0.95596
v -1.26454 0.00984 0.95596
v -1.38738 0.02041 0.99972
v -1.38738 0.02041 0.99972
v -1.39949 0.04654 0.99351
v -1.42239 0.07427 1.02432
v -1.42239 0.07427 1.02432
v -1.48892 0.12672 1.00789
v -1.49023 0.17553 0.99314
v -1.49023 0.17553 0.99314
v -1.48149 0.14840 0.98237
v -1.48970 0.19228 0.90659
v -1.47391 0.20070 0.86551
v -1.50251 0.20798 0.88870
v -1.50251 0.20798 0.88870
v -1.48583 0.15357 0.80149
v -1.47151 0.15923 0.78838
v -1.47151 0.15923 0.78838
v -1.51806 0.09238 0.74300
v -1.51806 0.09238 0.74300
v -1.52257 0.06884 0.75208
v -1.53859 0.08079 0.76217
v -1.64344 0.06668 0.74826
v -1.64344 0.06668 0.74826
v -1.64529 0.05281 0.76120
v -1.62845 0.06833 0.76988
v -1.71909 0.11090 0.67048
v -1.71909 0.11090 0.67048
v -1.71870 0.10863 0.65175
v -1.70142 0.11668 0.66043
v -1.70142 0.11668 0.66043
v -1.66075 0.18615 0.62878
v -1.68549 0.18255 0.64300
v -1.62731 0.20717 0.60839
v -1.62731 0.20717 0.60839
v -1.61863 0.21263 0.57247
v -1.59276 0.18457 0.53566
v -1.56368 0.14859 0.48510
v -1.56368 0.14859 0.48510
v -1.57943 0.16141 0.48873
v -1.58981 0.06742 0.46558
v -1.58981 0.06742 0.46558
v -1.60511 0.06891 0.45308
v -1.63628 0.02708 0.41156
v -1.63628 0.02708 0.41156
v -1.70226 0.01448 0.37204
v -1.70226 0.01448 0.37204
v -1.68838 0.02834 0.38896
v -1.74634 0.07354 0.31600
v -1.75684 0.07875 0.29179
v -1.75684 0.07875 0.29179
v -1.76048 0.12328 0.26474
v -1.69299 0.18513 0.19425
v -1.71083 0.17095 0.19510
v -1.71083 0.17095 0.19510
v -1.70602 0.16339 0.20257
v -1.61971 0.16301 0.12303
v -1.61971 0.16301 0.12303
v -1.60401 0.14461 0.11669
v -1.59582 0.13272 0.09096
v -1.58690 0.08121 0.06071
v -1.60056 0.06666 0.04595
v -1.60233 0.06706 0.05653
v -1.60233 0.06706 0.05653
v -1.65239 0.00312 0.02921
v -1.66979 0.00451 0.01906
v -1.66494 0.00978 0.02945
v -1.66494 0.00978 0.02945
v -1.84634 -0.01807 0.01418
v -1.84634 -0.01807 0.01418
v -1.86030 -0.03058 0.00648
v -1.89290 -0.06563 0.01269
v -1.91291 -0.15072 -0.00226
v -1.90803 -0.07682 0.01045
v -1.90803 -0.07682 0.01045
v -1.91160 -0.14155 0.00823
v -1.91160 -0.14155 0.00823
v -1.90267 -0.13936 0.00958
v -1.84831 -0.21300 0.02941
v -1.84831 -0.21300 0.02941
v -1.85318 -0.19632 0.02497
v -1.68689 -0.19644 0.10238
v -1.70252 -0.18733 0.10446
v -1.67460 -0.18797 0.10866
v -1.67460 -0.18797 0.10866
v -1.61709 -0.15425 0.06859
v -1.61617 -0.16090 0.06716
v -1.61617 -0.16090 0.06716
v -1.62438 -0.11119 0.03035
v -1.61346 -0.11707 0.04162
v -1.61346 -0.11707 0.04162
v -1.63931 -0.09943 0.03949
v -1.65541 -0.09199 0.03359
v -1.65541 -0.09199 0.03359
v -1.70028 -0.11531 0.04605
v -1.70435 -0.10670 0.04627
v -1.70435 -0.10670 0.04627
v -1.70905 -0.11981 0.05889
v -1.69738 -0.16195 0.06609
v -1.69666 -0.16825 0.07145
v -1.69666 -0.16825 0.07145
v -1.66141 -0.17708 0.06645
v -1.06111 0.06865 0.90937
v -1.06111 0.06865 0.90937
v -1.12605 0.04098 0.92583
v -1.12605 0.04098 0.92583
v -1.05220 0.04997 0.92590
v -1.10616 0.02505 0.93333
v -1.05565 0.06886 0.93445
v -1.13850 -0.00951 0.96679
v -1.14393 -0.04333 0.96734
v -1.14393 -0.04333 0.96734
v -1.16038 -0.08302 1.04351
v -1.23771 -0.13856 1.05246
v -1.22696 -0.12152 1.05347
v -1.22696 -0.12152 1.05347
v -1.22720 -0.12917 1.07581
v -1.25772 -0.10622 1.02495
v -1.24671 -0.09575 0.98037
v -1.23916 -0.11715 0.97525
v -1.23916 -0.11715 0.97525
v -1.25083 -0.13228 0.91873
v -1.25083 -0.13228 0.91873
v -1.28974 -0.17273 0.89799
v -1.28974 -0.17273 0.89799
v -1.29876 -0.15361 0.89391
v -1.34643 -0.17973 0.86140
v -1.34643 -0.17973 0.86140
v -1.38057 -0.18078 0.88014
v -1.41793 -0.14588 0.87274
v -1.41793 -0.14588 0.87274
v -1.46835 -0.10341 0.85400
v -1.46835 -0.10341 0.85400
v -1.44646 -0.10901 0.87703
v -1.45830 -0.06942 0.77048
v -1.45830 -0.06942 0.77048
v -1.46526 -0.05095 0.73935
v -1.44669 -0.04656 0.74065
v -1.40249 -0.05701 0.69641
v -1.40249 -0.05701 0.69641
v -1.39854 -0.04009 0.69345
v -1.31908 -0.09827 0.66183
v -1.33663 -0.13200 0.63618
v -1.33663 -0.13200 0.63618
v -1.33043 -0.09487 0.64667
v -1.36281 -0.22379 0.54083
v -1.36558 -0.20461 0.56828
v -1.36558 -0.20461 0.56828
v -1.36710 -0.22738 0.55550
v -1.47002 -0.23629 0.51680
v -1.46374 -0.24681 0.52758
v -1.46374 -0.24681 0.52758
v -1.53203 -0.21002 0.48256
v -1.55549 -0.19872 0.47735
v -1.55549 -0.19872 0.47735
v -1.57478 -0.09159 0.43472
v -1.57478 -0.09159 0.43472
v -1.57478 -0.09159 0.43472
v -1.55015 -0.08115 0.41106
v -1.55015 -0.08115 0.41106
v -1.55015 -0.08115 0.41106
v -1.55695 -0.08193 0.39923
v -1.55695 -0.08193 0.39923
v -1.48765 -0.15492 0.30344
v -1.47408 -0.15510 0.29949
v -1.47408 -0.15510 0.29949
v -1.48692 -0.12985 0.29566
v -1.45109 -0.23978 0.28914
v -1.46774 -0.27751 0.30222
v -1.45661 -0.27996 0.30706
v -1.45661 -0.27996 0.30706
v -1.51441 -0.35654 0.30349
v -1.56111 -0.37506 0.30033
v -1.54424 -0.37748 0.29859
v -1.54424 -0.37748 0.29859
v -1.63633 -0.37316 0.21579
v -1.63633 -0.37316 0.21579
v -1.63250 -0.36427 0.21315
v -1.65220 -0.34380 0.11427
v -1.62897 -0.35909 0.10036
v -1.62897 -0.35909 0.10036
v -1.61633 -0.35027 0.08894
v -1.55509 -0.39279 0.03979
v -1.55509 -0.39279 0.03979
v -1.54224 -0.39739 0.04253
v -1.53375 -0.40437 0.03169
v -1.49498 -0.49643 0.01567
v -1.50364 -0.66680 0.01126
v -1.50364 -0.66680 0.01126
v -1.49512 -0.50229 0.02473
v -1.50201 -0.65149 0.01035
v -1.50062 -0.67639 0.01884
v -1.39706 -0.84089 0.00387
v -1.38971 -0.86432 0.01028
v -1.40385 -0.84488 0.00731
v -1.40385 -0.84488 0.00731
v -1.42103 -0.91687 0.00847
v -1.42103 -0.91687 0.00847
v -1.41704 -0.92168 0.00414
v -1.47461 -0.94758 0.01256
v -1.47725 -0.93490 0.01233
v -1.47725 -0.93490 0.01233
v -1.47831 -0.93942 0.00680
v -1.51843 -0.90121 0.00842
v -1.51854 -0.88668 0.01568
v -1.51854 -0.88668 0.01568
v -1.52317 -0.88854 0.01406
v -1.49069 -0.85725 0.01406
v -1.49069 -0.85725 0.01406
v -1.49342 -0.85210 0.01071
v -1.49350 -0.85185 0.01367
v -1.28515 -0.02895 0.96337
v -1.28515 -0.02895 0.96337
v -1.28286 -0.01412 0.94172
v -1.27182 -0.02739 0.94070
v -1.38703 -0.07352 0.87146
v -1.37444 -0.09051 0.89754
v -1.37444 -0.09051 0.89754
v -1.41389 -0.07223 0.87350
v -1.42257 -0.06007 0.77397
v -1.45410 -0.10127 0.71402
v -1.45410 -0.10127 0.71402
v -1.45410 -0.10127 0.71402
v -1.44563 -0.10518 0.69133
v -1.50034 -0.11812 0.68423
v -1.54442 -0.19172 0.72236
v -1.54442 -0.19172 0.72236
v -1.55542 -0.20464 0.70893
v -1.56931 -0.19445 0.74140
v -1.57547 -0.19248 0.80381
v -1.57547 -0.19248 0.80381
v -1.56404 -0.20686 0.77754
v -1.56404 -0.20686 0.77754
v -1.61601 -0.22282 0.80026
v -1.61581 -0.25895 0.79055
v -1.62675 -0.28565 0.79335
v -1.62675 -0.28565 0.79335
v -1.64452 -0.32453 0.73653
v -1.64452 -0.32453 0.73653
v -1.64149 -0.32147 0.71043
v -1.63361 -0.34361 0.66027
v -1.63361 -0.34361 0.66027
v -1.64287 -0.32058 0.64292
v -1.67951 -0.30946 0.60559
v -1.69246 -0.29619 0.58812
v -1.69246 -0.29619 0.58812
v -1.69682 -0.26001 0.59950
v -1.72213 -0.20366 0.63387
v -1.73359 -0.20276 0.61789
v -1.73359 -0.20276 0.61789
v -1.72308 -0.16953 0.60737
v -1.74737 -0.13815 0.54490
v -1.74737 -0.13815 0.54490
v -1.74365 -0.12212 0.54211
v -1.70609 -0.12705 0.46227
v -1.70609 -0.12705 0.46227
v -1.67799 -0.11971 0.42596
v -1.67799 -0.11971 0.42596
v -1.66238 -0.12075 0.43710
v -1.61745 -0.14459 0.44111
v -1.61745 -0.14459 0.44111
v -1.62532 -0.12961 0.45100
v -1.58659 -0.16398 0.45519
v -1.55686 -0.18515 0.41498
v -1.55208 -0.22785 0.38557
v -1.55208 -0.22785 0.38557
v -1.54121 -0.23893 0.36444
v -1.58381 -0.28782 0.29601
v -1.58381 -0.28782 0.29601
v -1.58381 -0.28782 0.29601
v -1.58381 -0.28782 0.29601
v -1.56577 -0.28920 0.30464
v -1.56577 -0.28920 0.30464
v -1.58853 -0.30675 0.26495
v -1.58853 -0.30675 0.26495
v -1.58809 -0.27767 0.19786
v -1.60054 -0.22958 0.15780
v -1.60054 -0.22958 0.15780
v -1.60858 -0.22885 0.16322
v -1.60858 -0.22885 0.16322
v -1.55924 -0.09264 0.13464
v -1.57259 -0.10639 0.14148
v -1.57259 -0.10639 0.14148
v -1.52426 -0.08516 0.15152
v -1.52426 -0.08516 0.15152
v -1.41717 -0.07400 0.15128
v -1.41717 -0.07400 0.15128
v -1.40539 -0.09279 0.14317
v -1.39687 -0.09227 0.12787
v -1.32766 -0.15326 0.06165
v -1.32766 -0.15326 0.06165
v -1.33129 -0.14023 0.05888
v -1.33129 -0.14023 0.05888
v -1.34181 -0.14165 0.06394
v -1.27064 -0.28675 0.01785
v -1.25004 -0.30736 0.02264
v -1.25004 -0.30736 0.02264
v -1.22987 -0.34230 0.01566
v -1.13187 -0.39052 0.01438
v -1.12896 -0.38966 0.03012
v -1.12896 -0.38966 0.03012
v -1.11108 -0.40904 0.04395
v -1.09070 -0.43061 0.09913
v -1.12209 -0.45194 0.14076
v -1.09461 -0.43033 0.11751
v -1.09461 -0.43033 0.11751
v -1.12971 -0.45880 0.15148
v -1.18218 -0.46854 0.15469
v -1.18218 -0.46854 0.15469
v -1.24128 -0.48760 0.09663
v -1.20470 -0.48300 0.14102
v -1.25608 -0.48169 0.08576
v -1.25608 -0.48169 0.08576
v -1.25695 -0.48858 0.08196
v -1.29905 -0.42670 0.03990
v -1.29291 -0.44222 0.05509
v -1.29291 -0.44222 0.05509
v -1.29538 -0.44982 0.05039
v -1.29923 -0.39589 0.04904
v -1.29923 -0.39589 0.04904
v -1.30275 -0.39564 0.04310
v -1.26375 -0.36081 0.05956
v -1.26358 -0.35356 0.06342
v -1.22398 -0.39108 0.06380
v -1.23928 -0.36412 0.07786
v -1.23928 -0.36412 0.07786
v -1.21524 -0.39593 0.06605
v -1.23486 -0.42252 0.05021
v -1.23486 -0.42252 0.05021
v -1.23526 -0.42091 0.04776
v -1.23318 -0.42235 0.04844
v -1.27611 -0.01309 0.94326
v -1.29349 -0.00586 0.96131
v -1.29349 -0.00586 0.96131
v -1.28061 -0.03622 0.95196
v -1.33777 -0.06187 0.88116
v -1.34918 -0.06231 0.85392
v -1.34918 -0.06231 0.85392
v -1.38157 -0.09255 0.85669
v -1.38157 -0.09255 0.85669
v -1.40582 -0.14482 0.84744
v -1.40582 -0.14482 0.84744
v -1.44530 -0.16233 0.86942
v -1.54153 -0.17342 0.83053
v -1.54742 -0.16536 0.79649
v -1.54742 -0.16536 0.79649
v -1.56674 -0.17907 0.77926
v -1.53525 -0.08380 0.69360
v -1.53525 -0.08380 0.69360
v -1.55255 -0.08792 0.67688
v -1.56311 -0.07958 0.68726
v -1.46640 -0.03997 0.65224
v -1.45659 -0.05159 0.61507
v -1.42830 -0.04214 0.58433
v -1.42830 -0.04214 0.58433
v -1.43627 -0.07735 0.52869
v -1.44502 -0.05445 0.53040
v -1.43033 -0.11169 0.50763
v -1.43033 -0.11169 0.50763
v -1.46815 -0.15923 0.50951
v -1.48522 -0.18768 0.51023
v -1.48522 -0.18768 0.51023
v -1.48734 -0.17043 0.51698
v -1.58639 -0.19596 0.43159
v -1.57921 -0.18407 0.43006
v -1.57916 -0.18924 0.41463
v -1.57916 -0.18924 0.41463
v -1.61897 -0.09394 0.35671
v -1.61897 -0.09394 0.35671
v -1.61093 -0.08818 0.36487
v -1.60639 -0.09966 0.35938
v -1.55134 -0.03262 0.25686
v -1.55134 -0.03262 0.25686
v -1.53755 -0.02469 0.25222
v -1.54225 -0.04047 0.26186
v -1.45345 -0.12597 0.14875
v -1.47476 -0.12778 0.14109
v -1.47469 -0.12942 0.15205
v -1.47469 -0.12942 0.15205
v -1.55802 -0.18795 0.07141
v -1.55802 -0.18795 0.07141
v -1.57764 -0.17870 0.05110
v -1.58570 -0.18499 0.04859
v -1.70976 -0.12233 0.01848
v -1.75040 -0.11882 0.02094
v -1.75040 -0.11882 0.02094
v -1.71929 -0.12802 0.01735
v -1.78821 -0.13741 0.00993
v -1.78944 -0.15200 0.01090
v -1.81032 -0.18298 0.02263
v -1.81032 -0.18298 0.02263
v -1.81478 -0.20245 0.02277
v -1.78960 -0.24265 0.04683
v -1.78568 -0.23472 0.05972
v -1.78568 -0.23472 0.05972
v -1.78633 -0.23915 0.05644
v -1.74325 -0.23188 0.08420
v -1.71145 -0.19347 0.08798
v -1.71145 -0.19347 0.08798
v -1.71424 -0.20035 0.08723
v -1.71338 -0.19559 0.07984
v -1.71010 -0.14446 0.05236
v -1.71716 -0.14814 0.05223
v -1.49508 0.02554 0.87867
v -1.51844 0.03086 0.86039
v -1.51844 0.03086 0.86039
v -1.50536 0.04656 0.87450
v -1.51959 -0.02102 1.00333
v -1.51959 -0.02102 1.00333
v -1.51776 0.00158 1.01141
v -1.54252 -0.01309 1.03258
v -1.54252 -0.01309 1.03258
v -1.57260 0.00668 1.07917
v -1.57260 0.00668 1.07917
v -1.59158 0.02676 1.08098
v -1.60966 0.01521 1.06172
v -1.70930 -0.04045 1.10032
v -1.70930 -0.04045 1.10032
v -1.69669 -0.02298 1.08687
v -1.70566 -0.04264 1.07373
v -1.70566 -0.04264 1.07373
v -1.81288 0.03364 1.12984
v -1.81288 0.03364 1.12984
v -1.79611 0.03222 1.11388
v -1.83635 0.08764 1.12496
v -1.83635 0.08764 1.12496
v -1.80655 0.19856 1.09038
v -1.80750 0.20136 1.10410
v -1.80750 0.20136 1.10410
v -1.78372 0.21579 1.07834
v -1.78044 0.25090 1.02513
v -1.78044 0.25090 1.02513
v -1.75445 0.23134 0.98818
v -1.75830 0.22043 0.94782
v -1.75830 0.22043 0.94782
v -1.73825 0.18689 0.91758
v -1.81950 0.12457 0.84075
v -1.81950 0.12457 0.84075
v -1.79680 0.11312 0.85551
v -1.82283 0.11560 0.82145
v -1.92505 0.12276 0.79635
v -1.94859 0.16172 0.78849
v -1.94859 0.16172 0.78849
v -1.96541 0.16302 0.79687
v -1.98370 0.21553 0.77973
v -1.98789 0.21654 0.79729
v -1.98501 0.29715 0.73965
v -1.98501 0.29715 0.73965
v -1.98479 0.30138 0.71006
v -1.98845 0.31619 0.71312
v -1.92221 0.32372 0.60466
v -1.89429 0.32696 0.58492
v -1.89429 0.32696 0.58492
v -1.92233 0.33884 0.60087
v -1.87050 0.28001 0.55966
v -1.87050 0.28001 0.55966
v -1.87050 0.28001 0.55966
v -1.86064 0.27885 0.54533
v -1.86064 0.27885 0.54533
v -1.85819 0.26997 0.55598
v -1.85819 0.26997 0.55598
v -1.85819 0.26997 0.55598
v -1.91163 0.20465 0.48320
v -1.90768 0.22356 0.49925
v -1.91238 0.20646 0.49927
v -1.91238 0.20646 0.49927
v -2.03094 0.24377 0.40692
v -1.98818 0.21500 0.43162
v -1.98818 0.21500 0.43162
v -2.05788 0.28184 0.41536
v -2.06715 0.28879 0.41584
v -2.06715 0.28879 0.41584
v -2.07397 0.38104 0.39885
v -2.07664 0.40384 0.40164
v -2.07664 0.40384 0.40164
v -2.03073 0.48662 0.34093
v -2.03073 0.48662 0.34093
v -2.04627 0.46386 0.34658
v -2.00547 0.48600 0.30805
v -1.97853 0.46937 0.24930
v -1.98274 0.44387 0.17467
v -1.98274 0.44387 0.17467
v -1.98982 0.44266 0.17978
v -1.98982 0.44266 0.17978
v -2.01961 0.41663 0.10468
v -2.03673 0.43038 0.09135
v -2.03673 0.43038 0.09135
v -2.03506 0.42231 0.10166
v -2.07951 0.44575 0.05968
v -2.08884 0.47723 0.03908
v -2.08239 0.47261 0.05233
v -2.08239 0.47261 0.05233
v -2.08831 0.52865 0.03441
v -2.08831 0.52865 0.03441
v -2.09568 0.53826 0.02802
v -2.06178 0.57134 0.01707
v -2.02475 0.58971 0.02378
v -2.02475 0.58971 0.02378
v -2.02980 0.59045 0.01698
v -1.93392 0.56275 0.00829
v -1.94043 0.57532 0.01044
v -1.87805 0.51269 0.00676
v -1.87805 0.51269 0.00676
v -1.84359 0.45244 0.01018
v -1.85077 0.44429 0.01286
v -1.84778 0.40758 0.05590
v -1.84778 0.40758 0.05590
v -1.85656 0.39755 0.06002
v -1.85082 0.39742 0.06496
v -1.89778 0.39622 0.09090
v -1.89715 0.40287 0.09463
v -1.89715 0.40287 0.09463
v -1.89635 0.39599 0.09885
v -1.93442 0.43137 0.07515
v -1.93355 0.44460 0.07356
v -1.93355 0.44460 0.07356
v -1.93558 0.42865 0.08285
v -1.93091 0.46787 0.05716
v -1.90652 0.47379 0.04314
v -1.86069 0.46580 0.05018
v -1.86069 0.46580 0.05018
v -1.86100 0.46321 0.04509
v -1.86540 0.45719 0.04722
v -1.49627 0.03719 0.86625
v -1.49627 0.03719 0.86625
v -1.56590 0.07979 0.88588
v -1.56590 0.07979 0.88588
v -1.53949 0.06921 0.90646
v -1.53949 0.06921 0.90646
v -1.50043 0.02195 0.88267
v -1.48904 0.03160 0.89018
v -1.59504 0.05653 0.88189
v -1.64758 0.05660 0.90902
v -1.69726 0.06592 0.91126
v -1.69726 0.06592 0.91126
v -1.68852 0.04421 0.90758
v -1.75342 0.09763 0.98183
v -1.75957 0.09983 0.96360
v -1.73826 0.12045 0.97839
v -1.73826 0.12045 0.97839
v -1.74201 0.18058 1.02616
v -1.72142 0.17674 1.02998
v -1.74200 0.19982 1.01558
v -1.74200 0.19982 1.01558
v -1.84141 0.29766 0.98674
v -1.82421 0.30815 0.99569
v -1.82421 0.30815 0.99569
v -1.82917 0.31182 0.95045
v -1.82917 0.31182 0.95045
v -1.81572 0.30356 0.90302
v -1.79356 0.30968 0.90082
v -1.79356 0.30968 0.90082
v -1.79989 0.16761 0.80257
v -1.79989 0.16761 0.80257
v -1.77575 0.20038 0.83099
v -1.77575 0.20038 0.83099
v -1.79379 0.19330 0.81223
v -1.84063 0.16595 0.76230
v -1.90866 0.14909 0.75142
v -1.90866 0.14909 0.75142
v -1.90866 0.14909 0.75142
v -1.92730 0.17737 0.71434
v -1.92730 0.17737 0.71434
v -1.92730 0.17737 0.71434
v -1.90122 0.15808 0.73712
v -1.90122 0.15808 0.73712
v -1.90025 0.21926 0.62750
v -1.92162 0.20543 0.65496
v -1.84273 0.27254 0.59861
v -1.84273 0.27254 0.59861
v -1.84834 0.27162 0.58936
v -1.81481 0.27223 0.59048
v -1.72394 0.27324 0.59170
v -1.71558 0.27899 0.59843
v -1.71558 0.27899 0.59843
v -1.72355 0.28392 0.58989
v -1.65034 0.16735 0.54711
v -1.65488 0.21291 0.57215
v -1.65488 0.21291 0.57215
v -1.66496 0.21446 0.56981
v -1.64789 0.16454 0.53303
v -1.64789 0.16454 0.53303
v -1.65223 0.17475 0.53266
v -1.67971 0.14298 0.45115
v -1.67971 0.14298 0.45115
v -1.67989 0.15111 0.45810
v -1.69994 0.15782 0.43028
v -1.74220 0.25384 0.32613
v -1.74220 0.25384 0.32613
v -1.74825 0.26403 0.32517
v -1.74853 0.25023 0.33581
v -1.79935 0.26848 0.31489
v -1.80228 0.26962 0.30949
v -1.80228 0.26962 0.30949
v -1.82846 0.27238 0.32250
v -1.83859 0.25867 0.34452
v -1.81039 0.25000 0.39035
v -1.85120 0.25771 0.34949
v -1.85120 0.25771 0.34949
v -1.81441 0.25528 0.39735
v -1.81061 0.25178 0.39043
v -1.81061 0.25178 0.39043
v -1.67610 -0.00837 1.03294
v -1.73859 -0.04550 1.09033
v -1.73859 -0.04550 1.09033
v -1.72800 -0.02618 1.07107
v -1.69170 0.00194 1.01980
v -1.68476 -0.01647 1.00473
v -1.68476 -0.01647 1.00473
v -1.76063 -0.01374 1.09791
v -1.80630 0.08185 1.12036
v -1.80630 0.08185 1.12036
v -1.80066 0.10370 1.09944
v -1.81462 0.09922 1.06754
v -1.81830 0.11210 1.03457
v -1.81830 0.11210 1.03457
v -1.79823 0.09252 1.01006
v -1.80781 0.01188 0.97903
v -1.80932 0.03425 0.97125
v -1.80932 0.03425 0.97125
v -1.82749 -0.02858 0.96857
v -1.86260 -0.03595 0.95715
v -1.86260 -0.03595 0.95715
v -1.96560 -0.05974 0.94364
v -1.96560 -0.05974 0.94364
v -1.96560 -0.05974 0.94364
v -1.94306 -0.05460 0.95306
v -1.94306 -0.05460 0.95306
v -1.95818 -0.04093 0.93932
v -1.95818 -0.04093 0.93932
v -1.95818 -0.04093 0.93932
v -2.03234 0.06354 0.94143
v -2.02716 0.07140 0.92255
v -2.03601 0.06916 0.92633
v -2.03601 0.06916 0.92633
v -2.00936 0.14189 0.86110
v -2.00936 0.14189 0.86110
v -1.97879 0.15155 0.79954
v -2.00207 0.13201 0.84918
v -1.99085 0.12647 0.77095
v -1.99697 0.12823 0.75659
v -1.99697 0.12823 0.75659
v -2.03353 0.05611 0.66810
v -2.03353 0.05611 0.66810
v -2.03393 0.02650 0.64432
v -2.02670 0.05190 0.66338
v -2.00594 0.01189 0.62238
v -2.01723 0.01139 0.62001
v -2.01723 0.01139 0.62001
v -1.96914 -0.00221 0.64147
v -1.96813 -0.00164 0.64026
v -1.96813 -0.00164 0.64026
v -1.96860 0.00146 0.64229
v -1.75445 -0.04816 0.98716
v -1.75445 -0.04816 0.98716
v -1.67876 -0.01166 1.01080
v -1.73133 -0.05166 0.99397
v -1.68047 -0.01297 1.02681
v -1.69013 0.00080 1.03905
v -1.69013 0.00080 1.03905
v -1.77524 -0.16904 0.95918
v -1.77524 -0.16904 0.95918
v -1.75503 -0.16992 0.97095
v -1.77787 -0.19755 0.94700
v -1.86548 -0.25123 0.95013
v -1.87041 -0.23095 0.96280
v -1.87041 -0.23095 0.96280
v -1.89269 -0.24167 0.98169
v -1.93614 -0.18294 1.00027
v -1.93614 -0.18294 1.00027
v -1.97055 -0.17080 0.98178
v -2.02615 -0.12483 0.96225
v -2.02615 -0.12483 0.96225
v -2.02192 -0.14465 0.97845
v -2.04974 -0.13256 0.92041
v -2.04023 -0.11107 0.85189
v -2.04023 -0.11107 0.85189
v -2.06390 -0.11883 0.86180
v -2.02829 -0.13736 0.84493
v -1.98789 -0.19848 0.79297
v -1.97510 -0.22483 0.79557
v -1.97510 -0.22483 0.79557
v -1.97546 -0.21381 0.78811
v -1.97546 -0.21381 0.78811
v -2.02003 -0.32962 0.75994
v -2.02003 -0.32962 0.75994
v -2.03483 -0.32343 0.75462
v -2.01160 -0.29962 0.75978
v -2.11699 -0.35290 0.67617
v -2.11699 -0.35290 0.67617
v -2.10191 -0.35151 0.70103
v -2.11692 -0.33797 0.68282
v -2.16650 -0.31602 0.64331
v -2.16650 -0.31602 0.64331
v -2.17998 -0.25105 0.59886
v -2.16887 -0.22355 0.55506
v -2.16887 -0.22355 0.55506
v -2.14843 -0.20378 0.54037
v -2.14830 -0.19909 0.52535
v -2.05076 -0.19206 0.45588
v -2.04836 -0.19991 0.46284
v -2.04836 -0.19991 0.46284
v -2.04088 -0.19058 0.45933
v -2.00734 -0.28800 0.37280
v -2.00734 -0.28800 0.37280
v -2.01633 -0.27248 0.37583
v -2.01633 -0.27248 0.37583
v -2.00676 -0.27315 0.37118
v -2.05116 -0.32412 0.32125
v -2.04881 -0.33436 0.32221
v -2.11425 -0.34958 0.27943
v -2.11425 -0.34958 0.27943
v -2.13115 -0.34625 0.24734
v -2.12037 -0.35467 0.25946
v -2.16561 -0.35684 0.15832
v -2.16468 -0.37329 0.14032
v -2.17145 -0.35967 0.16819
v -2.17145 -0.35967 0.16819
v -2.15121 -0.43331 0.10755
v -2.15121 -0.43331 0.10755
v -2.13735 -0.45292 0.10677
v -2.13278 -0.49410 0.15516
v -2.15449 -0.49980 0.19722
v -2.15449 -0.49980 0.19722
v -2.14867 -0.49691 0.19676
v -2.17205 -0.45463 0.24798
v -2.17393 -0.41273 0.24840
v -2.17393 -0.41273 0.24840
v -2.17060 -0.44346 0.24456
v -2.16054 -0.39848 0.24469
v -2.15668 -0.39915 0.23585
v -2.14121 -0.39156 0.21350
v -2.14121 -0.39156 0.21350
v -2.13987 -0.39244 0.21475
v -2.14086 -0.39490 0.21339
v -1.87242 -0.10340 0.90514
v -1.87242 -0.10340 0.90514
v -1.92499 -0.13380 0.88718
v -1.92499 -0.13380 0.88718
v -1.88344 -0.11035 0.92410
v -1.88552 -0.09481 0.92185
v -1.92950 -0.10761 0.88405
v -1.99075 -0.16580 0.93391
v -2.00949 -0.15496 0.93206
v -2.06444 -0.17219 0.91567
v -2.06444 -0.17219 0.91567
v -2.09732 -0.15608 0.91497
v -2.10697 -0.11957 0.89421
v -2.07914 -0.06811 0.84435
v -2.07914 -0.06811 0.84435
v -2.09586 -0.05948 0.85708
v -2.03249 -0.01533 0.81173
v -2.03751 -0.02158 0.72932
v -2.02474 -0.03944 0.71113
v -2.02474 -0.03944 0.71113
v -2.02237 -0.04126 0.68454
v -2.05861 -0.13566 0.63897
v -2.05861 -0.13566 0.63897
v -2.03809 -0.12650 0.63812
v -2.06246 -0.16035 0.64691
v -2.06246 -0.16035 0.64691
v -2.14758 -0.17242 0.58704
v -2.19302 -0.14819 0.57981
v -2.19302 -0.14819 0.57981
v -2.19403 -0.13983 0.56355
v -2.25279 -0.08248 0.56139
v -2.25279 -0.08248 0.56139
v -2.25118 -0.00571 0.53586
v -2.23837 -0.04492 0.56009
v -2.22839 0.02454 0.52363
v -2.22839 0.02454 0.52363
v -2.19775 0.04443 0.49156
v -2.16633 0.06597 0.45937
v -2.16633 0.06597 0.45937
v -2.14914 0.04930 0.44509
v -2.14576 0.06154 0.43611
v -2.14576 0.06154 0.43611
v -2.04372 -0.00927 0.39266
v -2.04372 -0.00927 0.39266
v -2.08219 0.02941 0.40827
v -2.08219 0.02941 0.40827
v -2.06940 0.00481 0.40709
v -2.04919 -0.07149 0.34188
v -2.04885 -0.08599 0.33908
v -2.06822 -0.11205 0.28317
v -2.06822 -0.11205 0.28317
v -2.12685 -0.11675 0.21626
v -2.12685 -0.11675 0.21626
v -2.13891 -0.11882 0.21874
v -2.13127 -0.12189 0.21529
v -2.19367 -0.06158 0.14863
v -2.18504 -0.04958 0.14793
v -2.18504 -0.04958 0.14793
v -2.19387 -0.04058 0.14855
v -2.16319 0.03257 0.09170
v -2.15544 0.02770 0.09950
v -2.15544 0.02770 0.09950
v -2.16886 0.02862 0.10704
v -2.07587 0.05833 0.04934
v -2.07587 0.05833 0.04934
v -2.04880 0.07245 0.03891
v -2.02700 0.07737 0.02810
v -1.95751 0.13569 0.01785
v -1.95751 0.13569 0.01785
v -1.95869 0.16550 0.00866
v -1.96544 0.17321 0.01803
v -2.02419 0.22282 0.04788
v -1.99477 0.21951 0.03528
v -1.99477 0.21951 0.03528
v -2.02190 0.21689 0.05143
v -2.04949 0.20819 0.08012
v -2.04949 0.20819 0.08012
v -2.05849 0.19473 0.08227
v -2.05361 0.18920 0.08366
v -2.06431 0.14010 0.09552
v -2.06010 0.14126 0.10004
v -2.06010 0.14126 0.10004
v -2.05721 0.14065 0.09369
v -2.04531 0.10467 0.07977
v -2.04531 0.10467 0.07977
v -2.04581 0.10360 0.07265
v -2.03661 0.10322 0.07077
v -2.01315 0.09221 0.05845
v -2.01315 0.09221 0.05845
v -2.01498 0.09399 0.05518
v -2.01375 0.09712 0.05766
v -1.88720 -0.11062 0.92330
v -1.88720 -0.11062 0.92330
v -1.87848 -0.08953 0.91629
v -1.94080 -0.08333 0.83330
v -1.94080 -0.08333 0.83330
v -1.87261 -0.10416 0.90673
v -1.92199 -0.09339 0.84198
v -1.94312 -0.10362 0.85144
v -1.94312 -0.10362 0.85144
v -1.88164 -0.13532 0.71480
v -1.88164 -0.13532 0.71480
v -1.86734 -0.13824 0.72067
v -1.88426 -0.13396 0.76523
v -1.95882 -0.17513 0.64090
v -1.99292 -0.17676 0.62384
v -2.00050 -0.16544 0.63712
v -2.00050 -0.16544 0.63712
v -2.04731 -0.18882 0.65716
v -2.08639 -0.16113 0.68417
v -2.08639 -0.16113 0.68417
v -2.13632 -0.12473 0.66576
v -2.13632 -0.12473 0.66576
v -2.13088 -0.14728 0.67085
v -2.17270 -0.11085 0.64277
v -2.17270 -0.11085 0.64277
v -2.17270 -0.11085 0.64277
v -2.19776 -0.07185 0.57123
v -2.19776 -0.07185 0.57123
v -2.19776 -0.07185 0.57123
v -2.17644 -0.08387 0.58299
v -2.17644 -0.08387 0.58299
v -2.20079 0.01430 0.55304
v -2.20960 0.00852 0.54954
v -2.20960 0.00852 0.54954
v -2.12996 0.08453 0.46010
v -2.13299 0.08899 0.44551
v -2.14029 0.08406 0.44135
v -2.14029 0.08406 0.44135
v -2.15732 0.06238 0.32639
v -2.17778 0.05404 0.30761
v -2.17778 0.05404 0.30761
v -2.17626 0.04902 0.29982
v -2.20796 0.09081 0.18547
v -2.21914 0.06988 0.20852
v -2.22402 0.07672 0.20660
v -2.22402 0.07672 0.20660
v -2.14464 0.07465 0.16549
v -2.12410 0.04100 0.20702
v -2.15250 0.08527 0.16156
v -2.15250 0.08527 0.16156
v -2.12842 0.03981 0.20498
v -2.12842 0.03981 0.20498
v -2.13457 0.04060 0.20581
v -2.07088 0.03163 0.80594
v -2.07088 0.03163 0.80594
v -2.06515 0.02762 0.83611
v -2.05708 0.04273 0.82764
v -2.14704 0.08457 0.90467
v -2.13174 0.09475 0.89666
v -2.14249 0.12278 0.92550
v -2.14249 0.12278 0.92550
v -2.13840 0.14461 0.97294
v -2.13840 0.14461 0.97294
v -2.11933 0.15065 0.96559
v -2.18375 0.22535 1.00358
v -2.18375 0.22535 1.00358
v -2.19432 0.21770 1.02524
v -2.19442 0.21402 1.00260
v -2.19442 0.21402 1.00260
v -2.21802 0.19313 0.92249
v -2.19219 0.22471 0.94242
v -2.21005 0.17893 0.92386
v -2.21005 0.17893 0.92386
v -2.27582 0.16185 0.89399
v -2.31610 0.16415 0.90667
v -2.31610 0.16415 0.90667
v -2.31705 0.17686 0.91725
v -2.31705 0.17686 0.91725
v -2.36558 0.23533 0.95785
v -2.36558 0.23533 0.95785
v -2.37081 0.26442 0.93727
v -2.37743 0.23803 0.94771
v -2.35992 0.33792 0.84801
v -2.35992 0.33792 0.84801
v -2.34662 0.33100 0.82702
v -2.33012 0.32852 0.82479
v -2.27959 0.33086 0.80229
v -2.27959 0.33086 0.80229
v -2.27959 0.33086 0.80229
v -2.26698 0.32417 0.80776
v -2.26698 0.32417 0.80776
v -2.27434 0.32119 0.79468
v -2.27434 0.32119 0.79468
v -2.27434 0.32119 0.79468
v -2.27781 0.33373 0.68833
v -2.27145 0.32927 0.66956
v -2.27918 0.31902 0.67277
v -2.27918 0.31902 0.67277
v -2.35475 0.26873 0.61589
v -2.38266 0.25367 0.61789
v -2.38266 0.25367 0.61789
v -2.35885 0.25783 0.61583
v -2.47223 0.27117 0.59585
v -2.46800 0.28359 0.59889
v -2.47298 0.27695 0.60450
v -2.47298 0.27695 0.60450
v -2.51539 0.35822 0.56167
v -2.52442 0.35321 0.56691
v -2.52442 0.35321 0.56691
v -2.51943 0.35245 0.55417
v -2.47638 0.37758 0.45889
v -2.49858 0.38611 0.48417
v -2.49858 0.38611 0.48417
v -2.49815 0.37803 0.48728
v -2.47261 0.35859 0.43619
v -2.47261 0.35859 0.43619
v -2.44809 0.25587 0.39791
v -2.44734 0.27864 0.40853
v -2.44891 0.26944 0.40215
v -2.44891 0.26944 0.40215
v -2.41546 0.21635 0.41825
v -2.41705 0.21090 0.41429
v -2.41705 0.21090 0.41429
v -2.38373 0.20944 0.44629
v -2.38785 0.20325 0.44797
v -2.37683 0.20524 0.45169
v -2.37683 0.20524 0.45169
v -2.37784 0.23713 0.47060
v -2.37663 0.23612 0.47207
v -2.37663 0.23612 0.47207
v -2.37828 0.23553 0.47260
v -2.05130 0.03497 0.83712
v -2.07686 0.08763 0.84539
v -2.06424 0.02269 0.84824
v -2.06424 0.02269 0.84824
v -2.06823 0.03421 0.82650
v -2.08759 0.11469 0.85874
v -2.08759 0.11469 0.85874
v -2.11162 0.12970 0.84086
v -2.12000 0.13189 0.79734
v -2.12376 0.14898 0.78556
v -2.12376 0.14898 0.78556
v -2.17203 0.14516 0.76695
v -2.17203 0.14516 0.76695
v -2.21556 0.13711 0.74681
v -2.26737 0.14121 0.76412
v -2.28732 0.17813 0.77945
v -2.28732 0.17813 0.77945
v -2.32510 0.22934 0.80085
v -2.31449 0.25987 0.82023
v -2.31449 0.25987 0.82023
v -2.32919 0.25533 0.82295
v -2.32375 0.34266 0.77183
v -2.29811 0.40786 0.71307
v -2.29811 0.40786 0.71307
v -2.32682 0.35685 0.76961
v -2.28139 0.39781 0.67962
v -2.28170 0.39246 0.69548
v -2.28170 0.39246 0.69548
v -2.20739 0.35185 0.61785
v -2.20739 0.35185 0.61785
v -2.20625 0.29124 0.56294
v -2.20538 0.34716 0.60182
v -2.21895 0.28639 0.55862
v -2.21895 0.28639 0.55862
v -2.23463 0.27115 0.52873
v -2.27781 0.25897 0.50800
v -2.27781 0.25897 0.50800
v -2.41152 0.26894 0.44845
v -2.38839 0.27363 0.44913
v -2.39813 0.26326 0.45284
v -2.39813 0.26326 0.45284
v -2.42666 0.24090 0.45871
v -2.42666 0.24090 0.45871
v -2.43745 0.23631 0.46020
v -2.43655 0.22848 0.49129
v -2.43549 0.22573 0.49036
v -2.43549 0.22573 0.49036
v -2.21407 0.06979 1.00400
v -2.26181 0.05129 1.06311
v -2.26181 0.05129 1.06311
v -2.21907 0.09044 1.01124
v -2.21907 0.09044 1.01124
v -2.20327 0.07622 1.01680
v -2.24218 0.04821 1.07627
v -2.24880 0.02372 1.10828
v -2.24691 0.03010 1.20659
v -2.24691 0.03010 1.20659
v -2.22818 0.03884 1.19321
v -2.23564 0.02559 1.22973
v -2.29509 0.02665 1.29486
v -2.34403 0.02742 1.29682
v -2.34403 0.02742 1.29682
v -2.29457 0.04309 1.28540
v -2.38402 0.04458 1.27164
v -2.38402 0.04458 1.27164
v -2.37338 0.04573 1.29694
v -2.42717 0.02859 1.20166
v -2.43104 0.04030 1.18296
v -2.41894 -0.00141 1.14902
v -2.41894 -0.00141 1.14902
v -2.42713 -0.06436 1.13444
v -2.42713 -0.06436 1.13444
v -2.44764 -0.08674 1.14603
v -2.49649 -0.17628 1.17035
v -2.49649 -0.17628 1.17035
v -2.49858 -0.15843 1.17145
v -2.48854 -0.15429 1.15602
v -2.60413 -0.19600 1.10792
v -2.60413 -0.19600 1.10792
v -2.59449 -0.18575 1.11005
v -2.62734 -0.16975 1.05441
v -2.62734 -0.16975 1.05441
v -2.66062 -0.09338 1.01254
v -2.65667 -0.10572 1.00407
v -2.65667 -0.10572 1.00407
v -2.64537 -0.09435 1.00940
v -2.62197 -0.01151 0.98303
v -2.62197 -0.01151 0.98303
v -2.61375 -0.00323 0.99176
v -2.58261 0.01391 0.96878
v -2.54593 0.03419 0.90860
v -2.55320 0.02396 0.91202
v -2.55320 0.02396 0.91202
v -2.50865 0.01012 0.81106
v -2.51767 0.00240 0.81431
v -2.51767 0.00240 0.81431
v -2.50118 -0.00890 0.80629
v -2.50118 -0.00890 0.80629
v -2.49909 -0.09757 0.76534
v -2.50897 -0.14414 0.76236
v -2.53430 -0.14757 0.75084
v -2.53430 -0.14757 0.75084
v -2.57933 -0.18524 0.70451
v -2.62237 -0.17492 0.67504
v -2.62237 -0.17492 0.67504
v -2.62322 -0.18106 0.67585
v -2.67015 -0.12765 0.60710
v -2.67124 -0.14117 0.61931
v -2.67847 -0.09033 0.58168
v -2.67847 -0.09033 0.58168
v -2.63787 -0.02963 0.50293
v -2.57860 -0.03580 0.44944
v -2.58217 -0.02766 0.44603
v -2.58217 -0.02766 0.44603
v -2.58006 -0.11074 0.36360
v -2.59148 -0.13598 0.34735
v -2.57622 -0.10523 0.36181
v -2.57622 -0.10523 0.36181
v -2.65735 -0.15678 0.32022
v -2.65735 -0.15678 0.32022
v -2.67936 -0.15010 0.32694
v -2.69666 -0.15347 0.32206
v -2.85664 -0.07588 0.30496
v -2.88808 -0.08466 0.30335
v -2.84848 -0.07845 0.29774
v -2.84848 -0.07845 0.29774
v -2.92317 -0.10578 0.32478
v -2.92317 -0.10578 0.32478
v -2.93289 -0.14008 0.37899
v -2.92479 -0.14236 0.36762
v -2.93220 -0.14003 0.36672
v -2.93220 -0.14003 0.36672
v -2.88848 -0.15501 0.39771
v -2.89261 -0.15653 0.40336
v -2.89261 -0.15653 0.40336
v -2.84162 -0.14098 0.39560
v -2.83911 -0.13456 0.39716
v -2.83518 -0.13905 0.39961
v -2.83518 -0.13905 0.39961
v -2.84599 -0.11938 0.31333
v -2.84778 -0.11141 0.31189
v -2.84647 -0.11289 0.31053
v -2.84647 -0.11289 0.31053
v -2.21381 0.08807 1.01839
v -2.27508 0.02178 1.08248
v -2.19655 0.07200 1.01200
v -2.19655 0.07200 1.01200
v -2.21639 0.07787 1.00692
v -2.29382 -0.00311 1.07697
v -2.29382 -0.00311 1.07697
v -2.29428 0.00897 1.05776
v -2.41612 -0.03158 0.98688
v -2.41612 -0.03158 0.98688
v -2.35661 -0.00794 1.00448
v -2.36492 -0.02453 1.01223
v -2.36492 -0.02453 1.01223
v -2.44432 -0.07961 1.01255
v -2.44432 -0.07961 1.01255
v -2.44679 -0.08880 0.99413
v -2.47872 -0.14650 1.07254
v -2.47872 -0.14650 1.07254
v -2.50081 -0.13546 1.07084
v -2.50770 -0.13379 1.09726
v -2.50770 -0.13379 1.09726
v -2.59754 -0.11408 1.09910
v -2.59847 -0.12946 1.10618
v -2.59847 -0.12946 1.10618
v -2.64996 -0.09489 1.08721
v -2.67569 -0.03369 1.07488
v -2.67569 -0.03369 1.07488
v -2.68254 -0.04573 1.08114
v -2.68254 -0.04573 1.08114
v -2.68368 0.02733 1.02609
v -2.65378 0.05534 0.99628
v -2.66306 0.06434 1.00246
v -2.66306 0.06434 1.00246
v -2.61427 0.07410 0.91301
v -2.61427 0.07410 0.91301
v -2.62341 0.08220 0.91238
v -2.62341 0.08220 0.91238
v -2.62341 0.08220 0.91238
v -2.62422 0.07213 0.90779
v -2.62422 0.07213 0.90779
v -2.62422 0.07213 0.90779
v -2.65375 0.07879 0.82481
v -2.65458 0.06847 0.80308
v -2.65603 0.05975 0.80854
v -2.65603 0.05975 0.80854
v -2.70428 -0.00783 0.75075
v -2.69955 -0.00927 0.76028
v -2.69955 -0.00927 0.76028
v -2.71365 -0.02866 0.74093
v -2.81781 -0.02176 0.73168
v -2.82014 -0.02955 0.73550
v -2.82014 -0.02955 0.73550
v -2.87281 0.00384 0.72279
v -2.89906 0.07039 0.70506
v -2.90583 0.06170 0.71136
v -2.90583 0.06170 0.71136
v -2.90245 0.10227 0.66977
v -2.86704 0.12997 0.60537
v -2.87904 0.13317 0.61430
v -2.87904 0.13317 0.61430
v -2.84948 0.11179 0.56707
v -2.77906 0.06922 0.49236
v -2.77906 0.06922 0.49236
v -2.77372 0.06811 0.49896
v -2.77348 0.06253 0.49420
v -2.70678 0.06769 0.50196
v -2.71397 0.06113 0.49419
v -2.70123 0.06923 0.49909
v -2.70123 0.06923 0.49909
v -2.70150 0.07963 0.54222
v -2.69863 0.08316 0.54889
v -2.69863 0.08316 0.54889
v -2.69168 0.07413 0.53422
v -2.72007 0.07831 0.56059
v -2.71854 0.07728 0.56219
v -0.90626 0.61147 0.01323
v -1.66228 -0.17505 0.06193
v -1.66244 -0.17686 0.06373
v -1.66244 -0.17686 0.06373
v -0.07945 0.48603 0.76075
v -0.07945 0.48603 0.76075
v -1.72009 -0.14766 0.05602
v -1.72009 -0.14766 0.05602
v -1.71519 -0.12864 0.65983
v -2.71883 0.07939 0.56193
v -2.71883 0.07939 0.56193
v -1.16784 0.04464 0.65142
v -1.16784 0.04464 0.65142
v -1.16864 0.04653 0.64993
v -0.32865 0.23464 0.37317
v -0.32865 0.23464 0.37317
v -0.72212 0.14899 0.54462
v -2.43581 0.22708 0.49052
v -2.55177 -0.24715 0.79107
v -0.74497 0.08378 1.10736
v -0.74497 0.08378 1.10736
v -0.74647 0.08561 1.10721
v -2.05401 0.02494 1.26832
v 0.04572 -0.12471 0.39804
v 0.04832 -0.11071 0.39222
v 0.04832 -0.11071 0.39222
v 0.06950 -0.13189 0.40277
v 0.05816 -0.12391 0.44657
v 0.06472 -0.09775 0.44524
v 0.04993 -0.16456 0.50393
v 0.04993 -0.16456 0.50393
v 0.07931 -0.18335 0.55412
v 0.09492 -0.20404 0.56293
v 0.07945 -0.19364 0.61599
v 0.07945 -0.19364 0.61599
v 0.09886 -0.16428 0.64921
v 0.08926 -0.12720 0.65245
v 0.06127 -0.09441 0.70983
v 0.03605 -0.08236 0.69887
v 0.03605 -0.08236 0.69887
v 0.04298 -0.08053 0.72813
v 0.05245 -0.15877 0.80831
v 0.06216 -0.17123 0.82932
v 0.04968 -0.13446 0.81701
v 0.04968 -0.13446 0.81701
v 0.02763 -0.24500 0.79678
v 0.02763 -0.24500 0.79678
v 0.02499 -0.24570 0.82162
v 0.06250 -0.32843 0.71708
v 0.03658 -0.30034 0.74040
v 0.03658 -0.30034 0.74040
v 0.07962 -0.30951 0.72324
v 0.11576 -0.31551 0.68851
v 0.11576 -0.31551 0.68851
v 0.19209 -0.31875 0.71195
v 0.19943 -0.33501 0.72635
v 0.24091 -0.37589 0.72957
v 0.24091 -0.37589 0.72957
v 0.26731 -0.41682 0.74207
v 0.26731 -0.41682 0.74207
v 0.25082 -0.48035 0.76505
v 0.21901 -0.57279 0.73215
v 0.22356 -0.55406 0.72876
v 0.22356 -0.55406 0.72876
v 0.19407 -0.58303 0.72400
v 0.16803 -0.61503 0.64946
v 0.16803 -0.61503 0.64946
v 0.14835 -0.62411 0.63954
v 0.14381 -0.60403 0.54983
v 0.14381 -0.60403 0.54983
v 0.13291 -0.58744 0.54639
v 0.13291 -0.58744 0.54639
v 0.10986 -0.52057 0.47647
v 0.10986 -0.52057 0.47647
v 0.11468 -0.50833 0.48173
v 0.11468 -0.50833 0.48173
v 0.11468 -0.50833 0.48173
v 0.11468 -0.50833 0.48173
v 0.09436 -0.47974 0.44222
v 0.12472 -0.46548 0.34335
v 0.14090 -0.46698 0.34019
v 0.14090 -0.46698 0.34019
v 0.12765 -0.45908 0.36308
v 0.19869 -0.48446 0.29332
v 0.22987 -0.52595 0.26494
v 0.25254 -0.57498 0.26372
v 0.25254 -0.57498 0.26372
v 0.25966 -0.63194 0.25060
v 0.23228 -0.65181 0.24337
v 0.18479 -0.71650 0.22954
v 0.18479 -0.71650 0.22954
v 0.14580 -0.73752 0.19034
v 0.15565 -0.72253 0.20723
v 0.09314 -0.71896 0.10187
v 0.09314 -0.71896 0.10187
v 0.10512 -0.70680 0.09647
v 0.11406 -0.70406 0.08113
v 0.17495 -0.63582 0.04145
v 0.18326 -0.63349 0.02807
v 0.18326 -0.63349 0.02807
v 0.18524 -0.64158 0.03504
v 0.30469 -0.59094 0.01963
v 0.30864 -0.59864 0.01589
v 0.34786 -0.53583 0.01407
v 0.35091 -0.54639 0.01078
v 0.35612 -0.54173 0.00139
v 0.35612 -0.54173 0.00139
v 0.34505 -0.47532 0.01066
v 0.33034 -0.47354 0.01770
v 0.28686 -0.45598 0.03851
v 0.28541 -0.44779 0.03811
v 0.23066 -0.52266 0.09101
v 0.27432 -0.44735 0.03648
v 0.27432 -0.44735 0.03648
v 0.23887 -0.47957 0.07447
v 0.22777 -0.54283 0.08601
v 0.22777 -0.54283 0.08601
v 0.25426 -0.61317 0.06773
v 0.29836 -0.60756 0.04881
v 0.29838 -0.60968 0.03783
v 0.29838 -0.60968 0.03783
v 0.31182 -0.55879 0.03673
v 0.31766 -0.55893 0.03330
v 0.05624 -0.10897 0.40170
v 0.06137 -0.12289 0.44858
v 0.06137 -0.12289 0.44858
v 0.06981 -0.13209 0.39742
v 0.06981 -0.13209 0.39742
v 0.04818 -0.12861 0.39477
v 0.04957 -0.13937 0.46594
v 0.04957 -0.13937 0.46594
v 0.03077 -0.11221 0.45963
v -0.02556 -0.02891 0.51462
v -0.02556 -0.02891 0.51462
v -0.01141 -0.05255 0.48165
v -0.00687 -0.06749 0.49979
v -0.05368 -0.05137 0.56066
v -0.05368 -0.05137 0.56066
v -0.08605 -0.05971 0.57153
v -0.08654 -0.07561 0.60930
v -0.08654 -0.07561 0.60930
v -0.09226 -0.12838 0.60351
v -0.10046 -0.15550 0.62076
v -0.08247 -0.16706 0.60755
v -0.08247 -0.16706 0.60755
v -0.09820 -0.18742 0.57484
v -0.07856 -0.17035 0.55877
v -0.02801 -0.17249 0.51213
v -0.02801 -0.17249 0.51213
v -0.02947 -0.15760 0.50867
v 0.05841 -0.19757 0.50409
v 0.05841 -0.19757 0.50409
v 0.07372 -0.21075 0.49729
v 0.05236 -0.22057 0.49405
v 0.09838 -0.33024 0.54125
v 0.08001 -0.34943 0.52766
v 0.08154 -0.38188 0.53685
v 0.08154 -0.38188 0.53685
v 0.02434 -0.44428 0.42594
v -0.01312 -0.44673 0.39272
v -0.01312 -0.44673 0.39272
v 0.02705 -0.44533 0.41082
v -0.06860 -0.36595 0.33825
v -0.06860 -0.36595 0.33825
v -0.05761 -0.37813 0.34010
v -0.06008 -0.29998 0.25924
v -0.06008 -0.29998 0.25924
v -0.06473 -0.30930 0.27700
v -0.06473 -0.30930 0.27700
v -0.05190 -0.30666 0.26705
v -0.00254 -0.27432 0.19535
v 0.00582 -0.28877 0.15670
v 0.00589 -0.30221 0.10243
v 0.00589 -0.30221 0.10243
v -0.01171 -0.32512 0.07171
v -0.02442 -0.32962 0.07883
v -0.09742 -0.31410 0.07230
v -0.09742 -0.31410 0.07230
v -0.11843 -0.31292 0.07710
v -0.10331 -0.31563 0.06713
v -0.14147 -0.27413 0.10169
v -0.13806 -0.24094 0.14297
v -0.13806 -0.24094 0.14297
v -0.13662 -0.24237 0.16060
v -0.09254 -0.25609 0.20673
v -0.09331 -0.26272 0.19526
v -0.09331 -0.26272 0.19526
v -0.09529 -0.26435 0.19609
v 0.04944 -0.07425 0.59815
v 0.04944 -0.07425 0.59815
v 0.05394 -0.05948 0.57932
v 0.07189 -0.06187 0.59124
v 0.05837 0.00582 0.69772
v 0.04604 0.01976 0.69624
v 0.04043 0.00623 0.71615
v 0.04043 0.00623 0.71615
v 0.07477 0.05529 0.70315
v 0.07477 0.05529 0.70315
v 0.10802 0.10943 0.67243
v 0.10113 0.15092 0.67172
v 0.10529 0.15196 0.70883
v 0.10529 0.15196 0.70883
v 0.11051 0.19987 0.77082
v 0.11051 0.19987 0.77082
v 0.14832 0.20857 0.78964
v 0.14832 0.22745 0.80330
v 0.25440 0.22854 0.84781
v 0.25440 0.22854 0.84781
v 0.29416 0.22086 0.81824
v 0.29246 0.23914 0.82370
v 0.38359 0.14685 0.71495
v 0.36945 0.14969 0.69874
v 0.39212 0.16573 0.71899
v 0.39212 0.16573 0.71899
v 0.39212 0.16573 0.71899
v 0.30935 0.09710 0.61880
v 0.30935 0.09710 0.61880
v 0.31745 0.10909 0.61543
v 0.28778 0.11559 0.60860
v 0.23624 0.14017 0.55148
v 0.23624 0.14017 0.55148
v 0.23624 0.14017 0.55148
v 0.23690 0.15901 0.55296
v 0.23690 0.15901 0.55296
v 0.23690 0.15901 0.55296
v 0.24484 0.15449 0.53990
v 0.24484 0.15449 0.53990
v 0.29154 0.21302 0.49723
v 0.37048 0.21915 0.48164
v 0.37048 0.21915 0.48164
v 0.32118 0.20796 0.48643
v 0.42768 0.19733 0.46872
v 0.42768 0.19733 0.46872
v 0.42890 0.18304 0.45620
v 0.45680 0.07992 0.44438
v 0.46437 0.04760 0.42565
v 0.45880 0.04402 0.42821
v 0.45880 0.04402 0.42821
v 0.39814 0.02233 0.30011
v 0.40420 0.02553 0.28125
v 0.40420 0.02553 0.28125
v 0.40762 0.04009 0.28492
v 0.47846 0.18930 0.13343
v 0.46537 0.16558 0.15549
v 0.47296 0.16386 0.14962
v 0.47296 0.16386 0.14962
v 0.44600 0.21337 0.10746
v 0.45079 0.21324 0.10093
v 0.45079 0.21324 0.10093
v 0.39510 0.23648 0.11325
v 0.40329 0.24403 0.10617
v 0.38010 0.22246 0.16480
v 0.38442 0.24242 0.11205
v 0.38442 0.24242 0.11205
v 0.37821 0.22856 0.16699
v 0.37438 0.22493 0.16388
v 0.37438 0.22493 0.16388
v 0.41442 0.19530 0.17809
v 0.41350 0.19373 0.18323
v 0.41350 0.19373 0.18323
v 0.41519 0.19614 0.18125
v 0.07617 -0.06786 0.59435
v 0.07617 -0.06786 0.59435
v 0.08227 -0.06461 0.64085
v 0.08227 -0.06461 0.64085
v 0.05640 -0.06151 0.59871
v 0.05456 -0.08787 0.59576
v 0.05460 -0.04119 0.67337
v 0.08135 -0.04595 0.67941
v 0.08135 -0.04595 0.67941
v -0.00371 0.06031 0.72062
v 0.02190 0.03678 0.71871
v 0.02190 0.03678 0.71871
v 0.00899 0.01733 0.71526
v 0.09105 0.13453 0.81346
v 0.09105 0.13453 0.81346
v 0.05801 0.13341 0.80825
v 0.14508 0.15995 0.79352
v 0.14508 0.15995 0.79352
v 0.21910 0.17585 0.75144
v 0.26506 0.15212 0.70585
v 0.24215 0.14070 0.69539
v 0.24215 0.14070 0.69539
v 0.22847 0.11159 0.59927
v 0.22541 0.09681 0.60299
v 0.22541 0.09681 0.60299
v 0.20404 0.12360 0.53976
v 0.16618 0.12741 0.51671
v 0.16618 0.12741 0.51671
v 0.15165 0.15112 0.52287
v 0.10736 0.21274 0.51977
v 0.10736 0.21274 0.51977
v 0.08831 0.22543 0.52836
v 0.08831 0.22543 0.52836
v 0.08799 0.22940 0.51387
v 0.08799 0.22940 0.51387
v 0.08799 0.22940 0.51387
v 0.08799 0.22940 0.51387
v 0.09319 0.27951 0.44959
v 0.09309 0.26983 0.43458
v 0.13918 0.27490 0.39979
v 0.13918 0.27490 0.39979
v 0.20099 0.26089 0.36750
v 0.21039 0.26998 0.36658
v 0.26280 0.22951 0.37121
v 0.26280 0.22951 0.37121
v 0.29284 0.17346 0.35749
v 0.30737 0.16506 0.35859
v 0.30140 0.11212 0.35098
v 0.30140 0.11212 0.35098
v 0.29017 0.09750 0.32928
v 0.29197 0.06928 0.30626
v 0.26769 0.06039 0.25706
v 0.27674 0.05607 0.28476
v 0.27674 0.05607 0.28476
v 0.27515 0.07452 0.20382
v 0.27014 0.07992 0.18629
v 0.27014 0.07992 0.18629
v 0.29098 0.11988 0.16897
v 0.34248 0.16737 0.17613
v 0.36393 0.20464 0.18548
v 0.36393 0.20464 0.18548
v 0.36516 0.24582 0.22061
v 0.37001 0.24160 0.22176
v 0.34638 0.26333 0.24110
v 0.34638 0.26333 0.24110
v 0.30525 0.24156 0.25414
v 0.30588 0.23930 0.24972
v 0.30517 0.24104 0.25139
v 0.30517 0.24104 0.25139
v 0.05743 0.00488 0.80276
v 0.06890 -0.01894 0.78792
v 0.06890 -0.01894 0.78792
v 0.04484 -0.02383 0.79979
v 0.12024 -0.05151 0.88199
v 0.12024 -0.05151 0.88199
v 0.12668 -0.07214 0.93272
v 0.21568 -0.09271 0.98638
v 0.21568 -0.09271 0.98638
v 0.18294 -0.10650 0.96227
v 0.18294 -0.10650 0.96227
v 0.21006 -0.08633 1.00282
v 0.26223 -0.08311 1.01082
v 0.28480 -0.03527 0.99942
v 0.29935 -0.03828 0.98058
v 0.29935 -0.03828 0.98058
v 0.32006 0.06052 1.01281
v 0.32006 0.06052 1.01281
v 0.32006 0.06052 1.01281
v 0.34047 0.05598 1.01358
v 0.32501 0.05690 1.04413
v 0.31677 0.07751 1.12142
v 0.34211 0.10600 1.14945
v 0.34211 0.10600 1.14945
v 0.39997 0.12221 1.19527
v 0.41235 0.11064 1.17878
v 0.49984 0.12286 1.16970
v 0.49984 0.12286 1.16970
v 0.55169 0.09254 1.15524
v 0.54584 0.07887 1.14475
v 0.57723 0.03411 1.05546
v 0.57723 0.03411 1.05546
v 0.57118 0.03166 1.07873
v 0.54153 0.02001 0.98668
v 0.54153 0.02001 0.98668
v 0.50429 0.02188 0.96052
v 0.49315 0.03770 0.96225
v 0.49315 0.03770 0.96225
v 0.43608 0.09726 0.92300
v 0.44601 0.09908 0.91039
v 0.45054 0.19747 0.86336
v 0.45054 0.19747 0.86336
v 0.45054 0.19747 0.86336
v 0.46816 0.18303 0.85161
v 0.46303 0.19899 0.83174
v 0.55709 0.19927 0.75611
v 0.56637 0.20349 0.76021
v 0.59113 0.16564 0.75005
v 0.59113 0.16564 0.75005
v 0.61381 0.07155 0.68853
v 0.61381 0.07155 0.68853
v 0.60894 0.08837 0.69139
v 0.54678 0.02490 0.63299
v 0.50074 0.02099 0.59479
v 0.50074 0.02099 0.59479
v 0.49896 0.03400 0.57979
v 0.45051 0.10495 0.49136
v 0.44625 0.11122 0.47357
v 0.45206 0.10217 0.47530
v 0.45206 0.10217 0.47530
v 0.49996 0.12479 0.40040
v 0.49620 0.11519 0.40187
v 0.49620 0.11519 0.40187
v 0.54489 0.08679 0.36612
v 0.53707 0.08321 0.36197
v 0.52933 0.08012 0.36791
v 0.52933 0.08012 0.36791
v 0.53582 -0.00273 0.34370
v 0.52847 -0.00111 0.34992
v 0.52847 -0.00111 0.34992
v 0.50792 -0.04314 0.35370
v 0.39356 -0.15767 0.38462
v 0.41390 -0.12062 0.37248
v 0.41390 -0.12062 0.37248
v 0.40393 -0.15416 0.39373
v 0.40514 -0.18856 0.44126
v 0.40514 -0.18856 0.44126
v 0.43143 -0.19071 0.46104
v 0.42800 -0.18592 0.45436
v 0.46450 -0.16215 0.48247
v 0.46998 -0.14055 0.48313
v 0.46998 -0.14055 0.48313
v 0.46273 -0.15628 0.47637
v 0.47028 -0.11087 0.45460
v 0.46478 -0.11527 0.45122
v 0.44647 -0.10439 0.42937
v 0.44647 -0.10439 0.42937
v 0.45016 -0.10649 0.42327
v 0.44836 -0.11280 0.42658
v -0.13269 0.00078 1.11223
v -0.13269 0.00078 1.11223
v -0.10244 0.00105 1.11956
v -0.11661 0.01783 1.11456
v -0.09377 -0.00369 1.17739
v -0.10950 0.00403 1.19726
v -0.10950 0.00403 1.19726
v 0.01323 -0.03082 1.24075
v 0.01222 -0.02574 1.28157
v 0.01222 -0.02574 1.28157
v 0.01097 -0.00853 1.26019
v 0.03429 -0.06112 1.38496
v 0.01075 -0.05795 1.39156
v 0.00790 -0.08201 1.38383
v 0.00790 -0.08201 1.38383
v -0.04811 -0.15763 1.39327
v -0.04811 -0.15763 1.39327
v -0.04188 -0.16244 1.41572
v -0.07120 -0.15961 1.40376
v -0.09770 -0.17864 1.31478
v -0.09770 -0.17864 1.31478
v -0.09563 -0.19741 1.32581
v -0.11485 -0.19972 1.31379
v -0.09209 -0.28162 1.23380
v -0.09209 -0.28162 1.23380
v -0.10403 -0.28346 1.24208
v -0.04551 -0.31541 1.24198
v -0.01734 -0.33927 1.23807
v -0.01734 -0.33927 1.23807
v 0.01032 -0.41573 1.30376
v 0.02058 -0.42527 1.29146
v 0.02058 -0.42527 1.29146
v 0.00309 -0.44520 1.30247
v -0.03139 -0.50518 1.33656
v -0.03139 -0.50518 1.33656
v -0.08830 -0.53983 1.34738
v -0.08830 -0.53983 1.34738
v -0.14232 -0.56677 1.32134
v -0.14232 -0.56677 1.32134
v -0.14288 -0.55643 1.29597
v -0.15221 -0.56908 1.20864
v -0.17074 -0.54571 1.13636
v -0.17074 -0.54571 1.13636
v -0.16647 -0.54526 1.15666
v -0.14956 -0.43775 1.10953
v -0.14956 -0.43775 1.10953
v -0.13782 -0.40530 1.11238
v -0.14888 -0.42551 1.10340
v -0.02629 -0.37692 1.02517
v -0.02629 -0.37692 1.02517
v -0.03589 -0.39556 1.03577
v -0.03589 -0.39556 1.03577
v -0.03589 -0.39556 1.03577
v -0.03589 -0.39556 1.03577
v 0.00116 -0.37707 1.01207
v 0.00116 -0.37707 1.01207
v 0.04922 -0.40400 0.92374
v 0.04922 -0.40400 0.92374
v 0.06217 -0.42108 0.90977
v 0.03753 -0.42230 0.90595
v 0.03753 -0.42230 0.90595
v -0.00395 -0.47451 0.82559
v -0.00976 -0.47881 0.83360
v -0.00976 -0.47881 0.83360
v -0.03566 -0.49669 0.81083
v -0.06161 -0.50351 0.80840
v -0.12565 -0.48722 0.79856
v -0.12565 -0.48722 0.79856
v -0.19182 -0.40996 0.76471
v -0.18700 -0.43407 0.76795
v -0.19718 -0.39036 0.76065
v -0.19718 -0.39036 0.76065
v -0.17504 -0.30845 0.68784
v -0.17504 -0.30845 0.68784
v -0.18657 -0.33341 0.70559
v -0.15128 -0.30776 0.65705
v -0.15128 -0.30776 0.65705
v -0.14878 -0.31667 0.64911
v -0.11588 -0.35345 0.57607
v -0.11382 -0.34214 0.57431
v -0.11382 -0.34214 0.57431
v -0.11961 -0.35306 0.56837
v -0.19656 -0.50948 0.46266
v -0.17840 -0.48150 0.47820
v -0.17840 -0.48150 0.47820
v -0.21733 -0.52218 0.43255
v -0.18078 -0.56596 0.37172
v -0.18078 -0.56596 0.37172
v -0.16276 -0.58924 0.36409
v -0.11935 -0.59909 0.36349
v -0.08280 -0.59495 0.43440
v -0.07991 -0.59427 0.40530
v -0.07991 -0.59427 0.40530
v -0.07553 -0.59458 0.43837
v -0.13839 -0.55521 0.50969
v -0.10873 -0.56418 0.49419
v -0.10873 -0.56418 0.49419
v -0.10542 -0.57020 0.49666
v -0.16479 -0.52337 0.49595
v -0.16479 -0.52337 0.49595
v -0.16880 -0.52546 0.50536
v -0.18256 -0.50676 0.45570
v -0.17131 -0.50258 0.44376
v -0.17131 -0.50258 0.44376
v -0.17989 -0.49997 0.44866
v -0.14027 -0.53305 0.41971
v -0.13834 -0.53167 0.42396
v -0.13834 -0.53167 0.42396
v -0.15385 -0.51574 0.42115
v -0.05274 -0.00479 1.57991
v -0.05274 -0.00479 1.57991
v -0.06163 0.01130 1.51201
v -0.06163 0.01130 1.51201
v -0.09057 -0.01209 1.52712
v -0.07646 -0.01362 1.51335
v -0.06067 -0.03293 1.59868
v -0.07103 -0.05089 1.66035
v -0.05540 -0.08047 1.66799
v -0.05540 -0.08047 1.66799
v -0.06918 -0.12068 1.67473
v -0.03953 -0.13699 1.69706
v -0.03953 -0.13699 1.69706
v 0.01414 -0.19670 1.71291
v 0.02107 -0.19044 1.75331
v 0.02107 -0.19044 1.75331
v 0.02434 -0.22315 1.79567
v 0.03141 -0.20712 1.83734
v 0.03141 -0.20712 1.83734
v -0.00876 -0.20780 1.86520
v -0.04387 -0.20159 1.92560
v -0.12962 -0.15347 1.94058
v -0.12962 -0.15347 1.94058
v -0.11971 -0.16857 1.92617
v -0.21869 -0.18644 1.93000
v -0.25129 -0.21766 1.88984
v -0.26784 -0.20979 1.87382
v -0.26784 -0.20979 1.87382
v -0.28561 -0.22462 1.81495
v -0.26300 -0.22340 1.82493
v -0.25528 -0.20147 1.81292
v -0.25528 -0.20147 1.81292
v -0.15250 -0.22224 1.79309
v -0.15217 -0.21927 1.77734
v -0.15217 -0.21927 1.77734
v -0.16094 -0.23055 1.77889
v -0.12147 -0.28922 1.71733
v -0.12147 -0.28922 1.71733
v -0.12843 -0.32050 1.71628
v -0.12826 -0.33759 1.69948
v -0.12826 -0.33759 1.69948
v -0.16395 -0.36037 1.68074
v -0.22532 -0.39729 1.62098
v -0.22532 -0.39729 1.62098
v -0.26261 -0.38149 1.58854
v -0.29143 -0.33040 1.53559
v -0.27893 -0.28545 1.49034
v -0.26981 -0.27667 1.49315
v -0.26981 -0.27667 1.49315
v -0.18724 -0.23751 1.40685
v -0.19165 -0.25296 1.41291
v -0.19165 -0.25296 1.41291
v -0.18563 -0.24960 1.41633
v -0.18563 -0.24960 1.41633
v -0.13003 -0.31610 1.36458
v -0.13003 -0.31610 1.36458
v -0.12039 -0.32164 1.35169
v -0.11615 -0.41058 1.28239
v -0.11020 -0.42045 1.28010
v -0.11020 -0.42045 1.28010
v -0.10588 -0.41351 1.27415
v -0.05973 -0.44462 1.20591
v -0.07417 -0.44560 1.22418
v -0.07417 -0.44560 1.22418
v -0.04864 -0.44094 1.20926
v -0.01337 -0.44600 1.20988
v -0.01337 -0.44600 1.20988
v 0.03285 -0.43215 1.23693
v 0.01996 -0.43016 1.23866
v 0.02669 -0.43737 1.28898
v 0.02669 -0.43737 1.28898
v 0.00896 -0.43138 1.30353
v -0.00281 -0.43579 1.32068
v -0.05191 -0.44222 1.31776
v -0.05191 -0.44222 1.31776
v -0.05516 -0.43485 1.31702
v -0.04374 -0.43821 1.32394
v -0.07413 -0.43300 1.30702
v -0.03045 -0.05798 1.71090
v -0.04978 -0.04813 1.71341
v -0.04978 -0.04813 1.71341
v -0.03256 -0.03009 1.72025
v 0.01378 -0.14064 1.81022
v 0.02125 -0.17265 1.80569
v 0.00489 -0.18093 1.84043
v 0.00489 -0.18093 1.84043
v 0.00894 -0.15797 1.86321
v 0.00387 -0.17675 1.87876
v -0.08037 -0.14581 1.93038
v -0.08037 -0.14581 1.93038
v -0.05885 -0.14073 1.93334
v -0.06819 -0.12686 1.92270
v -0.05342 -0.11998 2.02016
v -0.05342 -0.11998 2.02016
v -0.02914 -0.10842 2.01719
v -0.01280 -0.09095 2.05657
v -0.01280 -0.09095 2.05657
v 0.04878 -0.15789 2.07085
v 0.04878 -0.15789 2.07085
v 0.05939 -0.14441 2.05668
v 0.07121 -0.16676 2.07310
v 0.05620 -0.21588 1.99553
v 0.04304 -0.23591 1.97894
v 0.04304 -0.23591 1.97894
v 0.05631 -0.21116 1.92287
v 0.17191 -0.24347 1.83882
v 0.17191 -0.24347 1.83882
v 0.10122 -0.21453 1.89932
v 0.17203 -0.23029 1.85003
v 0.17579 -0.24708 1.86837
v 0.20559 -0.25085 1.92605
v 0.23107 -0.29086 1.93932
v 0.23107 -0.29086 1.93932
v 0.23107 -0.29086 1.93932
v 0.21919 -0.29633 1.94340
v 0.29002 -0.32870 1.93572
v 0.34600 -0.40992 1.83773
v 0.34325 -0.37759 1.85265
v 0.32401 -0.40905 1.83640
v 0.32401 -0.40905 1.83640
v 0.21522 -0.44693 1.75461
v 0.20329 -0.44742 1.76465
v 0.15085 -0.39966 1.70024
v 0.15085 -0.39966 1.70024
v 0.16206 -0.36957 1.66820
v 0.15183 -0.38293 1.66978
v 0.19314 -0.26835 1.61864
v 0.19314 -0.26835 1.61864
v 0.21779 -0.26598 1.62136
v 0.21779 -0.26598 1.62136
v 0.21779 -0.26598 1.62136
v 0.21779 -0.26598 1.62136
v 0.21787 -0.27386 1.60492
v 0.21787 -0.27386 1.60492
v 0.26355 -0.34157 1.52412
v 0.26685 -0.41991 1.51882
v 0.26685 -0.41991 1.51882
v 0.25392 -0.39304 1.52459
v 0.21051 -0.49011 1.51797
v 0.18446 -0.49529 1.52660
v 0.06390 -0.52206 1.49589
v 0.06390 -0.52206 1.49589
v 0.07854 -0.51017 1.48885
v 0.03446 -0.49415 1.44485
v 0.03171 -0.45876 1.39191
v 0.03354 -0.44893 1.31408
v 0.03354 -0.44893 1.31408
v 0.05868 -0.46496 1.26210
v 0.06149 -0.46115 1.25417
v 0.09888 -0.54604 1.15244
v 0.08613 -0.52288 1.18319
v 0.08613 -0.52288 1.18319
v 0.09223 -0.54447 1.16906
v 0.02539 -0.59130 1.09570
v 0.02539 -0.59130 1.09570
v 0.03289 -0.59852 1.09325
v 0.02015 -0.58084 1.07546
v -0.00553 -0.54505 1.03805
v -0.01762 -0.51243 1.02327
v -0.01762 -0.51243 1.02327
v -0.01320 -0.54811 1.03293
v 0.01682 -0.47062 1.00706
v 0.02346 -0.45267 0.99263
v 0.07035 -0.43245 1.00434
v 0.07035 -0.43245 1.00434
v 0.20821 -0.40501 1.03601
v 0.19512 -0.39935 1.03948
v 0.19512 -0.39935 1.03948
v 0.20086 -0.40076 1.03442
v 0.21428 -0.37830 1.08319
v 0.21428 -0.37830 1.08319
v 0.22218 -0.37749 1.08255
v 0.19853 -0.37491 1.13121
v 0.19302 -0.36999 1.12755
v 0.19302 -0.36999 1.12755
v 0.19943 -0.36777 1.13264
v 0.13055 -0.42764 1.11758
v 0.14469 -0.39562 1.13494
v 0.14469 -0.39562 1.13494
v 0.14243 -0.39740 1.14223
v 0.13324 -0.42288 1.09425
v 0.13324 -0.42288 1.09425
v 0.12912 -0.42946 1.09259
v 0.16389 -0.41520 1.05807
v 0.16389 -0.41520 1.05807
v 0.16466 -0.41889 1.05383
v -0.02389 -0.04202 1.71035
v -0.02389 -0.04202 1.71035
v -0.02927 -0.05725 1.71580
v 0.04106 -0.05277 1.78868
v 0.04106 -0.05277 1.78868
v 0.04106 -0.05277 1.78868
v -0.02012 -0.06631 1.69093
v 0.02176 -0.05936 1.83508
v 0.02413 -0.10773 1.84120
v 0.05661 -0.14462 1.85256
v 0.05661 -0.14462 1.85256
v 0.04454 -0.16143 1.85518
v 0.10491 -0.18169 1.81749
v 0.14335 -0.19137 1.82776
v 0.14224 -0.17314 1.83893
v 0.14224 -0.17314 1.83893
v 0.22504 -0.14522 1.87786
v 0.22504 -0.14522 1.87786
v 0.20520 -0.15758 1.88001
v 0.20520 -0.15758 1.88001
v 0.22056 -0.17062 1.87319
v 0.28429 -0.25994 1.93945
v 0.28429 -0.25994 1.93945
v 0.28120 -0.25610 1.92321
v 0.30074 -0.27305 1.92002
v 0.25606 -0.38119 1.83437
v 0.26946 -0.38469 1.84921
v 0.26946 -0.38469 1.84921
v 0.27126 -0.38553 1.82972
v 0.19261 -0.40090 1.76695
v 0.19261 -0.40090 1.76695
v 0.19261 -0.40090 1.76695
v 0.16524 -0.39081 1.69847
v 0.16524 -0.39081 1.69847
v 0.20028 -0.39412 1.75289
v 0.20028 -0.39412 1.75289
v 0.20028 -0.39412 1.75289
v 0.19226 -0.38923 1.65034
v 0.19226 -0.38923 1.65034
v 0.17850 -0.38820 1.64573
v 0.27116 -0.32768 1.57296
v 0.27116 -0.32768 1.57296
v 0.33581 -0.34089 1.55271
v 0.26969 -0.33556 1.56473
v 0.38187 -0.36877 1.54464
v 0.40214 -0.39540 1.55272
v 0.40214 -0.39540 1.55272
v 0.41337 -0.48052 1.51422
v 0.41720 -0.48558 1.50051
v 0.40842 -0.50656 1.48375
v 0.40842 -0.50656 1.48375
v 0.37218 -0.49421 1.41993
v 0.37106 -0.47386 1.38967
v 0.36716 -0.47851 1.38469
v 0.36716 -0.47851 1.38469
v 0.36031 -0.44242 1.37421
v 0.35602 -0.37328 1.35779
v 0.35904 -0.36751 1.35141
v 0.35904 -0.36751 1.35141
v 0.36219 -0.36766 1.35806
v 0.30529 -0.33383 1.41799
v 0.32947 -0.31625 1.37830
v 0.32947 -0.31625 1.37830
v 0.33295 -0.31602 1.38626
v 0.31021 -0.33405 1.42057
v 0.31021 -0.33405 1.42057
v 0.31381 -0.33494 1.42047
v 0.18037 0.03855 1.87556
v 0.18037 0.03855 1.87556
v 0.18271 0.06194 1.88799
v 0.16976 0.04753 1.89923
v 0.27835 0.03416 1.98243
v 0.27800 0.01646 1.99151
v 0.27800 0.01646 1.99151
v 0.25741 0.03198 1.99449
v 0.31263 0.11191 2.09981
v 0.31263 0.11191 2.09981
v 0.28015 0.11142 2.08536
v 0.31254 0.12465 2.08395
v 0.40400 0.15559 2.10066
v 0.42017 0.12276 2.07905
v 0.46227 0.10961 2.08447
v 0.46227 0.10961 2.08447
v 0.47858 0.10219 2.05706
v 0.47779 0.02587 2.03437
v 0.45593 -0.02516 2.02842
v 0.45593 -0.02516 2.02842
v 0.48640 0.00698 2.02819
v 0.41364 -0.04857 1.97330
v 0.35230 -0.05107 1.92388
v 0.35230 -0.05107 1.92388
v 0.37418 -0.05784 1.95809
v 0.37418 -0.05784 1.95809
v 0.37660 -0.05986 1.88693
v 0.41466 -0.07754 1.79370
v 0.41466 -0.07754 1.79370
v 0.44419 -0.03366 1.75276
v 0.44419 -0.03366 1.75276
v 0.42054 -0.05148 1.79166
v 0.45152 0.00968 1.76504
v 0.45152 0.00968 1.76504
v 0.46319 0.00207 1.77544
v 0.49338 0.08311 1.81950
v 0.51440 0.07892 1.80358
v 0.51440 0.07892 1.80358
v 0.58735 0.09550 1.80530
v 0.66100 0.06723 1.74406
v 0.66100 0.06723 1.74406
v 0.66425 0.03038 1.73989
v 0.69443 0.00352 1.72122
v 0.66936 -0.08403 1.69051
v 0.66936 -0.08403 1.69051
v 0.63772 -0.13067 1.62871
v 0.63772 -0.13067 1.62871
v 0.66607 -0.10442 1.68323
v 0.58053 -0.13514 1.59625
v 0.56025 -0.12363 1.59112
v 0.56025 -0.12363 1.59112
v 0.53192 -0.10131 1.55433
v 0.53192 -0.10131 1.55433
v 0.53192 -0.10131 1.55433
v 0.49221 -0.08298 1.53252
v 0.49221 -0.08298 1.53252
v 0.49221 -0.08298 1.53252
v 0.49221 -0.08298 1.53252
v 0.48497 -0.07518 1.45865
v 0.48497 -0.07518 1.45865
v 0.47610 -0.06657 1.45537
v 0.54639 -0.02483 1.37724
v 0.54639 -0.02483 1.37724
v 0.55163 -0.02339 1.36042
v 0.58404 -0.02418 1.35668
v 0.68456 -0.01934 1.35439
v 0.67335 -0.02725 1.36365
v 0.67335 -0.02725 1.36365
v 0.73709 -0.07244 1.35241
v 0.74192 -0.10675 1.35427
v 0.74192 -0.10675 1.35427
v 0.76354 -0.16056 1.33322
v 0.76354 -0.16056 1.33322
v 0.71476 -0.25045 1.24527
v 0.74482 -0.21394 1.28186
v 0.73019 -0.24214 1.26004
v 0.73019 -0.24214 1.26004
v 0.70186 -0.24335 1.19345
v 0.69818 -0.24966 1.18190
v 0.69818 -0.24966 1.18190
v 0.68904 -0.19254 1.10145
v 0.68578 -0.21394 1.11176
v 0.68578 -0.21394 1.11176
v 0.69308 -0.21675 1.12722
v 0.74625 -0.15177 1.04082
v 0.73942 -0.15590 1.03882
v 0.73942 -0.15590 1.03882
v 0.81290 -0.13991 0.93484
v 0.79540 -0.14883 0.94911
v 0.79540 -0.14883 0.94911
v 0.80394 -0.14759 0.95358
v 0.76186 -0.15613 0.85176
v 0.76186 -0.15613 0.85176
v 0.78408 -0.15566 0.86107
v 0.70784 -0.12031 0.84010
v 0.68118 -0.10348 0.85236
v 0.66886 -0.07751 0.88732
v 0.66886 -0.07751 0.88732
v 0.71705 -0.02838 0.97961
v 0.68803 -0.03732 0.94257
v 0.71487 -0.03776 0.98925
v 0.71487 -0.03776 0.98925
v 0.72412 -0.03302 1.00491
v 0.74115 -0.06891 1.03721
v 0.74115 -0.06891 1.03721
v 0.75148 -0.10575 1.04593
v 0.74605 -0.07692 1.04652
v 0.73314 -0.12683 1.02594
v 0.73314 -0.12683 1.02594
v 0.73518 -0.13172 1.02947
v 0.71948 -0.12652 0.97829
v 0.71262 -0.07355 0.98042
v 0.71262 -0.07355 0.98042
v 0.71501 -0.13245 0.98302
v 0.72198 -0.07432 0.97625
v 0.71768 -0.07260 0.97358
v 0.17319 0.06256 1.90044
v 0.17319 0.06256 1.90044
v 0.29509 0.07311 1.87521
v 0.17881 0.04343 1.90617
v 0.17590 0.04905 1.88338
v 0.29043 0.08343 1.85567
v 0.29043 0.08343 1.85567
v 0.28783 0.05913 1.84431
v 0.35514 -0.01772 1.76641
v 0.35514 -0.01772 1.76641
v 0.32174 0.01944 1.78763
v 0.32174 0.01944 1.78763
v 0.31965 -0.01287 1.78025
v 0.38439 -0.00250 1.71857
v 0.38439 -0.00250 1.71857
v 0.39432 -0.01932 1.71086
v 0.45113 0.02459 1.70921
v 0.44174 0.03175 1.69124
v 0.56435 0.04293 1.73748
v 0.52205 0.06584 1.72614
v 0.52205 0.06584 1.72614
v 0.54784 0.04230 1.71563
v 0.61830 0.01480 1.70181
v 0.61830 0.01480 1.70181
v 0.63941 -0.03388 1.65972
v 0.63941 -0.03388 1.65972
v 0.64005 -0.06527 1.65335
v 0.62403 -0.06358 1.64443
v 0.60996 -0.11490 1.59381
v 0.60996 -0.11490 1.59381
v 0.59241 -0.14078 1.59790
v 0.59241 -0.14078 1.59790
v 0.58810 -0.12398 1.60510
v 0.53738 -0.15305 1.60345
v 0.51363 -0.16252 1.56966
v 0.51363 -0.16252 1.56966
v 0.52546 -0.14874 1.58334
v 0.45692 -0.17018 1.50881
v 0.45692 -0.17018 1.50881
v 0.43841 -0.13935 1.46047
v 0.44328 -0.13517 1.44097
v 0.44328 -0.13517 1.44097
v 0.43221 -0.08134 1.42451
v 0.51058 -0.00632 1.36127
v 0.51058 -0.00632 1.36127
v 0.50978 -0.01157 1.37533
v 0.54532 -0.00475 1.33265
v 0.59777 -0.04544 1.28958
v 0.59243 -0.05249 1.27516
v 0.59243 -0.05249 1.27516
v 0.60940 -0.06124 1.26404
v 0.59939 -0.11070 1.21431
v 0.59067 -0.12208 1.21275
v 0.59067 -0.12208 1.21275
v 0.54578 -0.16848 1.16050
v 0.53154 -0.15223 1.14913
v 0.49836 -0.14860 1.13308
v 0.49836 -0.14860 1.13308
v 0.39912 -0.06195 0.99482
v 0.39671 -0.07200 0.99327
v 0.39292 -0.06940 1.00028
v 0.39292 -0.06940 1.00028
v 0.34777 -0.09750 0.94347
v 0.34777 -0.09750 0.94347
v 0.33823 -0.11090 0.93100
v 0.34658 -0.11178 0.93545
v 0.30533 -0.15463 0.96162
v 0.30533 -0.15463 0.96162
v 0.30297 -0.15980 0.96075
v 0.31007 -0.15945 0.96294
v 0.29821 -0.16154 1.01015
v 0.30660 -0.15853 1.02239
v 0.30918 -0.14077 1.03655
v 0.30918 -0.14077 1.03655
v 0.31295 -0.13452 1.05023
v 0.34057 -0.11154 1.05526
v 0.34396 -0.10034 1.04746
v 0.34396 -0.10034 1.04746
v 0.35038 -0.09624 1.05120
v 0.38125 -0.01799 1.81195
v 0.38125 -0.01799 1.81195
v 0.44282 0.01442 1.71739
v 0.44282 0.01442 1.71739
v 0.43776 -0.01670 1.74249
v 0.43776 -0.01670 1.74249
v 0.40230 -0.01319 1.82668
v 0.40175 -0.03356 1.82517
v 0.46141 0.01873 1.73441
v 0.55303 0.08418 1.70323
v 0.58751 0.08049 1.66569
v 0.58751 0.08049 1.66569
v 0.62519 0.07921 1.65481
v 0.63715 0.10515 1.59925
v 0.62298 0.08207 1.54961
v 0.62298 0.08207 1.54961
v 0.64378 0.08984 1.54217
v 0.59311 0.10750 1.49805
v 0.57893 0.09418 1.47466
v 0.53149 0.13051 1.45047
v 0.53149 0.13051 1.45047
v 0.52455 0.18224 1.43859
v 0.52747 0.21461 1.41288
v 0.51751 0.23720 1.42339
v 0.51751 0.23720 1.42339
v 0.59656 0.32311 1.40613
v 0.60319 0.34506 1.37827
v 0.60319 0.34506 1.37827
v 0.61262 0.33862 1.36203
v 0.68078 0.31462 1.25107
v 0.68078 0.31462 1.25107
v 0.68775 0.31281 1.27290
v 0.69846 0.25027 1.23987
v 0.71503 0.21319 1.23086
v 0.69976 0.19726 1.20713
v 0.69976 0.19726 1.20713
v 0.66410 0.15181 1.16883
v 0.63910 0.14658 1.17048
v 0.56526 0.16186 1.10471
v 0.56526 0.16186 1.10471
v 0.54099 0.15978 1.10770
v 0.51565 0.21741 1.09765
v 0.51565 0.21741 1.09765
v 0.51913 0.23121 1.07847
v 0.51913 0.23121 1.07847
v 0.51244 0.28055 1.03185
v 0.58144 0.31898 0.98617
v 0.58144 0.31898 0.98617
v 0.53640 0.29257 1.03077
v 0.53640 0.29257 1.03077
v 0.63252 0.33243 0.95416
v 0.63252 0.33243 0.95416
v 0.63252 0.33243 0.95416
v 0.63252 0.33243 0.95416
v 0.61972 0.34275 0.96826
v 0.61972 0.34275 0.96826
v 0.64981 0.31719 0.86773
v 0.66122 0.30067 0.86328
v 0.65350 0.24072 0.82500
v 0.65350 0.24072 0.82500
v 0.62960 0.18694 0.80348
v 0.61369 0.18479 0.81259
v 0.61369 0.18479 0.81259
v 0.58978 0.15812 0.81894
v 0.58978 0.15812 0.81894
v 0.47937 0.15359 0.81604
v 0.49757 0.14154 0.80710
v 0.45805 0.14693 0.82230
v 0.45805 0.14693 0.82230
v 0.45805 0.14693 0.82230
v 0.39052 0.22593 0.78095
v 0.38452 0.25816 0.75467
v 0.37834 0.26506 0.74270
v 0.37834 0.26506 0.74270
v 0.38034 0.27243 0.66397
v 0.39429 0.26723 0.65441
v 0.39691 0.26929 0.63361
v 0.39691 0.26929 0.63361
v 0.40718 0.22519 0.58526
v 0.40718 0.22519 0.58526
v 0.40595 0.21259 0.58668
v 0.41498 0.17024 0.56653
v 0.40199 0.14577 0.55141
v 0.40199 0.14577 0.55141
v 0.36522 0.07686 0.53969
v 0.33721 0.02804 0.50103
v 0.33309 0.03137 0.48607
v 0.33309 0.03137 0.48607
v 0.33227 0.00334 0.44259
v 0.36114 -0.00622 0.42415
v 0.35608 0.00046 0.41984
v 0.35608 0.00046 0.41984
v 0.41589 -0.02164 0.41339
v 0.40554 -0.02304 0.40213
v 0.46019 -0.03379 0.45067
v 0.45669 -0.03002 0.46487
v 0.44337 -0.02256 0.41487
v 0.44337 -0.02256 0.41487
v 0.44539 -0.03421 0.53490
v 0.43062 -0.02811 0.53937
v 0.44747 -0.02749 0.53291
v 0.44747 -0.02749 0.53291
v 0.36521 0.00436 0.55985
v 0.37115 0.00567 0.56580
v 0.37115 0.00567 0.56580
v 0.36274 0.00344 0.56686
v 0.34692 0.03470 0.53250
v 0.34774 0.04035 0.53636
v 0.34774 0.04035 0.53636
v 0.34142 0.04000 0.53325
v 0.39345 0.01254 0.49441
v 0.37144 0.04852 0.49622
v 0.37144 0.04852 0.49622
v 0.36745 0.04679 0.49029
v 0.39907 0.01760 0.49870
v 0.39907 0.01760 0.49870
v 0.39849 0.01606 0.49544
v 0.39469 -0.01075 1.83146
v 0.39469 -0.01075 1.83146
v 0.44346 -0.02812 1.83720
v 0.44346 -0.02812 1.83720
v 0.44346 -0.02812 1.83720
v 0.39334 -0.03340 1.81864
v 0.39112 -0.02380 1.80662
v 0.45045 -0.01025 1.81276
v 0.46990 -0.06773 1.82738
v 0.51401 -0.09141 1.82903
v 0.55519 -0.12747 1.83064
v 0.55519 -0.12747 1.83064
v 0.57476 -0.12314 1.78255
v 0.59617 -0.10472 1.76805
v 0.59617 -0.10472 1.76805
v 0.60616 -0.11535 1.71772
v 0.57823 -0.10116 1.72048
v 0.58370 -0.08507 1.70758
v 0.58370 -0.08507 1.70758
v 0.49141 -0.05753 1.71543
v 0.51034 -0.05380 1.69906
v 0.51034 -0.05380 1.69906
v 0.52239 -0.06129 1.72892
v 0.48512 -0.01856 1.64941
v 0.48512 -0.01856 1.64941
v 0.50270 -0.01432 1.58606
v 0.50270 -0.01432 1.58606
v 0.49528 -0.01017 1.56224
v 0.53218 0.00079 1.56333
v 0.53218 0.00079 1.56333
v 0.61044 0.03189 1.54644
v 0.61826 0.03878 1.55526
v 0.61826 0.03878 1.55526
v 0.66085 0.00390 1.53392
v 0.66085 0.00390 1.53392
v 0.72121 -0.04312 1.43496
v 0.72121 -0.04312 1.43496
v 0.72121 -0.04312 1.43496
v 0.72541 -0.04282 1.45549
v 0.72541 -0.04282 1.45549
v 0.72541 -0.04282 1.45549
v 0.70833 -0.02233 1.48222
v 0.70833 -0.02233 1.48222
v 0.73801 -0.04398 1.35496
v 0.67191 -0.05501 1.27814
v 0.67161 -0.04261 1.28627
v 0.67161 -0.04261 1.28627
v 0.63530 -0.01944 1.24635
v 0.59795 0.04591 1.22635
v 0.59177 0.03935 1.22869
v 0.59177 0.03935 1.22869
v 0.59033 0.11292 1.19798
v 0.64235 0.15472 1.16053
v 0.66988 0.15105 1.10406
v 0.64678 0.17183 1.15301
v 0.64678 0.17183 1.15301
v 0.67916 0.12104 1.08481
v 0.67244 0.09543 1.05714
v 0.67244 0.09543 1.05714
v 0.63089 0.02534 1.04827
v 0.62711 0.03225 1.04745
v 0.61460 0.00585 1.04999
v 0.61460 0.00585 1.04999
v 0.61163 -0.02589 1.10013
v 0.60771 -0.03174 1.09915
v 0.60771 -0.03174 1.09915
v 0.60134 -0.02417 1.09326
v 0.62929 -0.02112 1.13322
v 0.62929 -0.02112 1.13322
v 0.63000 -0.01775 1.13044
v 0.62703 -0.01789 1.13271
v 0.62197 0.07593 1.76872
v 0.61933 0.05255 1.76244
v 0.61933 0.05255 1.76244
v 0.60830 0.06456 1.78600
v 0.71061 0.03044 1.88336
v 0.71061 0.03044 1.88336
v 0.68309 0.03195 1.88484
v 0.66528 0.01246 1.98584
v 0.66528 0.01246 1.98584
v 0.64285 0.02689 1.99574
v 0.65025 0.00112 2.00444
v 0.65025 0.00112 2.00444
v 0.75343 0.05232 2.07500
v 0.75343 0.05232 2.07500
v 0.71765 0.05577 2.06303
v 0.71800 0.05279 2.08387
v 0.84560 0.07500 2.02358
v 0.80710 0.07943 2.06884
v 0.85928 0.04328 2.00364
v 0.85928 0.04328 2.00364
v 0.88874 0.03677 1.99614
v 0.86351 -0.01232 1.94553
v 0.86351 -0.01232 1.94553
v 0.87385 0.00740 1.94307
v 0.84908 -0.04469 1.90677
v 0.75704 -0.04060 1.85856
v 0.73271 -0.04706 1.85119
v 0.73271 -0.04706 1.85119
v 0.73980 -0.04404 1.82428
v 0.74225 0.00189 1.70046
v 0.74225 0.00189 1.70046
v 0.74196 0.02895 1.69820
v 0.74196 0.02895 1.69820
v 0.74664 -0.00041 1.72457
v 0.77810 0.08166 1.69634
v 0.78384 0.10777 1.69597
v 0.78384 0.10777 1.69597
v 0.84328 0.14800 1.69351
v 0.84328 0.14800 1.69351
v 0.86492 0.14874 1.69537
v 0.86492 0.14874 1.69537
v 0.86492 0.14874 1.69537
v 0.88068 0.12919 1.69213
v 0.88068 0.12919 1.69213
v 0.88068 0.12919 1.69213
v 0.89142 0.02638 1.61923
v 0.90438 0.03457 1.62906
v 0.90438 0.03457 1.62906
v 0.84027 -0.04904 1.62160
v 0.79062 -0.08211 1.60812
v 0.79062 -0.08211 1.60812
v 0.77230 -0.07088 1.59560
v 0.68887 -0.03989 1.54307
v 0.68887 -0.03989 1.54307
v 0.68788 -0.01044 1.50654
v 0.68887 -0.03064 1.51902
v 0.68887 -0.03064 1.51902
v 0.69577 0.03355 1.43937
v 0.69577 0.03355 1.43937
v 0.72272 0.03632 1.40228
v 0.72272 0.03632 1.40228
v 0.75199 0.03165 1.39140
v 0.84250 -0.03521 1.27392
v 0.83973 -0.04147 1.26981
v 0.85806 -0.03290 1.19862
v 0.87880 0.02269 1.17416
v 0.84393 -0.04629 1.22843
v 0.84393 -0.04629 1.22843
v 0.88938 0.04062 1.17263
v 0.87807 0.03360 1.17172
v 0.87807 0.03360 1.17172
v 0.89910 0.08035 1.23111
v 0.90424 0.08496 1.23085
v 0.89811 0.08749 1.22402
v 0.89811 0.08749 1.22402
v 0.87723 0.05595 1.28952
v 0.88101 0.06008 1.29607
v 0.88011 0.06923 1.28444
v 0.88011 0.06923 1.28444
v 0.84850 0.02586 1.29623
v 0.84850 0.02586 1.29623
v 0.84844 0.01702 1.28521
v 0.84362 0.00919 1.28658
v 0.83292 0.00512 1.25745
v 0.83292 0.00512 1.25745
v 0.83626 0.00508 1.25649
v 0.83487 0.00290 1.25774
v 0.60771 0.05323 1.78981
v 0.67011 0.10485 1.83387
v 0.67011 0.10485 1.83387
v 0.61912 0.05114 1.77709
v 0.61113 0.07367 1.77138
v 0.61113 0.07367 1.77138
v 0.69661 0.09597 1.81780
v 0.77278 0.12006 1.84367
v 0.78866 0.14186 1.83223
v 0.78866 0.14186 1.83223
v 0.78327 0.12063 1.81700
v 0.83784 0.14412 1.89131
v 0.83784 0.14412 1.89131
v 0.86119 0.14195 1.88509
v 0.84968 0.16956 1.89720
v 0.82934 0.19511 1.95278
v 0.82934 0.19511 1.95278
v 0.85031 0.18657 1.97471
v 0.88758 0.21743 2.03354
v 0.88758 0.21743 2.03354
v 0.92559 0.23354 2.02604
v 0.95053 0.23262 2.03391
v 0.99329 0.28093 2.02622
v 0.99329 0.28093 2.02622
v 1.03517 0.28633 1.97492
v 1.02537 0.29693 1.96548
v 1.04652 0.30068 1.95867
v 1.04652 0.30068 1.95867
v 1.02155 0.24349 1.94389
v 0.99388 0.23019 1.91267
v 0.99388 0.23019 1.91267
v 0.99176 0.24968 1.92259
v 0.99176 0.24968 1.92259
v 0.95684 0.23405 1.87244
v 0.97568 0.24826 1.81835
v 0.97568 0.24826 1.81835
v 0.95930 0.24909 1.81388
v 1.00521 0.25329 1.74439
v 1.01101 0.29854 1.73769
v 1.01101 0.29854 1.73769
v 0.99757 0.29006 1.72471
v 1.09915 0.40076 1.73817
v 1.10042 0.38190 1.74678
v 1.10313 0.39878 1.75459
v 1.10313 0.39878 1.75459
v 1.19898 0.38965 1.67324
v 1.19898 0.38965 1.67324
v 1.21499 0.39815 1.65181
v 1.20115 0.38802 1.64453
v 1.22614 0.28079 1.58630
v 1.22614 0.28079 1.58630
v 1.21943 0.29646 1.57592
v 1.23165 0.31947 1.58287
v 1.19357 0.22759 1.54983
v 1.19357 0.22759 1.54983
v 1.16474 0.23048 1.53391
v 1.10615 0.21601 1.49666
v 1.09789 0.20525 1.48583
v 1.09789 0.20525 1.48583
v 1.03455 0.26203 1.42368
v 1.03455 0.26203 1.42368
v 1.03151 0.32119 1.39337
v 1.05070 0.28009 1.41571
v 1.08387 0.35785 1.32307
v 1.08387 0.35785 1.32307
v 1.08311 0.36774 1.32378
v 1.16721 0.35714 1.26955
v 1.16235 0.34804 1.26958
v 1.17194 0.34743 1.24753
v 1.17194 0.34743 1.24753
v 1.19164 0.26989 1.16812
v 1.19164 0.26989 1.16812
v 1.20294 0.29123 1.19442
v 1.19418 0.26649 1.17927
v 1.19418 0.26649 1.17927
v 1.15965 0.22126 1.12821
v 1.13442 0.21374 1.12074
v 1.12335 0.22180 1.10915
v 1.12335 0.22180 1.10915
v 1.07521 0.22533 1.06959
v 1.07521 0.22533 1.06959
v 1.06770 0.22058 1.05592
v 1.04780 0.22567 1.04765
v 1.02834 0.26234 0.98410
v 1.02285 0.26228 0.99637
v 1.02285 0.26228 0.99637
v 1.02274 0.25858 0.96630
v 1.03559 0.25660 0.89845
v 1.02649 0.26172 0.89979
v 1.02649 0.26172 0.89979
v 1.02695 0.25388 0.90627
v 1.04049 0.20939 0.85694
v 1.03102 0.18413 0.84354
v 1.03102 0.18413 0.84354
v 1.03307 0.21036 0.86262
v 1.02052 0.14780 0.85794
v 1.01431 0.15223 0.86330
v 0.95309 0.11240 0.90581
v 0.93031 0.11506 0.90787
v 0.93031 0.11506 0.90787
v 0.95772 0.12073 0.90305
v 0.86397 0.17142 0.99445
v 0.86451 0.18913 1.00891
v 0.86250 0.18959 1.01178
v 0.86250 0.18959 1.01178
v 0.88971 0.20452 1.06220
v 0.88541 0.21105 1.06043
v 0.88541 0.21105 1.06043
v 0.91552 0.21085 1.06528
v 0.95981 0.20191 1.05511
v 0.93383 0.21211 1.06839
v 0.93383 0.21211 1.06839
v 0.96118 0.20229 1.03421
v 0.96852 0.20290 1.03374
v 0.96852 0.20290 1.03374
v 0.94199 0.19329 0.98906
v 0.93956 0.20023 0.98713
v 0.93956 0.20023 0.98713
v 0.89792 0.20703 1.00472
v 0.89792 0.20703 1.00472
v 0.89785 0.20662 1.00496
v 0.89585 0.20659 0.99999
v 0.82752 0.01701 1.90394
v 0.89729 -0.03092 1.85504
v 0.89729 -0.03092 1.85504
v 0.80798 0.00056 1.89469
v 0.80798 0.00056 1.89469
v 0.80905 -0.00809 1.90610
v 0.90595 -0.02313 1.87669
v 0.91169 -0.04681 1.88188
v 0.98983 -0.06504 1.93245
v 0.97793 -0.08771 1.93121
v 1.00789 -0.11477 1.94256
v 1.00789 -0.11477 1.94256
v 1.02240 -0.15646 1.95514
v 1.02240 -0.15646 1.95514
v 1.01957 -0.26629 1.91041
v 1.00957 -0.25176 1.90162
v 1.03090 -0.23178 1.91667
v 1.03090 -0.23178 1.91667
v 0.97578 -0.28835 1.79269
v 0.97578 -0.28835 1.79269
v 0.95318 -0.28731 1.78611
v 0.94455 -0.25484 1.76731
v 0.94455 -0.25484 1.76731
v 0.94221 -0.21626 1.72531
v 0.94677 -0.15960 1.70229
v 0.96580 -0.14577 1.67653
v 0.99902 -0.13107 1.66093
v 0.99902 -0.13107 1.66093
v 1.03675 -0.12156 1.62333
v 1.05382 -0.13845 1.60048
v 1.08071 -0.16453 1.58182
v 1.08071 -0.16453 1.58182
v 1.09536 -0.21128 1.54204
v 1.09536 -0.21128 1.54204
v 1.08126 -0.21907 1.52756
v 0.99496 -0.31195 1.47159
v 0.99050 -0.31146 1.46308
v 0.99382 -0.31922 1.46650
v 0.99382 -0.31922 1.46650
v 0.97883 -0.36597 1.46033
v 0.97883 -0.36597 1.46033
v 0.97156 -0.37723 1.46505
v 0.97348 -0.36644 1.45637
v 1.00013 -0.40031 1.49535
v 1.00013 -0.40031 1.49535
v 0.99802 -0.40602 1.49511
v 0.99623 -0.39845 1.49765
v 0.81389 0.00355 1.92496
v 0.81389 0.00355 1.92496
v 0.81928 0.01737 1.90982
v 0.81678 -0.00460 1.89884
v 0.95552 -0.00788 1.89060
v 0.95552 -0.00788 1.89060
v 0.95590 -0.02531 1.86688
v 0.93924 -0.00563 1.87186
v 1.00038 0.03716 1.76236
v 1.00038 0.03716 1.76236
v 0.96322 0.00580 1.78550
v 0.99154 0.05356 1.76196
v 1.02531 0.06971 1.73894
v 1.07661 0.11705 1.78614
v 1.12069 0.10188 1.78805
v 1.14960 0.10974 1.80856
v 1.14960 0.10974 1.80856
v 1.24595 0.06643 1.74748
v 1.24595 0.06643 1.74748
v 1.22685 0.07689 1.74112
v 1.24641 0.07841 1.73193
v 1.23115 -0.03274 1.66092
v 1.25963 -0.00121 1.67766
v 1.22347 -0.05704 1.64518
v 1.22347 -0.05704 1.64518
v 1.16509 -0.06431 1.58093
v 1.16509 -0.06431 1.58093
v 1.14622 -0.06820 1.57874
v 1.14622 -0.06820 1.57874
v 1.14622 -0.06820 1.57874
v 1.11709 -0.06954 1.50145
v 1.11709 -0.06954 1.50145
v 1.11709 -0.06954 1.50145
v 1.11301 -0.07156 1.43842
v 1.10403 -0.07777 1.47209
v 1.15915 -0.02420 1.35961
v 1.15915 -0.02420 1.35961
v 1.15545 -0.03042 1.35321
v 1.19002 -0.03063 1.34045
v 1.23308 -0.02317 1.32003
v 1.30281 -0.06390 1.30325
v 1.30982 -0.06287 1.30855
v 1.30982 -0.06287 1.30855
v 1.31385 -0.06449 1.29866
v 1.31919 -0.14840 1.25113
v 1.32795 -0.14188 1.24989
v 1.32806 -0.15237 1.25247
v 1.32806 -0.15237 1.25247
v 1.26003 -0.15200 1.16047
v 1.29087 -0.16140 1.18800
v 1.28288 -0.16779 1.18007
v 1.28288 -0.16779 1.18007
v 1.24390 -0.07407 1.13324
v 1.24610 -0.10398 1.13647
v 1.24610 -0.10398 1.13647
v 1.21694 -0.00514 1.16902
v 1.22976 -0.03129 1.14347
v 1.22976 -0.03129 1.14347
v 1.21637 0.00072 1.18799
v 1.20608 0.00265 1.19256
v 1.20608 0.00265 1.19256
v 1.20759 -0.02768 1.22029
v 1.20683 -0.02588 1.22176
v 1.20683 -0.02588 1.22176
v 1.20893 -0.02570 1.22203
v 1.02482 -0.03214 1.78716
v 1.02541 -0.03408 1.81223
v 1.06380 0.00779 1.82079
v 1.04029 -0.04986 1.79035
v 1.04029 -0.04986 1.79035
v 1.08564 0.02754 1.81909
v 1.08564 0.02754 1.81909
v 1.10891 0.03509 1.88389
v 1.09472 0.04595 1.89200
v 1.09472 0.04595 1.89200
v 1.10006 0.02412 1.90716
v 1.15586 0.01952 1.94692
v 1.15586 0.01952 1.94692
v 1.16670 -0.01318 1.93768
v 1.18729 -0.00848 1.91657
v 1.26770 -0.01909 1.89118
v 1.26770 -0.01909 1.89118
v 1.24817 -0.02506 1.88415
v 1.26185 0.00619 1.88119
v 1.26185 0.00619 1.88119
v 1.28789 0.04227 1.84881
v 1.31670 0.07569 1.88164
v 1.33199 0.11626 1.89337
v 1.33199 0.11626 1.89337
v 1.34921 0.11282 1.87502
v 1.41371 0.12736 1.86284
v 1.41392 0.14332 1.84425
v 1.41392 0.14332 1.84425
v 1.42175 0.11788 1.81876
v 1.46950 0.09601 1.77137
v 1.46950 0.09601 1.77137
v 1.46050 0.06872 1.76340
v 1.46261 0.05424 1.73964
v 1.46261 0.05424 1.73964
v 1.46707 0.00485 1.74522
v 1.46707 0.00485 1.74522
v 1.40421 -0.04872 1.67246
v 1.40622 -0.04641 1.64366
v 1.40622 -0.04641 1.64366
v 1.41772 -0.02638 1.67963
v 1.36171 -0.01105 1.61306
v 1.32716 -0.00488 1.60186
v 1.31345 0.06215 1.57699
v 1.31345 0.06215 1.57699
v 1.30151 0.09008 1.55883
v 1.30927 0.07541 1.58371
v 1.34629 0.14934 1.49124
v 1.37380 0.15823 1.49390
v 1.36775 0.14548 1.48167
v 1.36775 0.14548 1.48167
v 1.42209 0.14693 1.46581
v 1.42209 0.14693 1.46581
v 1.45255 0.14560 1.44058
v 1.47676 0.13810 1.43394
v 1.50621 0.07448 1.39124
v 1.50621 0.07448 1.39124
v 1.49648 0.06083 1.36062
v 1.50973 0.05513 1.36103
v 1.46474 -0.00405 1.30253
v 1.46474 -0.00405 1.30253
v 1.46474 -0.00405 1.30253
v 1.46874 -0.00822 1.32035
v 1.46874 -0.00822 1.32035
v 1.46874 -0.00822 1.32035
v 1.48005 -0.00024 1.31163
v 1.48005 -0.00024 1.31163
v 1.44657 0.02371 1.18208
v 1.43798 0.01242 1.19641
v 1.43057 0.08309 1.14918
v 1.43057 0.08309 1.14918
v 1.43983 0.14844 1.12898
v 1.47208 0.19378 1.14783
v 1.46576 0.20139 1.15232
v 1.46576 0.20139 1.15232
v 1.52338 0.24033 1.15067
v 1.60593 0.24941 1.15495
v 1.60593 0.24941 1.15495
v 1.57369 0.25518 1.15754
v 1.57369 0.25518 1.15754
v 1.62952 0.23732 1.13273
v 1.67504 0.22367 1.09000
v 1.67078 0.21193 1.08515
v 1.67874 0.21710 1.09047
v 1.67874 0.21710 1.09047
v 1.68208 0.18621 1.00123
v 1.68208 0.18621 1.00123
v 1.67180 0.19236 0.99121
v 1.66074 0.19926 0.93560
v 1.66074 0.19926 0.93560
v 1.63857 0.21640 0.91026
v 1.62574 0.26447 0.86879
v 1.63285 0.31330 0.79679
v 1.64551 0.31062 0.79543
v 1.64551 0.31062 0.79543
v 1.64650 0.32164 0.78259
v 1.68126 0.29429 0.70839
v 1.68126 0.29429 0.70839
v 1.67475 0.30543 0.71257
v 1.66810 0.29690 0.71536
v 1.66180 0.24393 0.67757
v 1.65997 0.22969 0.66783
v 1.64174 0.19747 0.67764
v 1.64174 0.19747 0.67764
v 1.61505 0.18687 0.69133
v 1.60104 0.17195 0.69589
v 1.54604 0.17004 0.78945
v 1.55023 0.16167 0.78393
v 1.55023 0.16167 0.78393
v 1.54080 0.16671 0.81187
v 1.59907 0.18576 0.86195
v 1.60644 0.17925 0.85975
v 1.60644 0.17925 0.85975
v 1.60371 0.18119 0.86442
v 1.65276 0.19461 0.80844
v 1.64222 0.18940 0.80918
v 1.64222 0.18940 0.80918
v 1.64315 0.19775 0.81341
v 1.59902 0.19012 0.78553
v 1.59902 0.19012 0.78553
v 1.59889 0.19379 0.78537
v 1.59963 0.19217 0.78368
v 1.03332 -0.05140 1.80123
v 1.03332 -0.05140 1.80123
v 1.13002 -0.01811 1.79204
v 1.02937 -0.02940 1.78977
v 1.02418 -0.02573 1.81165
v 1.15234 -0.03192 1.80431
v 1.15234 -0.03192 1.80431
v 1.15449 -0.00551 1.79926
v 1.15449 -0.00551 1.79926
v 1.17032 0.04846 1.74063
v 1.16193 0.05275 1.76172
v 1.20580 0.07776 1.75035
v 1.20580 0.07776 1.75035
v 1.21885 0.11158 1.75504
v 1.21885 0.11158 1.75504
v 1.33741 0.11952 1.73212
v 1.30529 0.10026 1.73324
v 1.35979 0.08550 1.73410
v 1.35979 0.08550 1.73410
v 1.38385 0.03287 1.68509
v 1.39892 -0.00771 1.66987
v 1.39892 -0.00771 1.66987
v 1.40275 -0.02211 1.64174
v 1.34742 -0.08694 1.59860
v 1.34742 -0.08694 1.59860
v 1.35265 -0.06792 1.59732
v 1.25982 -0.08602 1.52505
v 1.25982 -0.08602 1.52505
v 1.23590 -0.04873 1.52270
v 1.26261 -0.06126 1.52433
v 1.20218 0.03487 1.45770
v 1.20086 0.02279 1.47802
v 1.20086 0.02279 1.47802
v 1.21484 0.06860 1.44139
v 1.22213 0.08208 1.41030
v 1.22213 0.08208 1.41030
v 1.32076 0.10256 1.34934
v 1.28925 0.09618 1.36080
v 1.31115 0.10191 1.34252
v 1.31115 0.10191 1.34252
v 1.38171 0.02796 1.25294
v 1.37890 0.04123 1.27003
v 1.37749 0.03744 1.25081
v 1.37749 0.03744 1.25081
v 1.36755 -0.00024 1.18206
v 1.34219 0.00779 1.15063
v 1.34219 0.00779 1.15063
v 1.34101 -0.00143 1.14890
v 1.32612 0.04261 1.09778
v 1.32263 0.07233 1.09772
v 1.32263 0.07233 1.09772
v 1.31906 0.06285 1.09132
v 1.37834 0.14320 1.10775
v 1.36759 0.14414 1.10466
v 1.36576 0.13724 1.11130
v 1.36576 0.13724 1.11130
v 1.40903 0.15645 1.15191
v 1.40903 0.15645 1.15191
v 1.42959 0.15423 1.19270
v 1.41803 0.16266 1.15961
v 1.41849 0.15114 1.20203
v 1.41849 0.15114 1.20203
v 1.42179 0.15514 1.20664
v 1.39268 0.13383 1.22176
v 1.39268 0.13383 1.22176
v 1.39489 0.13208 1.22424
v 1.39321 0.13511 1.22497
v 1.25325 0.07361 1.85083
v 1.24094 0.05548 1.86239
v 1.30295 0.00986 1.88691
v 1.25517 0.05711 1.83151
v 1.25517 0.05711 1.83151
v 1.33335 -0.01392 1.90835
v 1.33335 -0.01392 1.90835
v 1.32218 -0.02886 1.93010
v 1.31668 -0.08684 1.92241
v 1.34165 -0.14316 1.94159
v 1.36387 -0.14787 1.92754
v 1.36387 -0.14787 1.92754
v 1.38306 -0.18977 1.89311
v 1.43346 -0.20053 1.87683
v 1.42553 -0.18003 1.86351
v 1.42553 -0.18003 1.86351
v 1.45209 -0.16947 1.82949
v 1.48064 -0.08604 1.84680
v 1.48064 -0.08604 1.84680
v 1.46247 -0.09919 1.82880
v 1.49801 -0.08813 1.83316
v 1.57089 -0.03720 1.84206
v 1.57089 -0.03720 1.84206
v 1.62810 -0.04703 1.83272
v 1.62652 -0.05692 1.85013
v 1.62652 -0.05692 1.85013
v 1.68889 -0.07756 1.83737
v 1.74309 -0.18514 1.79379
v 1.74309 -0.18514 1.79379
v 1.72793 -0.17646 1.77662
v 1.74651 -0.19297 1.76286
v 1.74651 -0.19297 1.76286
v 1.69205 -0.23267 1.64158
v 1.69205 -0.23267 1.64158
v 1.66089 -0.23235 1.63666
v 1.64786 -0.23862 1.62191
v 1.64786 -0.23862 1.62191
v 1.60203 -0.16605 1.60563
v 1.60203 -0.16605 1.60563
v 1.60203 -0.16605 1.60563
v 1.60439 -0.17769 1.59416
v 1.60439 -0.17769 1.59416
v 1.60439 -0.17769 1.59416
v 1.61611 -0.17419 1.60026
v 1.61611 -0.17419 1.60026
v 1.66406 -0.09034 1.56015
v 1.66406 -0.09034 1.56015
v 1.66104 -0.09755 1.55260
v 1.65378 -0.08807 1.55116
v 1.74962 -0.08722 1.48062
v 1.75803 -0.08443 1.47194
v 1.75803 -0.08443 1.47194
v 1.76314 -0.09694 1.45637
v 1.78818 -0.21257 1.37034
v 1.80313 -0.16414 1.40980
v 1.80313 -0.16414 1.40980
v 1.79445 -0.16098 1.40662
v 1.74553 -0.23195 1.31232
v 1.74553 -0.23195 1.31232
v 1.73652 -0.22701 1.29411
v 1.73652 -0.22701 1.29411
v 1.68856 -0.19242 1.25276
v 1.64970 -0.14531 1.17048
v 1.65455 -0.13554 1.14923
v 1.65455 -0.13554 1.14923
v 1.64746 -0.12606 1.14366
v 1.63021 -0.14776 1.07102
v 1.62800 -0.14728 1.06645
v 1.63136 -0.15663 1.05742
v 1.63136 -0.15663 1.05742
v 1.56840 -0.22903 1.05948
v 1.58222 -0.21514 1.06487
v 1.56930 -0.23325 1.07330
v 1.56930 -0.23325 1.07330
v 1.55030 -0.22205 1.12917
v 1.54966 -0.19936 1.16081
v 1.55107 -0.21022 1.15710
v 1.55107 -0.21022 1.15710
v 1.58096 -0.16944 1.17488
v 1.58094 -0.16493 1.17788
v 1.59305 -0.16475 1.18140
v 1.59305 -0.16475 1.18140
v 1.62904 -0.15844 1.15243
v 1.23980 0.04297 1.84893
v 1.23980 0.04297 1.84893
v 1.29612 0.01269 1.88284
v 1.29612 0.01269 1.88284
v 1.25478 0.06184 1.84196
v 1.24653 0.06663 1.85960
v 1.41754 0.01555 1.86860
v 1.39027 0.00080 1.86070
v 1.40552 0.00842 1.88519
v 1.40552 0.00842 1.88519
v 1.48210 -0.02559 1.92253
v 1.48210 -0.02559 1.92253
v 1.49991 -0.02232 1.94354
v 1.48150 -0.01458 1.95835
v 1.48150 -0.01458 1.95835
v 1.46782 -0.05724 2.01818
v 1.46782 -0.05724 2.01818
v 1.49956 -0.07741 2.03312
v 1.49956 -0.07741 2.03312
v 1.52723 -0.07082 2.04633
v 1.57117 -0.09647 2.07016
v 1.57117 -0.09647 2.07016
v 1.62745 -0.11767 2.04814
v 1.61475 -0.11800 2.02705
v 1.62689 -0.16187 1.97770
v 1.62689 -0.16187 1.97770
v 1.61864 -0.14001 1.91493
v 1.61864 -0.14001 1.91493
v 1.65379 -0.10687 1.85864
v 1.67335 -0.10382 1.84353
v 1.67335 -0.10382 1.84353
v 1.66486 -0.06232 1.83407
v 1.66486 -0.06232 1.83407
v 1.71963 0.00320 1.88250
v 1.72518 -0.00050 1.86694
v 1.72518 -0.00050 1.86694
v 1.77542 0.04616 1.87030
v 1.82042 0.03960 1.83797
v 1.82042 0.03960 1.83797
v 1.83527 0.04429 1.84970
v 1.89057 0.03586 1.78202
v 1.89391 0.00299 1.76691
v 1.89391 0.00299 1.76691
v 1.91900 -0.01720 1.75191
v 1.90237 -0.08510 1.70315
v 1.90237 -0.08510 1.70315
v 1.90480 -0.10634 1.68982
v 1.90298 -0.10303 1.70856
v 1.82615 -0.14336 1.64213
v 1.82615 -0.14336 1.64213
v 1.83077 -0.15566 1.63137
v 1.81217 -0.13794 1.61220
v 1.81217 -0.13794 1.61220
v 1.81217 -0.13794 1.61220
v 1.72570 -0.11583 1.53690
v 1.72570 -0.11583 1.53690
v 1.72570 -0.11583 1.53690
v 1.72654 -0.12937 1.53787
v 1.72654 -0.12937 1.53787
v 1.72214 -0.12141 1.49172
v 1.72214 -0.12141 1.49172
v 1.72214 -0.12141 1.49172
v 1.74997 -0.08750 1.39376
v 1.80302 -0.07243 1.37875
v 1.80302 -0.07243 1.37875
v 1.78277 -0.09008 1.39143
v 1.78277 -0.09008 1.39143
v 1.87277 -0.09859 1.36006
v 1.87191 -0.08603 1.36580
v 1.93796 -0.18055 1.35247
v 1.94853 -0.19414 1.35791
v 1.94853 -0.19414 1.35791
v 1.93858 -0.15891 1.35284
v 1.92246 -0.28436 1.30939
v 1.88384 -0.31737 1.26860
v 1.88384 -0.31737 1.26860
v 1.92330 -0.28804 1.31393
v 1.92330 -0.28804 1.31393
v 1.88919 -0.31485 1.25653
v 1.88919 -0.31485 1.25653
v 1.86699 -0.29005 1.18529
v 1.88449 -0.25605 1.13999
v 1.87456 -0.27649 1.15079
v 1.87456 -0.27649 1.15079
v 1.91268 -0.22669 1.10878
v 1.91621 -0.23145 1.09939
v 1.91621 -0.23145 1.09939
v 2.03448 -0.17407 1.00690
v 2.03192 -0.18000 1.00065
v 2.03192 -0.18000 1.00065
v 2.04372 -0.17196 0.98824
v 2.02021 -0.12087 0.93976
v 2.02712 -0.12481 0.93486
v 1.97840 -0.07356 0.95215
v 2.01235 -0.11695 0.92596
v 2.01235 -0.11695 0.92596
v 1.99383 -0.08476 0.93375
v 1.96104 -0.05290 0.98845
v 1.95894 -0.06055 0.97825
v 1.95894 -0.06055 0.97825
v 1.97685 -0.07410 1.04945
v 1.97242 -0.07811 1.04993
v 1.97242 -0.07811 1.04993
v 1.98521 -0.08362 1.06225
v 2.00820 -0.13916 1.07063
v 2.00820 -0.13916 1.07063
v 2.01577 -0.14219 1.06927
v 2.01902 -0.16972 1.03431
v 1.98971 -0.15595 0.98922
v 1.98910 -0.15578 0.98891
v 1.98910 -0.15578 0.98891
v 1.99090 -0.14896 0.99664
v 1.45440 -0.05155 1.86184
v 1.45440 -0.05155 1.86184
v 1.51322 -0.04174 1.80198
v 1.51322 -0.04174 1.80198
v 1.45937 -0.06387 1.86512
v 1.44715 -0.07631 1.84974
v 1.55502 -0.06760 1.77436
v 1.55502 -0.06760 1.77436
v 1.58078 -0.06362 1.77923
v 1.59074 -0.08623 1.75058
v 1.64780 -0.03428 1.66357
v 1.62374 -0.03891 1.66988
v 1.62374 -0.03891 1.66988
v 1.63751 -0.05727 1.66272
v 1.61092 0.03015 1.60413
v 1.59760 -0.00403 1.63378
v 1.60736 0.04595 1.61741
v 1.60736 0.04595 1.61741
v 1.61581 0.06859 1.55843
v 1.61581 0.06859 1.55843
v 1.69644 0.05014 1.48361
v 1.69644 0.05014 1.48361
v 1.69229 0.03001 1.48456
v 1.70329 0.03355 1.46111
v 1.70329 0.03355 1.46111
v 1.79287 -0.02090 1.47527
v 1.79287 -0.02090 1.47527
v 1.78271 -0.03036 1.49449
v 1.80988 -0.07069 1.51030
v 1.80988 -0.07069 1.51030
v 1.80498 -0.07324 1.53636
v 1.85598 -0.17975 1.51192
v 1.85598 -0.17975 1.51192
v 1.83240 -0.17255 1.52438
v 1.83438 -0.15847 1.50959
v 1.85299 -0.25264 1.35623
v 1.85571 -0.23187 1.38358
v 1.86212 -0.23854 1.35025
v 1.86212 -0.23854 1.35025
v 1.78571 -0.21266 1.28541
v 1.78003 -0.18900 1.29102
v 1.78003 -0.18900 1.29102
v 1.74222 -0.15387 1.27832
v 1.74784 -0.09997 1.25422
v 1.74784 -0.09997 1.25422
v 1.74360 -0.08491 1.26111
v 1.76018 -0.04090 1.20139
v 1.77299 -0.02391 1.18674
v 1.79634 -0.02862 1.18577
v 1.79634 -0.02862 1.18577
v 1.91517 -0.03265 1.07518
v 1.91517 -0.03265 1.07518
v 1.90504 -0.04431 1.07468
v 1.90504 -0.04431 1.07468
v 1.90504 -0.04431 1.07468
v 1.89743 -0.03843 1.10919
v 1.89743 -0.03843 1.10919
v 1.89743 -0.03843 1.10919
v 1.90348 -0.07309 0.96878
v 1.90193 -0.09019 0.96138
v 1.89317 -0.08292 0.97565
v 1.89317 -0.08292 0.97565
v 1.77695 -0.13308 0.91051
v 1.77695 -0.13308 0.91051
v 1.78899 -0.11878 0.90821
v 1.79116 -0.12656 0.90119
v 1.64382 -0.03648 0.90144
v 1.69958 -0.10925 0.91474
v 1.69958 -0.10925 0.91474
v 1.64505 0.02648 0.87952
v 1.64299 0.02441 0.88184
v 1.64299 0.02441 0.88184
v 1.66882 0.07712 0.80712
v 1.66882 0.07712 0.80712
v 1.68103 0.07817 0.75992
v 1.68862 0.06747 0.75732
v 1.69511 0.04022 0.68540
v 1.69511 0.04022 0.68540
v 1.65125 -0.04499 0.61227
v 1.61122 -0.06367 0.58120
v 1.61805 -0.05780 0.57169
v 1.61805 -0.05780 0.57169
v 1.60860 -0.07945 0.49977
v 1.60984 -0.07134 0.49189
v 1.60984 -0.07134 0.49189
v 1.65070 -0.08748 0.44195
v 1.68333 -0.09912 0.45420
v 1.68157 -0.09149 0.45058
v 1.68157 -0.09149 0.45058
v 1.71679 -0.13740 0.49523
v 1.69364 -0.15786 0.53483
v 1.71468 -0.14481 0.51922
v 1.71468 -0.14481 0.51922
v 1.67474 -0.17100 0.54658
v 1.61198 -0.16416 0.55540
v 1.60504 -0.16964 0.55742
v 1.59799 -0.16817 0.56518
v 1.59799 -0.16817 0.56518
v 1.57507 -0.13418 0.54276
v 1.57304 -0.14180 0.54543
v 1.57131 -0.10593 0.52362
v 1.59080 -0.09813 0.51583
v 1.58445 -0.09093 0.51744
v 1.58445 -0.09093 0.51744
v 1.62299 -0.10793 0.50472
v 1.62417 -0.10409 0.50225
v 1.44606 -0.07465 1.85061
v 1.52489 -0.10179 1.84613
v 1.52489 -0.10179 1.84613
v 1.45231 -0.06802 1.86939
v 1.45231 -0.06802 1.86939
v 1.57089 -0.08651 1.82609
v 1.45518 -0.05217 1.84825
v 1.57348 -0.06401 1.84319
v 1.59458 -0.07592 1.84445
v 1.59458 -0.07592 1.84445
v 1.59040 0.00811 1.82873
v 1.59864 -0.01280 1.84217
v 1.59864 -0.01280 1.84217
v 1.61486 0.04451 1.83953
v 1.72599 0.05359 1.78415
v 1.72599 0.05359 1.78415
v 1.73893 0.06045 1.77600
v 1.74370 0.05081 1.79457
v 1.74370 0.05081 1.79457
v 1.81679 -0.02156 1.72684
v 1.80715 -0.06145 1.71125
v 1.80715 -0.06145 1.71125
v 1.79502 -0.06567 1.69271
v 1.77530 -0.11341 1.61557
v 1.74644 -0.12215 1.59503
v 1.74644 -0.12215 1.59503
v 1.73481 -0.10203 1.58923
v 1.65869 -0.04027 1.53040
v 1.65869 -0.04027 1.53040
v 1.68330 -0.05661 1.53714
v 1.67197 -0.06005 1.52569
v 1.66865 -0.00330 1.51291
v 1.66376 0.01499 1.51510
v 1.66161 0.05464 1.46042
v 1.66161 0.05464 1.46042
v 1.67687 0.07694 1.43937
v 1.67616 0.05543 1.45438
v 1.72714 0.08908 1.36994
v 1.72714 0.08908 1.36994
v 1.74356 0.08397 1.36920
v 1.74682 0.09053 1.36426
v 1.80288 0.01220 1.25378
v 1.79201 0.01465 1.26021
v 1.79201 0.01465 1.26021
v 1.78261 -0.00779 1.22677
v 1.74556 0.03862 1.15738
v 1.73090 0.08951 1.13969
v 1.75841 0.13405 1.15256
v 1.72943 0.05932 1.15072
v 1.72943 0.05932 1.15072
v 1.77345 0.15512 1.17547
v 1.77345 0.15512 1.17547
v 1.77873 0.16158 1.17529
v 1.81276 0.16878 1.22890
v 1.80445 0.16618 1.23816
v 1.80445 0.16618 1.23816
v 1.80926 0.17387 1.23240
v 1.78907 0.14546 1.26999
v 1.78907 0.14546 1.26999
v 1.79185 0.14429 1.27155
v 1.79038 0.14736 1.27336
v 1.65611 0.01051 1.78579
v 1.65611 0.01051 1.78579
v 1.66143 0.01289 1.76313
v 1.67575 -0.00852 1.77024
v 1.75456 0.03343 1.79408
v 1.79749 0.04277 1.80099
v 1.79749 0.04277 1.80099
v 1.77616 0.05319 1.77976
v 1.88696 0.02729 1.72951
v 1.89904 0.04805 1.73471
v 1.89904 0.04805 1.73471
v 1.96697 0.06831 1.73247
v 1.96697 0.06831 1.73247
v 1.99635 0.09654 1.71200
v 1.98113 0.11369 1.72072
v 1.98674 0.15670 1.77789
v 1.98674 0.15670 1.77789
v 1.99023 0.17914 1.78128
v 2.01604 0.17494 1.83745
v 2.02634 0.21742 1.83995
v 2.02634 0.21742 1.83995
v 2.03992 0.21584 1.82396
v 2.08718 0.27273 1.81064
v 2.08718 0.27273 1.81064
v 2.08978 0.25845 1.79722
v 2.11623 0.29394 1.72678
v 2.13873 0.29144 1.73047
v 2.13873 0.29144 1.73047
v 2.13745 0.26944 1.73221
v 2.16589 0.21213 1.70829
v 2.17903 0.17681 1.71071
v 2.17903 0.17681 1.71071
v 2.16259 0.10450 1.61443
v 2.17638 0.12233 1.62369
v 2.17638 0.12233 1.62369
v 2.17749 0.10434 1.59748
v 2.17981 0.12689 1.50070
v 2.17981 0.12689 1.50070
v 2.13477 0.16259 1.47418
v 2.13477 0.16259 1.47418
v 2.13629 0.16923 1.45689
v 2.13629 0.16923 1.45689
v 2.14321 0.14258 1.47464
v 2.09482 0.24969 1.45645
v 2.13683 0.34177 1.39955
v 2.13683 0.34177 1.39955
v 2.13096 0.32225 1.42262
v 2.13096 0.32225 1.42262
v 2.12063 0.32425 1.42196
v 2.18521 0.36196 1.36744
v 2.28745 0.34289 1.31420
v 2.28302 0.31633 1.30877
v 2.28302 0.31633 1.30877
v 2.28131 0.30802 1.29027
v 2.28904 0.23291 1.24705
v 2.28904 0.23291 1.24705
v 2.29821 0.22584 1.23652
v 2.26885 0.20286 1.21028
v 2.24793 0.17778 1.20175
v 2.24793 0.17778 1.20175
v 2.18590 0.16840 1.16727
v 2.18590 0.16840 1.16727
v 2.18654 0.17453 1.15484
v 2.17764 0.16851 1.14382
v 2.12189 0.21797 1.07210
v 2.12189 0.21797 1.07210
v 2.12957 0.23819 1.05963
v 2.13293 0.22941 1.05971
v 2.18037 0.28677 0.97806
v 2.18589 0.27988 0.96883
v 2.18589 0.27988 0.96883
v 2.20587 0.28280 0.96463
v 2.25397 0.24948 0.92146
v 2.25182 0.22993 0.91057
v 2.25182 0.22993 0.91057
v 2.26796 0.16953 0.90045
v 2.26525 0.13352 0.87934
v 2.25982 0.15825 0.88520
v 2.25982 0.15825 0.88520
v 2.22801 0.05336 0.83909
v 2.22801 0.05336 0.83909
v 2.23459 0.00663 0.81041
v 2.22729 0.00862 0.81910
v 2.23654 -0.00969 0.80006
v 2.23654 -0.00969 0.80006
v 2.30021 -0.06221 0.80364
v 2.30094 -0.07311 0.81168
v 2.27002 -0.04909 0.79237
v 2.27002 -0.04909 0.79237
v 2.32318 -0.07676 0.83319
v 2.32318 -0.07676 0.83319
v 2.32641 -0.05452 0.88603
v 2.32096 -0.05312 0.90099
v 2.32096 -0.05312 0.90099
v 2.31444 -0.05184 0.89687
v 2.26478 0.00159 0.91874
v 2.25202 -0.00081 0.91469
v 2.27851 -0.01543 0.92490
v 2.27851 -0.01543 0.92490
v 2.23195 0.02248 0.88786
v 2.23195 0.02248 0.88786
v 2.24190 0.02634 0.85274
v 2.24488 0.02539 0.83651
v 2.24488 0.02539 0.83651
v 2.24410 0.01988 0.83750
v 2.27948 0.00441 0.82792
v 2.27948 0.00441 0.82792
v 2.28066 0.00558 0.83131
v 2.27762 0.00157 0.83236
v 1.67432 -0.00998 1.76768
v 1.67432 -0.00998 1.76768
v 1.73802 0.05917 1.73237
v 1.73802 0.05917 1.73237
v 1.66269 0.00678 1.76114
v 1.70348 0.03655 1.74995
v 1.67019 0.00056 1.79102
v 1.72547 0.11339 1.73748
v 1.70523 0.16290 1.73026
v 1.75915 0.26687 1.72106
v 1.75915 0.26687 1.72106
v 1.76805 0.27888 1.73618
v 1.76805 0.27888 1.73618
v 1.75738 0.28195 1.71107
v 1.81021 0.26392 1.72124
v 1.83441 0.19428 1.65667
v 1.83875 0.16680 1.64527
v 1.82185 0.17943 1.63417
v 1.82185 0.17943 1.63417
v 1.82895 0.21167 1.54722
v 1.82895 0.21167 1.54722
v 1.85996 0.24540 1.53534
v 1.87727 0.26133 1.51148
v 1.89046 0.29383 1.52054
v 1.89046 0.29383 1.52054
v 1.89046 0.29383 1.52054
v 1.97989 0.29631 1.54158
v 2.00285 0.28018 1.53042
v 2.01716 0.27472 1.49816
v 2.01716 0.27472 1.49816
v 2.05804 0.22965 1.42460
v 2.05804 0.22965 1.42460
v 2.04058 0.17193 1.39435
v 2.03574 0.19855 1.41219
v 1.97251 0.14560 1.36553
v 1.97251 0.14560 1.36553
v 1.94667 0.14292 1.33223
v 1.94667 0.14292 1.33223
v 1.95645 0.12611 1.35477
v 1.86392 0.19217 1.25403
v 1.86392 0.19217 1.25403
v 1.87998 0.18252 1.25171
v 1.87998 0.18252 1.25171
v 1.87624 0.19948 1.25730
v 1.87624 0.19948 1.25730
v 1.86484 0.35896 1.16514
v 1.86484 0.35896 1.16514
v 1.86484 0.35896 1.16514
v 1.85841 0.36819 1.14834
v 1.85841 0.36819 1.14834
v 1.85841 0.36819 1.14834
v 1.85421 0.35323 1.17385
v 1.85421 0.35323 1.17385
v 1.92933 0.41343 1.06340
v 1.91946 0.39944 1.06936
v 1.91946 0.39944 1.06936
v 1.93249 0.40485 1.03522
v 1.96188 0.35069 0.96406
v 1.96188 0.35069 0.96406
v 1.95542 0.33436 0.93869
v 1.95542 0.33436 0.93869
v 1.96685 0.34685 0.94607
v 1.90453 0.27339 0.87287
v 1.88541 0.25664 0.86814
v 1.88541 0.25664 0.86814
v 1.86928 0.26883 0.86075
v 1.86928 0.26883 0.86075
v 1.79965 0.29794 0.79443
v 1.80768 0.30438 0.80388
v 1.79761 0.30246 0.80346
v 1.79761 0.30246 0.80346
v 1.82636 0.37922 0.73420
v 1.80612 0.37065 0.74313
v 1.80612 0.37065 0.74313
v 1.84176 0.38437 0.70987
v 2.04385 0.34273 0.61683
v 2.04385 0.34273 0.61683
v 2.04372 0.33411 0.62831
v 2.05144 0.33031 0.62186
v 2.11056 0.38082 0.66507
v 2.11811 0.38347 0.66455
v 2.11320 0.38998 0.66586
v 2.11320 0.38998 0.66586
v 2.09228 0.39490 0.70918
v 2.09613 0.39839 0.71448
v 2.08452 0.40086 0.71730
v 2.08452 0.40086 0.71730
v 2.05758 0.37745 0.72372
v 2.02844 0.35392 0.71275
v 2.02844 0.35392 0.71275
v 2.05324 0.37587 0.73130
v 2.03472 0.34622 0.70180
v 2.03149 0.34095 0.70025
v 2.04698 0.34293 0.66192
v 2.04698 0.34293 0.66192
v 2.05000 0.34343 0.66329
v 2.04823 0.34043 0.66256
v 1.86422 0.03164 1.92190
v 1.86422 0.03164 1.92190
v 1.85210 0.01306 1.90806
v 1.86523 -0.02651 1.93556
v 1.87400 0.02112 1.90325
v 1.88750 -0.02520 1.94119
v 1.83179 -0.07015 1.95461
v 1.83179 -0.07015 1.95461
v 1.79874 -0.15167 1.89141
v 1.81715 -0.15012 1.89509
v 1.85385 -0.20908 1.87176
v 1.85385 -0.20908 1.87176
v 1.88590 -0.21443 1.83198
v 1.88590 -0.21443 1.83198
v 1.87800 -0.19580 1.83247
v 1.90883 -0.16017 1.81276
v 1.93038 -0.14283 1.82884
v 1.93038 -0.14283 1.82884
v 1.93088 -0.12038 1.83383
v 2.00238 -0.09302 1.85793
v 2.02009 -0.09875 1.87784
v 2.03334 -0.11399 1.87128
v 2.03334 -0.11399 1.87128
v 2.10471 -0.15704 1.85851
v 2.10471 -0.15704 1.85851
v 2.08813 -0.15141 1.86528
v 2.08813 -0.15141 1.86528
v 2.08813 -0.15141 1.86528
v 2.09697 -0.14543 1.87213
v 2.09697 -0.14543 1.87213
v 2.09697 -0.14543 1.87213
v 2.10729 -0.24234 1.86378
v 2.10729 -0.24234 1.86378
v 2.09939 -0.25714 1.85195
v 2.10468 -0.26301 1.84906
v 2.10468 -0.26301 1.84906
v 2.02380 -0.33174 1.80952
v 2.02380 -0.33174 1.80952
v 2.05066 -0.31439 1.81863
v 2.01383 -0.32314 1.79331
v 1.99482 -0.31683 1.70952
v 1.99632 -0.30806 1.68571
v 2.00787 -0.31143 1.67918
v 2.00787 -0.31143 1.67918
v 2.10585 -0.25793 1.59788
v 2.10585 -0.25793 1.59788
v 2.12080 -0.23770 1.58977
v 2.10594 -0.24621 1.59370
v 2.10205 -0.17438 1.58626
v 2.12015 -0.19907 1.57431
v 2.12015 -0.19907 1.57431
v 2.10243 -0.17809 1.59089
v 2.10243 -0.17809 1.59089
v 2.10364 -0.17769 1.59173
v 1.86045 0.02032 1.89799
v 1.86045 0.02032 1.89799
v 1.93209 -0.01523 1.90107
v 1.93209 -0.01523 1.90107
v 1.86830 0.03130 1.91122
v 1.93926 0.00848 1.91308
v 1.85829 0.01166 1.92030
v 1.97410 0.02344 1.90668
v 1.97410 0.02344 1.90668
v 2.01863 0.06298 1.98015
v 2.04212 0.04157 1.98355
v 2.04212 0.04157 1.98355
v 2.02082 0.04264 1.99111
v 2.09950 0.01508 2.02016
v 2.13956 -0.00410 1.99405
v 2.13956 -0.00410 1.99405
v 2.12197 -0.01099 2.00588
v 2.18526 -0.06480 1.97843
v 2.17813 -0.09214 1.94403
v 2.17813 -0.09214 1.94403
v 2.18692 -0.09387 1.94990
v 2.09016 -0.16609 1.88954
v 2.10756 -0.14833 1.89085
v 2.10756 -0.14833 1.89085
v 2.06437 -0.16356 1.84010
v 2.03211 -0.12153 1.76710
v 2.03211 -0.12153 1.76710
v 2.04002 -0.09578 1.75428
v 2.04002 -0.09578 1.75428
v 2.02829 -0.09696 1.75590
v 2.08633 -0.04207 1.68805
v 2.08502 -0.03780 1.69733
v 2.08502 -0.03780 1.69733
v 2.06615 -0.04255 1.70402
v 2.15106 -0.04813 1.62226
v 2.16803 -0.06707 1.61780
v 2.16803 -0.06707 1.61780
v 2.16313 -0.09016 1.61046
v 2.17606 -0.25458 1.54980
v 2.17973 -0.25614 1.54316
v 2.18368 -0.24844 1.54941
v 2.18368 -0.24844 1.54941
v 2.21738 -0.26152 1.59643
v 2.21738 -0.26152 1.59643
v 2.06845 -0.06657 1.84595
v 2.06845 -0.06657 1.84595
v 2.07051 -0.07650 1.82942
v 2.06494 -0.05188 1.82448
v 2.23426 -0.05743 1.86768
v 2.23426 -0.05743 1.86768
v 2.25506 -0.05515 1.84509
v 2.22493 -0.04296 1.84686
v 2.23644 0.00908 1.79482
v 2.23679 0.00361 1.82319
v 2.23679 0.00361 1.82319
v 2.19219 0.03071 1.78739
v 2.20927 0.10014 1.70662
v 2.20927 0.10014 1.70662
v 2.20383 0.08847 1.69205
v 2.19110 0.10394 1.69847
v 2.28957 0.11529 1.64189
v 2.28957 0.11529 1.64189
v 2.29066 0.12645 1.62282
v 2.29254 0.11049 1.62663
v 2.38212 0.10842 1.70394
v 2.38212 0.10842 1.70394
v 2.41749 0.07990 1.69226
v 2.42183 0.07315 1.71118
v 2.42183 0.07315 1.71118
v 2.52802 0.03909 1.63325
v 2.52802 0.03909 1.63325
v 2.51435 0.03529 1.62126
v 2.53776 0.01453 1.60389
v 2.53776 0.01453 1.60389
v 2.52921 0.00114 1.51014
v 2.52132 0.00648 1.48821
v 2.52132 0.00648 1.48821
v 2.50557 0.00906 1.50735
v 2.45720 0.01377 1.52123
v 2.41188 0.05270 1.50301
v 2.41188 0.05270 1.50301
v 2.39039 0.07041 1.50928
v 2.36281 0.07940 1.48523
v 2.34666 0.10835 1.41241
v 2.34666 0.10835 1.41241
v 2.34469 0.13652 1.37736
v 2.35560 0.14395 1.38247
v 2.43403 0.17187 1.32812
v 2.43403 0.17187 1.32812
v 2.47589 0.18364 1.31427
v 2.49658 0.16378 1.30475
v 2.53324 0.11350 1.23388
v 2.53324 0.11350 1.23388
v 2.52812 0.05543 1.20886
v 2.52812 0.05543 1.20886
v 2.53948 0.08259 1.21784
v 2.50551 0.00719 1.18028
v 2.50623 0.01791 1.17330
v 2.46334 -0.00363 1.15283
v 2.46334 -0.00363 1.15283
v 2.43359 -0.00931 1.11602
v 2.41780 -0.01420 1.10391
v 2.35869 0.03540 1.05445
v 2.35869 0.03540 1.05445
v 2.37574 0.02755 1.05093
v 2.37388 0.04539 1.04438
v 2.37444 0.10225 0.97588
v 2.39242 0.11258 0.96650
v 2.38634 0.11698 0.96160
v 2.38634 0.11698 0.96160
v 2.43853 0.11975 0.91602
v 2.46419 0.10900 0.87682
v 2.46419 0.10900 0.87682
v 2.46807 0.08786 0.87526
v 2.47416 0.08976 0.87693
v 2.48329 0.01003 0.82855
v 2.46826 -0.01132 0.81104
v 2.46826 -0.01132 0.81104
v 2.46688 -0.00668 0.82236
v 2.39151 -0.12658 0.75997
v 2.36924 -0.14868 0.74603
v 2.37635 -0.13773 0.74272
v 2.37635 -0.13773 0.74272
v 2.38451 -0.19789 0.71560
v 2.38132 -0.19789 0.71066
v 2.38132 -0.19789 0.71066
v 2.40409 -0.24190 0.71543
v 2.43196 -0.25137 0.74301
v 2.43648 -0.26251 0.74071
v 2.43648 -0.26251 0.74071
v 2.43528 -0.23346 0.82048
v 2.43699 -0.25037 0.80490
v 2.43028 -0.22989 0.83161
v 2.43028 -0.22989 0.83161
v 2.38728 -0.18703 0.83666
v 2.38065 -0.16967 0.82418
v 2.38021 -0.17153 0.83174
v 2.38021 -0.17153 0.83174
v 2.36757 -0.14684 0.78968
v 2.36757 -0.14684 0.78968
v 2.36923 -0.14945 0.76371
v 2.37462 -0.14993 0.77757
v 2.39179 -0.15823 0.75422
v 2.38973 -0.15343 0.74714
v 2.38973 -0.15343 0.74714
v 2.41209 -0.17787 0.75250
v 2.41235 -0.17725 0.74987
v 2.41235 -0.17725 0.74987
v 2.41064 -0.17907 0.75020
v 2.06220 -0.05833 1.82999
v 2.06220 -0.05833 1.82999
v 2.12459 -0.05956 1.76901
v 2.12459 -0.05956 1.76901
v 2.07700 -0.06479 1.84268
v 2.14150 -0.05712 1.78887
v 2.06605 -0.08185 1.83015
v 2.17438 -0.04051 1.77058
v 2.29456 -0.07733 1.77726
v 2.29456 -0.07733 1.77726
v 2.29456 -0.07733 1.77726
v 2.26466 -0.07282 1.79857
v 2.27012 -0.08394 1.77858
v 2.34628 -0.15198 1.70883
v 2.36363 -0.13435 1.63355
v 2.36363 -0.13435 1.63355
v 2.36872 -0.13741 1.66872
v 2.37953 -0.11865 1.59744
v 2.33992 -0.06175 1.55067
v 2.33992 -0.06175 1.55067
v 2.34003 -0.04935 1.53960
v 2.35032 -0.04709 1.55700
v 2.29538 0.01501 1.58034
v 2.29538 0.01501 1.58034
v 2.28618 -0.00014 1.56928
v 2.28618 -0.00014 1.56928
v 2.32208 0.09368 1.55419
v 2.33957 0.12150 1.53542
v 2.33957 0.12150 1.53542
v 2.34785 0.11933 1.51608
v 2.48055 0.10202 1.47594
v 2.43730 0.13045 1.47387
v 2.43730 0.13045 1.47387
v 2.49309 0.08641 1.45569
v 2.49995 0.08716 1.46583
v 2.49995 0.08716 1.46583
v 2.53515 -0.00068 1.41487
v 2.53515 -0.00068 1.41487
v 2.53515 -0.00068 1.41487
v 2.52498 0.01314 1.41555
v 2.52498 0.01314 1.41555
v 2.52245 -0.00076 1.41743
v 2.52245 -0.00076 1.41743
v 2.52245 -0.00076 1.41743
v 2.46429 0.01597 1.32360
v 2.45373 0.01602 1.33122
v 2.45373 0.01602 1.33122
v 2.43569 0.01352 1.31712
v 2.43569 0.01352 1.31712
v 2.37488 0.08356 1.31656
v 2.35545 0.10561 1.30930
v 2.36047 0.09435 1.31882
v 2.36047 0.09435 1.31882
v 2.36133 0.19160 1.31208
v 2.35327 0.19629 1.30875
v 2.35327 0.19629 1.30875
v 2.38072 0.23131 1.28824
v 2.43690 0.26804 1.25121
v 2.44481 0.28081 1.24084
v 2.44481 0.28081 1.24084
v 2.45333 0.27219 1.21597
v 2.46772 0.22819 1.13491
v 2.45403 0.22710 1.11463
v 2.45403 0.22710 1.11463
v 2.42718 0.21274 1.09891
v 2.35871 0.18706 1.02666
v 2.33526 0.18408 0.98760
v 2.33526 0.18408 0.98760
v 2.34764 0.18944 1.02171
v 2.33431 0.13431 0.94980
v 2.32566 0.13724 0.94780
v 2.33930 0.11661 0.94449
v 2.33930 0.11661 0.94449
v 2.35567 0.07149 0.99824
v 2.34983 0.06916 0.98698
v 2.35644 0.06412 0.99225
v 2.35644 0.06412 0.99225
v 2.34082 0.08995 1.03516
v 2.34341 0.10180 1.03593
v 2.34440 0.09555 1.04071
v 2.34440 0.09555 1.04071
v 2.33166 0.14165 1.03361
v 2.33091 0.14225 1.03652
v 2.33091 0.14225 1.03652
v 2.32930 0.14151 1.03455
v 2.24028 0.07724 1.81542
v 2.24028 0.07724 1.81542
v 2.31697 0.06698 1.87406
v 2.31697 0.06698 1.87406
v 2.26264 0.07146 1.80000
v 2.25450 0.08520 1.80317
v 2.41309 0.09200 1.89448
v 2.35991 0.09230 1.88114
v 2.41192 0.10350 1.91732
v 2.41192 0.10350 1.91732
v 2.42551 0.15229 1.93355
v 2.42551 0.15229 1.93355
v 2.43616 0.17577 1.93495
v 2.43023 0.19930 1.96803
v 2.38042 0.25629 2.05386
v 2.38042 0.25629 2.05386
v 2.38042 0.25629 2.05386
v 2.39388 0.24820 2.00221
v 2.41427 0.25536 2.07230
v 2.46453 0.28115 2.12291
v 2.49569 0.24827 2.14203
v 2.49569 0.24827 2.14203
v 2.51207 0.25545 2.15493
v 2.56105 0.22922 2.13497
v 2.61833 0.19338 2.11420
v 2.61833 0.19338 2.11420
v 2.64092 0.19364 2.11094
v 2.64092 0.19364 2.11094
v 2.64895 0.20709 2.07504
v 2.66258 0.23809 1.97048
v 2.67241 0.22173 1.97170
v 2.67241 0.22173 1.97170
v 2.67803 0.23782 1.96828
v 2.60030 0.28574 1.95840
v 2.57624 0.33722 1.95545
v 2.57624 0.33722 1.95545
v 2.58545 0.36069 1.96215
v 2.58545 0.36069 1.96215
v 2.58312 0.37154 1.96927
v 2.59626 0.44570 1.85446
v 2.63690 0.44276 1.79600
v 2.63690 0.44276 1.79600
v 2.63690 0.44276 1.79600
v 2.59775 0.43571 1.87840
v 2.66308 0.43350 1.79803
v 2.66308 0.43350 1.79803
v 2.70891 0.43863 1.78604
v 2.70891 0.43863 1.78604
v 2.70891 0.43863 1.78604
v 2.76897 0.42087 1.80051
v 2.76230 0.41208 1.79536
v 2.84931 0.33972 1.75806
v 2.84432 0.34611 1.75202
v 2.84432 0.34611 1.75202
v 2.83422 0.34763 1.76446
v 2.84677 0.27949 1.66850
v 2.85380 0.27757 1.65454
v 2.84902 0.28558 1.65351
v 2.84902 0.28558 1.65351
v 2.81011 0.31579 1.52244
v 2.81960 0.31012 1.55610
v 2.81960 0.31012 1.55610
v 2.81073 0.31090 1.54560
v 2.83642 0.39149 1.47855
v 2.83642 0.39149 1.47855
v 2.82671 0.38735 1.47490
v 2.90067 0.41923 1.43258
v 2.90573 0.42236 1.43590
v 2.90573 0.42236 1.43590
v 2.89784 0.42340 1.42973
v 2.96848 0.39416 1.39619
v 2.96848 0.39416 1.39619
v 2.98487 0.36873 1.36948
v 2.96617 0.37605 1.38636
v 2.96594 0.32784 1.35635
v 2.97514 0.33034 1.35634
v 2.97514 0.33034 1.35634
v 2.92301 0.28214 1.31948
v 2.92785 0.27731 1.31463
v 2.92785 0.27731 1.31463
v 2.90108 0.27608 1.30069
v 2.78326 0.23419 1.28568
v 2.80394 0.23875 1.27976
v 2.80394 0.23875 1.27976
v 2.78858 0.23734 1.27995
v 2.75239 0.20349 1.30314
v 2.75172 0.18095 1.34363
v 2.75117 0.17500 1.35004
v 2.74751 0.17781 1.32677
v 2.74751 0.17781 1.32677
v 2.80394 0.19740 1.38188
v 2.78940 0.18411 1.38379
v 2.79750 0.18557 1.38055
v 2.79750 0.18557 1.38055
v 2.81506 0.20458 1.38138
v 2.82250 0.22487 1.35280
v 2.82754 0.21700 1.36191
v 2.82754 0.21700 1.36191
v 2.82801 0.22619 1.35649
v 2.25919 0.07607 1.79357
v 2.25919 0.07607 1.79357
v 2.31139 0.10422 1.82180
v 2.31139 0.10422 1.82180
v 2.25026 0.07937 1.80868
v 2.29404 0.11376 1.83290
v 2.26341 0.05738 1.80633
v 2.32387 0.14086 1.90496
v 2.30642 0.14992 1.90087
v 2.33277 0.15947 1.93356
v 2.33277 0.15947 1.93356
v 2.35874 0.13968 1.98257
v 2.37567 0.11453 1.98028
v 2.37567 0.11453 1.98028
v 2.38764 0.09666 2.01079
v 2.41313 0.01823 1.98980
v 2.42823 0.01889 1.98127
v 2.42823 0.01889 1.98127
v 2.41298 0.05062 1.99067
v 2.41298 0.05062 1.99067
v 2.42997 -0.04943 1.87142
v 2.43706 -0.03412 1.87363
v 2.43706 -0.03412 1.87363
v 2.42364 -0.03343 1.87945
v 2.44336 0.00329 1.79467
v 2.44336 0.00329 1.79467
v 2.43889 0.03093 1.79618
v 2.43889 0.03093 1.79618
v 2.43553 0.04310 1.78229
v 2.50357 0.13400 1.77002
v 2.52086 0.15426 1.77101
v 2.52058 0.13045 1.77275
v 2.52058 0.13045 1.77275
v 2.64075 0.07510 1.68457
v 2.64075 0.07510 1.68457
v 2.63314 0.08681 1.68167
v 2.65086 0.04669 1.66324
v 2.65086 0.04669 1.66324
v 2.61305 -0.02210 1.59318
v 2.57153 -0.03069 1.57289
v 2.58532 -0.03613 1.57960
v 2.58532 -0.03613 1.57960
v 2.47505 -0.02233 1.46308
v 2.49273 -0.03043 1.49035
v 2.49273 -0.03043 1.49035
v 2.48606 -0.02349 1.46745
v 2.47019 -0.04187 1.43146
v 2.47019 -0.04187 1.43146
v 2.47143 -0.04425 1.41752
v 2.46086 -0.07585 1.39353
v 2.46514 -0.08609 1.40012
v 2.46514 -0.08609 1.40012
v 2.46787 -0.08349 1.39423
v 2.45850 -0.13660 1.43072
v 2.46353 -0.12317 1.42005
v 2.46353 -0.12317 1.42005
v 2.46583 -0.12764 1.41514
v 2.45985 -0.12987 1.45470
v 2.45985 -0.12987 1.45470
v 2.46048 -0.13502 1.46151
v 2.45762 -0.10091 1.48366
v 2.45834 -0.09880 1.48100
v 2.45834 -0.09880 1.48100
v 2.45897 -0.10027 1.48238
v 2.42204 -0.00243 1.94455
v 2.42214 0.00155 1.96571
v 2.42214 0.00155 1.96571
v 2.43756 0.00384 1.94933
v 2.48194 -0.11330 1.97365
v 2.48194 -0.11330 1.97365
v 2.48450 -0.13519 1.95632
v 2.48450 -0.13519 1.95632
v 2.49609 -0.11291 1.95665
v 2.60291 -0.10422 1.99801
v 2.60291 -0.10422 1.99801
v 2.68888 -0.15108 1.98021
v 2.68888 -0.15108 1.98021
v 2.63350 -0.09540 1.98304
v 2.69847 -0.18056 1.98642
v 2.69847 -0.18056 1.98642
v 2.71192 -0.17018 1.97913
v 2.67559 -0.29620 1.88727
v 2.67559 -0.29620 1.88727
v 2.68425 -0.30240 1.86992
v 2.69276 -0.28694 1.91705
v 2.69276 -0.28694 1.91705
v 2.63801 -0.28908 1.80463
v 2.63801 -0.28908 1.80463
v 2.62579 -0.22098 1.74710
v 2.62579 -0.22098 1.74710
v 2.63662 -0.23227 1.75573
v 2.63522 -0.22642 1.73655
v 2.69541 -0.13423 1.70086
v 2.69541 -0.13423 1.70086
v 2.69380 -0.15140 1.70199
v 2.70806 -0.13874 1.68251
v 2.70806 -0.13874 1.68251
v 2.80191 -0.15549 1.62107
v 2.80191 -0.15549 1.62107
v 2.81817 -0.15788 1.62244
v 2.80648 -0.15820 1.63281
v 2.84484 -0.23891 1.58824
v 2.84484 -0.23891 1.58824
v 2.83220 -0.25257 1.57669
v 2.83220 -0.25257 1.57669
v 2.83220 -0.25257 1.57669
v 2.82880 -0.25574 1.58661
v 2.82880 -0.25574 1.58661
v 2.82880 -0.25574 1.58661
v 2.77221 -0.28473 1.55675
v 2.71295 -0.26517 1.54482
v 2.69995 -0.27022 1.53672
v 2.69995 -0.27022 1.53672
v 2.66312 -0.20329 1.52293
v 2.65074 -0.18576 1.52039
v 2.65074 -0.18576 1.52039
v 2.65189 -0.18597 1.50764
v 2.66700 -0.11390 1.41961
v 2.64891 -0.12702 1.44567
v 2.64891 -0.12702 1.44567
v 2.65810 -0.12828 1.43539
v 2.69268 -0.13262 1.32865
v 2.69268 -0.13262 1.32865
v 2.69273 -0.14772 1.33076
v 2.69513 -0.13941 1.33284
v 2.69003 -0.20291 1.26780
v 2.67883 -0.21874 1.26548
v 2.62642 -0.27117 1.20271
v 2.62642 -0.27117 1.20271
v 2.62723 -0.27770 1.19407
v 2.61589 -0.28687 1.18754
v 2.61023 -0.29537 1.11314
v 2.60374 -0.29976 1.11584
v 2.60042 -0.29208 1.11920
v 2.60042 -0.29208 1.11920
v 2.64738 -0.30087 1.06901
v 2.64187 -0.30599 1.06581
v 2.64142 -0.29898 1.06438
v 2.64142 -0.29898 1.06438
v 2.70043 -0.30948 1.07133
v 2.69142 -0.30658 1.06140
v 2.69142 -0.30658 1.06140
v 2.70341 -0.31500 1.06777
v 2.73427 -0.32180 1.13351
v 2.72304 -0.31427 1.08188
v 2.72304 -0.31427 1.08188
v 2.73623 -0.32760 1.13436
v 2.73709 -0.32197 1.13451
v 2.73709 -0.32197 1.13451
v 2.68957 -0.31221 1.18560
v 2.70092 -0.31590 1.18903
v 2.70092 -0.31590 1.18903
v 2.64611 -0.28816 1.18348
v 2.65044 -0.29066 1.17481
v 2.64913 -0.28949 1.17739
v 2.64913 -0.28949 1.17739
v 2.43201 0.00993 1.95467
v 2.43201 0.00993 1.95467
v 2.50332 -0.02428 1.97829
v 2.50332 -0.02428 1.97829
v 2.42634 0.00110 1.96459
v 2.48583 -0.03676 1.98227
v 2.42665 -0.00612 1.94345
v 2.49658 -0.03834 2.02187
v 2.51827 -0.15899 2.09367
v 2.51062 -0.13149 2.06505
v 2.51989 -0.12726 2.07932
v 2.51989 -0.12726 2.07932
v 2.60725 -0.20567 2.06809
v 2.60725 -0.20567 2.06809
v 2.62386 -0.22401 2.03908
v 2.63952 -0.23170 2.04029
v 2.64692 -0.19837 1.93622
v 2.64692 -0.19837 1.93622
v 2.64007 -0.21501 1.95349
v 2.63954 -0.19745 1.95562
v 2.63954 -0.19745 1.95562
v 2.62260 -0.14425 1.92149
v 2.64016 -0.12164 1.92135
v 2.64016 -0.12164 1.92135
v 2.65997 -0.05545 1.90832
v 2.65997 -0.05545 1.90832
v 2.65997 -0.05545 1.90832
v 2.70348 -0.04280 1.90863
v 2.70348 -0.04280 1.90863
v 2.70348 -0.04280 1.90863
v 2.67397 -0.05134 1.91933
v 2.67397 -0.05134 1.91933
v 2.83126 -0.01102 1.88367
v 2.83126 -0.01102 1.88367
v 2.78500 -0.01865 1.88261
v 2.78500 -0.01865 1.88261
v 2.86552 -0.04661 1.87373
v 2.88021 -0.06822 1.85331
v 2.90494 -0.11047 1.77518
v 2.89907 -0.10731 1.76384
v 2.89907 -0.10731 1.76384
v 2.88729 -0.11636 1.74495
v 2.86128 -0.10459 1.67347
v 2.83311 -0.07081 1.61855
v 2.83311 -0.07081 1.61855
v 2.83460 -0.08526 1.63407
v 2.83580 -0.07129 1.60156
v 2.83513 -0.06278 1.52904
v 2.84040 -0.06482 1.54576
v 2.83735 -0.05782 1.54533
v 2.83735 -0.05782 1.54533
v 2.85394 -0.13056 1.50664
v 2.85067 -0.10064 1.50162
v 2.85067 -0.10064 1.50162
v 2.81520 -0.15709 1.56103
v 2.81520 -0.15709 1.56103
v 2.83766 -0.14492 1.51648
v 2.81910 -0.14535 1.56099
v 2.81604 -0.14443 1.55905
v 0.20521 0.03054 0.95091
v 0.19917 0.01408 0.97607
v 0.19917 0.01408 0.97607
v 0.24903 0.01260 0.94209
v 0.21001 0.03335 0.97576
v 0.26689 -0.00412 0.95204
v 0.26689 -0.00412 0.95204
v 0.27190 0.03185 0.86096
v 0.27190 0.03185 0.86096
v 0.31534 0.08186 0.83772
v 0.32305 0.06414 0.84109
v 0.36029 0.08384 0.81922
v 0.36029 0.08384 0.81922
v 0.44539 0.11143 0.88370
v 0.45849 0.08967 0.88517
v 0.45849 0.08967 0.88517
v 0.48296 0.09713 0.89202
v 0.48296 0.09713 0.89202
v 0.54682 -0.01483 0.92270
v 0.54682 -0.01483 0.92270
v 0.55254 -0.01391 0.94027
v 0.53158 -0.00547 0.93366
v 0.51657 -0.11849 0.87162
v 0.51657 -0.11849 0.87162
v 0.51657 -0.11849 0.87162
v 0.51312 -0.13149 0.87522
v 0.51312 -0.13149 0.87522
v 0.51067 -0.12051 0.88560
v 0.51067 -0.12051 0.88560
v 0.51067 -0.12051 0.88560
v 0.43705 -0.08151 0.84611
v 0.42337 -0.08661 0.84898
v 0.42337 -0.08661 0.84898
v 0.42829 -0.08871 0.83835
v 0.40144 0.03109 0.80393
v 0.40144 0.03109 0.80393
v 0.40802 -0.00743 0.80795
v 0.39849 -0.00943 0.80493
v 0.44737 0.07404 0.77076
v 0.43608 0.06946 0.76881
v 0.49393 0.07892 0.66723
v 0.49393 0.07892 0.66723
v 0.49346 0.07129 0.68438
v 0.48530 0.06990 0.68591
v 0.46855 -0.00943 0.60709
v 0.45143 -0.03512 0.59776
v 0.44725 -0.04255 0.58843
v 0.44725 -0.04255 0.58843
v 0.49036 -0.12708 0.60112
v 0.45192 -0.10649 0.57576
v 0.45192 -0.10649 0.57576
v 0.45037 -0.10650 0.58346
v 0.48698 -0.12402 0.60574
v 0.48698 -0.12402 0.60574
v 0.48413 -0.12186 0.60820
v 0.19747 0.02578 0.97771
v 0.25334 0.04369 1.00279
v 0.25334 0.04369 1.00279
v 0.20973 0.03741 0.95651
v 0.20973 0.03741 0.95651
v 0.24679 0.02462 1.01910
v 0.21485 0.02506 0.95134
v 0.27673 -0.02129 1.06932
v 0.26304 0.01054 1.06714
v 0.26304 0.01054 1.06714
v 0.27800 -0.09355 1.09975
v 0.29864 -0.09721 1.11153
v 0.29864 -0.09721 1.11153
v 0.34481 -0.13557 1.07961
v 0.38119 -0.17224 1.04660
v 0.40769 -0.16134 1.01881
v 0.40769 -0.16134 1.01881
v 0.38137 -0.14603 1.01582
v 0.35051 -0.09494 1.00900
v 0.36381 -0.05131 1.00579
v 0.36381 -0.05131 1.00579
v 0.36381 -0.05131 1.00579
v 0.37647 -0.02399 1.00075
v 0.40557 0.01770 0.93177
v 0.46098 0.02100 0.89960
v 0.46098 0.02100 0.89960
v 0.44604 0.02900 0.90259
v 0.49490 0.00033 0.85527
v 0.51464 -0.00500 0.84744
v 0.51083 -0.03818 0.82392
v 0.51890 -0.04026 0.82775
v 0.51890 -0.04026 0.82775
v 0.50011 -0.09357 0.76252
v 0.48208 -0.09694 0.76261
v 0.48295 -0.10807 0.75881
v 0.48295 -0.10807 0.75881
v 0.34880 -0.11823 0.68738
v 0.35953 -0.11778 0.68420
v 0.35485 -0.12492 0.68861
v 0.35485 -0.12492 0.68861
v 0.32046 -0.15368 0.68647
v 0.32046 -0.15368 0.68647
v 0.30799 -0.16029 0.69265
v 0.30897 -0.16269 0.68450
v 0.41396 -0.01862 0.88700
v 0.41396 -0.01862 0.88700
v 0.46814 0.01565 0.83119
v 0.46814 0.01565 0.83119
v 0.41631 -0.00610 0.89317
v 0.43031 -0.00996 0.90522
v 0.47068 0.03858 0.79508
v 0.47068 0.03858 0.79508
v 0.45836 0.07738 0.78565
v 0.49405 0.12447 0.79918
v 0.49582 0.16493 0.79970
v 0.52104 0.16918 0.77664
v 0.52104 0.16918 0.77664
v 0.57258 0.22191 0.73190
v 0.58428 0.22463 0.74686
v 0.58512 0.20666 0.74669
v 0.58512 0.20666 0.74669
v 0.61623 0.19143 0.64373
v 0.61623 0.19143 0.64373
v 0.63732 0.18835 0.61747
v 0.60923 0.18599 0.60901
v 0.53407 0.11927 0.53602
v 0.53407 0.11927 0.53602
v 0.52319 0.13681 0.52879
v 0.51832 0.13342 0.50688
v 0.42209 0.19661 0.46813
v 0.42209 0.19661 0.46813
v 0.44315 0.20514 0.47338
v 0.41627 0.23665 0.46708
v 0.41627 0.23665 0.46708
v 0.45138 0.31487 0.41225
v 0.46491 0.31800 0.38128
v 0.46593 0.33688 0.36449
v 0.46593 0.33688 0.36449
v 0.53877 0.33603 0.32614
v 0.53877 0.33603 0.32614
v 0.53877 0.33603 0.32614
v 0.55839 0.31074 0.30736
v 0.55839 0.31074 0.30736
v 0.56631 0.32056 0.30558
v 0.56631 0.32056 0.30558
v 0.56631 0.32056 0.30558
v 0.56499 0.25318 0.29772
v 0.56499 0.25318 0.29772
v 0.49345 0.20026 0.26726
v 0.54060 0.23402 0.27494
v 0.48189 0.18853 0.25900
v 0.48189 0.18853 0.25900
v 0.44335 0.19433 0.23962
v 0.35705 0.24306 0.20092
v 0.35705 0.24306 0.20092
v 0.37209 0.22765 0.20910
v 0.37209 0.22765 0.20910
v 0.36421 0.25310 0.19046
v 0.38487 0.30521 0.10157
v 0.37848 0.29394 0.10371
v 0.38159 0.30364 0.09077
v 0.38159 0.30364 0.09077
v 0.43900 0.30306 0.05937
v 0.42899 0.29989 0.05719
v 0.42899 0.29989 0.05719
v 0.43350 0.29497 0.06476
v 0.49892 0.24672 0.03004
v 0.49128 0.24506 0.02390
v 0.49128 0.24506 0.02390
v 0.48889 0.24486 0.03404
v 0.52527 0.09816 0.01588
v 0.53870 0.08983 0.01197
v 0.53880 0.07517 0.00485
v 0.53880 0.07517 0.00485
v 0.59727 0.04197 0.01450
v 0.60659 0.05120 0.01327
v 0.61321 0.04665 0.01120
v 0.61321 0.04665 0.01120
v 0.64910 0.08272 0.04724
v 0.65246 0.07811 0.05234
v 0.65696 0.07869 0.04588
v 0.65696 0.07869 0.04588
v 0.63203 0.11673 0.07646
v 0.63545 0.12115 0.08226
v 0.63545 0.12115 0.08226
v 0.62519 0.11927 0.08714
v 0.53625 0.10585 0.05216
v 0.53508 0.10046 0.05821
v 0.53264 0.10480 0.05618
v 0.53264 0.10480 0.05618
v 0.42210 -0.00800 0.89869
v 0.40569 0.00942 0.90785
v 0.40569 0.00942 0.90785
v 0.42255 -0.01798 0.88448
v 0.49309 0.05835 0.81966
v 0.49309 0.05835 0.81966
v 0.50311 0.02801 0.81960
v 0.51252 0.02698 0.79584
v 0.51252 0.02698 0.79584
v 0.53068 -0.00457 0.79944
v 0.51867 -0.05200 0.75474
v 0.53143 -0.03604 0.72463
v 0.53143 -0.03604 0.72463
v 0.55409 -0.05005 0.64241
v 0.54883 -0.02214 0.62731
v 0.54883 -0.02214 0.62731
v 0.53483 -0.03170 0.63659
v 0.52203 0.00138 0.60431
v 0.54007 0.08948 0.61384
v 0.54007 0.08948 0.61384
v 0.51919 0.07243 0.61523
v 0.54395 0.09699 0.60133
v 0.59781 0.15800 0.56375
v 0.59781 0.15800 0.56375
v 0.59781 0.15800 0.56375
v 0.63452 0.15931 0.55114
v 0.63452 0.15931 0.55114
v 0.62440 0.14715 0.56044
v 0.62440 0.14715 0.56044
v 0.62440 0.14715 0.56044
v 0.72572 0.17892 0.56841
v 0.72572 0.17892 0.56841
v 0.74167 0.17234 0.57298
v 0.77541 0.15176 0.55516
v 0.83377 0.12919 0.48555
v 0.83377 0.12919 0.48555
v 0.82112 0.12680 0.48964
v 0.84031 0.11197 0.45882
v 0.84553 0.09534 0.24687
v 0.85340 0.09819 0.25539
v 0.84238 0.11003 0.26394
v 0.84238 0.11003 0.26394
v 0.89548 0.03481 0.24774
v 0.89665 0.04110 0.23622
v 0.89665 0.04110 0.23622
v 0.86602 0.00440 0.27733
v 0.86741 0.01604 0.28154
v 0.86952 0.00847 0.28157
v 0.86952 0.00847 0.28157
v 0.63656 0.07058 0.87685
v 0.63659 0.06682 0.89739
v 0.63659 0.06682 0.89739
v 0.63690 0.09493 0.88017
v 0.69256 0.09934 0.88197
v 0.73418 0.12643 0.83125
v 0.73418 0.12643 0.83125
v 0.71044 0.08304 0.87127
v 0.71044 0.08304 0.87127
v 0.75786 0.17999 0.82758
v 0.75540 0.14938 0.84418
v 0.82958 0.18138 0.83714
v 0.82958 0.18138 0.83714
v 0.81243 0.16781 0.85046
v 0.81243 0.16781 0.85046
v 0.87297 0.16932 0.89655
v 0.86029 0.14610 0.90832
v 0.86029 0.14610 0.90832
v 0.89329 0.08094 0.94360
v 0.87473 0.09992 0.94973
v 0.87035 0.06687 0.92840
v 0.87035 0.06687 0.92840
v 0.84770 0.00686 0.91886
v 0.85217 0.01170 0.88497
v 0.85217 0.01170 0.88497
v 0.85795 -0.01137 0.88637
v 0.87252 -0.05610 0.78558
v 0.92765 -0.03954 0.76036
v 0.92765 -0.03954 0.76036
v 0.93924 -0.05526 0.76162
v 0.95786 -0.02949 0.74486
v 1.04059 0.03530 0.79625
v 1.04059 0.03530 0.79625
v 1.02566 0.00485 0.78248
v 1.06289 0.00582 0.80757
v 1.13925 -0.01641 0.80330
v 1.17139 -0.06780 0.82573
v 1.17139 -0.06780 0.82573
v 1.16659 -0.07767 0.80674
v 1.18957 -0.11042 0.80851
v 1.18957 -0.11042 0.80851
v 1.16295 -0.20551 0.76902
v 1.15736 -0.19838 0.78725
v 1.15934 -0.23614 0.75898
v 1.15934 -0.23614 0.75898
v 1.07288 -0.25810 0.67206
v 1.09621 -0.24799 0.67595
v 1.06891 -0.25282 0.65496
v 1.06891 -0.25282 0.65496
v 1.02635 -0.20701 0.60852
v 1.02635 -0.20701 0.60852
v 1.02952 -0.18071 0.59646
v 1.02952 -0.18071 0.59646
v 1.02806 -0.12377 0.56652
v 1.02466 -0.10719 0.54914
v 1.05950 -0.08350 0.51572
v 1.05950 -0.08350 0.51572
v 1.05950 -0.08350 0.51572
v 1.09948 -0.06016 0.50882
v 1.09948 -0.06016 0.50882
v 1.13502 -0.02199 0.46879
v 1.13502 -0.02199 0.46879
v 1.13502 -0.02199 0.46879
v 1.15777 0.01608 0.45199
v 1.15777 0.01608 0.45199
v 1.20520 0.02693 0.39330
v 1.23286 -0.00474 0.33307
v 1.22834 -0.06100 0.29775
v 1.22834 -0.06100 0.29775
v 1.22834 -0.06100 0.29775
v 1.21123 -0.08594 0.27416
v 1.19356 -0.11741 0.26275
v 1.10343 -0.14164 0.20729
v 1.12096 -0.13418 0.22765
v 1.12096 -0.13418 0.22765
v 1.12155 -0.14409 0.22623
v 1.06106 -0.11239 0.18760
v 1.03648 -0.10018 0.18396
v 1.03648 -0.10018 0.18396
v 1.00644 -0.02550 0.12887
v 1.02115 -0.02256 0.13471
v 1.01467 -0.02048 0.13388
v 1.01467 -0.02048 0.13388
v 1.04217 0.02014 0.08085
v 1.04217 0.02014 0.08085
v 1.08258 0.02045 0.06268
v 1.15019 0.00454 0.02910
v 1.15019 0.00454 0.02910
v 1.14552 -0.01002 0.02523
v 1.16219 -0.05662 0.02814
v 1.18947 -0.24443 0.01053
v 1.18861 -0.24552 0.00062
v 1.23259 -0.27325 0.00948
v 1.23259 -0.27325 0.00948
v 1.27027 -0.28416 0.04165
v 1.27842 -0.28691 0.03873
v 1.29359 -0.26252 0.08719
v 1.30236 -0.25766 0.09599
v 1.30505 -0.24776 0.09925
v 1.30505 -0.24776 0.09925
v 1.26128 -0.22851 0.12369
v 1.25726 -0.22190 0.13059
v 1.20986 -0.21776 0.12077
v 1.20710 -0.21281 0.12590
v 1.19725 -0.20816 0.11348
v 1.19725 -0.20816 0.11348
v 1.15934 -0.22765 0.07684
v 1.15187 -0.22454 0.07566
v 1.14973 -0.28636 0.05180
v 1.13779 -0.26962 0.04571
v 1.13779 -0.26962 0.04571
v 1.14252 -0.28803 0.04688
v 1.20895 -0.28341 0.03982
v 1.20818 -0.28182 0.03707
v 1.20818 -0.28182 0.03707
v 1.21084 -0.28544 0.03712
v 0.63287 0.08768 0.88599
v 0.64167 0.09438 0.87791
v 0.64167 0.09438 0.87791
v 0.64704 0.07217 0.87816
v 0.67033 0.09894 0.92279
v 0.67033 0.09894 0.92279
v 0.65063 0.06747 1.00214
v 0.65063 0.06747 1.00214
v 0.67925 0.05270 1.01061
v 0.69354 0.04079 1.03858
v 0.69354 0.04079 1.03858
v 0.69923 0.01290 1.03443
v 0.75791 0.01996 1.00532
v 0.78671 0.02116 1.02249
v 0.77528 0.03817 1.02830
v 0.77528 0.03817 1.02830
v 0.78955 0.08377 1.05317
v 0.78955 0.08377 1.05317
v 0.81549 0.08667 1.06682
v 0.81711 0.07251 1.07882
v 0.88528 0.10273 1.10686
v 0.88528 0.10273 1.10686
v 0.91771 0.09006 1.08210
v 0.94456 0.10876 1.05986
v 1.00243 0.06006 1.01100
v 1.00243 0.06006 1.01100
v 1.00509 0.08240 1.00787
v 0.99518 0.00684 0.94666
v 0.99499 -0.02051 0.93743
v 0.99499 -0.02051 0.93743
v 0.99087 -0.02469 0.91458
v 0.99087 -0.02469 0.91458
v 0.91777 -0.03869 0.89289
v 0.90068 -0.05507 0.89126
v 0.90068 -0.05507 0.89126
v 0.90351 -0.03859 0.89895
v 0.85869 -0.01499 0.75811
v 0.85869 -0.01499 0.75811
v 0.85431 -0.02814 0.78100
v 0.85431 -0.02814 0.78100
v 0.85572 -0.00633 0.76942
v 0.86905 0.05107 0.71800
v 0.92996 0.09522 0.69401
v 0.94041 0.08461 0.67837
v 0.94041 0.08461 0.67837
v 0.99767 0.08411 0.62642
v 0.99767 0.08411 0.62642
v 1.03885 0.04976 0.59382
v 1.03137 0.04769 0.59784
v 1.03137 0.04769 0.59784
v 1.03668 -0.01632 0.53333
v 1.01236 -0.03523 0.51880
v 1.01236 -0.03523 0.51880
v 1.01987 -0.04094 0.51795
v 0.95274 -0.04576 0.44409
v 0.93063 -0.04353 0.43534
v 0.93063 -0.04353 0.43534
v 0.94226 -0.05293 0.43732
v 0.83730 0.05765 0.29819
v 0.83875 0.04570 0.32120
v 0.83875 0.04570 0.32120
v 0.84150 0.04156 0.31369
v 0.77145 0.02984 0.24962
v 0.77145 0.02984 0.24962
v 0.77905 0.02426 0.24750
v 0.74506 0.00444 0.25011
v 0.72649 -0.01555 0.31578
v 0.72649 -0.01555 0.31578
v 0.72974 -0.02026 0.29252
v 0.72249 -0.02001 0.31338
v 0.75130 0.00094 0.36246
v 0.75639 -0.00301 0.36137
v 0.80676 0.03306 0.34093
v 0.80676 0.03306 0.34093
v 0.80748 0.02675 0.34101
v 0.80532 0.02174 0.33702
v 0.83844 -0.04842 0.94623
v 0.83844 -0.04842 0.94623
v 0.93075 -0.07326 0.89222
v 0.93075 -0.07326 0.89222
v 0.84003 -0.02972 0.92851
v 0.84403 -0.04910 0.95588
v 1.05075 -0.09736 0.93489
v 1.04822 -0.12475 0.93012
v 1.04822 -0.12475 0.93012
v 1.09526 -0.15235 0.92157
v 1.11418 -0.18664 0.92946
v 1.11500 -0.22015 0.88435
v 1.11500 -0.22015 0.88435
v 1.10819 -0.22567 0.90386
v 1.10819 -0.22567 0.90386
v 1.13826 -0.25826 0.84764
v 1.12331 -0.23548 0.76833
v 1.12331 -0.23548 0.76833
v 1.11900 -0.25990 0.77495
v 1.11900 -0.25990 0.77495
v 1.15713 -0.21735 0.71947
v 1.17414 -0.20123 0.68223
v 1.17414 -0.20123 0.68223
v 1.25897 -0.16698 0.66636
v 1.25897 -0.16698 0.66636
v 1.25897 -0.16698 0.66636
v 1.25673 -0.18455 0.68123
v 1.31844 -0.20188 0.68556
v 1.34341 -0.22065 0.70743
v 1.37681 -0.23831 0.64232
v 1.37681 -0.23831 0.64232
v 1.36706 -0.28271 0.55136
v 1.37268 -0.30271 0.54259
v 1.37111 -0.28864 0.53250
v 1.37111 -0.28864 0.53250
v 1.37111 -0.28864 0.53250
v 1.30421 -0.32325 0.55812
v 1.23770 -0.33254 0.52323
v 1.23770 -0.33254 0.52323
v 1.21560 -0.34083 0.52128
v 1.21194 -0.32397 0.50741
v 1.19350 -0.33209 0.35838
v 1.19350 -0.33209 0.35838
v 1.17989 -0.32505 0.35549
v 1.18759 -0.32920 0.39049
v 1.18759 -0.32920 0.39049
v 1.21043 -0.27570 0.32768
v 1.21043 -0.27570 0.32768
v 1.21291 -0.23997 0.31186
v 1.26957 -0.20140 0.30958
v 1.26957 -0.20140 0.30958
v 1.27719 -0.18625 0.31250
v 1.27719 -0.18625 0.31250
v 1.27632 -0.18918 0.29370
v 1.35790 -0.19185 0.20998
v 1.36563 -0.20479 0.21617
v 1.36563 -0.20479 0.21617
v 1.36645 -0.19169 0.21253
v 1.37338 -0.30569 0.13795
v 1.38516 -0.30632 0.13494
v 1.38516 -0.30632 0.13494
v 1.36271 -0.31685 0.11044
v 1.28026 -0.34877 0.04382
v 1.28026 -0.34877 0.04382
v 1.26510 -0.33321 0.04968
v 1.26599 -0.32831 0.03941
v 1.16669 -0.21289 0.02139
v 1.16694 -0.20690 0.01163
v 1.16694 -0.20690 0.01163
v 1.17560 -0.19016 0.01472
v 1.18378 0.03211 0.00822
v 1.18182 0.01175 0.00184
v 1.18182 0.01175 0.00184
v 1.18167 0.06286 0.00555
v 1.15583 0.09896 0.02270
v 1.15583 0.09896 0.02270
v 1.15246 0.11822 0.05974
v 1.15390 0.13507 0.07398
v 1.19563 0.11004 0.14888
v 1.14926 0.13362 0.08417
v 1.14926 0.13362 0.08417
v 1.18952 0.12114 0.14378
v 1.18952 0.12114 0.14378
v 1.20091 0.11840 0.13778
v 1.25076 0.09270 0.13338
v 1.25076 0.09270 0.13338
v 1.24798 0.09659 0.12615
v 1.29580 0.06893 0.06859
v 1.30015 0.07422 0.06410
v 1.33213 0.00539 0.04222
v 1.31720 0.06333 0.06059
v 1.31720 0.06333 0.06059
v 1.33561 0.02427 0.04185
v 1.33513 0.00392 0.04294
v 1.33513 0.00392 0.04294
v 1.30871 -0.02681 0.03320
v 1.30871 -0.02681 0.03320
v 1.31224 -0.02022 0.02967
v 1.25588 -0.00045 0.02441
v 1.25732 -0.00078 0.01944
v 1.25732 -0.00078 0.01944
v 1.25927 0.00056 0.01624
v 0.85149 -0.04808 0.95768
v 0.95352 -0.02077 0.90269
v 0.95352 -0.02077 0.90269
v 0.84587 -0.02366 0.95015
v 0.84587 -0.02366 0.95015
v 0.84408 -0.04654 0.93767
v 0.93254 -0.01909 0.88299
v 0.94544 -0.03908 0.87792
v 0.94960 -0.03527 0.79064
v 0.94960 -0.03527 0.79064
v 0.92528 -0.03441 0.76434
v 0.93336 -0.01026 0.75667
v 0.93336 -0.01026 0.75667
v 0.95971 0.00717 0.71228
v 0.95971 0.00717 0.71228
v 0.95638 0.02063 0.69420
v 0.96107 0.06344 0.70439
v 1.05924 0.12017 0.71358
v 1.05924 0.12017 0.71358
v 1.05674 0.09939 0.70483
v 1.05674 0.09939 0.70483
v 1.04511 0.11065 0.69685
v 1.14698 0.08686 0.63250
v 1.16253 0.09664 0.64062
v 1.16253 0.09664 0.64062
v 1.15481 0.09743 0.62388
v 1.15610 -0.02190 0.56304
v 1.17899 -0.00137 0.58731
v 1.17899 -0.00137 0.58731
v 1.16565 -0.03048 0.55091
v 1.11618 -0.06281 0.51632
v 1.11618 -0.06281 0.51632
v 1.08718 -0.06816 0.46837
v 1.08718 -0.06816 0.46837
v 1.02696 -0.02979 0.41563
v 1.02696 -0.02979 0.41563
v 1.02006 -0.00922 0.41762
v 1.02006 -0.00922 0.41762
v 1.02006 -0.00922 0.41762
v 1.02222 -0.03191 0.42574
v 1.02222 -0.03191 0.42574
v 1.02222 -0.03191 0.42574
v 1.10567 0.00443 0.30607
v 1.06732 0.00864 0.31330
v 1.11186 0.01461 0.30267
v 1.11186 0.01461 0.30267
v 1.17010 -0.00042 0.28292
v 1.24117 -0.05326 0.29535
v 1.24117 -0.05326 0.29535
v 1.25159 -0.05001 0.29195
v 1.25159 -0.05001 0.29195
v 1.26457 -0.11606 0.28729
v 1.25329 -0.17510 0.27364
v 1.25329 -0.17510 0.27364
v 1.24968 -0.18918 0.25134
v 1.20939 -0.21371 0.19944
v 1.19495 -0.21029 0.13078
v 1.19495 -0.21029 0.13078
v 1.20108 -0.19435 0.12966
v 1.19815 -0.16413 0.09340
v 1.22438 -0.08475 0.04593
v 1.21533 -0.09132 0.04834
v 1.21992 -0.08471 0.03936
v 1.21992 -0.08471 0.03936
v 1.19750 -0.03531 0.03567
v 1.19905 -0.03139 0.02925
v 1.19905 -0.03139 0.02925
v 1.19131 -0.01973 0.03702
v 1.15202 -0.01751 0.05888
v 1.15245 -0.01148 0.05180
v 1.15245 -0.01148 0.05180
v 1.14372 -0.01557 0.07555
v 1.16007 -0.06334 0.10842
v 1.13706 -0.02957 0.08437
v 1.13706 -0.02957 0.08437
v 1.16013 -0.06285 0.10941
v 1.16013 -0.06285 0.10941
v 1.16218 -0.06088 0.10949
v 1.07425 0.02001 0.86796
v 1.07425 0.02001 0.86796
v 1.14614 0.05926 0.89180
v 1.14614 0.05926 0.89180
v 1.06563 0.03042 0.87874
v 1.07350 0.01014 0.88867
v 1.15632 0.09954 0.93629
v 1.18400 0.13518 0.95134
v 1.22180 0.13879 0.98236
v 1.22180 0.13879 0.98236
v 1.26054 0.11977 1.01513
v 1.26054 0.11977 1.01513
v 1.25840 0.13816 1.02491
v 1.32100 0.11757 1.04637
v 1.36757 0.13262 1.00139
v 1.36757 0.13262 1.00139
v 1.39886 0.12436 0.98572
v 1.39886 0.12436 0.98572
v 1.42455 0.15517 0.96296
v 1.40248 0.15657 0.91769
v 1.40248 0.15657 0.91769
v 1.38588 0.18101 0.88693
v 1.42091 0.16098 0.89825
v 1.36381 0.18232 0.85608
v 1.35563 0.20947 0.84599
v 1.35563 0.20947 0.84599
v 1.42275 0.26905 0.78675
v 1.43383 0.27105 0.76441
v 1.43383 0.27105 0.76441
v 1.43731 0.25919 0.78028
v 1.46503 0.31635 0.82337
v 1.51022 0.31379 0.83292
v 1.53045 0.33026 0.83300
v 1.53045 0.33026 0.83300
v 1.56919 0.32102 0.83872
v 1.65101 0.32303 0.76683
v 1.65101 0.32303 0.76683
v 1.64901 0.29979 0.75366
v 1.67685 0.28147 0.72846
v 1.68040 0.26183 0.68295
v 1.63863 0.21471 0.62144
v 1.63863 0.21471 0.62144
v 1.63655 0.19659 0.62655
v 1.60315 0.20281 0.61987
v 1.60315 0.20281 0.61987
v 1.54122 0.20581 0.60392
v 1.53426 0.20649 0.57773
v 1.49498 0.23821 0.52109
v 1.51390 0.32526 0.45976
v 1.51390 0.32526 0.45976
v 1.51390 0.32526 0.45976
v 1.48526 0.26826 0.50224
v 1.48526 0.26826 0.50224
v 1.52615 0.32100 0.44525
v 1.52615 0.32100 0.44525
v 1.52615 0.32100 0.44525
v 1.51585 0.32669 0.43335
v 1.51585 0.32669 0.43335
v 1.53465 0.33055 0.36802
v 1.57948 0.27786 0.30494
v 1.57948 0.27786 0.30494
v 1.56075 0.27896 0.31006
v 1.58191 0.24862 0.28788
v 1.55979 0.11982 0.26534
v 1.56115 0.13447 0.27641
v 1.56115 0.13447 0.27641
v 1.48473 0.08052 0.26549
v 1.45258 0.07150 0.26243
v 1.45258 0.07150 0.26243
v 1.35886 0.09059 0.23039
v 1.34890 0.09470 0.23425
v 1.34890 0.09470 0.23425
v 1.32689 0.11840 0.20407
v 1.31082 0.12355 0.15555
v 1.31082 0.12355 0.15555
v 1.31368 0.13354 0.10320
v 1.31701 0.14034 0.10180
v 1.31001 0.13594 0.09865
v 1.31001 0.13594 0.09865
v 1.40457 0.12698 0.04162
v 1.38059 0.13327 0.04443
v 1.38059 0.13327 0.04443
v 1.44519 0.09639 0.03028
v 1.52947 0.05432 0.01283
v 1.52947 0.05432 0.01283
v 1.59857 0.05909 0.01722
v 1.60337 0.05169 0.01653
v 1.60691 0.06136 0.00835
v 1.60691 0.06136 0.00835
v 1.64162 0.11284 0.01271
v 1.65158 0.13245 0.00325
v 1.65158 0.13245 0.00325
v 1.64899 0.10801 0.01183
v 1.63203 0.16974 0.00976
v 1.64129 0.17089 0.00839
v 1.59047 0.21135 0.00865
v 1.57151 0.22731 0.00050
v 1.57151 0.22731 0.00050
v 1.59190 0.21964 0.00730
v 1.48837 0.23302 0.00953
v 1.48807 0.24084 0.00715
v 1.48075 0.22882 0.00279
v 1.48075 0.22882 0.00279
v 1.44797 0.17423 0.01191
v 1.44142 0.17640 0.00796
v 1.44716 0.17940 0.00361
v 1.44716 0.17940 0.00361
v 1.52055 0.15543 0.01112
v 1.52032 0.15526 0.00084
v 1.52032 0.15526 0.00084
v 1.52585 0.15092 0.00548
v 1.06415 0.01281 0.88664
v 1.06415 0.01281 0.88664
v 1.05911 0.07569 0.96857
v 1.05911 0.07569 0.96857
v 1.08431 0.02014 0.88158
v 1.07462 0.03198 0.87036
v 1.07875 0.06264 0.98216
v 1.07853 0.08120 0.96557
v 1.10748 0.13034 1.02021
v 1.10748 0.13034 1.02021
v 1.12378 0.14457 0.99581
v 1.14402 0.17217 0.96082
v 1.14402 0.17217 0.96082
v 1.14402 0.17217 0.96082
v 1.15773 0.17736 0.97340
v 1.14501 0.15719 0.91095
v 1.10704 0.18524 0.85244
v 1.08367 0.19893 0.85922
v 1.08367 0.19893 0.85922
v 1.06475 0.20194 0.83983
v 1.02960 0.28266 0.85463
v 1.02960 0.28266 0.85463
v 1.03413 0.29386 0.83989
v 1.02209 0.29218 0.84255
v 1.06812 0.36974 0.81882
v 1.06487 0.37918 0.83444
v 1.06487 0.37918 0.83444
v 1.07388 0.39353 0.81495
v 1.13624 0.39996 0.76422
v 1.17334 0.38288 0.74440
v 1.17334 0.38288 0.74440
v 1.14209 0.40522 0.76652
v 1.19072 0.36745 0.72281
v 1.19072 0.36745 0.72281
v 1.19554 0.31370 0.66479
v 1.17532 0.29274 0.65673
v 1.18243 0.28584 0.65241
v 1.18243 0.28584 0.65241
v 1.04768 0.21541 0.57465
v 1.06865 0.23308 0.57730
v 1.06857 0.22369 0.57984
v 1.06857 0.22369 0.57984
v 1.04718 0.18109 0.57906
v 1.04718 0.18109 0.57906
v 1.03928 0.17316 0.57703
v 1.04684 0.16115 0.60650
v 1.04988 0.16069 0.60560
v 1.04988 0.16069 0.60560
v 1.28629 0.04137 0.96976
v 1.28629 0.04137 0.96976
v 1.35396 -0.00124 0.99076
v 1.35396 -0.00124 0.99076
v 1.29391 0.05580 0.98348
v 1.34978 0.00919 1.01609
v 1.28055 0.03876 0.98887
v 1.42070 0.00495 1.07745
v 1.42875 -0.02816 1.10389
v 1.42875 -0.02816 1.10389
v 1.47650 -0.06638 1.13449
v 1.47650 -0.06638 1.13449
v 1.46577 -0.05565 1.15983
v 1.49945 -0.16131 1.14202
v 1.50820 -0.14980 1.12263
v 1.48531 -0.16296 1.10728
v 1.48531 -0.16296 1.10728
v 1.48186 -0.19069 1.06540
v 1.50800 -0.18361 1.02730
v 1.49493 -0.17528 1.00802
v 1.49493 -0.17528 1.00802
v 1.53468 -0.18398 0.95178
v 1.57851 -0.15563 0.94208
v 1.57851 -0.15563 0.94208
v 1.56319 -0.17671 0.96000
v 1.67598 -0.16916 0.95442
v 1.67598 -0.16916 0.95442
v 1.69123 -0.19620 0.95810
v 1.67540 -0.18785 0.93879
v 1.73638 -0.23021 0.90237
v 1.73638 -0.23021 0.90237
v 1.73459 -0.26798 0.88695
v 1.75109 -0.29220 0.86545
v 1.70694 -0.33643 0.80216
v 1.70694 -0.33643 0.80216
v 1.67607 -0.34406 0.81215
v 1.64501 -0.36739 0.79625
v 1.54858 -0.33403 0.76938
v 1.54858 -0.33403 0.76938
v 1.56184 -0.35249 0.79135
v 1.52355 -0.32786 0.72369
v 1.52355 -0.32786 0.72369
v 1.49831 -0.31014 0.68558
v 1.51863 -0.29462 0.58636
v 1.52270 -0.29616 0.61374
v 1.52270 -0.29616 0.61374
v 1.52756 -0.27390 0.59187
v 1.59420 -0.24215 0.56193
v 1.59420 -0.24215 0.56193
v 1.58206 -0.23016 0.55786
v 1.61199 -0.22815 0.56846
v 1.61199 -0.22815 0.56846
v 1.75687 -0.26109 0.50846
v 1.73193 -0.24460 0.54077
v 1.73193 -0.24460 0.54077
v 1.73237 -0.26630 0.51777
v 1.76040 -0.33825 0.45333
v 1.76898 -0.35315 0.44640
v 1.76898 -0.35315 0.44640
v 1.73188 -0.39655 0.38308
v 1.71247 -0.40266 0.38375
v 1.71247 -0.40266 0.38375
v 1.71385 -0.40948 0.36843
v 1.60124 -0.36901 0.30215
v 1.62542 -0.39492 0.31567
v 1.62542 -0.39492 0.31567
v 1.58905 -0.32846 0.25702
v 1.58459 -0.32121 0.25230
v 1.58459 -0.32121 0.25230
v 1.61477 -0.25881 0.19722
v 1.64751 -0.24522 0.15534
v 1.64751 -0.24522 0.15534
v 1.64566 -0.25910 0.17211
v 1.69692 -0.25341 0.12811
v 1.68969 -0.26132 0.13678
v 1.75107 -0.32254 0.07122
v 1.75074 -0.34212 0.05029
v 1.75074 -0.34212 0.05029
v 1.74747 -0.35999 0.05452
v 1.68813 -0.50293 0.01406
v 1.65468 -0.55642 0.01060
v 1.65468 -0.55642 0.01060
v 1.65399 -0.57101 0.01898
v 1.68084 -0.61826 0.00913
v 1.68709 -0.63636 0.00576
v 1.68709 -0.63636 0.00576
v 1.75166 -0.66853 0.01108
v 1.76919 -0.65777 0.00518
v 1.76508 -0.66637 0.00282
v 1.76508 -0.66637 0.00282
v 1.86493 -0.59081 0.02003
v 1.86799 -0.60099 0.01816
v 1.86799 -0.60099 0.01816
v 1.85852 -0.60709 0.02517
v 1.94485 -0.43099 0.01710
v 1.93143 -0.45752 0.01392
v 1.94183 -0.43614 0.01155
v 1.94183 -0.43614 0.01155
v 1.91809 -0.39890 0.01516
v 1.87186 -0.37840 0.01543
v 1.88439 -0.37077 0.01106
v 1.88439 -0.37077 0.01106
v 1.87046 -0.37138 0.01701
v 1.83976 -0.41657 0.01366
v 1.83173 -0.42050 0.01355
v 1.83598 -0.41259 0.00785
v 1.83598 -0.41259 0.00785
v 1.85448 -0.45292 0.00833
v 1.85448 -0.45292 0.00833
v 1.85627 -0.45168 0.01192
v 1.85368 -0.45388 0.01169
v 1.28650 0.04264 0.99565
v 1.39612 0.00314 0.97957
v 1.39612 0.00314 0.97957
v 1.29334 0.06400 0.98847
v 1.29334 0.06400 0.98847
v 1.28722 0.04333 0.97333
v 1.38709 -0.01219 0.96279
v 1.40321 -0.00671 0.92830
v 1.40321 -0.00671 0.92830
v 1.43720 -0.09885 0.86317
v 1.41744 -0.07032 0.86221
v 1.51777 -0.11555 0.84968
v 1.51777 -0.11555 0.84968
v 1.50603 -0.13442 0.83919
v 1.53589 -0.13171 0.87333
v 1.59257 -0.16193 0.90224
v 1.62638 -0.18300 0.94234
v 1.62638 -0.18300 0.94234
v 1.63730 -0.19482 0.92460
v 1.61784 -0.26940 0.94876
v 1.58071 -0.33464 0.95423
v 1.59432 -0.34382 0.95990
v 1.59432 -0.34382 0.95990
v 1.60540 -0.32893 0.94904
v 1.51578 -0.43303 0.84471
v 1.51578 -0.43303 0.84471
v 1.53532 -0.41675 0.88345
v 1.53532 -0.41675 0.88345
v 1.53147 -0.42228 0.84008
v 1.57467 -0.44752 0.72659
v 1.56311 -0.43315 0.69422
v 1.56311 -0.43315 0.69422
v 1.56870 -0.42757 0.71080
v 1.61078 -0.33584 0.70400
v 1.61078 -0.33584 0.70400
v 1.63744 -0.30383 0.71790
v 1.65521 -0.29438 0.69035
v 1.65521 -0.29438 0.69035
v 1.75648 -0.32542 0.61972
v 1.75648 -0.32542 0.61972
v 1.75652 -0.31834 0.60788
v 1.75652 -0.31834 0.60788
v 1.75652 -0.31834 0.60788
v 1.75862 -0.34240 0.60159
v 1.75862 -0.34240 0.60159
v 1.75862 -0.34240 0.60159
v 1.84322 -0.42517 0.59992
v 1.83629 -0.40482 0.59249
v 1.83629 -0.40482 0.59249
v 1.82659 -0.41409 0.59176
v 1.85334 -0.50775 0.52022
v 1.85334 -0.50775 0.52022
v 1.84588 -0.51731 0.52205
v 1.85475 -0.52194 0.51415
v 1.81719 -0.54083 0.41977
v 1.81739 -0.53031 0.41859
v 1.81739 -0.53031 0.41859
v 1.79537 -0.52503 0.37892
v 1.79537 -0.52503 0.37892
v 1.82156 -0.48221 0.30164
v 1.83035 -0.48276 0.30463
v 1.83035 -0.48276 0.30463
v 1.87771 -0.45350 0.26983
v 1.87771 -0.45350 0.26983
v 1.97757 -0.45575 0.21966
v 1.89419 -0.44149 0.25643
v 1.95924 -0.45438 0.23601
v 1.95924 -0.45438 0.23601
v 1.95832 -0.46689 0.23185
v 1.99594 -0.55586 0.18527
v 2.00690 -0.55392 0.18976
v 2.00690 -0.55392 0.18976
v 1.99136 -0.56859 0.16808
v 1.93196 -0.60292 0.13359
v 1.93265 -0.61220 0.12837
v 1.93265 -0.61220 0.12837
v 1.93302 -0.60544 0.12214
v 1.79995 -0.57892 0.05463
v 1.80512 -0.58636 0.05272
v 1.80512 -0.58636 0.05272
v 1.80820 -0.58032 0.05116
v 1.73625 -0.58926 0.05103
v 1.71407 -0.60082 0.07812
v 1.71286 -0.60770 0.07186
v 1.71286 -0.60770 0.07186
v 1.70625 -0.60891 0.09100
v 1.72308 -0.61956 0.14879
v 1.73308 -0.61352 0.14575
v 1.73291 -0.62127 0.14523
v 1.73291 -0.62127 0.14523
v 1.78697 -0.58838 0.13463
v 1.79002 -0.59613 0.13855
v 1.79002 -0.59613 0.13855
v 1.79116 -0.58954 0.14128
v 1.78742 -0.58610 0.08904
v 1.78742 -0.58610 0.08904
v 1.78457 -0.58345 0.09024
v 1.78875 -0.58196 0.08797
v 1.48810 -0.02166 0.87780
v 1.48810 -0.02166 0.87780
v 1.57402 0.00945 0.83475
v 1.57402 0.00945 0.83475
v 1.50190 -0.01528 0.89605
v 1.57126 -0.00431 0.85594
v 1.50094 -0.03942 0.88670
v 1.58158 -0.01340 0.83393
v 1.58158 -0.01340 0.83393
v 1.67684 -0.01474 0.89180
v 1.69717 -0.03899 0.87636
v 1.69717 -0.03899 0.87636
v 1.71643 -0.06187 0.88434
v 1.74980 -0.11264 0.72554
v 1.73444 -0.10052 0.73847
v 1.73444 -0.10052 0.73847
v 1.74027 -0.11365 0.74813
v 1.61324 -0.10205 0.67375
v 1.61324 -0.10205 0.67375
v 1.61324 -0.10205 0.67375
v 1.64408 -0.12693 0.70591
v 1.59927 -0.09544 0.65245
v 1.59927 -0.09544 0.65245
v 1.58687 -0.05351 0.65523
v 1.58687 -0.05351 0.65523
v 1.58687 -0.05351 0.65523
v 1.61429 0.00073 0.66949
v 1.62858 0.04410 0.66818
v 1.62858 0.04410 0.66818
v 1.63518 0.04245 0.65765
v 1.69079 0.07343 0.64806
v 1.74002 0.09622 0.60283
v 1.74002 0.09622 0.60283
v 1.72422 0.08703 0.60944
v 1.74814 0.08367 0.58170
v 1.75682 0.07930 0.51861
v 1.74707 0.07871 0.51136
v 1.74189 0.08379 0.48417
v 1.74189 0.08379 0.48417
v 1.67832 0.06084 0.39462
v 1.65599 0.05200 0.37860
v 1.66535 0.06183 0.38561
v 1.66535 0.06183 0.38561
v 1.66182 0.01532 0.34861
v 1.65557 0.01796 0.34420
v 1.65557 0.01796 0.34420
v 1.66614 -0.02471 0.37038
v 1.67000 -0.02269 0.37048
v 1.67000 -0.02269 0.37048
v 1.67234 -0.02007 0.37318
v 1.50234 -0.03732 0.88588
v 1.50234 -0.03732 0.88588
v 1.57546 0.00193 0.88137
v 1.57546 0.00193 0.88137
v 1.49345 -0.02000 0.87537
v 1.49284 -0.01342 0.89570
v 1.60211 0.00492 0.83741
v 1.56956 0.00713 0.85219
v 1.59772 0.10429 0.75318
v 1.62070 0.07768 0.76422
v 1.61670 0.08310 0.78048
v 1.61670 0.08310 0.78048
v 1.56939 0.20573 0.79205
v 1.56939 0.20573 0.79205
v 1.54900 0.21541 0.80948
v 1.56611 0.20543 0.81657
v 1.56611 0.20543 0.81657
v 1.63951 0.28663 0.83375
v 1.63951 0.28663 0.83375
v 1.63307 0.30433 0.83564
v 1.67184 0.31240 0.85468
v 1.71905 0.29583 0.82718
v 1.71905 0.29583 0.82718
v 1.74664 0.30330 0.82796
v 1.80334 0.22642 0.81770
v 1.80334 0.22642 0.81770
v 1.81347 0.23666 0.81301
v 1.80833 0.17205 0.76834
v 1.80833 0.17205 0.76834
v 1.81329 0.13897 0.72910
v 1.78742 0.10474 0.69924
v 1.76079 0.10607 0.69342
v 1.76079 0.10607 0.69342
v 1.68705 0.10796 0.65421
v 1.68705 0.10796 0.65421
v 1.67957 0.11644 0.63348
v 1.63789 0.16574 0.61020
v 1.63789 0.16574 0.61020
v 1.61857 0.20758 0.57031
v 1.63453 0.22124 0.55971
v 1.63343 0.23278 0.56537
v 1.63343 0.23278 0.56537
v 1.70177 0.30209 0.48812
v 1.70177 0.30209 0.48812
v 1.69726 0.28984 0.50336
v 1.69033 0.28221 0.50030
v 1.76979 0.28181 0.43946
v 1.77015 0.27286 0.42675
v 1.80619 0.22916 0.33138
v 1.80619 0.22916 0.33138
v 1.80372 0.23311 0.36222
v 1.78170 0.22013 0.27832
v 1.76563 0.25336 0.23396
v 1.76791 0.33386 0.23626
v 1.76791 0.33386 0.23626
v 1.77275 0.35457 0.25060
v 1.80628 0.37603 0.27899
v 1.84041 0.33746 0.35430
v 1.84041 0.33746 0.35430
v 1.83758 0.34704 0.35552
v 1.80872 0.29467 0.38321
v 1.80545 0.30016 0.37115
v 1.80545 0.30016 0.37115
v 1.80399 0.30200 0.37379
v 1.72938 0.06580 0.91854
v 1.72702 0.04384 0.90828
v 1.72702 0.04384 0.90828
v 1.71654 0.05158 0.93334
v 1.78708 0.01630 0.99995
v 1.81172 0.01853 1.00611
v 1.81172 0.01853 1.00611
v 1.80707 -0.01458 1.02079
v 1.80707 -0.01458 1.02079
v 1.81077 -0.05657 1.10493
v 1.80517 -0.08105 1.09829
v 1.86479 -0.10765 1.13196
v 1.86479 -0.10765 1.13196
v 1.88244 -0.12399 1.15438
v 1.91546 -0.14251 1.12885
v 1.95492 -0.11161 1.09472
v 1.95492 -0.11161 1.09472
v 1.95149 -0.13482 1.12593
v 1.96420 -0.10773 1.06683
v 1.97961 -0.05693 1.06682
v 1.95983 -0.04771 1.06062
v 1.95983 -0.04771 1.06062
v 1.98385 -0.02063 1.06923
v 1.98385 -0.02063 1.06923
v 2.05128 -0.01079 1.00916
v 2.05128 -0.01079 1.00916
v 2.10814 -0.03647 0.99660
v 2.04765 -0.02872 1.01948
v 2.11486 -0.06413 0.99269
v 2.11705 -0.04643 0.98016
v 2.11705 -0.04643 0.98016
v 2.16252 -0.11089 1.04271
v 2.16252 -0.11089 1.04271
v 2.14982 -0.12304 1.05095
v 2.15001 -0.11884 1.03118
v 2.22807 -0.21188 0.98296
v 2.22807 -0.21188 0.98296
v 2.20313 -0.19818 0.99626
v 2.20313 -0.19818 0.99626
v 2.20343 -0.21751 1.00284
v 2.24470 -0.23586 0.87196
v 2.21684 -0.24087 0.83067
v 2.20634 -0.22322 0.81890
v 2.20634 -0.22322 0.81890
v 2.17547 -0.23087 0.79619
v 2.06879 -0.15137 0.76726
v 2.06879 -0.15137 0.76726
v 2.10552 -0.17311 0.77601
v 2.10552 -0.17311 0.77601
v 2.07561 -0.13765 0.77025
v 2.08476 -0.09358 0.73906
v 2.08476 -0.09358 0.73906
v 2.10154 -0.03910 0.69182
v 2.18639 0.00072 0.64275
v 2.18639 0.00072 0.64275
v 2.18549 -0.01845 0.64868
v 2.18549 -0.01845 0.64868
v 2.20160 -0.02751 0.62069
v 2.25590 -0.07995 0.57770
v 2.25590 -0.07995 0.57770
v 2.26818 -0.07988 0.56765
v 2.26092 -0.11565 0.54139
v 2.22870 -0.21012 0.49112
v 2.22870 -0.21012 0.49112
v 2.23303 -0.18091 0.51276
v 2.23303 -0.18091 0.51276
v 2.19279 -0.20511 0.46740
v 2.19450 -0.20967 0.46786
v 2.19450 -0.20967 0.46786
v 2.13360 -0.19229 0.39616
v 2.13360 -0.19229 0.39616
v 2.12631 -0.17115 0.38406
v 2.13477 -0.16505 0.37169
v 2.14377 -0.10556 0.30003
v 2.14377 -0.10556 0.30003
v 2.16021 -0.09880 0.29818
v 2.15306 -0.11041 0.29771
v 2.15306 -0.11041 0.29771
v 2.25545 -0.10815 0.23896
v 2.24743 -0.11436 0.23635
v 2.24743 -0.11436 0.23635
v 2.27118 -0.13587 0.23601
v 2.34697 -0.27777 0.15980
v 2.34258 -0.28930 0.15086
v 2.34258 -0.28930 0.15086
v 2.34305 -0.28322 0.16512
v 2.41452 -0.30129 0.13215
v 2.40949 -0.30861 0.13567
v 2.44527 -0.30603 0.13472
v 2.44527 -0.30603 0.13472
v 2.47021 -0.28946 0.16376
v 2.46939 -0.29836 0.16555
v 2.47928 -0.29154 0.17648
v 2.47928 -0.29154 0.17648
v 2.46654 -0.27506 0.22161
v 2.44574 -0.27808 0.24879
v 2.41862 -0.27084 0.25384
v 2.46114 -0.27478 0.24429
v 2.46114 -0.27478 0.24429
v 2.34453 -0.26953 0.19793
v 2.37350 -0.27744 0.25136
v 2.37350 -0.27744 0.25136
v 2.34364 -0.28347 0.20163
v 2.34768 -0.27083 0.17107
v 2.34768 -0.27083 0.17107
v 2.40317 -0.25858 0.16972
v 2.40298 -0.25927 0.16732
v 2.40298 -0.25927 0.16732
v 2.40339 -0.26118 0.16831
v 1.71225 0.04973 0.93423
v 1.71225 0.04973 0.93423
v 1.76723 -0.01155 0.95751
v 1.76723 -0.01155 0.95751
v 1.71883 0.04216 0.91534
v 1.74994 0.00615 0.93548
v 1.73108 0.06691 0.93006
v 1.81700 -0.04447 0.91416
v 1.81700 -0.04447 0.91416
v 1.80268 -0.05940 0.90808
v 1.80268 -0.05940 0.90808
v 1.84869 -0.04861 0.87767
v 1.94435 -0.11386 0.85834
v 1.96420 -0.10764 0.87583
v 1.94189 -0.11045 0.88050
v 1.94189 -0.11045 0.88050
v 1.91705 -0.21134 0.95720
v 1.92029 -0.16606 0.95380
v 1.92029 -0.16606 0.95380
v 1.90913 -0.27637 0.97552
v 1.90913 -0.27637 0.97552
v 1.90758 -0.31880 0.90842
v 1.90758 -0.31880 0.90842
v 1.92204 -0.27701 0.96522
v 1.92035 -0.33251 0.90699
v 1.94661 -0.30997 0.87258
v 1.95830 -0.29783 0.84525
v 1.95830 -0.29783 0.84525
v 1.99034 -0.29781 0.84761
v 2.04637 -0.27114 0.85617
v 2.04637 -0.27114 0.85617
v 2.05731 -0.27652 0.87230
v 2.07154 -0.30829 0.86272
v 2.12105 -0.34485 0.83710
v 2.10467 -0.34467 0.82863
v 2.10467 -0.34467 0.82863
v 2.12042 -0.39523 0.81112
v 2.10268 -0.42419 0.77110
v 2.10268 -0.42419 0.77110
v 2.09364 -0.42080 0.78412
v 2.05699 -0.46771 0.76461
v 1.98328 -0.46671 0.69770
v 1.98328 -0.46671 0.69770
v 1.99393 -0.46269 0.72003
v 1.97963 -0.47125 0.70502
v 1.92653 -0.40040 0.60902
v 1.92653 -0.40040 0.60902
v 1.92653 -0.40040 0.60902
v 1.93773 -0.38241 0.61282
v 1.93773 -0.38241 0.61282
v 1.94396 -0.37233 0.59386
v 1.94396 -0.37233 0.59386
v 1.94396 -0.37233 0.59386
v 1.91703 -0.26227 0.56059
v 1.92986 -0.26390 0.54865
v 1.92986 -0.26390 0.54865
v 1.94032 -0.23218 0.54065
v 1.98398 -0.19478 0.46390
v 2.02563 -0.21125 0.39604
v 2.02563 -0.21125 0.39604
v 2.01510 -0.20700 0.43016
v 2.04285 -0.25336 0.33284
v 2.02385 -0.28848 0.30279
v 1.96262 -0.32458 0.25919
v 1.96262 -0.32458 0.25919
v 1.94478 -0.31932 0.25065
v 1.94478 -0.31932 0.25065
v 1.90376 -0.31820 0.21267
v 1.88380 -0.31067 0.20774
v 1.88380 -0.31067 0.20774
v 1.86103 -0.26081 0.17117
v 1.86227 -0.22899 0.14692
v 1.86227 -0.22899 0.14692
v 1.86374 -0.24781 0.14983
v 1.94244 -0.19846 0.09088
v 1.94160 -0.20075 0.07819
v 1.95231 -0.19548 0.07693
v 1.95231 -0.19548 0.07693
v 2.08656 -0.26464 0.02846
v 2.08953 -0.26083 0.02059
v 2.08953 -0.26083 0.02059
v 2.07529 -0.26397 0.02510
v 2.13517 -0.26945 0.02178
v 2.15838 -0.25736 0.03660
v 2.18387 -0.24290 0.05048
v 2.17833 -0.23462 0.06606
v 2.16665 -0.21737 0.10248
v 2.18904 -0.23288 0.05326
v 2.18904 -0.23288 0.05326
v 2.17161 -0.21379 0.10729
v 2.12146 -0.23065 0.11735
v 2.12527 -0.21882 0.12339
v 2.12527 -0.21882 0.12339
v 2.11969 -0.22930 0.12434
v 2.09959 -0.26167 0.08734
v 2.09404 -0.25756 0.08717
v 2.09404 -0.25756 0.08717
v 2.09344 -0.26533 0.08779
v 2.12338 -0.27226 0.06907
v 2.12338 -0.27226 0.06907
v 2.12552 -0.27205 0.07182
v 2.12386 -0.27454 0.07066
v 1.92954 -0.05110 0.95645
v 1.92028 -0.06313 0.93655
v 1.92028 -0.06313 0.93655
v 1.93479 -0.06486 0.96066
v 2.05947 -0.04541 0.90110
v 2.05947 -0.04541 0.90110
v 2.07283 -0.03856 0.92393
v 2.08990 -0.06919 0.90294
v 2.15805 -0.11258 0.81277
v 2.15805 -0.11258 0.81277
v 2.13876 -0.11189 0.86029
v 2.14749 -0.12801 0.79516
v 2.19961 -0.09248 0.73436
v 2.19003 -0.04842 0.73205
v 2.19003 -0.04842 0.73205
v 2.18341 -0.03200 0.71244
v 2.18341 -0.03200 0.71244
v 2.24977 0.07535 0.76056
v 2.25859 0.07453 0.78471
v 2.25859 0.07453 0.78471
v 2.24992 0.08370 0.77325
v 2.24992 0.08370 0.77325
v 2.36539 0.08511 0.80269
v 2.36539 0.08511 0.80269
v 2.38720 0.05739 0.78234
v 2.41670 0.05121 0.76578
v 2.42810 0.01375 0.75112
v 2.42810 0.01375 0.75112
v 2.39503 -0.01723 0.70193
v 2.39503 -0.01723 0.70193
v 2.36603 0.01406 0.63792
v 2.38228 0.00676 0.63740
v 2.38228 0.00676 0.63740
v 2.36449 0.02921 0.60313
v 2.43236 0.11744 0.56587
v 2.43236 0.11744 0.56587
v 2.45637 0.11176 0.56975
v 2.45637 0.11176 0.56975
v 2.44302 0.11835 0.57363
v 2.53212 0.07134 0.51850
v 2.52448 0.03608 0.50463
v 2.52448 0.03608 0.50463
v 2.53544 0.03257 0.51605
v 2.47101 -0.08987 0.48593
v 2.44257 -0.09137 0.49170
v 2.44257 -0.09137 0.49170
v 2.44257 -0.09137 0.49170
v 2.45536 -0.09360 0.50081
v 2.35917 -0.03254 0.38035
v 2.35917 -0.03254 0.38035
v 2.35917 -0.03254 0.38035
v 2.36719 -0.02678 0.39376
v 2.36719 -0.02678 0.39376
v 2.34516 -0.00603 0.37224
v 2.34516 -0.00603 0.37224
v 2.34516 -0.00603 0.37224
v 2.35508 0.03533 0.33739
v 2.35508 0.03533 0.33739
v 2.35469 0.03630 0.27360
v 2.35262 0.04561 0.28468
v 2.40907 0.01796 0.16635
v 2.40907 0.01796 0.16635
v 2.38510 0.02074 0.18430
v 2.41905 0.00198 0.17433
v 2.41905 0.00198 0.17433
v 2.50110 -0.09510 0.17271
v 2.51038 -0.10290 0.17767
v 2.51038 -0.10290 0.17767
v 2.51409 -0.15675 0.17343
v 2.44163 -0.25524 0.14971
v 2.44163 -0.25524 0.14971
v 2.45436 -0.25864 0.14828
v 2.45436 -0.25864 0.14828
v 2.40125 -0.26148 0.09672
v 2.34565 -0.25154 0.05780
v 2.34565 -0.25154 0.05780
v 2.35329 -0.25033 0.05088
v 2.24023 -0.14930 0.02233
v 2.20124 -0.13079 0.01481
v 2.20124 -0.13079 0.01481
v 2.23277 -0.14476 0.01401
v 2.07731 -0.10504 0.03259
v 2.06383 -0.11035 0.02999
v 2.04063 -0.13391 0.07178
v 2.04063 -0.13391 0.07178
v 2.06023 -0.15465 0.14765
v 2.05999 -0.16188 0.15270
v 2.10601 -0.17070 0.17468
v 2.10601 -0.17070 0.17468
v 2.22408 -0.17429 0.17065
v 2.20709 -0.17396 0.18173
v 2.21361 -0.17895 0.16376
v 2.21361 -0.17895 0.16376
v 2.23787 -0.21144 0.11145
v 2.23787 -0.21144 0.11145
v 2.24259 -0.21692 0.10808
v 2.23533 -0.21621 0.09724
v 2.20147 -0.22791 0.07943
v 2.20035 -0.22698 0.08617
v 2.20035 -0.22698 0.08617
v 2.18965 -0.23222 0.08168
v 2.16877 -0.21408 0.09861
v 2.16877 -0.21408 0.09861
v 2.16580 -0.21343 0.09243
v 2.16812 -0.18325 0.13468
v 2.17354 -0.18584 0.13259
v 2.17354 -0.18584 0.13259
v 2.17036 -0.18273 0.13289
v 1.92479 -0.08147 0.95338
v 1.92479 -0.08147 0.95338
v 1.93416 -0.05055 0.95066
v 1.92960 -0.06535 0.96584
v 2.02518 -0.07622 0.94379
v 2.06658 -0.07474 0.94983
v 2.06658 -0.07474 0.94983
v 2.06153 -0.05238 0.96087
v 2.06153 -0.05238 0.96087
v 2.08952 -0.00002 0.93968
v 2.11182 0.04319 0.96248
v 2.13112 0.02819 0.97604
v 2.13112 0.02819 0.97604
v 2.20630 0.04106 0.98753
v 2.26156 0.02627 0.99609
v 2.26156 0.02627 0.99609
v 2.24960 0.04607 0.99637
v 2.29268 0.01830 0.93586
v 2.33111 -0.00763 0.85591
v 2.32260 -0.03775 0.85295
v 2.32260 -0.03775 0.85295
v 2.29189 -0.06117 0.84685
v 2.29189 -0.06117 0.84685
v 2.23857 -0.08875 0.80641
v 2.22263 -0.09965 0.80381
v 2.22263 -0.09965 0.80381
v 2.14822 -0.06075 0.72704
v 2.14822 -0.06075 0.72704
v 2.19363 -0.08821 0.76224
v 2.15317 -0.03549 0.72180
v 2.14745 0.00277 0.69177
v 2.14760 0.02278 0.69546
v 2.14760 0.02278 0.69546
v 2.17191 0.06457 0.64618
v 2.17191 0.06457 0.64618
v 2.17876 0.05639 0.64974
v 2.19723 0.06766 0.60782
v 2.23175 0.07621 0.57608
v 2.23175 0.07621 0.57608
v 2.25344 0.06531 0.56852
v 2.26718 0.04330 0.54552
v 2.30178 -0.00140 0.49059
v 2.29342 -0.00825 0.47767
v 2.29342 -0.00825 0.47767
v 2.28372 -0.04179 0.44115
v 2.27035 -0.03792 0.40061
v 2.24747 -0.01955 0.36743
v 2.24747 -0.01955 0.36743
v 2.24591 0.01091 0.32735
v 2.24031 -0.01165 0.34673
v 2.26644 0.07508 0.31832
v 2.26644 0.07508 0.31832
v 2.25942 0.06288 0.31372
v 2.30283 0.08832 0.32812
v 2.34546 0.10984 0.35813
v 2.37063 0.10377 0.39584
v 2.36712 0.10582 0.41015
v 2.36712 0.10582 0.41015
v 2.36784 0.10641 0.42455
v 2.33217 0.09372 0.44836
v 2.33089 0.09374 0.44461
v 2.33089 0.09374 0.44461
v 2.33170 0.09412 0.44684
v 2.15284 0.01269 0.85484
v 2.15284 0.01269 0.85484
v 2.14020 0.02020 0.88070
v 2.15798 0.01221 0.87654
v 2.16700 0.16844 0.87231
v 2.16700 0.16844 0.87231
v 2.18362 0.14799 0.86709
v 2.23354 0.18073 0.86901
v 2.25689 0.18659 0.87452
v 2.24835 0.18620 0.85258
v 2.24835 0.18620 0.85258
v 2.30424 0.08303 0.83814
v 2.28808 0.10758 0.82944
v 2.28808 0.10758 0.82944
v 2.38872 0.07762 0.78034
v 2.38872 0.07762 0.78034
v 2.41526 0.07209 0.77377
v 2.38273 0.06364 0.77530
v 2.44783 0.11424 0.70898
v 2.44047 0.12941 0.72332
v 2.42738 0.11825 0.71861
v 2.42738 0.11825 0.71861
v 2.37423 0.18845 0.74781
v 2.36064 0.17681 0.74889
v 2.36577 0.22348 0.76677
v 2.36577 0.22348 0.76677
v 2.38683 0.31876 0.70278
v 2.41368 0.35222 0.62876
v 2.37528 0.32192 0.69730
v 2.37528 0.32192 0.69730
v 2.44548 0.36022 0.59605
v 2.44548 0.36022 0.59605
v 2.45698 0.34475 0.59455
v 2.49424 0.29014 0.55310
v 2.49424 0.29014 0.55310
v 2.50660 0.28873 0.55941
v 2.50660 0.28873 0.55941
v 2.50660 0.28873 0.55941
v 2.49150 0.27122 0.56626
v 2.49150 0.27122 0.56626
v 2.49150 0.27122 0.56626
v 2.41954 0.20476 0.50033
v 2.42194 0.19488 0.50180
v 2.37253 0.19161 0.47115
v 2.37253 0.19161 0.47115
v 2.33814 0.22137 0.43973
v 2.34314 0.21976 0.42984
v 2.32333 0.23994 0.41470
v 2.32333 0.23994 0.41470
v 2.32921 0.29219 0.36708
v 2.32733 0.30649 0.34079
v 2.32733 0.30649 0.34079
v 2.34013 0.30726 0.33430
v 2.36598 0.32237 0.30613
v 2.41350 0.30324 0.24948
v 2.41350 0.30324 0.24948
v 2.43356 0.29065 0.23957
v 2.43419 0.27720 0.23786
v 2.47767 0.17564 0.12703
v 2.47558 0.16838 0.11093
v 2.47558 0.16838 0.11093
v 2.48119 0.16374 0.11547
v 2.55839 0.19045 0.06925
v 2.54185 0.17627 0.06775
v 2.55956 0.19060 0.06305
v 2.55956 0.19060 0.06305
v 2.60829 0.20576 0.11244
v 2.59530 0.20684 0.11266
v 2.60224 0.20938 0.10975
v 2.60224 0.20938 0.10975
v 2.58560 0.19972 0.15325
v 2.59010 0.20074 0.15827
v 2.59010 0.20074 0.15827
v 2.55446 0.18690 0.17356
v 2.55462 0.18097 0.17629
v 2.55133 0.18566 0.18124
v 2.55133 0.18566 0.18124
v 2.51524 0.18514 0.15956
v 2.51402 0.18492 0.16192
v 2.51402 0.18492 0.16192
v 2.51398 0.18207 0.16068
v 2.14169 0.00837 0.88097
v 2.14593 0.01462 0.86806
v 2.13818 0.02500 0.89671
v 2.13818 0.02500 0.89671
v 2.25245 0.00102 0.85381
v 2.25245 0.00102 0.85381
v 2.25992 0.02871 0.82325
v 2.26443 0.03139 0.84223
v 2.27538 0.05280 0.80422
v 2.27538 0.05280 0.80422
v 2.28279 0.11125 0.82960
v 2.28279 0.11125 0.82960
v 2.27193 0.13189 0.83021
v 2.29559 0.15605 0.85951
v 2.41306 0.22063 0.81996
v 2.41306 0.22063 0.81996
v 2.37374 0.21876 0.84166
v 2.42770 0.20321 0.81985
v 2.42770 0.20321 0.81985
v 2.47639 0.19512 0.79779
v 2.48740 0.16908 0.77094
v 2.48740 0.16908 0.77094
v 2.51917 0.12155 0.71182
v 2.52119 0.10809 0.72134
v 2.52119 0.10809 0.72134
v 2.50219 0.09875 0.69603
v 2.50219 0.09875 0.69603
v 2.47175 0.05248 0.63986
v 2.41475 0.05769 0.60360
v 2.41475 0.05769 0.60360
v 2.39896 0.06018 0.57899
v 2.36034 0.08954 0.54815
v 2.35192 0.13363 0.52021
v 2.35192 0.13363 0.52021
v 2.36815 0.16258 0.49750
v 2.38063 0.17981 0.46699
v 2.46403 0.22009 0.38791
v 2.46403 0.22009 0.38791
v 2.49290 0.22262 0.35329
v 2.48471 0.21287 0.35416
v 2.49108 0.29444 0.27644
v 2.49096 0.24798 0.29879
v 2.49096 0.24798 0.29879
v 2.49436 0.23933 0.29678
v 2.47336 0.31702 0.29571
v 2.47336 0.31702 0.29571
v 2.48296 0.29088 0.27709
v 2.49181 0.31073 0.36235
v 2.49447 0.30869 0.35689
v 2.49012 0.30524 0.35503
v 2.49012 0.30524 0.35503
v 2.36348 0.03627 1.00070
v 2.36348 0.03627 1.00070
v 2.35661 0.01828 1.00281
v 2.35077 0.01354 0.97863
v 2.46381 -0.06766 0.92505
v 2.46271 -0.05285 0.91118
v 2.46271 -0.05285 0.91118
v 2.44440 -0.05801 0.91781
v 2.40383 -0.11777 0.81561
v 2.42579 -0.10477 0.81673
v 2.42579 -0.10477 0.81673
v 2.42504 -0.11993 0.82614
v 2.47527 -0.20273 0.75913
v 2.47527 -0.20273 0.75913
v 2.47610 -0.22294 0.75064
v 2.46652 -0.20418 0.74281
v 2.55396 -0.22314 0.74518
v 2.55884 -0.20179 0.75242
v 2.55884 -0.20179 0.75242
v 2.57618 -0.18549 0.74175
v 2.57618 -0.18549 0.74175
v 2.62592 -0.15975 0.82146
v 2.62592 -0.15975 0.82146
v 2.62294 -0.17453 0.80124
v 2.67976 -0.17423 0.83675
v 2.73946 -0.21708 0.84488
v 2.73946 -0.21708 0.84488
v 2.73536 -0.20001 0.84605
v 2.73536 -0.20001 0.84605
v 2.76659 -0.24357 0.78185
v 2.76500 -0.31872 0.68679
v 2.76500 -0.31872 0.68679
v 2.77293 -0.31389 0.67474
v 2.77293 -0.31389 0.67474
v 2.73500 -0.33188 0.67850
v 2.66761 -0.37640 0.67883
v 2.66761 -0.37640 0.67883
v 2.59882 -0.36893 0.65236
v 2.59882 -0.36893 0.65236
v 2.59882 -0.36893 0.65236
v 2.60082 -0.36065 0.65992
v 2.60082 -0.36065 0.65992
v 2.60082 -0.36065 0.65992
v 2.58852 -0.36127 0.65018
v 2.58852 -0.36127 0.65018
v 2.60881 -0.27993 0.61491
v 2.59767 -0.28016 0.61348
v 2.59767 -0.28016 0.61348
v 2.64304 -0.22907 0.59799
v 2.71256 -0.20549 0.61089
v 2.67286 -0.20931 0.60920
v 2.67286 -0.20931 0.60920
v 2.76384 -0.20628 0.58906
v 2.78080 -0.20584 0.59096
v 2.78080 -0.20584 0.59096
v 2.82919 -0.25872 0.53390
v 2.82986 -0.25667 0.52979
v 2.82986 -0.25667 0.52979
v 2.82566 -0.26067 0.51666
v 2.79913 -0.30871 0.40265
v 2.79913 -0.30871 0.40265
v 2.79978 -0.30628 0.41921
v 2.79790 -0.29630 0.41756
v 2.73178 -0.24252 0.32656
v 2.74184 -0.24827 0.34316
v 2.72227 -0.16972 0.25306
v 2.72227 -0.16972 0.25306
v 2.71624 -0.16039 0.24851
v 2.71491 -0.16447 0.23731
v 2.68795 -0.18568 0.16247
v 2.69354 -0.17394 0.16092
v 2.70858 -0.16979 0.17622
v 2.70858 -0.16979 0.17622
v 2.66372 -0.21497 0.14701
v 2.66372 -0.21497 0.14701
v 2.63959 -0.23701 0.16247
v 2.64144 -0.22925 0.15355
v 2.62801 -0.25927 0.22299
v 2.61808 -0.26244 0.21405
v 2.62077 -0.26539 0.19674
v 2.62077 -0.26539 0.19674
v 2.65076 -0.24593 0.25862
v 2.65040 -0.25166 0.26127
v 2.65040 -0.25166 0.26127
v 2.64868 -0.24576 0.26507
v 2.68269 -0.22551 0.26680
v 2.68706 -0.22138 0.27244
v 2.68417 -0.23026 0.27162
v 2.68417 -0.23026 0.27162
v 2.70714 -0.21384 0.24216
v 2.70714 -0.21384 0.24216
v 2.70465 -0.21308 0.24082
v 2.70593 -0.21188 0.24239
v 2.34244 0.00819 0.97537
v 2.34244 0.00819 0.97537
v 2.35586 0.01665 0.97145
v 2.35988 0.02308 0.99152
v 2.40852 -0.04967 1.01155
v 2.42706 -0.06328 1.00150
v 2.43961 -0.09115 1.03181
v 2.43961 -0.09115 1.03181
v 2.47791 -0.10527 1.05904
v 2.47791 -0.10527 1.05904
v 2.47215 -0.07649 1.04809
v 2.54468 -0.17124 1.02793
v 2.55705 -0.16793 1.04567
v 2.53743 -0.19181 1.04450
v 2.53743 -0.19181 1.04450
v 2.49789 -0.26945 0.97618
v 2.49789 -0.26945 0.97618
v 2.51448 -0.28296 0.97412
v 2.50321 -0.28997 0.97834
v 2.53647 -0.31175 0.89248
v 2.53647 -0.31175 0.89248
v 2.57192 -0.31547 0.88117
v 2.59790 -0.35205 0.87999
v 2.61087 -0.36741 0.86454
v 2.61087 -0.36741 0.86454
v 2.63443 -0.37646 0.92007
v 2.63443 -0.37646 0.92007
v 2.62908 -0.36751 0.93830
v 2.61580 -0.38735 0.94858
v 2.65249 -0.42882 0.95201
v 2.65249 -0.42882 0.95201
v 2.64226 -0.43725 0.96633
v 2.69799 -0.47674 0.91227
v 2.69799 -0.47674 0.91227
v 2.71346 -0.49135 0.90976
v 2.67270 -0.48062 0.93742
v 2.72942 -0.51191 0.82313
v 2.72027 -0.50835 0.77706
v 2.72027 -0.50835 0.77706
v 2.73510 -0.51714 0.78080
v 2.68465 -0.52618 0.76261
v 2.68465 -0.52618 0.76261
v 2.63028 -0.52564 0.74097
v 2.53395 -0.46200 0.70073
v 2.56335 -0.46651 0.71239
v 2.56335 -0.46651 0.71239
v 2.54909 -0.46475 0.71748
v 2.54909 -0.46475 0.71748
v 2.55411 -0.39362 0.60492
v 2.57154 -0.36994 0.59683
v 2.57154 -0.36994 0.59683
v 2.56948 -0.36265 0.58711
v 2.61774 -0.35352 0.55825
v 2.64943 -0.33820 0.55261
v 2.64943 -0.33820 0.55261
v 2.68912 -0.35462 0.54303
v 2.68912 -0.35462 0.54303
v 2.71900 -0.38486 0.50329
v 2.74775 -0.43576 0.47038
v 2.74242 -0.40366 0.47946
v 2.74242 -0.40366 0.47946
v 2.73242 -0.50751 0.41179
v 2.73242 -0.50751 0.41179
v 2.73383 -0.47926 0.42745
v 2.69940 -0.51855 0.39374
v 2.65194 -0.51701 0.33714
v 2.64008 -0.51862 0.32800
v 2.64008 -0.51862 0.32800
v 2.60510 -0.49076 0.30117
v 2.60138 -0.46864 0.27355
v 2.60138 -0.46864 0.27355
v 2.59977 -0.43503 0.25568
v 2.60243 -0.39602 0.21570
v 2.61900 -0.39205 0.19526
v 2.61900 -0.39205 0.19526
v 2.69709 -0.36503 0.13458
v 2.70329 -0.37770 0.11748
v 2.74371 -0.41807 0.08576
v 2.74371 -0.41807 0.08576
v 2.75206 -0.47849 0.04484
v 2.75714 -0.50397 0.04385
v 2.73274 -0.66254 0.02049
v 2.73274 -0.66254 0.02049
v 2.73700 -0.65234 0.01498
v 2.74277 -0.64720 0.02066
v 2.82399 -0.70693 0.00632
v 2.81590 -0.70030 0.01271
v 2.88255 -0.68409 0.02199
v 2.88255 -0.68409 0.02199
v 2.88361 -0.65622 0.03208
v 2.89340 -0.64970 0.03323
v 2.89093 -0.54421 0.09661
v 2.88793 -0.56116 0.08938
v 2.88910 -0.55443 0.09679
v 2.88910 -0.55443 0.09679
v 2.85485 -0.47296 0.09219
v 2.85485 -0.47296 0.09219
v 2.85242 -0.47706 0.08909
v 2.83061 -0.44882 0.06391
v 2.79158 -0.45522 0.04928
v 2.79158 -0.45522 0.04928
v 2.78983 -0.46936 0.04915
v 2.77939 -0.49340 0.03682
v 2.77942 -0.51361 0.04209
v 2.77942 -0.51361 0.04209
v 2.78292 -0.50745 0.04393
v 2.81067 -0.53755 0.04845
v 2.81319 -0.53344 0.05585
v 2.81167 -0.53923 0.05520
v 2.81167 -0.53923 0.05520
v 2.84103 -0.51382 0.07357
v 2.84103 -0.51382 0.07357
v 2.84144 -0.51302 0.07163
v 2.83980 -0.51162 0.07281
v 2.55981 -0.07741 0.90354
v 2.55981 -0.07741 0.90354
v 2.55442 -0.07364 0.88368
v 2.54653 -0.06330 0.89374
v 2.67489 0.01016 0.87803
v 2.67489 0.01016 0.87803
v 2.66114 -0.00308 0.85750
v 2.67332 -0.01250 0.84931
v 2.65058 0.01606 0.76189
v 2.65058 0.01606 0.76189
v 2.64216 0.00186 0.74354
v 2.63167 0.01350 0.76048
v 2.67861 0.06897 0.68987
v 2.67861 0.06897 0.68987
v 2.66747 0.05775 0.67830
v 2.73706 0.09895 0.66915
v 2.73582 0.11307 0.67218
v 2.76254 0.11249 0.68437
v 2.76254 0.11249 0.68437
v 2.87848 0.07832 0.64182
v 2.87848 0.07832 0.64182
v 2.86176 0.08154 0.63551
v 2.86891 0.09463 0.63510
v 2.89687 -0.02689 0.54988
v 2.90790 -0.02693 0.53846
v 2.90339 -0.04434 0.54057
v 2.90339 -0.04434 0.54057
v 2.81765 -0.07019 0.48000
v 2.79150 -0.07795 0.44995
v 2.79150 -0.07795 0.44995
v 2.79336 -0.06808 0.44505
v 2.72877 -0.01435 0.38996
v 2.72877 -0.01435 0.38996
v 2.73852 -0.01911 0.38285
v 2.73852 -0.01911 0.38285
v 2.73852 -0.01911 0.38285
v 2.74949 -0.01472 0.38933
v 2.74949 -0.01472 0.38933
v 2.74949 -0.01472 0.38933
v 2.80423 0.01915 0.34549
v 2.80721 0.02816 0.35120
v 2.80721 0.02816 0.35120
v 2.90266 0.01910 0.31617
v 2.90266 0.01910 0.31617
v 2.92707 -0.00748 0.30108
v 2.91397 -0.01232 0.30790
v 2.94206 -0.13110 0.28322
v 2.95053 -0.12959 0.28683
v 2.95053 -0.12959 0.28683
v 2.92332 -0.17807 0.24170
v 2.88985 -0.17990 0.18984
v 2.89437 -0.18683 0.18259
v 2.89437 -0.18683 0.18259
v 2.89048 -0.12383 0.08362
v 2.89722 -0.12695 0.07993
v 2.89722 -0.12695 0.07993
v 2.89950 -0.12170 0.08585
v 2.97922 -0.01173 0.02570
v 2.99002 -0.00192 0.02142
v 2.99002 -0.00192 0.02142
v 2.98620 -0.01124 0.02951
v 2.94726 0.06906 0.01539
v 2.95899 0.06829 0.01740
v 2.95578 0.07069 0.01183
v 2.95578 0.07069 0.01183
v 2.90314 0.07087 0.02959
v 2.90314 0.07087 0.02959
v 2.89330 0.06208 0.04469
v 2.90478 0.06284 0.03263
v 2.89258 0.02740 0.05336
v 2.88879 0.02394 0.05634
v 2.88879 0.02394 0.05634
v 2.91652 -0.00646 0.05696
v 2.54855 -0.07849 0.88662
v 2.54855 -0.07849 0.88662
v 2.57822 -0.01693 0.83080
v 2.57822 -0.01693 0.83080
v 2.59367 -0.04763 0.84461
v 2.59367 -0.04763 0.84461
v 2.54903 -0.06365 0.89495
v 2.58779 -0.02739 0.84947
v 2.56561 -0.07780 0.89978
v 2.61076 0.10078 0.83804
v 2.63099 0.12501 0.80995
v 2.63099 0.12501 0.80995
v 2.62053 0.08159 0.84268
v 2.69809 0.15501 0.72637
v 2.69905 0.14022 0.72876
v 2.69905 0.14022 0.72876
v 2.70018 0.12714 0.68048
v 2.70018 0.12714 0.68048
v 2.70879 0.07898 0.61259
v 2.68957 0.05871 0.61012
v 2.68957 0.05871 0.61012
v 2.66875 0.05544 0.58445
v 2.55386 0.02554 0.53708
v 2.57485 0.04822 0.54713
v 2.55037 0.04557 0.53905
v 2.55037 0.04557 0.53905
v 2.55151 0.13823 0.45322
v 2.56603 0.15763 0.46062
v 2.58594 0.20565 0.45955
v 2.58594 0.20565 0.45955
v 2.58594 0.20565 0.45955
v 2.63428 0.23750 0.45259
v 2.63428 0.23750 0.45259
v 2.62743 0.22593 0.44945
v 2.62743 0.22593 0.44945
v 2.62743 0.22593 0.44945
v 2.64398 0.24405 0.40008
v 2.64398 0.24405 0.40008
v 2.65562 0.23384 0.35845
v 2.67279 0.21891 0.33657
v 2.66941 0.19025 0.31718
v 2.66941 0.19025 0.31718
v 2.67675 0.18321 0.30236
v 2.65615 0.05575 0.28163
v 2.65615 0.05575 0.28163
v 2.68208 0.12026 0.28709
v 2.64956 0.06498 0.27641
v 2.65183 0.05666 0.27656
v 2.60181 0.01886 0.26627
v 2.54968 0.01444 0.24722
v 2.53828 0.01113 0.24754
v 2.53828 0.01113 0.24754
v 2.49952 0.01458 0.20433
v 2.50127 0.03181 0.18278
v 2.49199 0.02987 0.17751
v 2.49199 0.02987 0.17751
v 2.53677 0.04394 0.10168
v 2.52933 0.04112 0.10090
v 2.52933 0.04112 0.10090
v 2.53743 0.03499 0.10195
v 2.60477 0.01449 0.07722
v 2.60477 0.01449 0.07722
v 2.67198 -0.01265 0.09812
v 2.67332 -0.00623 0.10115
v 2.67246 -0.00671 0.09901
v 2.67246 -0.00671 0.09901
v 2.71517 0.01949 0.14439
v 2.71517 0.01949 0.14439
v 2.70440 0.02747 0.14802
v 2.70651 0.02721 0.15526
v 2.68304 0.05265 0.16250
v 2.68473 0.05378 0.16429
v 2.68473 0.05378 0.16429
v 2.68362 0.05155 0.16547
v 0.31077 -0.55932 0.03354
v 0.31077 -0.55932 0.03354
v -0.13941 -0.53203 0.42144
v 2.91905 -0.00266 0.05274
v 2.91745 -0.00437 0.05384
v 2.91745 -0.00437 0.05384
v 0.43292 -0.12942 0.41264
v 0.43062 -0.12936 0.41466
v 0.43062 -0.12936 0.41466
v 0.43282 -0.13147 0.41491
v 1.62377 -0.10583 0.50487
v 1.62377 -0.10583 0.50487
v 1.04709 0.15946 0.60534
v 0.30977 -0.17278 0.71717
v 0.31155 -0.17713 0.71594
v 0.31155 -0.17713 0.71594
v 0.30969 -0.17506 0.71620
v 0.37079 -0.08922 1.02778
v 0.36883 -0.09072 1.02561
v 0.36883 -0.09072 1.02561
v 0.37111 -0.09203 1.02713
v 0.19458 -0.38797 1.05962
v 0.18760 -0.38667 1.06499
v 0.18760 -0.38667 1.06499
v 0.19000 -0.38658 1.06090
v 2.81606 0.22760 1.32204
v 2.81845 0.22639 1.32124
v 2.81845 0.22639 1.32124
v 2.81862 0.22907 1.32142
v -0.07909 -0.42534 1.28241
v -0.07926 -0.42696 1.28159
v -0.07926 -0.42696 1.28159
v -0.07691 -0.42475 1.28174
v 1.63055 -0.15907 1.15410
v 1.63055 -0.15907 1.15410
v 1.63190 -0.15465 1.15482
v 2.21410 -0.26245 1.59744
v 2.21623 -0.26308 1.59675
vn -0.0902 -0.6920 0.7162
vn 0.8594 0.3880 -0.3330
vn -0.9056 -0.3440 0.2481
vn 0.4672 0.6324 -0.6179
vn -0.2493 -0.5787 0.7765
vn -0.4582 0.4697 -0.7546
vn 0.7290 0.1819 0.6599
vn -0.2349 -0.9342 0.2685
vn -0.5196 0.0257 -0.8540
vn 0.5481 0.5393 -0.6393
vn 0.2359 0.9585 -0.1601
vn -0.0310 0.6065 0.7945
vn 0.5797 -0.6065 0.5442
vn 0.6656 -0.6298 0.4004
vn 0.1530 -0.2763 -0.9488
vn -0.5800 0.5299 -0.6187
vn 0.0406 -0.7588 -0.6501
vn -0.1826 0.9665 0.1805
vn 0.4686 0.4014 0.7870
vn -0.3847 -0.6824 -0.6216
vn -0.9575 0.2182 -0.1886
vn -0.1709 -0.6802 -0.7129
vn 0.6618 0.1151 0.7408
vn -0.7647 0.0710 0.6405
vn -0.4552 -0.8189 0.3496
vn 0.7305 0.3223 0.6020
vn -0.9854 0.0468 -0.1636
vn 0.7711 -0.1345 0.6223
vn -0.7477 -0.3516 -0.5633
vn 0.5528 0.7913 0.2613
vn -0.7861 -0.6003 0.1473
vn 0.5892 0.6991 -0.4051
vn -0.9502 0.1004 0.2952
vn 0.7375 0.0456 -0.6738
vn -0.5958 0.4361 0.6744
vn -0.6528 -0.0552 0.7555
vn 0.2198 -0.9637 0.1515
vn 0.7802 0.1123 -0.6154
vn 0.4086 0.2584 -0.8753
vn 0.0204 -0.9956 0.0915
vn -0.0335 0.5949 0.8031
vn -0.1488 -0.6451 -0.7495
vn -0.9344 -0.3232 0.1500
vn 0.2070 -0.5999 -0.7728
vn 0.5782 0.2603 0.7733
vn -0.7828 0.3534 -0.5123
vn -0.9508 0.0705 -0.3017
vn 0.7399 -0.5665 0.3629
vn 0.7306 -0.4287 0.5315
vn -0.1858 0.9783 -0.0916
vn -0.8248 0.3160 -0.4688
vn -0.2078 0.9487 -0.2381
vn 0.9840 0.1782 0.0067
vn -0.2322 0.9619 -0.1443
vn 0.3808 -0.5627 0.7337
vn 0.6547 -0.0095 -0.7558
vn -0.6058 0.1738 0.7764
vn 0.4536 -0.5069 0.7330
vn -0.0738 0.5303 -0.8446
vn -0.4693 0.3149 0.8250
vn -0.1082 -0.1393 0.9843
vn 0.4745 -0.5949 -0.6488
vn 0.0873 -0.4803 -0.8728
vn 0.0440 0.3483 0.9363
vn -0.7524 -0.6495 -0.1100
vn -0.1629 -0.3287 0.9303
vn -0.0952 -0.2698 -0.9582
vn -0.0795 0.9214 0.3803
vn 0.1809 -0.5498 -0.8155
vn 0.7388 0.6033 0.3003
vn -0.9683 -0.2211 -0.1166
vn 0.1374 0.6589 0.7396
vn -0.6111 -0.7176 -0.3342
vn 0.8620 0.5008 0.0783
vn -0.6519 0.7486 -0.1207
vn 0.4216 -0.9067 0.0118
vn -0.2976 0.9293 -0.2187
vn 0.8886 0.3988 -0.2267
vn -0.9392 0.2600 -0.2242
vn 0.8794 0.1770 -0.4420
vn 0.5803 -0.8131 -0.0466
vn -0.8440 0.3170 0.4326
vn -0.3552 -0.5560 0.7514
vn -0.2749 0.9246 -0.2636
vn -0.0676 0.9846 0.1610
vn 0.6257 -0.6907 -0.3626
vn -0.8515 -0.5124 -0.1118
vn 0.5244 -0.7483 -0.4062
vn 0.3160 0.4362 0.8426
vn -0.5877 0.0131 -0.8089
vn 0.3996 -0.6575 0.6388
vn -0.1253 -0.1860 -0.9745
vn -0.1252 -0.9876 0.0947
vn 0.0370 0.4413 -0.8966
vn -0.1749 0.2046 0.9631
vn 0.5358 0.8256 -0.1771
vn -0.3419 -0.8000 -0.4931
vn 0.0696 0.9538 0.2923
vn 0.9242 -0.1407 -0.3551
vn 0.3403 -0.7354 -0.5860
vn 0.6460 -0.7390 -0.1910
vn 0.6635 -0.2350 0.7103
vn -0.2745 -0.9026 0.3316
vn -0.7028 0.3818 0.6002
vn 0.0480 0.4918 -0.8694
vn -0.0444 -0.2755 0.9603
vn -0.0953 -0.9639 0.2486
vn 0.8987 0.1367 0.4168
vn -0.4761 0.6685 -0.5713
vn -0.7573 -0.1816 -0.6273
vn 0.0812 0.5284 0.8451
vn 0.2053 0.4650 -0.8612
vn -0.1516 -0.4258 0.8920
vn -0.0475 -0.5794 -0.8136
vn 0.1937 -0.3549 0.9146
vn -0.5432 -0.2898 -0.7880
vn -0.1970 -0.7506 0.6307
vn -0.5216 -0.6981 0.4906
vn 0.0409 0.7692 -0.6377
vn 0.4277 0.6929 0.5805
vn -0.0850 0.6768 -0.7313
vn 0.4339 0.7583 -0.4865
vn 0.7617 -0.2672 0.5903
vn -0.2457 -0.7754 0.5817
vn -0.9904 -0.0762 -0.1155
vn -0.5660 -0.0021 -0.8244
vn -0.3752 -0.2854 0.8819
vn 0.4848 -0.3262 0.8115
vn -0.8530 0.3937 0.3427
vn 0.4199 -0.9006 0.1124
vn -0.0489 0.8468 0.5297
vn 0.6212 0.4412 -0.6477
vn -0.4730 0.7834 -0.4032
vn 0.5489 0.3070 -0.7775
vn -0.7373 0.5819 0.3431
vn 0.1185 -0.6452 0.7548
vn 0.6298 -0.6754 -0.3837
vn -0.0430 0.6645 0.7460
vn -0.1552 -0.9109 -0.3823
vn -0.0135 0.4243 -0.9054
vn 0.3604 -0.8943 -0.2652
vn 0.4924 0.7919 0.3611
vn -0.4521 -0.8035 -0.3874
vn 0.5064 0.8378 -0.2039
vn -0.4772 0.7155 0.5102
vn 0.2375 -0.8232 -0.5156
vn 0.7595 -0.4486 -0.4711
vn -0.0884 0.8406 0.5344
vn -0.4416 -0.3656 -0.8194
vn 0.3505 0.8850 0.3065
vn -0.4947 -0.3036 -0.8143
vn 0.3778 -0.5710 0.7289
vn -0.3673 0.6518 -0.6635
vn 0.7888 -0.5747 0.2180
vn 0.8537 0.1920 -0.4841
vn -0.2799 0.7957 -0.5371
vn -0.8622 -0.0335 0.5054
vn -0.0661 -0.9937 0.0907
vn 0.6080 -0.4247 -0.6708
vn 0.7093 0.2307 -0.6661
vn -0.2207 0.6029 0.7667
vn 0.4241 -0.4400 -0.7916
vn -0.7130 -0.4054 -0.5721
vn -0.7132 0.3121 0.6277
vn 0.5121 -0.2204 -0.8302
vn 0.1035 0.2744 0.9560
vn 0.5019 -0.5861 -0.6361
vn 0.3072 0.3473 -0.8860
vn -0.8827 -0.3741 -0.2844
vn -0.0209 0.5705 -0.8210
vn -0.4787 0.7846 -0.3940
vn 0.7329 -0.4050 0.5467
vn -0.8326 -0.5451 -0.0981
vn -0.7030 0.6913 0.1667
vn -0.6769 -0.5258 -0.5151
vn -0.7823 0.3247 0.5316
vn -0.5787 -0.2189 0.7856
vn 0.6276 -0.0367 -0.7776
vn 0.9980 -0.0615 -0.0159
vn 0.0708 -0.5860 0.8072
vn 0.8281 0.4117 0.3803
vn 0.5563 0.6385 -0.5319
vn -0.2876 0.0680 -0.9553
vn -0.4351 0.8730 -0.2205
vn 0.9434 -0.1279 0.3059
vn -0.4101 0.6571 -0.6325
vn 0.3800 0.1884 0.9056
vn -0.9385 -0.0344 -0.3435
vn 0.1488 -0.9638 -0.2212
vn 0.5079 -0.6533 0.5615
vn -0.0051 0.5883 -0.8087
vn -0.3623 0.2038 0.9095
vn 0.3274 0.1844 0.9267
vn 0.0630 -0.5806 0.8118
vn 0.0732 -0.1730 -0.9822
vn -0.0133 -0.4522 0.8918
vn -0.6643 0.2919 -0.6880
vn -0.2277 0.5258 0.8196
vn 0.0976 0.9906 0.0956
vn -0.6837 0.2156 -0.6972
vn 0.4243 -0.8443 0.3273
vn 0.5727 -0.7150 -0.4010
vn 0.1883 0.1393 0.9722
vn -0.9525 -0.0869 0.2918
vn 0.4143 0.9050 0.0968
vn -0.1527 -0.9364 -0.3161
vn -0.2438 -0.0272 0.9695
vn -0.7122 -0.2330 0.6622
vn -0.8608 0.1693 0.4799
vn -0.1771 -0.9826 -0.0569
vn -0.2767 0.1528 -0.9487
vn 0.6281 -0.5775 -0.5215
vn 0.5022 -0.0522 -0.8632
vn -0.2210 0.1852 0.9575
vn -0.4648 0.1779 -0.8674
vn 0.6271 -0.6532 -0.4244
vn 0.2021 0.3050 0.9307
vn 0.7472 -0.6021 0.2814
vn -0.7323 0.5311 -0.4262
vn 0.8568 -0.0239 0.5150
vn 0.7195 0.6814 -0.1339
vn -0.7255 0.6775 -0.1206
vn -0.0712 -0.9969 -0.0321
vn 0.8387 0.4160 -0.3515
vn 0.4767 0.8334 -0.2796
vn -0.8821 -0.3341 0.3320
vn -0.9887 0.0083 -0.1494
vn 0.7456 0.6628 -0.0681
vn 0.6749 0.5889 -0.4447
vn -0.8508 -0.4535 -0.2656
vn 0.9032 0.3799 0.1997
vn -0.7603 -0.6445 0.0813
vn 0.5485 0.1376 -0.8248
vn -0.3512 -0.4511 -0.8205
vn -0.9451 0.3217 0.0574
vn -0.2738 0.9408 -0.1998
vn 0.9707 0.0720 -0.2293
vn 0.5763 -0.8172 0.0112
vn -0.7991 -0.4810 0.3606
vn 0.3754 0.8714 -0.3160
vn 0.9166 -0.1517 -0.3699
vn -0.2200 -0.7713 0.5972
vn -0.4909 -0.2913 0.8211
vn -0.8782 0.4770 -0.0350
vn 0.6804 -0.4927 0.5425
vn -0.9652 -0.0839 -0.2478
vn -0.3975 0.5566 -0.7295
vn 0.9843 0.1763 -0.0085
vn 0.1185 0.4319 0.8941
vn -0.2187 -0.8502 0.4789
vn -0.0121 -0.4907 -0.8712
vn -0.2314 0.4025 0.8857
vn -0.0153 0.8539 -0.5202
vn 0.5059 -0.8338 0.2208
vn -0.2132 0.3454 -0.9139
vn 0.0572 -0.6427 0.7640
vn -0.6029 0.6931 -0.3950
vn -0.0401 0.9565 -0.2890
vn -0.1945 -0.1628 0.9673
vn -0.2024 -0.8931 0.4018
vn -0.0580 -0.4329 -0.8996
vn -0.2086 0.5425 0.8137
vn 0.0243 -0.5678 -0.8228
vn 0.1532 -0.5463 -0.8235
vn -0.1312 0.6096 0.7818
vn -0.3680 -0.4153 -0.8319
vn 0.7349 0.2834 -0.6161
vn 0.5780 0.2842 -0.7649
vn 0.3349 0.4742 0.8142
vn -0.5550 0.3769 -0.7416
vn 0.7212 0.2092 0.6604
vn 0.7326 0.6187 -0.2838
vn -0.2706 0.7245 -0.6339
vn -0.9211 -0.3411 0.1876
vn 0.7234 -0.1727 0.6685
vn 0.9042 -0.3822 -0.1906
vn 0.5386 0.5030 -0.6759
vn -0.8173 0.5082 -0.2714
vn -0.1777 -0.9285 0.3262
vn -0.6120 0.4565 0.6458
vn 0.7001 -0.2594 -0.6652
vn -0.6218 -0.7783 -0.0875
vn 0.5783 -0.4815 -0.6586
vn 0.6528 -0.3600 -0.6665
vn -0.9768 0.2122 -0.0275
vn 0.6694 0.2120 0.7120
vn -0.7681 0.6075 0.2026
vn 0.8262 -0.5634 -0.0003
vn 0.6213 -0.5605 -0.5476
vn -0.0092 0.6477 0.7619
vn 0.6848 0.0229 -0.7284
vn -0.5300 0.7850 -0.3209
vn 0.7451 0.6519 0.1413
vn -0.4631 0.2960 0.8354
vn -0.2301 0.4786 -0.8474
vn 0.8898 0.3011 0.3429
vn -0.6671 0.6679 -0.3300
vn -0.9438 0.2428 0.2244
vn -0.2475 0.2637 0.9323
vn 0.3354 0.9147 0.2256
vn 0.6150 0.0784 -0.7846
vn 0.0502 -0.5504 0.8334
vn -0.1996 0.9057 -0.3741
vn 0.3665 0.0283 -0.9300
vn -0.1053 -0.7873 0.6076
vn -0.8447 0.3277 -0.4232
vn -0.4642 -0.8312 0.3061
vn -0.3744 0.7931 -0.4805
vn 0.5052 -0.7650 0.3993
vn -0.1219 -0.8253 0.5514
vn -0.4103 0.7529 -0.5146
vn 0.3496 0.8325 -0.4297
vn 0.3054 0.7374 -0.6024
vn 0.7612 -0.4156 0.4979
vn 0.8872 0.2445 0.3912
vn -0.2962 -0.7333 0.6120
vn 0.3553 0.8080 -0.4700
vn -0.0469 -0.6881 0.7241
vn -0.7262 -0.1782 -0.6640
vn 0.6171 0.7193 0.3190
vn -0.4273 0.7679 -0.4772
vn 0.2353 -0.9686 0.0805
vn -0.7424 0.5981 -0.3017
vn 0.7472 -0.6039 0.2776
vn -0.9903 -0.1366 0.0257
vn 0.6743 -0.4593 0.5782
vn 0.6608 -0.2213 0.7172
vn -0.8107 0.3576 -0.4636
vn -0.5898 0.1486 -0.7938
vn 0.8799 -0.4747 0.0222
vn 0.2686 0.9440 0.1918
vn -0.5729 0.2594 0.7775
vn -0.6407 0.7484 0.1716
vn -0.4644 -0.6287 -0.6238
vn 0.9453 -0.3202 -0.0622
vn -0.8914 -0.4470 0.0743
vn 0.7267 -0.6238 -0.2877
vn -0.1983 0.9711 0.1331
vn 0.3548 -0.5133 -0.7814
vn -0.0294 0.0246 -0.9993
vn -0.2519 0.8915 0.3765
vn 0.0482 -0.1401 0.9890
vn -0.0952 -0.7439 -0.6615
vn -0.0464 -0.6640 -0.7463
vn 0.0294 -0.6010 0.7987
vn -0.2789 0.7876 0.5494
vn 0.0938 -0.9205 -0.3793
vn 0.6051 0.7848 -0.1344
vn -0.8053 -0.5417 0.2409
vn -0.7482 -0.0762 -0.6591
vn 0.7392 -0.6079 0.2900
vn -0.2199 0.9433 0.2485
vn 0.4956 -0.7197 -0.4862
vn -0.6583 -0.7374 -0.1512
vn -0.7245 0.4527 -0.5198
vn 0.3503 -0.0049 0.9366
vn 0.0119 0.9927 -0.1200
vn 0.1005 -0.9085 0.4055
vn 0.7479 -0.0344 0.6629
vn -0.4464 0.1137 -0.8876
vn 0.3425 -0.8647 0.3674
vn -0.1066 -0.7092 0.6969
vn 0.5482 0.7943 -0.2619
vn 0.7517 0.0214 -0.6592
vn -0.2567 0.9657 0.0391
vn -0.5717 -0.4090 0.7113
vn 0.6409 0.3013 -0.7060
vn -0.5448 -0.6201 0.5645
vn 0.7473 0.1291 -0.6518
vn -0.7610 -0.6116 0.2164
vn -0.9464 0.0571 0.3180
vn -0.9622 0.2361 -0.1356
vn 0.7806 -0.4482 -0.4355
vn 0.8028 0.4830 0.3496
vn -0.4912 0.8709 -0.0136
vn -0.7556 0.2501 -0.6054
vn 0.1556 -0.9074 -0.3904
vn 0.0703 -0.9585 -0.2764
vn -0.7784 -0.3088 -0.5465
vn 0.4481 0.8929 0.0435
vn -0.5922 -0.6968 -0.4047
vn 0.5036 -0.8590 0.0929
vn -0.7332 0.6629 0.1516
vn -0.8018 0.2151 -0.5576
vn -0.3684 -0.8414 -0.3955
vn 0.4361 0.8974 0.0672
vn -0.7608 0.5148 -0.3952
vn 0.7974 -0.5872 -0.1389
vn -0.7552 -0.5937 -0.2777
vn -0.7924 0.5388 0.2860
vn 0.9815 -0.0829 -0.1723
vn 0.0680 0.7592 0.6473
vn 0.6757 -0.4432 -0.5890
vn -0.2370 0.4114 0.8801
vn 0.9411 -0.3349 -0.0458
vn 0.1705 -0.9737 -0.1509
vn -0.7993 0.5037 0.3277
vn -0.4130 0.3163 0.8540
vn 0.7165 -0.6740 -0.1796
vn -0.4612 0.5988 0.6548
vn -0.6453 0.1896 0.7400
vn 0.2329 -0.7958 -0.5589
vn -0.3072 -0.7664 -0.5641
vn -0.4565 -0.3911 0.7992
vn -0.5219 0.5816 0.6240
vn 0.0582 -0.4490 -0.8916
vn 0.8039 -0.3097 -0.5078
vn 0.6710 0.2791 0.6869
vn -0.3485 0.9372 0.0149
vn 0.8473 -0.4329 -0.3077
vn 0.0836 0.9667 -0.2418
vn 0.9427 0.3254 -0.0739
vn -0.7611 0.1267 0.6362
vn -0.1348 -0.9768 0.1664
vn 0.8560 0.4990 0.1352
vn 0.0893 -0.9409 0.3266
vn -0.1627 -0.8977 0.4094
vn 0.2216 0.9172 -0.3312
vn 0.3812 -0.3781 0.8436
vn -0.3460 0.4632 -0.8159
vn -0.6554 -0.7140 -0.2463
vn -0.4501 0.3877 -0.8044
vn 0.6755 0.6668 0.3147
vn 0.3627 -0.3728 0.8541
vn -0.5239 0.8220 -0.2232
vn 0.4227 0.0393 -0.9054
vn -0.9983 -0.0563 0.0138
vn 0.8368 0.1966 0.5110
vn -0.1818 -0.7752 0.6050
vn -0.3962 0.3711 0.8398
vn 0.1820 -0.9600 -0.2129
vn 0.2442 -0.5382 -0.8066
vn 0.2639 0.3979 0.8786
vn -0.6205 0.6321 -0.4642
vn -0.7339 0.1657 -0.6587
vn 0.6841 0.5466 0.4829
vn -0.4316 -0.9019 0.0188
vn 0.9521 -0.2961 -0.0769
vn 0.0773 0.9766 0.2005
vn 0.7510 -0.3604 -0.5532
vn -0.5739 0.0795 0.8150
vn 0.0249 -0.7009 -0.7128
vn -0.5096 -0.4727 -0.7189
vn 0.0181 -0.8032 0.5955
vn 0.0241 0.3947 0.9185
vn -0.7624 -0.1739 -0.6233
vn -0.7836 0.6133 0.0998
vn -0.4277 -0.2587 -0.8661
vn 0.7890 -0.0108 0.6143
vn -0.1247 0.9372 -0.3256
vn -0.8586 0.5045 -0.0911
vn 0.0635 -0.7704 0.6343
vn 0.8374 -0.5262 -0.1477
vn 0.1300 0.9349 -0.3302
vn -0.0967 0.7516 -0.6525
vn 0.8029 -0.4078 0.4347
vn 0.0684 0.3223 -0.9442
vn -0.9088 0.2842 0.3054
vn 0.7994 -0.5247 -0.2927
vn -0.3235 0.4772 0.8171
vn 0.4032 -0.8429 -0.3564
vn 0.7446 0.1856 -0.6412
vn -0.0213 -0.9997 0.0072
vn -0.2024 0.7243 0.6591
vn -0.4173 -0.8942 0.1621
vn 0.1226 0.9375 0.3257
vn -0.2323 -0.9414 -0.2447
vn -0.1733 -0.9481 -0.2667
vn -0.2482 0.9666 0.0646
vn -0.4766 0.7571 -0.4470
vn -0.3607 -0.8902 -0.2782
vn 0.2698 -0.9069 0.3237
vn 0.1305 0.9352 0.3292
vn 0.2373 -0.8862 0.3978
vn -0.5580 0.6539 -0.5109
vn 0.4090 -0.8875 -0.2126
vn -0.4097 0.1928 0.8916
vn -0.7076 0.5563 -0.4356
vn 0.9646 -0.0969 -0.2453
vn 0.5765 -0.7703 -0.2727
vn -0.9393 -0.1348 -0.3156
vn 0.8673 -0.1669 0.4690
vn -0.7367 0.5061 -0.4486
vn 0.7487 0.6085 0.2631
vn -0.7607 0.4087 -0.5042
vn 0.5068 0.4084 0.7592
vn -0.5472 -0.4541 -0.7031
vn 0.6837 -0.5416 0.4891
vn 0.4823 -0.8376 0.2568
vn 0.3538 0.9329 0.0677
vn -0.3255 -0.9418 0.0841
vn -0.5312 0.8374 -0.1288
vn -0.3440 -0.8559 0.3862
vn -0.9125 -0.3459 -0.2182
vn 0.9391 0.0044 0.3437
vn -0.2557 -0.9634 0.0806
vn 0.0901 0.8992 -0.4282
vn -0.2410 -0.9348 -0.2609
vn -0.2096 -0.9778 -0.0021
vn 0.3811 0.9242 0.0241
vn 0.2589 0.4714 0.8430
vn -0.4759 0.4735 0.7411
vn 0.4045 -0.4291 0.8076
vn -0.7861 0.5955 0.1653
vn -0.8585 -0.3944 0.3278
vn 0.7977 0.5190 -0.3070
vn 0.0596 0.9091 -0.4123
vn -0.4514 -0.8319 0.3227
vn 0.2853 -0.8059 0.5188
vn 0.9011 0.4335 0.0075
vn -0.7799 0.0292 -0.6253
vn 0.9606 0.0119 0.2778
vn -0.8777 -0.4762 -0.0537
vn 0.6759 -0.1252 -0.7263
vn -0.6349 -0.7726 -0.0058
vn 0.7631 0.3896 -0.5156
vn -0.9090 -0.2863 0.3029
vn -0.5954 -0.6320 0.4960
vn -0.5170 -0.6744 0.5272
vn -0.1613 0.8812 0.4443
vn 0.8283 0.5521 -0.0956
vn -0.5599 0.1716 -0.8106
vn -0.2794 -0.3344 0.9001
vn 0.8016 -0.2156 0.5576
vn 0.6772 -0.5758 0.4581
vn 0.5514 -0.3863 -0.7394
vn 0.4101 -0.2261 -0.8835
vn -0.6592 0.6013 0.4515
vn 0.3096 0.8826 -0.3539
vn -0.1076 0.2121 0.9713
vn -0.3312 -0.6531 0.6810
vn 0.9652 0.2232 0.1362
vn 0.9609 0.1952 0.1966
vn -0.4643 -0.6997 -0.5430
vn 0.0077 0.9085 0.4178
vn -0.7421 -0.6420 0.1925
vn 0.1958 -0.9614 0.1931
vn 0.5643 -0.6578 -0.4989
vn 0.5653 -0.6464 0.5124
vn -0.7261 0.6219 -0.2931
vn -0.8009 0.2873 0.5253
vn 0.8835 -0.3958 -0.2505
vn -0.4408 0.8939 -0.0819
vn 0.1982 0.6170 0.7616
vn -0.2417 0.7975 -0.5529
vn 0.6496 -0.4914 0.5801
vn 0.1341 0.4880 -0.8625
vn -0.3005 0.6219 -0.7232
vn 0.8489 -0.0900 -0.5208
vn -0.6937 0.5004 0.5180
vn 0.3148 -0.3113 -0.8966
vn 0.8426 0.5290 0.1012
vn 0.0274 0.0805 0.9964
vn 0.2891 -0.6060 -0.7411
vn -0.2991 0.2690 0.9155
vn 0.0412 -0.9436 -0.3284
vn 0.3421 -0.9107 -0.2314
vn -0.3073 0.7130 0.6302
vn 0.4330 0.9014 0.0007
vn -0.5393 -0.8388 0.0749
vn 0.5751 0.8061 -0.1395
vn 0.0270 0.9922 -0.1219
vn -0.3436 -0.9389 0.0217
vn -0.0359 0.9006 -0.4332
vn -0.8866 -0.4527 -0.0950
vn 0.6194 0.7627 -0.1860
vn 0.9745 -0.2207 -0.0399
vn -0.8973 0.3835 -0.2186
vn -0.6775 0.7353 -0.0169
vn 0.9636 0.0482 -0.2630
vn -0.2466 -0.9670 -0.0639
vn 0.9433 -0.1734 -0.2831
vn 0.5737 -0.2996 0.7623
vn -0.3262 0.6358 0.6995
vn -0.1083 -0.5836 -0.8048
vn 0.1287 -0.0664 -0.9895
vn 0.8468 0.3596 0.3920
vn 0.0031 0.4913 -0.8710
vn -0.7516 0.0517 0.6576
vn 0.7851 -0.0025 -0.6193
vn 0.3406 -0.7043 0.6229
vn -0.4819 0.8493 0.2155
vn 0.4926 0.8702 -0.0052
vn 0.9280 -0.0340 -0.3710
vn 0.6948 0.5470 0.4669
vn -0.3125 -0.0369 -0.9492
vn 0.4138 -0.0022 0.9104
vn -0.2509 0.0800 0.9647
vn 0.1041 0.7789 -0.6185
vn -0.8337 0.0524 0.5498
vn 0.0140 -0.9342 0.3564
vn -0.9669 -0.1513 -0.2056
vn 0.4540 0.8652 0.2129
vn -0.6814 -0.3472 -0.6444
vn -0.4420 -0.8777 -0.1852
vn 0.5807 0.0420 0.8130
vn -0.0271 -0.7090 -0.7047
vn 0.3508 0.8703 0.3457
vn 0.7421 0.2901 -0.6043
vn -0.7381 0.3694 0.5646
vn 0.2215 -0.9032 -0.3676
vn -0.1244 0.0072 0.9922
vn 0.5890 -0.2871 -0.7554
vn 0.3771 0.6251 -0.6834
vn -0.5537 0.4064 0.7268
vn -0.2910 -0.8258 0.4831
vn 0.1131 0.2202 -0.9689
vn 0.4377 0.7905 0.4283
vn -0.3871 -0.6823 -0.6202
vn -0.1212 -0.2696 0.9553
vn 0.1716 -0.3800 -0.9089
vn 0.4734 0.8806 -0.0228
vn -0.6475 -0.6342 0.4225
vn 0.3411 0.4988 0.7967
vn -0.4661 0.6188 0.6324
vn -0.7886 -0.5796 0.2052
vn 0.5238 -0.8509 0.0408
vn 0.4494 0.8841 -0.1279
vn -0.6960 0.6427 -0.3202
vn 0.3114 -0.8246 0.4723
vn -0.3350 0.8296 -0.4466
vn 0.7303 -0.5513 0.4034
vn -0.2896 0.8078 -0.5134
vn -0.9918 0.0018 -0.1274
vn 0.6593 -0.7485 -0.0716
vn -0.6565 0.6244 0.4232
vn 0.2508 -0.9641 0.0866
vn 0.1293 0.8217 -0.5551
vn -0.2526 -0.3242 0.9116
vn 0.1432 0.0030 -0.9897
vn -0.2330 0.0375 0.9718
vn 0.0466 -0.1577 -0.9864
vn 0.0261 0.5573 0.8299
vn -0.6806 0.2659 0.6828
vn 0.9620 0.1172 0.2465
vn -0.5235 0.7138 0.4652
vn -0.1595 -0.6861 -0.7098
vn 0.3634 0.7625 0.5353
vn 0.4976 0.8628 0.0896
vn -0.7178 -0.5347 -0.4460
vn 0.8500 0.5019 -0.1600
vn 0.7175 0.2848 0.6357
vn 0.8306 0.5225 -0.1926
vn -0.9251 0.1762 -0.3364
vn -0.9517 -0.1771 -0.2509
vn -0.9399 -0.1234 -0.3183
vn -0.0917 -0.9098 0.4047
vn 0.5226 -0.4519 0.7230
vn 0.7538 0.5764 -0.3156
vn -0.9987 -0.0501 0.0129
vn 0.9700 -0.0906 0.2256
vn 0.9071 -0.0092 -0.4209
vn -0.0803 0.9241 0.3736
vn -0.7631 0.6331 0.1297
vn -0.0923 -0.9099 -0.4044
vn 0.3363 0.4781 0.8114
vn 0.9336 0.3582 -0.0122
vn 0.2273 -0.3045 -0.9250
vn -0.9819 -0.1544 -0.1097
vn 0.9600 -0.2667 -0.0853
vn -0.6088 0.0294 -0.7928
vn 0.5625 -0.2634 0.7837
vn 0.7212 -0.1335 0.6797
vn -0.7860 0.3974 -0.4735
vn 0.0654 -0.9131 -0.4024
vn 0.4617 0.2313 0.8564
vn 0.9892 -0.0685 -0.1299
vn 0.0353 0.9376 0.3458
vn 0.5479 0.6429 -0.5352
vn 0.0336 0.4912 0.8704
vn -0.3990 -0.7525 0.5239
vn -0.0203 0.9248 -0.3798
vn 0.5478 0.5957 -0.5874
vn -0.6586 -0.5053 0.5576
vn 0.9813 -0.1897 -0.0313
vn 0.2485 0.9189 -0.3063
vn -0.7767 0.6193 -0.1148
vn -0.8355 -0.5195 0.1789
vn -0.4881 0.4326 -0.7580
vn 0.6152 0.1219 0.7789
vn -0.0227 0.1253 -0.9919
vn -0.9105 -0.2169 0.3521
vn 0.1284 -0.4310 -0.8932
vn 0.1254 0.7716 0.6236
vn 0.6773 -0.5750 -0.4589
vn -0.9193 0.3917 -0.0384
vn 0.3070 0.9517 0.0058
vn 0.8153 -0.4907 0.3073
vn 0.0777 -0.9968 -0.0184
vn -0.7204 -0.1013 -0.6861
vn -0.5160 -0.4134 0.7502
vn 0.3555 0.5388 -0.7637
vn 0.4069 -0.4393 0.8009
vn -0.5460 -0.1027 -0.8315
vn -0.5765 0.5651 0.5902
vn 0.6254 -0.5799 -0.5222
vn 0.3499 0.5234 0.7770
vn -0.6949 0.0530 0.7171
vn -0.0363 -0.9767 0.2114
vn 0.1492 0.9067 0.3945
vn 0.3099 0.8801 -0.3598
vn 0.3902 -0.8242 0.4104
vn -0.4858 -0.7610 0.4300
vn 0.3607 0.5386 -0.7615
vn 0.4107 0.3815 0.8281
vn -0.5157 -0.8561 -0.0326
vn 0.0730 -0.2679 0.9607
vn -0.5644 -0.0200 -0.8253
vn 0.5863 0.7768 0.2297
vn -0.2933 -0.1507 -0.9441
vn 0.5435 -0.0601 0.8373
vn 0.7226 0.2904 0.6273
vn 0.3253 0.1911 -0.9261
vn -0.1342 0.5501 0.8242
vn -0.7697 -0.6143 -0.1740
vn 0.4319 0.8985 -0.0783
vn -0.2015 0.9574 0.2069
vn -0.6832 -0.7002 0.2071
vn 0.1715 -0.8866 0.4295
vn -0.3343 0.7310 -0.5948
vn -0.4824 -0.5857 0.6514
vn 0.4031 0.6134 -0.6791
vn 0.7391 -0.4043 0.5387
vn -0.9283 -0.0879 0.3612
vn -0.6465 -0.2059 0.7346
vn 0.6612 -0.4406 -0.6072
vn -0.2376 0.2154 0.9472
vn -0.1891 -0.9747 0.1196
vn 0.4031 -0.6744 -0.6186
vn -0.5125 -0.8359 0.1966
vn 0.7160 -0.0062 -0.6980
vn 0.7112 0.6993 0.0720
vn -0.5118 -0.0431 0.8580
vn 0.4698 0.7226 0.5070
vn -0.8064 -0.5200 -0.2815
vn 0.4183 0.7043 0.5736
vn 0.1036 0.8467 0.5218
vn -0.8513 0.3383 -0.4011
vn -0.7088 -0.5350 -0.4597
vn 0.5652 0.1322 0.8143
vn -0.5228 0.2361 -0.8191
vn 0.6122 -0.2280 0.7571
vn 0.1682 0.8063 -0.5670
vn -0.9847 -0.1173 -0.1290
vn 0.6327 -0.7254 0.2711
vn 0.2309 0.8888 -0.3959
vn -0.9822 -0.0819 -0.1692
vn -0.0744 -0.8835 0.4625
vn -0.2602 -0.9170 -0.3024
vn -0.9356 0.1664 0.3115
vn 0.8161 -0.4704 -0.3357
vn 0.5962 0.7137 0.3676
vn -0.6301 0.6642 -0.4023
vn 0.4016 -0.3589 0.8425
vn -0.0860 0.4095 0.9083
vn -0.2283 -0.6111 -0.7579
vn 0.5178 0.5549 -0.6511
vn 0.4653 -0.7721 -0.4329
vn -0.6322 -0.3041 0.7127
vn -0.5391 0.7550 0.3733
vn -0.8634 -0.4470 -0.2339
vn 0.2856 0.8892 0.3574
vn -0.8744 0.4280 -0.2286
vn 0.6873 -0.4675 0.5560
vn 0.0128 -0.9929 -0.1182
vn -0.6717 0.4698 -0.5727
vn 0.3241 -0.6145 0.7192
vn -0.2246 0.8555 0.4666
vn 0.2404 0.8489 -0.4707
vn 0.3522 0.9011 0.2531
vn -0.0929 -0.7175 0.6903
vn -0.2653 -0.8247 -0.4995
vn -0.7370 0.3015 0.6050
vn 0.4780 -0.0013 0.8784
vn -0.5845 0.1759 -0.7921
vn 0.2322 0.5989 0.7664
vn -0.0695 -0.5777 -0.8133
vn 0.4341 -0.3887 -0.8127
vn 0.5140 -0.4636 0.7217
vn 0.1579 -0.0530 -0.9860
vn -0.0889 0.8802 -0.4662
vn 0.1350 -0.9888 -0.0639
vn -0.5503 -0.4479 0.7047
vn 0.4013 0.8433 0.3574
vn 0.5433 0.6956 0.4700
vn -0.8775 -0.4718 0.0855
vn 0.6734 0.6513 0.3497
vn -0.8866 0.2753 0.3717
vn 0.9521 -0.1942 0.2363
vn 0.9008 0.0183 0.4339
vn -0.9641 0.2120 -0.1599
vn -0.6420 0.6174 -0.4545
vn 0.8506 0.1092 0.5143
vn -0.1015 0.6622 -0.7425
vn -0.6664 0.0943 -0.7396
vn 0.4703 -0.4976 0.7289
vn -0.2558 -0.2925 0.9214
vn -0.0952 0.7038 -0.7040
vn 0.3023 -0.7022 0.6447
vn 0.6496 0.2826 -0.7058
vn -0.7059 0.1936 0.6813
vn 0.4271 -0.9002 0.0850
vn -0.9090 -0.2942 0.2952
vn 0.7461 -0.5554 -0.3673
vn -0.2332 -0.8388 -0.4920
vn -0.3472 0.8344 -0.4281
vn -0.3588 0.3675 0.8581
vn -0.7763 0.6141 0.1427
vn -0.8667 -0.3241 -0.3791
vn 0.4375 0.2063 0.8752
vn -0.6450 -0.0087 -0.7641
vn 0.9208 -0.2520 0.2977
vn -0.5681 0.6646 -0.4854
vn 0.4525 -0.5326 0.7153
vn 0.1645 0.2163 0.9624
vn -0.2798 0.3958 -0.8746
vn -0.5805 -0.0409 0.8133
vn 0.0118 -0.8637 0.5039
vn 0.3155 0.9308 -0.1846
vn 0.5805 -0.5957 0.5551
vn 0.0060 0.8948 -0.4465
vn -0.8200 0.4731 -0.3223
vn 0.4088 -0.8852 0.2220
vn -0.2084 -0.9780 -0.0070
vn 0.3923 -0.7904 -0.4705
vn 0.5494 0.8141 -0.1882
vn -0.4040 0.6428 0.6508
vn -0.2748 0.9144 0.2972
vn -0.4023 -0.8882 0.2218
vn 0.3160 -0.7326 -0.6029
vn 0.4850 0.8737 0.0362
vn 0.4560 -0.8898 -0.0149
vn 0.6230 -0.6852 -0.3774
vn -0.4292 0.8997 -0.0794
vn -0.7340 0.4308 -0.5250
vn 0.8612 -0.5031 -0.0716
vn 0.7195 -0.6112 -0.3298
vn -0.9394 0.3295 -0.0945
vn -0.9865 -0.1533 0.0581
vn 0.8577 0.0187 -0.5138
vn 0.7279 -0.5798 -0.3661
vn -0.8357 -0.0719 0.5445
vn 0.6010 0.2487 -0.7596
vn -0.6687 0.3721 0.6438
vn 0.2003 -0.0733 -0.9770
vn 0.6367 -0.6628 -0.3939
vn -0.1458 -0.0999 0.9843
vn 0.4046 -0.2522 0.8791
vn 0.2729 -0.9016 0.3356
vn -0.3082 -0.1673 -0.9365
vn 0.3273 -0.8820 0.3391
vn -0.6377 0.3052 -0.7073
vn 0.4817 0.7230 0.4951
vn -0.2771 0.7678 -0.5777
vn 0.7739 0.1082 0.6240
vn -0.2835 -0.9498 0.1325
vn 0.2093 -0.6386 0.7405
vn -0.4344 -0.8031 -0.4079
vn 0.3737 0.5808 0.7232
vn -0.2428 0.9520 0.1862
vn -0.4779 -0.1666 0.8625
vn 0.6752 -0.7136 0.1866
vn 0.5686 -0.1262 -0.8128
vn -0.8638 0.4792 -0.1558
vn -0.9152 -0.4029 0.0037
vn 0.3394 -0.2359 0.9106
vn 0.6719 0.7060 -0.2239
vn -0.0646 0.3155 -0.9467
vn -0.9847 -0.1631 0.0611
vn 0.2873 -0.3884 0.8755
vn 0.0194 -0.0504 0.9985
vn 0.8362 0.2380 -0.4940
vn 0.6572 0.0059 -0.7537
vn 0.6453 -0.7604 0.0730
vn -0.2683 0.8513 0.4509
vn 0.2126 -0.9202 -0.3288
vn 0.7154 -0.6175 0.3268
vn -0.3222 -0.8165 -0.4790
vn -0.0220 0.3704 0.9286
vn -0.9364 -0.1785 -0.3023
vn -0.4691 -0.5893 0.6578
vn 0.0571 -0.9423 -0.3300
vn 0.0047 -0.3120 -0.9501
vn 0.9598 0.1362 0.2453
vn 0.2354 0.7629 0.6022
vn -0.1061 0.9559 0.2737
vn -0.4985 -0.2474 -0.8308
vn 0.9383 -0.0084 0.3456
vn -0.2395 0.9669 0.0882
vn -0.8454 0.0858 -0.5272
vn 0.0241 -0.5670 0.8234
vn 0.2144 0.6378 -0.7398
vn 0.0426 0.9298 -0.3656
vn -0.4841 0.4681 -0.7393
vn -0.1999 -0.5501 0.8108
vn 0.2285 0.5508 -0.8027
vn 0.9978 -0.0592 -0.0306
vn -0.9589 -0.1546 0.2380
vn -0.7291 -0.4600 0.5067
vn 0.7033 -0.7081 0.0638
vn 0.6183 0.6326 0.4663
vn 0.9289 -0.2574 -0.2661
vn -0.9784 -0.0268 0.2048
vn 0.7600 -0.4290 -0.4883
vn -0.3110 -0.0909 0.9461
vn -0.7429 0.1772 -0.6455
vn 0.8934 -0.1354 0.4285
vn -0.8546 0.2040 -0.4776
vn 0.5396 0.7780 0.3217
vn -0.1820 -0.9286 -0.3232
vn -0.6378 -0.0506 -0.7686
vn 0.4666 0.3279 0.8214
vn -0.0225 -0.6252 -0.7802
vn -0.7249 0.1307 -0.6764
vn -0.3782 0.5625 0.7353
vn 0.3838 -0.0175 0.9232
vn -0.5597 0.8217 0.1071
vn 0.6400 0.3347 0.6916
vn -0.7648 0.2051 -0.6108
vn 0.8538 -0.4914 0.1717
vn -0.9312 0.2379 -0.2761
vn 0.3701 0.2711 0.8886
vn 0.8128 -0.0593 0.5795
vn -0.5311 -0.1692 -0.8303
vn 0.9474 -0.3171 -0.0439
vn -0.3555 0.7517 0.5555
vn 0.4770 -0.8180 -0.3216
vn -0.4974 -0.8501 -0.1726
vn 0.1983 0.6949 -0.6913
vn -0.2764 -0.8352 -0.4754
vn 0.2952 -0.1106 0.9490
vn -0.6026 -0.1539 -0.7831
vn 0.9197 -0.0045 0.3926
vn -0.7450 0.3878 0.5429
vn 0.3256 -0.3192 -0.8900
vn -0.9767 0.0163 0.2139
vn 0.7052 -0.5721 -0.4188
vn -0.5346 0.6830 0.4977
vn -0.5920 0.6968 0.4049
vn 0.5865 -0.6624 -0.4661
vn -0.5868 0.6534 0.4782
vn 0.0915 -0.9914 0.0938
vn 0.5133 0.6317 -0.5809
vn -0.6701 -0.4143 0.6158
vn 0.6509 0.3882 -0.6524
vn -0.9877 -0.1562 -0.0036
vn 0.9675 0.1655 -0.1913
vn 0.9804 0.0916 0.1744
vn -0.6779 -0.1430 -0.7211
vn 0.7228 -0.3823 0.5757
vn -0.8672 0.2840 0.4089
vn -0.3274 -0.6011 0.7290
vn 0.1681 -0.7599 0.6280
vn 0.1073 0.6024 -0.7910
vn -0.3539 -0.3701 0.8589
vn 0.2652 -0.1092 -0.9580
vn -0.6345 -0.3896 0.6675
vn -0.8284 -0.1757 0.5319
vn 0.3024 0.6832 0.6647
vn -0.7822 -0.3833 -0.4912
vn 0.0424 -0.6151 -0.7873
vn 0.6853 -0.5980 -0.4157
vn 0.9322 -0.0090 0.3619
vn -0.7927 0.0982 -0.6016
vn -0.2796 0.7043 0.6525
vn -0.6610 -0.7219 0.2047
vn -0.3412 -0.5423 -0.7678
vn 0.1654 -0.9037 0.3948
vn 0.1091 -0.9352 -0.3369
vn 0.9302 -0.3158 0.1871
vn 0.2615 0.7445 0.6143
vn 0.7151 0.6265 -0.3100
vn 0.0471 0.9181 0.3935
vn 0.3615 0.7521 -0.5510
vn -0.6144 -0.7198 0.3231
vn -0.9934 0.1141 -0.0121
vn 0.7183 -0.4438 -0.5358
vn -0.2024 0.0895 0.9752
vn 0.5304 -0.8331 0.1570
vn -0.0081 0.7830 -0.6219
vn 0.0663 0.8131 0.5783
vn -0.1500 -0.9879 -0.0402
vn 0.3098 -0.9346 -0.1750
vn -0.0303 -0.5381 -0.8423
vn -0.5128 -0.6813 0.5225
vn 0.4313 0.7378 0.5193
vn -0.6438 -0.7163 -0.2691
vn 0.1394 0.8028 0.5798
vn -0.7032 -0.6794 -0.2095
vn 0.3388 0.7739 0.5350
vn -0.7994 -0.4813 -0.3597
vn -0.0326 0.9745 0.2220
vn -0.5595 -0.8036 0.2031
vn 0.8646 0.4732 0.1690
vn -0.3355 -0.9208 -0.1990
vn 0.6871 -0.5073 0.5201
vn -0.5714 0.6142 -0.5444
vn -0.3487 -0.8568 0.3799
vn 0.7900 -0.5505 0.2700
vn 0.2822 0.6782 0.6786
vn 0.8992 0.3006 -0.3180
vn 0.4538 -0.8908 -0.0237
vn -0.7351 -0.0747 -0.6738
vn -0.0907 -0.0675 0.9936
vn 0.1832 0.6474 0.7398
vn -0.0362 -0.4722 -0.8807
vn 0.6761 0.3965 -0.6210
vn -0.8933 -0.0408 0.4475
vn -0.4938 0.3647 0.7894
vn -0.0025 0.9969 -0.0787
vn 0.2104 0.8940 0.3956
vn 0.2715 -0.8640 -0.4240
vn 0.6995 -0.6937 0.1718
vn -0.0440 -0.9441 0.3268
vn 0.6291 0.5219 -0.5761
vn 0.6556 0.5612 0.5053
vn -0.2364 -0.2375 0.9422
vn 0.9466 0.1921 -0.2590
vn 0.5557 0.6486 0.5200
vn -0.7042 0.4105 -0.5793
vn -0.4440 0.0375 0.8952
vn -0.1186 0.9344 0.3360
vn -0.3208 -0.8082 0.4938
vn 0.4295 0.8494 -0.3066
vn -0.1255 0.5374 -0.8339
vn -0.7023 -0.6506 -0.2891
vn -0.0508 -0.8776 0.4767
vn 0.2347 -0.0864 -0.9682
vn -0.4297 -0.6747 0.6001
vn 0.2291 -0.0617 -0.9715
vn -0.1179 -0.1542 0.9810
vn 0.2150 0.8054 -0.5524
vn -0.3294 -0.1979 -0.9232
vn 0.7052 0.7074 0.0480
vn -0.5190 -0.0963 0.8493
vn -0.3245 -0.0735 0.9430
vn -0.5657 -0.5901 0.5760
vn 0.6136 0.7151 0.3348
vn -0.5021 0.5608 0.6583
vn -0.6683 -0.1382 0.7309
vn 0.3427 -0.0633 -0.9373
vn -0.0415 -0.5189 0.8538
vn 0.3412 0.7621 -0.5502
vn -0.1685 0.6602 -0.7319
vn 0.5397 -0.6185 0.5712
vn 0.0653 0.0458 -0.9968
vn 0.1253 -0.3185 0.9396
vn -0.0984 0.1078 0.9893
vn 0.0307 -0.5719 -0.8197
vn 0.2286 -0.3854 -0.8940
vn 0.0098 0.4940 0.8694
vn -0.1428 -0.6389 -0.7559
vn 0.8573 0.5147 -0.0064
vn -0.6233 0.2195 0.7505
vn 0.3175 -0.3158 -0.8941
vn -0.4193 0.3298 0.8458
vn -0.8885 0.1872 -0.4189
vn -0.0876 -0.3639 -0.9273
vn 0.3520 0.3003 0.8865
vn -0.9121 0.1780 -0.3694
vn 0.6154 0.5844 0.5289
vn 0.6409 0.7629 -0.0848
vn -0.7633 -0.6283 -0.1504
vn -0.1440 0.9894 0.0162
vn 0.9761 -0.1389 0.1670
vn 0.8049 -0.1196 0.5813
vn -0.1369 0.5110 -0.8486
vn 0.8116 -0.5064 0.2913
vn 0.3490 -0.8876 0.3006
vn 0.4092 -0.8812 -0.2366
vn 0.6206 0.6727 -0.4029
vn 0.3949 0.7828 -0.4809
vn -0.6632 -0.7354 0.1389
vn -0.2757 -0.4529 -0.8478
vn 0.8764 0.4581 -0.1487
vn -0.3802 0.6397 0.6680
vn -0.9793 -0.0829 0.1845
vn 0.6353 0.1863 0.7494
vn 0.9298 -0.3351 0.1523
vn 0.6850 -0.0791 0.7242
vn -0.6446 -0.1856 -0.7416
vn -0.1936 0.9676 -0.1620
vn 0.4231 -0.8434 0.3312
vn -0.1745 -0.7967 -0.5786
vn 0.0922 0.8399 0.5349
vn 0.8333 0.5475 -0.0765
vn 0.3641 -0.1618 -0.9172
vn -0.8729 -0.3147 -0.3727
vn 0.9214 0.2823 -0.2672
vn 0.2136 -0.1155 0.9701
vn -0.6709 0.0417 -0.7404
vn 0.9343 0.3007 -0.1916
vn 0.2273 -0.9669 0.1160
vn -0.0427 0.9773 -0.2075
vn 0.8529 0.5220 0.0140
vn 0.8106 -0.5711 -0.1296
vn -0.0151 -0.8667 0.4986
vn 0.2616 0.8393 0.4767
vn -0.8062 0.0246 0.5911
vn 0.5389 0.0518 -0.8408
vn 0.3505 -0.3615 0.8640
vn 0.9371 -0.0701 -0.3421
vn -0.7855 0.4523 -0.4223
vn -0.9551 0.1453 0.2582
vn 0.2465 0.8780 -0.4104
vn -0.3314 -0.0887 0.9393
vn 0.3440 0.1751 -0.9225
vn 0.1134 -0.4272 -0.8970
vn -0.2446 0.8603 0.4472
vn -0.1844 -0.9506 0.2496
vn 0.1515 -0.9017 -0.4050
vn -0.3942 0.9130 0.1050
vn 0.0405 0.4361 0.8990
vn -0.0092 -0.7217 -0.6921
vn -0.1333 0.7062 -0.6954
vn 0.2332 -0.8580 0.4577
vn -0.7972 -0.5950 -0.1020
vn 0.9712 0.1327 -0.1978
vn 0.8055 0.3224 -0.4971
vn -0.0356 -0.0291 0.9989
vn -0.6203 0.4156 0.6652
vn 0.4889 -0.8604 -0.1436
vn -0.2819 -0.8376 -0.4678
vn 0.0521 0.9153 0.3995
vn 0.3817 0.8867 -0.2608
vn 0.0884 -0.9606 0.2635
vn 0.9187 -0.0029 -0.3949
vn -0.1524 0.8482 -0.5072
vn 0.4015 -0.8094 0.4286
vn 0.1490 0.4893 -0.8593
vn -0.1097 -0.8284 0.5493
vn 0.4986 -0.2353 -0.8343
vn -0.6372 -0.3830 0.6688
vn -0.2050 0.7062 0.6777
vn -0.8136 -0.5790 0.0530
vn -0.4548 -0.5381 -0.7097
vn 0.9722 0.1960 -0.1282
vn -0.9177 0.1586 -0.3642
vn -0.1962 0.0296 -0.9801
vn 0.8588 -0.5115 -0.0289
vn 0.1056 0.2645 0.9586
vn -0.6731 -0.1820 -0.7168
vn 0.6840 -0.7291 0.0255
vn -0.6498 0.6633 0.3712
vn 0.5961 0.0894 0.7979
vn 0.5443 0.7212 0.4284
vn 0.9284 0.3668 0.0594
vn -0.8014 -0.5905 0.0954
vn 0.4792 0.0293 -0.8772
vn 0.9153 0.3806 -0.1319
vn -0.9722 0.0525 -0.2284
vn 0.8320 0.0476 -0.5528
vn -0.4045 -0.0537 0.9130
vn 0.8688 -0.4932 0.0443
vn 0.4409 -0.0485 -0.8962
vn 0.4976 -0.7512 0.4338
vn -0.4228 0.8825 0.2062
vn -0.9244 0.3592 0.1283
vn 0.1488 -0.9435 0.2961
vn 0.9431 -0.3293 0.0462
vn 0.4341 0.3972 -0.8086
vn -0.1056 0.8777 0.4675
vn -0.9977 0.0507 0.0460
vn 0.5144 -0.7443 -0.4259
vn 0.5947 -0.4663 0.6549
vn -0.2165 0.8338 0.5078
vn -0.8458 -0.1935 -0.4972
vn -0.0277 -0.2838 -0.9585
vn -0.2073 0.4776 0.8538
vn -0.0639 -0.0073 -0.9979
vn 0.8185 -0.2157 0.5324
vn -0.2318 -0.6535 0.7205
vn 0.1797 0.3287 -0.9272
vn -0.5113 0.1264 -0.8501
vn 0.6193 -0.6904 0.3740
vn 0.0004 -0.1620 0.9868
vn 0.1749 0.5034 -0.8462
vn -0.9862 -0.1073 0.1260
vn 0.9083 0.4182 -0.0050
vn -0.8809 -0.4167 0.2244
vn 0.8892 0.4099 -0.2033
vn 0.9757 0.1480 -0.1619
vn -0.9918 0.1271 -0.0167
vn 0.6440 -0.7266 -0.2395
vn -0.9110 0.3228 -0.2567
vn 0.0267 0.9979 0.0591
vn 0.0299 -0.9954 0.0911
vn -0.0833 0.8851 -0.4579
vn -0.5352 -0.6914 0.4853
vn 0.8635 -0.0751 -0.4987
vn -0.4138 0.9100 0.0268
vn -0.6559 -0.3247 0.6815
vn 0.4817 -0.8680 0.1202
vn -0.0091 -0.0102 0.9999
vn 0.1443 -0.7350 -0.6626
vn 0.1190 0.9917 -0.0480
vn -0.1120 -0.2385 -0.9647
vn -0.0214 0.9993 0.0305
vn -0.7236 0.1423 -0.6754
vn 0.7463 -0.6451 -0.1640
vn 0.7152 0.5545 0.4255
vn -0.0160 0.0592 -0.9981
vn -0.8952 -0.2719 0.3532
vn -0.1903 -0.2855 0.9393
vn -0.3888 0.2464 -0.8878
vn -0.1489 -0.7209 -0.6768
vn 0.3419 -0.8017 0.4902
vn 0.7991 -0.0170 0.6009
vn -0.7617 0.2315 0.6052
vn -0.1947 -0.6581 -0.7273
vn 0.7950 -0.2528 -0.5515
vn -0.2650 -0.7523 -0.6031
vn -0.1192 -0.5810 -0.8051
vn 0.3795 0.6552 -0.6532
vn -0.3372 0.8951 -0.2916
vn -0.2033 0.2137 0.9555
vn -0.0067 0.1786 0.9839
vn -0.3675 -0.6735 -0.6413
vn -0.2495 -0.8149 0.5232
vn 0.3611 0.1144 -0.9255
vn 0.4769 0.8086 -0.3446
vn 0.1065 0.6643 0.7398
vn -0.6476 -0.7473 -0.1487
vn -0.0885 0.9699 0.2268
vn 0.5901 -0.2702 -0.7608
vn -0.6856 0.6674 -0.2908
vn -0.4485 -0.7842 0.4288
vn 0.3424 0.4697 -0.8138
vn -0.4908 -0.4397 0.7522
vn 0.3991 -0.7992 0.4494
vn -0.9630 0.1638 -0.2139
vn -0.7221 -0.3963 0.5670
vn -0.8320 0.2141 0.5118
vn 0.7648 -0.3275 0.5549
vn 0.5149 -0.7930 -0.3255
vn -0.5344 0.7103 0.4581
vn 0.1304 -0.8588 0.4955
vn 0.3610 -0.8044 -0.4719
vn 0.3549 0.7066 -0.6121
vn 0.1637 0.5602 0.8120
vn -0.4756 -0.7819 -0.4030
vn 0.8129 0.4662 0.3490
vn -0.9326 -0.3458 -0.1037
vn -0.3831 -0.5081 -0.7714
vn -0.8875 0.1121 -0.4469
vn 0.6315 -0.7603 -0.1523
vn 0.6038 0.4086 0.6845
vn -0.8125 0.2040 -0.5460
vn -0.8383 0.4181 -0.3500
vn -0.5791 0.5844 -0.5685
vn 0.3295 0.8283 0.4531
vn 0.9863 -0.0114 0.1643
vn -0.5010 0.7745 -0.3862
vn -0.9783 0.0106 -0.2071
vn 0.8180 -0.0318 0.5743
vn 0.8895 -0.3172 0.3287
vn 0.1648 -0.7689 0.6178
vn 0.6349 0.5781 -0.5126
vn 0.4043 0.3380 -0.8499
vn -0.7042 0.4582 0.5423
vn 0.1222 -0.6768 0.7259
vn 0.5784 -0.7056 -0.4093
vn -0.0940 0.4096 -0.9074
vn 0.1370 0.7735 0.6188
vn -0.3396 -0.7237 -0.6008
vn 0.0139 -0.1715 0.9851
vn 0.0566 -0.1368 -0.9890
vn -0.0802 -0.9784 0.1907
vn 0.4869 -0.7313 -0.4776
vn 0.8705 0.3558 -0.3400
vn 0.6816 0.6744 0.2840
vn -0.8916 -0.2900 -0.3478
vn 0.6253 0.7433 -0.2375
vn -0.6602 -0.6710 -0.3374
vn -0.6628 -0.7384 -0.1242
vn -0.1726 0.9241 0.3409
vn 0.1697 0.7886 -0.5911
vn -0.1150 -0.9712 -0.2087
vn -0.4778 0.8737 0.0916
vn 0.0413 0.8957 -0.4428
vn 0.2169 -0.9734 -0.0741
vn 0.7302 -0.6723 -0.1215
vn -0.0803 0.9239 -0.3741
vn 0.5557 -0.6651 0.4989
vn -0.7282 0.6687 0.1503
vn -0.5385 -0.4818 0.6913
vn 0.6801 0.3732 0.6310
vn 0.6938 0.2481 0.6761
vn 0.2013 0.4621 -0.8637
vn -0.1941 0.5098 0.8381
vn -0.1466 0.8675 -0.4753
vn -0.2132 -0.5866 0.7813
vn 0.4190 -0.7519 -0.5090
vn -0.0933 -0.3251 0.9411
vn 0.0779 -0.8637 0.4980
vn 0.3779 0.0604 -0.9239
vn -0.3344 0.8065 -0.4877
vn -0.6455 0.3902 0.6566
vn 0.3192 -0.9325 0.1687
vn -0.0989 -0.1855 -0.9777
vn 0.2285 0.8156 0.5316
vn -0.2662 -0.9237 -0.2754
vn 0.4467 0.5939 -0.6691
vn 0.4010 0.8336 0.3798
vn 0.8200 0.1907 0.5396
vn -0.7181 -0.6002 0.3523
vn -0.9281 -0.1395 0.3451
vn 0.3541 -0.2702 -0.8953
vn -0.1594 0.3114 0.9368
vn 0.0497 -0.5945 -0.8025
vn 0.7987 0.3527 -0.4875
vn -0.6890 0.1739 0.7036
vn -0.9239 0.3279 0.1974
vn 0.7123 -0.6804 0.1721
vn 0.0999 0.9447 -0.3123
vn -0.8282 0.1712 -0.5337
vn -0.6439 0.7108 -0.2830
vn 0.9739 -0.2032 0.1012
vn -0.1783 0.4160 -0.8917
vn 0.2901 0.0136 0.9569
vn 0.3649 -0.0173 0.9309
vn -0.2744 -0.0473 -0.9604
vn 0.3572 -0.0460 0.9329
vn -0.1295 -0.1021 -0.9863
vn -0.3703 -0.2161 0.9034
vn -0.1911 0.2231 -0.9559
vn -0.4123 0.8726 -0.2620
vn -0.0987 -0.9942 0.0419
vn 0.6654 -0.5734 -0.4780
vn -0.7873 -0.5982 0.1493
vn -0.9810 -0.1011 -0.1654
vn 0.9476 -0.1804 -0.2638
vn 0.9907 -0.1259 -0.0522
vn -0.7994 0.5615 -0.2136
vn 0.5064 0.5074 0.6972
vn 0.3744 0.6511 0.6602
vn -0.0141 -0.9304 -0.3663
vn 0.3755 -0.9106 0.1725
vn -0.5094 -0.4754 -0.7173
vn 0.3491 -0.6675 0.6577
vn 0.0768 -0.9970 0.0128
vn 0.0722 0.9936 0.0870
vn -0.5172 -0.4568 -0.7238
vn -0.5818 -0.7710 0.2590
vn 0.7510 0.6100 0.2528
vn 0.3024 0.8910 -0.3385
vn -0.9241 0.2979 -0.2392
vn -0.1838 -0.8901 0.4170
vn 0.8586 -0.4806 -0.1782
vn 0.9135 -0.3561 -0.1968
vn -0.5483 0.8360 -0.0202
vn 0.1585 0.7880 -0.5950
vn -0.3464 -0.9153 -0.2056
vn -0.0158 0.4685 0.8833
vn -0.7996 -0.5735 -0.1782
vn 0.9062 0.3923 -0.1581
vn 0.5074 0.4401 0.7409
vn -0.9500 -0.0996 -0.2958
vn -0.7873 -0.4565 -0.4145
vn 0.1734 -0.6657 -0.7258
vn -0.4726 0.8356 0.2800
vn 0.8169 -0.3400 0.4660
vn -0.1557 0.9282 -0.3379
vn 0.6553 -0.7508 -0.0825
vn 0.9602 -0.1576 0.2308
vn -0.4793 0.7146 -0.5095
vn -0.8975 0.3883 -0.2093
vn -0.3903 0.7989 -0.4577
vn 0.1173 0.7506 -0.6503
vn 0.9107 -0.2317 -0.3418
vn -0.9499 -0.1958 0.2434
vn 0.8236 0.5254 0.2135
vn -0.4082 0.1930 -0.8923
vn -0.8523 0.0705 -0.5182
vn -0.4051 -0.9126 0.0552
vn -0.2155 -0.1588 -0.9635
vn 0.5386 -0.7682 -0.3460
vn -0.8259 -0.5160 0.2274
vn -0.1933 0.9046 0.3799
vn 0.7205 0.0288 -0.6928
vn -0.5041 -0.8326 0.2296
vn 0.8042 -0.3715 0.4640
vn -0.2068 -0.9375 0.2798
vn -0.3578 0.1698 0.9182
vn 0.1736 0.7036 -0.6891
vn -0.3272 -0.7776 0.5369
vn 0.8154 -0.4134 -0.4051
vn -0.8681 -0.4763 -0.1397
vn 0.7491 -0.5104 0.4224
vn -0.3294 0.6722 -0.6630
vn 0.1649 -0.6475 0.7440
vn 0.4676 0.8661 -0.1768
vn -0.4948 -0.8386 0.2279
vn 0.4673 -0.2121 0.8583
vn 0.8938 -0.3871 -0.2266
vn -0.5327 0.2786 -0.7991
vn -0.8971 0.4369 0.0659
vn 0.4394 -0.5414 0.7168
vn -0.0033 0.1313 -0.9913
vn -0.3346 0.5571 -0.7601
vn 0.0252 -0.7929 0.6089
vn -0.5116 0.3913 0.7649
vn 0.4562 -0.4769 -0.7513
vn 0.0651 0.9842 -0.1649
vn -0.4998 -0.5774 0.6457
vn 0.4607 -0.7029 -0.5419
vn -0.5847 0.6965 0.4159
vn 0.9145 -0.0886 -0.3947
vn -0.6604 0.7021 -0.2663
vn -0.3801 -0.3827 0.8421
vn 0.6410 -0.5618 0.5230
vn -0.9376 0.1537 -0.3118
vn 0.9286 0.3186 0.1901
vn -0.1869 -0.0408 -0.9815
vn -0.8336 -0.1677 -0.5263
vn 0.7382 0.3225 -0.5924
vn -0.2058 0.3060 0.9295
vn 0.6331 -0.4382 -0.6381
vn 0.1861 -0.9656 -0.1816
vn 0.9192 0.3885 -0.0640
vn -0.3261 0.3093 0.8933
vn 0.2611 -0.7367 -0.6238
vn 0.8142 -0.1575 -0.5589
vn -0.4571 0.6923 0.5583
vn -0.7563 -0.1919 0.6254
vn 0.3789 -0.5701 -0.7290
vn -0.1465 0.7004 0.6986
vn -0.1002 -0.5524 -0.8275
vn -0.7819 0.3776 0.4961
vn 0.5096 -0.5909 -0.6254
vn 0.0783 0.6334 0.7699
vn -0.4327 -0.0959 -0.8964
vn 0.5279 0.0580 0.8473
vn -0.6559 0.2852 -0.6989
vn 0.7292 0.2964 0.6168
vn 0.6427 0.7522 -0.1456
vn 0.9556 -0.0582 0.2889
vn -0.8276 0.2998 -0.4744
vn 0.6194 -0.7850 -0.0009
vn -0.8360 -0.1498 0.5279
vn -0.6760 -0.5163 0.5258
vn 0.6816 -0.7227 0.1146
vn 0.6204 -0.3636 -0.6949
vn -0.3874 0.9200 -0.0597
vn 0.6823 0.6146 0.3959
vn -0.9599 -0.2188 0.1754
vn -0.0352 -0.9723 -0.2309
vn -0.9834 -0.1115 -0.1430
vn 0.9566 -0.1448 0.2527
vn 0.0881 0.6189 0.7805
vn -0.3776 0.6286 0.6799
vn 0.5577 -0.1628 -0.8139
vn -0.0261 0.4020 0.9153
vn -0.7110 0.5605 0.4247
vn 0.1160 -0.5581 -0.8216
vn -0.3390 0.5602 -0.7558
vn -0.2171 -0.5394 -0.8136
vn -0.7547 -0.6372 -0.1560
vn 0.9023 0.1159 0.4152
vn 0.2732 0.2171 -0.9371
vn -0.5114 0.1874 0.8387
vn -0.2685 -0.6626 0.6992
vn 0.5723 0.6934 -0.4378
vn -0.2476 -0.2847 0.9261
vn 0.7162 0.4151 0.5610
vn 0.7184 0.6842 0.1256
vn -0.8053 -0.5073 -0.3068
vn 0.3911 0.7479 -0.5364
vn -0.2411 0.0516 0.9691
vn 0.0703 -0.2460 -0.9667
vn 0.3834 0.3555 -0.8524
vn -0.4288 -0.6906 0.5824
vn 0.1958 0.7308 -0.6539
vn -0.3780 -0.2532 0.8905
vn 0.2111 -0.8905 0.4030
vn 0.0027 -0.8400 0.5425
vn 0.4042 -0.2614 -0.8765
vn -0.1853 -0.6155 -0.7660
vn 0.0000 0.5825 -0.8129
vn -0.0098 0.5484 0.8362
vn -0.1309 -0.6635 0.7366
vn 0.6394 0.7652 -0.0754
vn 0.6401 0.6238 0.4484
vn -0.7451 -0.6256 -0.2310
vn 0.9880 0.0134 -0.1539
vn -0.1501 0.7916 0.5924
vn -0.0699 -0.6921 -0.7185
vn -0.8660 0.4132 0.2817
vn 0.9708 0.1741 0.1653
vn -0.4875 0.2650 -0.8319
vn 0.5564 0.8309 -0.0032
vn -0.9623 -0.1730 -0.2101
vn 0.3910 -0.3683 0.8435
vn 0.8372 -0.1513 0.5256
vn -0.2720 0.4855 -0.8308
vn -0.8542 0.4014 -0.3304
vn 0.1409 -0.5141 0.8461
vn -0.4107 -0.6860 0.6005
vn 0.5089 0.4430 -0.7380
vn 0.5147 0.5783 -0.6330
vn 0.5991 -0.4164 -0.6838
vn 0.2650 0.9099 0.3192
vn -0.2261 -0.8019 0.5530
vn -0.3809 -0.8646 -0.3277
vn 0.3491 0.5717 -0.7425
vn -0.4941 -0.4828 0.7230
vn -0.6420 -0.6667 0.3786
vn 0.2536 0.4774 -0.8413
vn 0.2286 -0.5560 -0.7992
vn 0.4107 0.6880 0.5984
vn 0.0091 0.6049 0.7963
vn -0.7827 -0.5939 -0.1863
vn -0.2194 -0.9409 -0.2579
vn -0.6550 0.6995 0.2858
vn -0.9793 -0.1991 -0.0360
vn 0.5971 -0.7861 -0.1598
vn -0.5548 0.5163 -0.6524
vn 0.2069 -0.5382 0.8170
vn 0.7006 0.6808 0.2135
vn -0.1931 -0.9245 0.3288
vn 0.6799 0.3278 0.6560
vn 0.4425 0.8934 0.0777
vn -0.9935 -0.1139 0.0083
vn -0.0409 -0.6903 0.7224
vn 0.3610 0.6893 -0.6281
vn -0.5913 -0.5164 0.6195
vn 0.3480 0.6170 -0.7059
vn 0.7113 0.6287 -0.3143
vn -0.4816 -0.5055 0.7159
vn 0.6760 0.1631 -0.7187
vn -0.9447 -0.0427 0.3250
vn -0.7023 -0.1145 0.7026
vn 0.2863 -0.7313 -0.6191
vn 0.5673 -0.3664 -0.7375
vn -0.5739 0.6873 0.4453
vn 0.2840 -0.6668 -0.6890
vn -0.3490 0.7006 0.6224
vn -0.0554 0.9858 0.1586
vn -0.2902 -0.7882 -0.5426
vn 0.3674 -0.9301 -0.0028
vn -0.0702 0.9376 0.3405
vn 0.5758 0.8166 0.0400
vn -0.7935 -0.4401 -0.4204
vn 0.1399 -0.9165 0.3747
vn 0.7810 0.6081 -0.1425
vn 0.7296 -0.2985 0.6153
vn -0.9911 -0.0851 -0.1020
vn 0.9708 -0.0633 0.2315
vn 0.8324 0.5174 -0.1986
vn -0.8117 -0.5743 0.1064
vn -0.2591 -0.8850 0.3869
vn 0.0612 0.9657 -0.2525
vn -0.2371 -0.9352 -0.2629
vn -0.7792 0.6265 -0.0186
vn 0.2472 0.9653 0.0840
vn 0.5559 -0.7466 -0.3655
vn 0.4552 0.5942 0.6631
vn 0.0917 -0.9932 -0.0722
vn 0.1396 0.9491 0.2825
vn 0.4534 -0.8850 -0.1061
vn -0.0999 -0.9304 0.3528
vn 0.0908 0.7343 0.6727
vn 0.1904 -0.9519 -0.2400
vn 0.6063 0.7882 0.1057
vn -0.0102 0.6096 0.7926
vn -0.5283 -0.8486 -0.0282
vn -0.2703 0.9555 0.1182
vn -0.1080 0.7184 0.6872
vn -0.3470 -0.7303 -0.5884
vn 0.8105 -0.3610 0.4613
vn -0.6941 0.6125 0.3783
vn -0.5270 0.8253 -0.2029
vn -0.1579 -0.4686 -0.8692
vn 0.1329 -0.7247 0.6761
vn 0.1036 0.0733 -0.9919
vn 0.2905 -0.9569 0.0048
vn -0.4483 0.7493 -0.4875
vn 0.2617 -0.1937 0.9455
vn -0.0241 0.9158 -0.4010
vn 0.1028 -0.7123 0.6943
vn 0.2831 0.8859 0.3675
vn 0.5092 -0.0948 0.8554
vn -0.4668 -0.8150 -0.3433
vn 0.1512 0.8583 0.4903
vn -0.0370 -0.7491 -0.6614
vn -0.3259 0.3385 -0.8827
vn -0.0470 -0.9491 -0.3114
vn 0.5743 0.8058 0.1444
vn -0.8594 -0.4631 0.2167
vn 0.5433 0.3012 0.7837
vn -0.7264 0.6743 -0.1327
vn -0.3771 0.6010 -0.7047
vn -0.5727 -0.6789 0.4593
vn 0.5802 0.1686 0.7968
vn 0.8941 0.4478 0.0099
vn -0.8018 0.0630 0.5943
vn -0.6487 -0.4778 0.5924
vn 0.8228 0.2299 -0.5198
vn 0.6752 -0.7217 -0.1526
vn -0.6725 0.5419 0.5040
vn -0.3513 -0.6947 0.6277
vn 0.6271 0.3672 -0.6870
vn -0.9023 -0.3929 0.1774
vn 0.1609 -0.8864 -0.4340
vn -0.0338 0.6408 0.7670
vn 0.6751 -0.7374 -0.0216
vn -0.5807 -0.5588 -0.5921
vn 0.5810 -0.8126 -0.0456
vn 0.0785 -0.5264 -0.8466
vn 0.9320 0.0261 0.3616
vn -0.9355 0.3274 -0.1326
vn 0.9350 0.1814 0.3047
vn -0.9601 0.2296 -0.1598
vn -0.7787 0.2849 -0.5590
vn 0.8256 0.2679 0.4966
vn 0.4894 0.7685 -0.4122
vn -0.4678 0.4229 -0.7761
vn 0.2736 -0.1881 0.9433
vn -0.1200 0.1779 -0.9767
vn -0.0157 -0.4172 0.9087
vn 0.5921 -0.7337 -0.3333
vn -0.5937 0.4034 -0.6963
vn -0.3257 -0.4324 0.8408
vn 0.0773 -0.2157 0.9734
vn 0.6043 -0.3883 -0.6958
vn -0.6714 0.5856 0.4542
vn 0.3797 -0.9024 -0.2035
vn 0.5144 -0.8056 -0.2939
vn -0.9577 0.1969 -0.2101
vn 0.6052 -0.7952 0.0370
vn -0.5169 0.8506 -0.0965
vn 0.3300 -0.9388 -0.0984
vn -0.4388 0.8727 0.2140
vn -0.7701 0.3564 -0.5291
vn 0.4314 -0.8696 -0.2401
vn 0.8379 -0.4306 0.3354
vn -0.9045 0.1929 0.3804
vn 0.8398 -0.5427 0.0163
vn -0.8442 0.2468 -0.4758
vn 0.9341 -0.0080 -0.3570
vn 0.6762 0.3343 -0.6565
vn -0.5622 -0.3782 0.7354
vn -0.1619 0.9108 -0.3798
vn 0.7739 0.1636 0.6118
vn 0.7811 -0.6178 0.0910
vn -0.1041 0.9889 0.1057
vn 0.2080 0.8089 0.5499
vn 0.1436 -0.9854 0.0910
vn -0.5409 -0.3641 -0.7582
vn -0.3485 -0.2043 -0.9148
vn -0.4311 0.1616 -0.8877
vn 0.3484 0.1267 0.9288
vn -0.7260 0.3625 -0.5844
vn -0.2823 0.3913 0.8759
vn 0.6249 -0.3652 0.6900
vn 0.4217 -0.7367 -0.5286
vn 0.4230 0.4620 0.7796
vn -0.2326 -0.7408 -0.6302
vn 0.2839 0.8993 0.3326
vn 0.5523 0.3273 0.7667
vn -0.6571 -0.4291 -0.6198
vn 0.6703 0.2185 0.7091
vn -0.5338 -0.7435 0.4027
vn 0.0569 0.2658 -0.9623
vn -0.9735 -0.1087 0.2010
vn 0.9524 -0.2952 0.0762
vn -0.4294 0.1714 0.8867
vn 0.0598 -0.2302 -0.9713
vn 0.7364 0.0496 0.6747
vn 0.6777 0.3722 0.6342
vn -0.5960 -0.5314 -0.6020
vn -0.3233 -0.3633 -0.8738
vn 0.5618 0.6433 0.5201
vn -0.0363 0.4939 0.8688
vn 0.5439 0.5584 -0.6263
vn -0.7205 -0.2433 0.6493
vn 0.4336 0.8490 -0.3019
vn 0.8637 -0.4236 0.2730
vn -0.8768 -0.0521 0.4781
vn 0.6437 0.7522 -0.1406
vn -0.7692 -0.5558 -0.3154
vn -0.5945 -0.8038 0.0204
vn 0.7716 -0.1591 0.6159
vn 0.0393 0.6422 -0.7655
vn 0.2525 0.0255 0.9673
vn 0.4983 -0.7267 0.4730
vn -0.8840 0.4671 -0.0174
vn 0.5673 -0.8132 0.1298
vn -0.1648 0.8495 -0.5012
vn 0.3297 -0.2464 -0.9113
vn -0.2999 -0.1623 -0.9401
vn 0.0288 0.9903 0.1362
vn 0.1614 -0.9137 0.3728
vn 0.0127 -0.8347 0.5505
vn -0.3897 0.2008 0.8988
vn 0.1929 0.8433 0.5016
vn 0.2315 0.8059 0.5449
vn -0.9797 -0.1134 0.1650
vn -0.8760 -0.3568 -0.3245
vn -0.9860 -0.0552 -0.1571
vn 0.9267 -0.1418 0.3480
vn 0.6524 -0.5098 -0.5608
vn 0.8805 0.4256 0.2088
vn -0.6812 0.5329 0.5019
vn -0.7996 0.4102 -0.4387
vn -0.7157 0.5053 0.4821
vn 0.6050 -0.5428 0.5826
vn 0.9381 0.2724 0.2138
vn 0.1389 0.8234 -0.5502
vn -0.3781 0.2294 -0.8969
vn -0.6779 0.3213 0.6612
vn 0.2402 -0.1844 0.9530
vn 0.0757 0.1012 -0.9920
vn 0.8315 -0.3722 -0.4123
vn -0.5507 0.5941 0.5864
vn 0.5552 -0.7733 -0.3062
vn -0.3577 0.9275 0.1087
vn 0.1226 -0.8769 0.4648
vn -0.1523 0.9780 0.1426
vn -0.1247 -0.9875 0.0963
vn 0.3043 0.9465 -0.1076
vn 0.1092 0.9866 0.1209
vn -0.6791 -0.7170 -0.1572
vn -0.6364 0.5699 0.5198
vn 0.1609 -0.9489 -0.2716
vn 0.5005 0.8641 0.0532
vn -0.2921 0.7597 -0.5810
vn -0.5189 -0.8531 0.0553
vn 0.2738 0.9354 -0.2238
vn 0.6927 -0.4162 -0.5890
vn 0.9915 -0.0887 -0.0956
vn -0.1173 0.9695 -0.2154
vn -0.3346 -0.8799 0.3375
vn 0.0134 -0.8123 0.5830
vn 0.0787 -0.9846 -0.1562
vn -0.8024 0.4595 0.3809
vn 0.3076 -0.7234 -0.6182
vn 0.9152 -0.3703 -0.1587
vn -0.3282 -0.0306 -0.9441
vn 0.1968 -0.2547 0.9468
vn -0.8605 0.4859 -0.1534
vn -0.8020 0.1170 0.5857
vn 0.6104 0.2460 -0.7529
vn 0.3797 -0.9140 -0.1429
vn 0.7948 0.5107 -0.3278
vn 0.2286 -0.9435 -0.2399
vn -0.8587 -0.2000 -0.4718
vn 0.1529 0.9586 0.2404
vn 0.8684 0.2132 0.4478
vn 0.0145 -0.7344 0.6785
vn -0.4618 0.1988 -0.8644
vn -0.3172 0.8146 0.4855
vn 0.1360 0.0644 0.9886
vn -0.7780 -0.1376 0.6130
vn 0.0994 -0.7721 0.6277
vn -0.5503 -0.4463 -0.7057
vn 0.5918 0.7643 -0.2561
vn -0.9727 -0.2281 -0.0427
vn 0.2859 0.5822 0.7612
vn -0.2238 0.2666 -0.9375
vn 0.3349 -0.3455 0.8766
vn -0.1220 -0.6975 -0.7061
vn 0.4531 -0.8886 0.0712
vn -0.6770 0.0595 -0.7336
vn 0.6890 -0.2510 0.6799
vn -0.4884 0.7669 -0.4164
vn -0.5913 0.7741 -0.2259
vn 0.4151 -0.8711 0.2623
vn -0.6607 0.3433 -0.6676
vn 0.4245 -0.5107 0.7477
vn 0.4249 -0.2525 0.8693
vn -0.5159 -0.8309 -0.2083
vn 0.1046 0.8509 0.5148
vn -0.0294 -0.9184 -0.3946
vn -0.5833 -0.2359 -0.7773
vn 0.6492 -0.6169 0.4450
vn -0.4688 0.8641 0.1832
vn 0.5521 -0.2982 -0.7786
vn -0.9780 -0.0022 0.2084
vn -0.4592 -0.6402 0.6159
vn 0.9872 -0.0785 -0.1391
vn 0.3738 0.4653 0.8023
vn -0.1818 0.3085 -0.9337
vn -0.3973 -0.2157 -0.8920
vn 0.0430 -0.6491 0.7595
vn -0.1395 -0.1477 0.9791
vn 0.6765 0.5814 -0.4521
vn 0.3751 0.2562 -0.8909
vn 0.7441 0.4237 -0.5165
vn -0.1875 -0.6321 0.7519
vn 0.9758 -0.2123 -0.0516
vn 0.4085 -0.8614 0.3019
vn -0.0681 0.6404 -0.7651
vn -0.3436 0.9216 0.1804
vn -0.2288 0.1801 0.9567
vn 0.0023 -0.7719 -0.6358
vn -0.0420 0.4610 0.8864
vn 0.0411 -0.5977 -0.8007
vn -0.1239 0.5392 0.8330
vn -0.4613 -0.7981 -0.3876
vn -0.6918 0.2484 0.6781
vn -0.9961 -0.0651 -0.0594
vn 0.6250 -0.5497 -0.5543
vn -0.9021 0.4282 -0.0542
vn 0.2163 0.6626 0.7170
vn 0.5768 0.4094 0.7069
vn -0.5684 -0.3625 -0.7386
vn -0.6209 -0.3693 -0.6915
vn 0.7084 0.4465 0.5467
vn 0.5855 0.7228 -0.3671
vn -0.4375 0.5867 -0.6814
vn -0.9948 -0.0642 -0.0795
vn 0.9705 0.0492 -0.2359
vn -0.7890 -0.0109 0.6143
vn -0.7937 -0.3990 0.4593
vn 0.4445 -0.8869 -0.1255
vn -0.1787 0.9247 0.3362
vn 0.2461 0.7707 0.5877
vn 0.3062 -0.7708 -0.5587
vn -0.8544 -0.4897 -0.1740
vn 0.9535 -0.2302 -0.1944
vn 0.9746 0.1474 -0.1684
vn -0.7630 0.4237 0.4881
vn -0.9345 -0.3167 0.1625
vn 0.8131 0.1913 -0.5497
vn -0.1908 -0.9231 -0.3340
vn 0.3136 -0.2296 -0.9214
vn -0.0833 0.6197 0.7804
vn -0.1856 0.0355 -0.9820
vn -0.8496 -0.2922 -0.4391
vn -0.9667 -0.1724 -0.1894
vn -0.5234 0.8486 -0.0767
vn 0.6059 0.7949 0.0334
vn -0.8526 -0.4081 0.3265
vn -0.4485 0.2190 0.8666
vn -0.0786 0.0263 0.9966
vn 0.1852 0.3815 -0.9056
vn 0.6037 0.1924 0.7736
vn -0.3027 -0.9137 0.2711
vn 0.8660 0.4376 0.2419
vn -0.6723 0.1487 -0.7252
vn -0.7344 -0.6165 -0.2839
vn -0.0043 0.7570 0.6534
vn -0.6056 -0.7709 0.1974
vn -0.4397 0.5133 0.7370
vn -0.2111 -0.6549 -0.7257
vn 0.6309 0.7758 -0.0029
vn 0.5144 -0.4231 -0.7459
vn 0.0453 -0.7865 -0.6159
vn 0.9007 0.4225 0.1012
vn -0.8713 0.3038 0.3855
vn -0.9696 -0.2137 -0.1195
vn 0.7361 0.2130 -0.6425
vn -0.1653 0.9781 -0.1263
vn -0.4776 -0.0644 0.8762
vn 0.3803 0.2761 -0.8827
vn -0.0203 0.4056 0.9138
vn -0.1113 0.2165 0.9699
vn -0.1615 -0.9869 0.0031
vn -0.1515 -0.1042 -0.9830
vn 0.8065 0.5146 0.2910
vn -0.8929 -0.4207 0.1603
vn -0.5585 -0.8007 0.2166
vn 0.5023 -0.2057 -0.8398
vn 0.8750 -0.1545 -0.4587
vn 0.2111 0.7244 0.6563
vn -0.5363 0.6253 0.5669
vn -0.7157 0.5580 0.4199
vn 0.9413 -0.3291 0.0756
vn 0.9265 0.1464 -0.3466
vn -0.9208 0.3894 -0.0203
vn 0.4085 -0.3937 0.8235
vn -0.3940 0.3894 -0.8326
vn 0.0816 -0.4458 0.8914
vn 0.5689 -0.7078 0.4188
vn -0.2041 0.7431 -0.6372
vn -0.3333 -0.6165 0.7134
vn -0.1637 0.6196 0.7677
vn -0.7500 -0.6138 0.2466
vn 0.8072 -0.1111 -0.5798
vn -0.3569 0.7299 0.5830
vn -0.7014 -0.6708 -0.2410
vn -0.1832 -0.5247 -0.8313
vn 0.9946 0.0808 0.0656
vn -0.6800 0.0218 -0.7328
vn 0.9507 -0.1412 0.2763
vn -0.6144 0.0853 0.7844
vn -0.4372 0.0673 -0.8968
vn -0.6499 0.5561 0.5180
vn 0.3028 -0.9057 -0.2968
vn 0.4783 -0.0085 0.8781
vn 0.0850 0.8390 0.5375
vn -0.6405 0.3354 -0.6908
vn 0.3480 0.8662 -0.3585
vn -0.9018 -0.1693 -0.3976
vn -0.6759 -0.6462 -0.3543
vn -0.3710 -0.5376 0.7572
vn 0.8235 0.4540 -0.3402
vn 0.9917 -0.0844 -0.0973
vn 0.2045 0.4323 0.8782
vn -0.5494 0.8273 -0.1169
vn 0.8421 -0.4481 -0.3001
vn -0.6378 -0.1757 0.7499
vn 0.6290 -0.3769 -0.6799
vn 0.6187 0.3898 -0.6821
vn 0.2497 -0.9518 -0.1781
vn -0.4325 0.4923 0.7553
vn -0.4818 -0.6603 -0.5760
vn 0.4061 0.6221 0.6694
vn -0.6113 -0.5161 -0.6000
vn 0.6551 0.4466 0.6095
vn 0.0810 0.8223 0.5632
vn -0.2202 -0.7349 -0.6414
vn 0.4648 0.7713 0.4347
vn -0.6239 -0.1959 -0.7566
vn 0.5708 0.3659 0.7351
vn 0.8462 0.5236 0.0990
vn -0.1162 -0.8424 0.5262
vn 0.7657 -0.2646 0.5862
vn -0.7303 0.2550 -0.6338
vn 0.6379 -0.6630 0.3918
vn 0.2976 0.4408 -0.8468
vn 0.3781 -0.3742 0.8468
vn -0.6255 0.7556 0.1945
vn -0.5872 -0.1904 0.7867
vn -0.1633 -0.9294 0.3310
vn -0.1311 -0.9475 0.2918
vn -0.9823 -0.1022 0.1571
vn 0.9755 0.2188 -0.0238
vn -0.9020 0.2967 -0.3138
vn 0.9306 -0.2023 0.3051
vn 0.3238 -0.6239 0.7113
vn 0.7667 0.1960 0.6114
vn -0.5031 0.5265 -0.6854
vn -0.2144 0.0609 -0.9748
vn 0.3861 0.3965 0.8329
vn 0.6218 0.3998 0.6734
vn -0.2270 -0.3776 -0.8977
vn 0.2565 -0.5498 -0.7949
vn 0.3083 0.7674 0.5622
vn 0.5410 0.4704 0.6972
vn -0.2968 -0.7273 -0.6188
vn -0.8155 -0.4980 -0.2950
vn 0.8344 -0.5511 -0.0017
vn -0.1351 -0.9723 0.1905
vn 0.3293 -0.1261 -0.9358
vn -0.2938 -0.5193 0.8025
vn 0.5028 -0.1088 -0.8575
vn 0.3908 -0.5403 0.7453
vn 0.3182 0.1301 0.9391
vn -0.8551 -0.1205 -0.5043
vn -0.0460 0.8592 0.5096
vn -0.7269 -0.1937 0.6589
vn 0.2372 -0.5958 -0.7673
vn 0.6037 0.5631 0.5643
vn 0.0642 0.9963 -0.0567
vn 0.6704 -0.7358 -0.0959
vn -0.0984 0.8364 -0.5392
vn -0.7072 0.5458 -0.4493
vn -0.0707 -0.0483 0.9963
vn 0.2578 0.4385 0.8610
vn 0.9901 -0.0668 0.1234
vn -0.4387 -0.1385 -0.8879
vn -0.9649 -0.1913 -0.1797
vn 0.4296 0.6894 0.5833
vn 0.9348 0.2607 -0.2414
vn -0.4400 -0.7184 -0.5387
vn -0.9025 -0.4130 0.1219
vn 0.0764 -0.7522 0.6545
vn 0.8664 -0.0182 -0.4991
vn -0.7679 -0.0352 0.6397
vn 0.0739 0.4389 -0.8955
vn 0.0368 0.7656 -0.6422
vn 0.3201 -0.8169 0.4798
vn 0.1929 0.4528 -0.8705
vn -0.6153 -0.1563 -0.7727
vn -0.3651 -0.6262 0.6889
vn 0.4869 -0.1274 -0.8641
vn -0.6768 -0.1779 0.7143
vn -0.0485 0.8193 0.5713
vn -0.8722 0.3953 0.2880
vn 0.5818 -0.7785 0.2354
vn 0.5071 0.8176 0.2728
vn -0.2602 0.9083 -0.3276
vn 0.0126 -0.6463 0.7630
vn 0.7571 -0.3636 0.5428
vn 0.5966 0.5704 -0.5646
vn -0.2467 -0.0982 -0.9641
vn -0.5885 -0.7638 -0.2649
vn -0.4486 0.0199 0.8935
vn 0.9374 -0.2761 -0.2123
vn -0.9243 0.1292 -0.3592
vn -0.7597 0.3291 0.5609
vn -0.7940 0.0055 0.6079
vn 0.7000 -0.5110 -0.4988
vn 0.1681 -0.9266 -0.3364
vn 0.5892 -0.6454 -0.4861
vn 0.2451 0.8722 0.4234
vn -0.7466 0.4454 0.4941
vn -0.4060 -0.7190 -0.5641
vn 0.2569 -0.8880 -0.3814
vn -0.7040 0.5190 0.4849
vn -0.1562 0.9544 0.2544
vn 0.5083 0.5903 0.6270
vn -0.4541 0.8907 -0.0223
vn -0.7209 0.1646 -0.6732
vn 0.0037 0.7541 -0.6567
vn 0.4774 0.2279 0.8486
vn 0.2540 0.6797 -0.6881
vn -0.1021 0.8014 -0.5894
vn 0.1057 -0.1365 0.9850
vn 0.4768 0.5004 -0.7227
vn 0.3391 -0.3499 0.8733
vn -0.5221 -0.4644 0.7154
vn 0.9939 -0.0748 -0.0815
vn 0.8510 0.3336 -0.4056
vn -0.4336 -0.6650 0.6081
vn -0.8497 -0.4278 0.3082
vn 0.8679 -0.3209 -0.3791
vn 0.9390 0.2187 -0.2654
vn -0.8642 0.2255 0.4498
vn -0.9530 -0.3031 -0.0024
vn 0.7256 -0.3226 -0.6078
vn 0.9672 0.1883 -0.1705
vn -0.9779 -0.1819 0.1034
vn -0.9494 -0.0466 -0.3107
vn 0.9974 0.0341 -0.0638
vn 0.6619 0.5019 -0.5568
vn -0.0921 -0.4566 0.8849
vn -0.9174 -0.0088 -0.3979
vn 0.7393 0.6102 0.2847
vn 0.6163 0.5996 0.5106
vn 0.0292 0.8854 0.4639
vn -0.9638 0.1982 0.1786
vn 0.6829 0.6015 0.4145
vn 0.0126 -0.8777 0.4791
vn 0.0567 0.9256 -0.3744
vn -0.5720 -0.8086 -0.1379
vn -0.1617 -0.9726 -0.1669
vn 0.6189 0.7852 -0.0214
vn 0.1015 0.7958 0.5969
vn -0.1520 -0.8920 0.4257
vn -0.3734 0.9221 -0.1015
vn 0.5320 -0.2074 -0.8210
vn -0.7425 0.6628 0.0971
vn -0.2578 -0.2047 0.9443
vn 0.2713 0.1845 -0.9446
vn 0.0487 -0.9730 -0.2258
vn 0.2171 0.4516 0.8654
vn 0.4271 0.3698 0.8251
vn -0.6623 -0.5750 -0.4804
vn 0.7671 0.4663 -0.4407
vn 0.7129 0.4449 0.5420
vn -0.7209 -0.5583 0.4106
vn 0.9454 0.2636 -0.1919
vn 0.9516 0.1388 0.2742
vn -0.9450 -0.1845 0.2700
vn -0.7737 0.2141 0.5963
vn 0.8941 -0.2597 -0.3648
vn 0.9881 0.0442 -0.1474
vn -0.8482 0.3043 0.4335
vn -0.5503 0.8000 -0.2393
vn -0.9512 0.1361 0.2771
vn -0.7249 -0.6862 -0.0599
vn 0.2514 -0.8010 -0.5433
vn 0.6497 -0.6878 0.3238
vn 0.9652 -0.0708 -0.2518
vn -0.0605 0.9906 -0.1228
vn -0.1628 0.8328 0.5290
vn 0.4682 0.1621 -0.8686
vn -0.6275 -0.7786 -0.0037
vn -0.3573 -0.9311 0.0732
vn 0.9324 -0.3476 0.0989
vn -0.6464 -0.1453 0.7490
vn 0.6018 0.5712 -0.5582
vn 0.0565 -0.7915 -0.6086
vn 0.4024 0.6576 0.6368
vn 0.2332 0.7178 0.6560
vn -0.5252 -0.6221 -0.5806
vn 0.0442 0.4131 0.9096
vn -0.5259 -0.4735 -0.7066
vn -0.8386 0.2549 -0.4814
vn 0.8002 0.4586 0.3864
vn 0.3170 0.1750 0.9321
vn 0.1541 0.4508 0.8792
vn -0.3845 0.1749 -0.9064
vn 0.3213 -0.2231 0.9203
vn 0.3470 0.4622 0.8160
vn -0.2586 0.2617 -0.9298
vn 0.1729 0.2305 -0.9576
vn 0.2126 0.3233 0.9221
vn 0.4347 0.5111 0.7415
vn -0.1492 -0.2934 -0.9443
vn 0.0212 -0.5267 -0.8498
vn -0.3943 0.7329 0.5545
vn 0.3346 0.6805 0.6519
vn 0.3316 -0.7584 -0.5611
vn -0.6283 0.7480 0.2141
vn 0.4038 0.7682 0.4969
vn 0.7957 -0.5999 -0.0835
vn 0.0276 -0.8979 -0.4394
vn -0.0933 -0.7011 -0.7069
vn -0.4705 -0.3935 -0.7898
vn 0.1821 0.9439 0.2756
vn 0.4325 -0.3850 0.8153
vn -0.1119 0.2940 -0.9492
vn 0.4322 0.5307 0.7291
vn -0.8017 -0.5743 -0.1657
vn 0.6175 -0.5405 0.5714
vn -0.8851 -0.2385 0.3996
vn 0.2327 0.7373 -0.6342
vn -0.3240 -0.5677 0.7568
vn -0.0202 -0.2715 0.9622
vn -0.6546 0.6622 -0.3645
vn -0.3412 -0.5670 -0.7497
vn 0.5167 -0.0004 -0.8562
vn 0.9585 -0.1095 0.2633
vn -0.5730 0.7827 -0.2430
vn -0.4533 -0.7932 0.4066
vn 0.2968 0.9278 0.2261
vn 0.2820 -0.1013 -0.9540
vn 0.1458 -0.1312 -0.9806
vn 0.1563 0.6452 0.7479
vn 0.2378 -0.7425 0.6262
vn -0.0919 -0.8984 -0.4295
vn -0.3984 -0.8261 -0.3985
vn 0.6428 0.6443 0.4143
vn -0.6887 -0.6845 0.2392
vn 0.5681 0.8228 -0.0146
vn -0.6168 -0.1281 0.7766
vn -0.6976 -0.7161 0.0247
vn 0.9277 0.2188 -0.3026
vn -0.8176 0.2503 0.5185
vn 0.3179 0.8600 0.3991
vn -0.7853 -0.4827 -0.3877
vn 0.8129 -0.1585 0.5604
vn 0.7913 0.4281 0.4365
vn -0.4531 0.7043 -0.5464
vn -0.8190 0.0581 -0.5708
vn 0.7283 -0.3082 0.6121
vn -0.3484 0.5532 -0.7567
vn -0.9281 -0.2629 0.2635
vn 0.6777 -0.7256 0.1193
vn 0.4308 -0.8825 -0.1888
vn 0.2885 0.9437 -0.1620
vn -0.3522 -0.9346 0.0504
vn -0.5220 0.7666 0.3739
vn -0.7560 0.1004 0.6469
vn -0.9198 -0.2916 -0.2625
vn 0.4851 0.8213 0.3002
vn 0.9107 0.2952 0.2891
vn -0.8464 0.5259 -0.0839
vn 0.7737 0.0975 0.6260
vn -0.3962 0.9080 -0.1365
vn -0.6569 0.7031 -0.2724
vn 0.6740 0.7386 0.0164
vn -0.2707 -0.8435 0.4638
vn 0.6564 -0.2246 0.7202
vn -0.8848 -0.4658 0.0143
vn -0.8042 -0.5878 0.0881
vn 0.8579 0.5118 -0.0459
vn -0.0378 0.9164 -0.3985
vn 0.5904 0.5261 0.6120
vn -0.4389 -0.2039 -0.8751
vn 0.4511 -0.6030 0.6580
vn -0.4570 0.5116 -0.7277
vn 0.3901 0.6096 0.6901
vn 0.2727 0.2704 -0.9233
vn -0.1413 0.9900 0.0015
vn 0.7626 0.2420 -0.5999
vn -0.2863 -0.9303 0.2295
vn 0.8009 0.5812 -0.1438
vn 0.9376 0.1927 0.2896
vn -0.4671 -0.8339 -0.2941
vn -0.9327 0.3483 -0.0937
vn 0.5368 0.5636 0.6279
vn 0.0999 -0.3438 0.9337
vn -0.0278 -0.6315 -0.7749
vn 0.2638 0.4439 0.8564
vn -0.3692 0.4800 -0.7958
vn -0.4905 0.4231 0.7619
vn -0.8184 -0.2445 0.5201
vn 0.4751 -0.6200 -0.6244
vn 0.7048 0.3635 -0.6092
vn -0.9575 -0.2813 0.0638
vn 0.6172 -0.6882 -0.3814
vn -0.6826 0.6638 0.3056
vn 0.9532 0.2614 -0.1522
vn 0.2251 -0.0835 0.9708
vn -0.3780 -0.6478 -0.6614
vn 0.5073 0.6659 0.5471
vn -0.1331 -0.0322 -0.9906
vn 0.2174 0.6023 0.7681
vn -0.3372 -0.9289 0.1531
vn 0.1895 0.9803 0.0550
vn -0.0407 -0.6075 -0.7933
vn 0.0905 -0.3575 -0.9295
vn -0.0888 0.3436 0.9349
vn -0.2897 -0.9553 -0.0585
vn 0.4900 0.8180 -0.3012
vn 0.4448 0.8905 -0.0962
vn -0.6048 -0.4970 0.6223
vn -0.6417 -0.6906 0.3336
vn 0.1309 0.9867 -0.0967
vn -0.7075 -0.2226 -0.6707
vn -0.6044 0.7918 0.0884
vn -0.1683 -0.9839 -0.0609
vn 0.9129 0.2188 0.3447
vn 0.4809 0.8283 -0.2875
vn -0.6640 0.3990 -0.6324
vn 0.9654 0.0359 -0.2583
vn -0.1451 0.9570 -0.2511
vn 0.4907 -0.3574 -0.7947
vn -0.5207 0.6180 0.5890
vn 0.4368 -0.8934 -0.1049
vn -0.9321 0.0863 -0.3517
vn 0.6168 0.2788 0.7361
vn -0.0897 0.1253 -0.9881
vn -0.2480 0.6243 0.7408
vn 0.4436 -0.8658 -0.2317
vn -0.4651 -0.3130 0.8281
vn -0.2667 -0.7177 -0.6432
vn 0.7799 0.2695 -0.5650
vn -0.6079 0.5076 0.6106
vn -0.7357 -0.4477 0.5083
vn 0.5610 0.3466 0.7518
vn 0.7545 0.3234 0.5711
vn 0.3944 0.5913 -0.7034
vn 0.3077 -0.9514 0.0127
vn 0.3554 -0.5470 0.7579
vn 0.0813 0.9764 -0.2002
vn -0.3068 0.6951 -0.6502
vn 0.3176 -0.4718 0.8225
vn -0.0522 0.5617 -0.8257
vn -0.5696 0.4596 -0.6814
vn -0.6827 -0.3426 0.6454
vn -0.1683 -0.9834 -0.0673
vn 0.9977 -0.0669 0.0142
vn 0.2379 0.9389 0.2487
vn -0.9562 0.2457 -0.1588
vn -0.7030 -0.7079 -0.0682
vn 0.8600 0.4823 0.1667
vn 0.7571 0.3450 -0.5549
vn 0.9399 -0.1075 -0.3242
vn -0.6886 0.3612 0.6288
vn 0.4438 -0.6408 -0.6264
vn -0.2525 -0.9158 -0.3123
vn 0.0704 -0.3229 -0.9438
vn 0.9774 0.1134 -0.1783
vn -0.7797 -0.2592 -0.5700
vn 0.9151 -0.1934 0.3539
vn 0.1339 0.1515 0.9793
vn -0.7214 0.2784 -0.6341
vn 0.3958 -0.6786 0.6188
vn -0.2500 0.8230 -0.5100
vn 0.2327 -0.8244 -0.5159
vn -0.6299 0.6816 -0.3724
vn -0.2516 0.7607 -0.5983
vn 0.3939 -0.5598 0.7291
vn -0.0779 0.9422 -0.3260
vn 0.4484 -0.8133 0.3708
vn 0.2363 -0.9280 0.2880
vn -0.8444 -0.3502 -0.4054
vn 0.7086 -0.7041 -0.0453
vn 0.3976 0.9132 -0.0897
vn -0.6678 -0.5752 -0.4723
vn 0.4752 0.2912 0.8303
vn 0.1780 0.7876 0.5900
vn -0.5027 0.6408 -0.5803
vn -0.5288 -0.0727 0.8456
vn -0.2873 0.7124 -0.6403
vn -0.3243 -0.9459 0.0100
vn 0.3166 0.4650 -0.8268
vn 0.8994 0.3824 -0.2119
vn -0.4876 0.2488 0.8369
vn 0.7533 -0.3129 -0.5785
vn 0.2181 -0.2187 -0.9511
vn 0.7434 -0.6288 0.2279
vn 0.0579 0.3406 0.9384
vn 0.3228 -0.8068 0.4949
vn 0.4452 -0.8569 -0.2598
vn -0.5263 -0.2809 -0.8026
vn 0.1102 -0.9920 -0.0618
vn 0.8407 0.0159 0.5412
vn -0.9559 0.1037 -0.2748
vn -0.7348 -0.6758 0.0584
vn -0.5177 0.8332 -0.1944
vn -0.0392 0.3643 0.9305
vn 0.2525 -0.8740 0.4151
vn -0.4877 0.6122 -0.6224
vn 0.5798 0.8034 -0.1356
vn -0.7096 0.2986 -0.6382
vn -0.8872 -0.4443 -0.1242
vn 0.7663 -0.1721 0.6190
vn 0.2544 -0.7286 -0.6360
vn 0.0483 0.9954 0.0823
vn -0.0135 -0.8661 -0.4996
vn -0.2088 -0.8068 0.5527
vn -0.2058 0.7404 0.6399
vn -0.3290 -0.3615 -0.8724
vn 0.2015 0.9723 0.1184
vn 0.3270 0.4051 0.8538
vn 0.0852 -0.5266 -0.8459
vn 0.3100 -0.4551 -0.8347
vn -0.4047 -0.6704 0.6219
vn 0.2185 0.9722 -0.0845
vn 0.1715 0.0672 0.9829
vn -0.4031 -0.5907 0.6990
vn -0.1963 0.9193 0.3412
vn -0.3800 -0.8388 0.3898
vn 0.3563 -0.9061 0.2281
vn 0.1472 0.8666 -0.4769
vn -0.3420 0.6490 -0.6796
vn 0.4534 -0.6630 0.5957
vn -0.0414 0.1361 -0.9898
vn -0.0954 -0.3736 0.9227
vn -0.1584 0.9015 -0.4027
vn -0.2608 -0.6585 0.7059
vn 0.2448 0.1857 -0.9516
vn -0.5440 -0.8179 0.1874
vn -0.7519 0.0485 0.6575
vn 0.5848 0.6270 0.5147
vn 0.1248 0.7156 0.6873
vn 0.5867 -0.3045 -0.7504
vn -0.6093 0.7854 -0.1095
vn -0.5445 -0.7725 -0.3268
vn 0.2229 -0.9579 -0.1811
vn -0.4701 -0.6120 -0.6360
vn 0.4696 -0.8823 0.0308
vn 0.2997 0.9344 -0.1926
vn -0.7955 -0.0160 -0.6057
vn -0.6570 -0.0984 -0.7474
vn 0.4506 0.8288 -0.3317
vn -0.7589 -0.3896 0.5219
vn 0.8443 0.3817 -0.3762
vn 0.9054 -0.2799 -0.3191
vn -0.0391 0.5837 -0.8110
vn -0.6430 0.6545 0.3977
vn -0.4788 0.0983 0.8724
vn 0.2816 -0.8648 0.4158
vn 0.3436 -0.9280 -0.1439
vn -0.4440 0.6932 0.5677
vn -0.1578 -0.9848 0.0728
vn 0.9223 -0.3847 -0.0376
vn -0.0177 0.9831 0.1822
vn -0.2912 0.9185 0.2677
vn -0.5059 0.6246 0.5949
vn -0.8054 0.5923 0.0244
vn -0.4187 -0.8974 0.1391
vn 0.3967 -0.8560 -0.3315
vn -0.2377 -0.9674 -0.0874
vn 0.6280 0.6389 0.4443
vn -0.6623 0.6934 -0.2838
vn -0.6881 -0.2784 -0.6701
vn -0.8734 -0.2704 -0.4051
vn -0.0431 0.9521 -0.3029
vn 0.0800 -0.6327 0.7702
vn 0.4470 0.4217 0.7889
vn 0.2322 0.2305 -0.9450
vn 0.2970 0.9036 -0.3085
vn -0.1024 0.0148 0.9946
vn 0.6831 -0.0485 -0.7287
vn 0.6608 0.4101 -0.6286
vn -0.4212 0.0891 0.9026
vn -0.8800 0.2981 0.3698
vn 0.8149 -0.5464 0.1932
vn -0.8609 0.5041 -0.0688
vn 0.8870 -0.1184 -0.4464
vn -0.1410 -0.9368 0.3201
vn -0.7801 0.6164 -0.1070
vn 0.3365 -0.9415 -0.0159
vn -0.6827 0.5446 0.4871
vn 0.7636 0.4180 0.4921
vn -0.4994 0.7043 -0.5045
vn -0.4000 0.6279 -0.6677
vn -0.3600 -0.9053 -0.2256
vn 0.8767 0.1651 0.4519
vn 0.1023 0.9701 -0.2202
vn -0.9804 0.0562 0.1889
vn -0.6613 0.7349 -0.1504
vn 0.8075 0.5401 -0.2370
vn 0.2378 -0.8958 -0.3755
vn -0.6988 0.2139 0.6825
vn 0.0442 -0.4624 -0.8856
vn 0.9110 0.2222 0.3473
vn 0.0669 0.1264 -0.9897
vn -0.4546 0.1526 -0.8775
vn 0.0833 -0.5452 0.8342
vn -0.2745 -0.2374 0.9318
vn -0.1971 0.5861 -0.7859
vn 0.2208 0.6393 -0.7365
vn 0.3526 -0.8991 0.2594
vn -0.7770 0.0583 0.6268
vn 0.3743 0.8575 -0.3531
vn 0.9988 -0.0341 -0.0346
vn -0.7064 0.4970 0.5040
vn 0.2241 0.9617 0.1576
vn 0.9241 0.3299 -0.1931
vn 0.5776 0.2603 0.7737
vn -0.0616 -0.7511 0.6573
vn 0.5638 -0.8254 -0.0297
vn -0.5935 0.7162 -0.3672
vn 0.4415 -0.3648 0.8198
vn -0.7809 -0.5986 0.1787
vn 0.6376 -0.5084 0.5788
vn 0.2036 0.8933 0.4008
vn -0.4501 -0.6785 -0.5805
vn 0.4434 -0.3092 0.8413
vn -0.0939 0.4473 0.8894
vn -0.3168 0.4360 -0.8423
vn -0.0193 -0.3817 -0.9241
vn 0.2600 -0.4792 0.8383
vn -0.8094 -0.1271 -0.5734
vn 0.7097 -0.2926 0.6409
vn -0.0187 0.2452 -0.9693
vn 0.1598 -0.5414 0.8255
vn -0.3978 0.5284 -0.7501
vn -0.0736 0.5035 -0.8608
vn 0.5978 0.0881 0.7968
vn -0.3188 -0.2806 0.9053
vn -0.8883 -0.0604 -0.4553
vn -0.8693 -0.1657 0.4657
vn -0.6457 -0.5738 -0.5038
vn 0.6316 0.7040 -0.3247
vn 0.2623 0.7184 0.6442
vn -0.6830 -0.2539 0.6849
vn 0.0767 0.5963 -0.7991
vn 0.1503 0.3386 0.9288
vn -0.6757 -0.2860 0.6794
vn -0.2161 -0.4847 0.8476
vn 0.0555 -0.2078 -0.9766
vn -0.3270 0.6934 0.6421
vn 0.3525 -0.9301 -0.1030
vn -0.4215 0.8094 -0.4088
vn 0.4046 -0.7097 -0.5768
vn 0.2906 0.8051 0.5170
vn 0.1250 -0.7249 -0.6774
vn -0.7523 0.4079 -0.5174
vn 0.2876 -0.5932 -0.7519
vn -0.9496 -0.3052 -0.0710
vn 0.9001 0.1272 0.4167
vn 0.7645 0.5081 0.3967
vn 0.2454 0.4972 0.8322
vn -0.0329 0.9645 0.2621
vn -0.9596 0.1328 -0.2480
vn -0.9505 -0.1393 -0.2779
vn -0.2097 -0.3341 -0.9189
vn 0.4254 -0.9046 -0.0250
vn 0.0292 0.1287 -0.9912
vn -0.1156 -0.8247 0.5537
vn -0.8240 0.1310 -0.5513
vn 0.1363 0.9819 0.1315
vn 0.7400 0.5201 -0.4266
vn -0.4072 0.0282 0.9129
vn -0.4536 -0.5044 0.7348
vn -0.0705 0.3207 -0.9446
vn 0.4879 -0.8215 -0.2950
vn -0.4009 0.2738 0.8742
vn 0.5038 -0.5330 0.6798
vn -0.2745 0.9064 0.3210
vn -0.3608 0.7243 0.5876
vn 0.0956 -0.9746 -0.2024
vn -0.5542 0.7858 0.2746
vn -0.4097 0.7045 0.5795
vn -0.4542 -0.8697 -0.1933
vn 0.0389 -0.9000 -0.4342
vn -0.0088 0.9787 0.2051
vn -0.4336 -0.7911 -0.4315
vn -0.1120 -0.9539 -0.2783
vn 0.3026 0.9083 0.2888
vn -0.0917 0.9852 -0.1445
vn -0.3681 -0.7483 -0.5518
vn -0.1130 -0.9712 -0.2100
vn 0.0364 0.9216 0.3865
vn 0.0229 0.8792 -0.4760
vn 0.0468 -0.8889 -0.4556
vn 0.1873 -0.9644 0.1867
vn -0.4200 0.8916 -0.1694
vn -0.1087 0.8034 -0.5854
vn 0.5806 -0.8051 0.1212
vn 0.7876 -0.3261 0.5229
vn -0.6344 0.3571 -0.6856
vn -0.2099 0.7169 -0.6649
vn 0.4556 -0.4185 0.7857
vn -0.9057 -0.2704 -0.3264
vn -0.0501 0.9559 -0.2893
vn 0.0638 0.9976 -0.0280
vn -0.2017 -0.0407 0.9786
vn 0.0064 0.0277 -0.9996
vn 0.5320 0.3327 0.7786
vn -0.6778 -0.4453 -0.5851
vn -0.3907 -0.1549 0.9074
vn 0.3483 0.6116 -0.7104
vn -0.1402 -0.1547 0.9780
vn -0.0739 0.3009 0.9508
vn -0.1964 -0.0927 -0.9761
vn -0.1116 0.7808 0.6147
vn 0.0640 -0.6940 -0.7172
vn 0.5933 -0.1168 0.7965
vn -0.0310 -0.9772 -0.2099
vn -0.6094 -0.0266 -0.7924
vn -0.1931 0.8689 -0.4557
vn -0.7809 -0.5216 0.3438
vn 0.4272 -0.4212 0.8001
vn 0.8471 0.1561 -0.5079
vn 0.9219 0.3616 -0.1392
vn -0.0185 0.0916 0.9956
vn -0.8832 0.2637 0.3878
vn 0.9406 -0.2254 0.2541
vn 0.9467 -0.1317 0.2938
vn -0.0699 0.9947 0.0754
vn -0.4865 0.8387 -0.2447
vn 0.0165 -0.7283 0.6851
vn 0.6867 0.6074 -0.3995
vn 0.3965 0.8680 -0.2990
vn 0.8382 -0.1012 -0.5359
vn -0.4872 -0.6056 0.6292
vn 0.9386 -0.3388 0.0649
vn -0.2609 0.9592 0.1087
vn -0.5936 -0.4306 0.6798
vn 0.0339 -0.7885 -0.6141
vn 0.6488 -0.3359 -0.6828
vn -0.5008 0.8492 -0.1675
vn -0.3536 -0.0935 0.9307
vn -0.0146 -0.6656 -0.7462
vn 0.3477 0.2589 -0.9012
vn 0.4732 -0.2234 0.8522
vn -0.4166 0.2030 -0.8862
vn -0.4999 0.5772 -0.6457
vn -0.1191 0.8393 0.5305
vn 0.5063 -0.5267 0.6828
vn 0.4025 -0.6441 0.6504
vn -0.5906 0.2468 -0.7683
vn 0.2420 -0.9468 -0.2120
vn -0.1779 0.9005 -0.3967
vn 0.2202 0.8710 0.4391
vn -0.0880 -0.4647 0.8811
vn 0.7435 0.6686 0.0167
vn 0.5294 0.5489 0.6469
vn -0.3710 0.1572 0.9152
vn -0.6832 -0.7142 -0.1521
vn 0.7423 0.2398 -0.6256
vn -0.2932 0.7874 0.5423
vn -0.1454 0.8510 -0.5047
vn -0.1743 -0.8011 0.5726
vn -0.1728 0.2985 -0.9386
vn 0.9059 0.0054 0.4235
vn 0.6345 0.4106 -0.6548
vn -0.9005 0.1988 0.3868
vn 0.9272 -0.3593 -0.1055
vn 0.9410 -0.1506 0.3032
vn 0.2811 0.5536 -0.7839
vn 0.3240 0.5590 -0.7632
vn 0.5605 -0.8263 -0.0554
vn -0.3929 -0.9183 0.0489
vn 0.5313 0.8464 0.0353
vn 0.3287 0.7210 0.6100
vn -0.0732 -0.7571 -0.6491
vn -0.9568 0.1176 -0.2657
vn 0.6285 -0.2980 0.7185
vn 0.4628 0.4113 0.7853
vn -0.5867 0.4463 -0.6757
vn 0.3917 -0.7650 0.5112
vn 0.2261 0.2962 0.9280
vn -0.5220 0.5712 -0.6334
vn 0.1420 -0.4905 -0.8598
vn -0.1993 -0.0006 0.9799
vn -0.7461 0.6008 -0.2871
vn 0.7893 -0.6137 -0.0179
vn 0.3035 0.4564 -0.8364
vn -0.3942 -0.6610 0.6384
vn -0.6395 0.4850 -0.5965
vn 0.6244 -0.4373 0.6472
vn 0.3457 0.7233 -0.5978
vn 0.1276 0.7232 -0.6787
vn 0.2672 0.9416 0.2047
vn -0.0230 -0.8297 0.5577
vn -0.1325 -0.9575 -0.2563
vn -0.1238 0.6905 -0.7127
vn 0.1415 0.1568 0.9774
vn -0.4584 0.3239 -0.8276
vn -0.2267 -0.9025 -0.3661
vn 0.2576 0.8619 0.4369
vn 0.5838 -0.6592 0.4740
vn -0.3709 -0.7968 -0.4770
vn 0.4418 -0.4136 0.7961
vn 0.1361 0.6842 -0.7165
vn -0.1796 -0.2534 0.9505
vn -0.1199 -0.9695 0.2137
vn -0.8348 0.0489 0.5483
vn 0.9747 -0.0993 -0.2005
vn -0.5311 0.8290 0.1752
vn -0.6960 0.7090 0.1135
vn -0.1007 0.8200 0.5634
vn 0.7503 -0.6560 0.0818
vn -0.1144 0.8894 -0.4425
vn 0.5260 -0.7296 0.4371
vn -0.5856 0.6843 -0.4344
vn 0.6828 -0.6183 -0.3892
vn -0.1910 0.3660 -0.9108
vn 0.4315 -0.8015 0.4139
vn 0.2132 -0.6162 -0.7582
vn -0.2060 0.2296 -0.9512
vn -0.1895 0.4846 0.8540
vn -0.1400 -0.9861 -0.0892
vn 0.7186 0.2168 -0.6608
vn -0.6439 -0.4101 0.6460
vn -0.5875 -0.8013 0.1129
vn 0.8609 0.4775 -0.1758
vn -0.6403 0.4850 0.5957
vn -0.7129 -0.5583 -0.4244
vn -0.9564 0.2418 -0.1641
vn 0.6603 0.1548 0.7349
vn -0.6681 0.6172 -0.4156
vn -0.3620 -0.5367 -0.7622
vn 0.6403 0.3685 0.6740
vn 0.4295 0.8356 0.3425
vn -0.1370 -0.8813 0.4523
vn 0.4394 -0.1665 0.8827
vn 0.5633 0.6414 -0.5209
vn 0.7687 0.4753 0.4280
vn -0.5143 -0.4655 0.7203
vn 0.0590 -0.6579 0.7508
vn 0.9539 -0.2856 -0.0919
vn 0.6549 -0.5513 -0.5169
vn 0.7989 -0.5486 0.2466
vn -0.4618 0.6477 0.6060
vn -0.8021 0.5091 0.3122
vn 0.2575 -0.8240 -0.5047
vn -0.8066 0.0875 0.5845
vn 0.5795 -0.6183 -0.5309
vn -0.1209 -0.6242 0.7719
vn 0.9192 0.3262 -0.2205
vn -0.2919 -0.6076 -0.7387
vn 0.8201 -0.0373 -0.5710
vn 0.2027 0.1375 0.9695
vn -0.9948 -0.0141 0.1010
vn -0.6621 0.1451 -0.7352
vn -0.9289 0.0936 -0.3584
vn 0.1851 -0.1703 0.9679
vn -0.3157 0.6543 -0.6872
vn 0.2726 -0.5277 0.8045
vn 0.1544 0.9785 0.1366
vn 0.3059 -0.8515 0.4259
vn 0.2219 -0.3426 0.9129
vn -0.0947 0.9452 -0.3124
vn 0.1174 -0.8045 0.5822
vn 0.4280 0.8735 -0.2318
vn 0.4502 -0.8749 0.1785
vn -0.0169 0.9992 -0.0368
vn 0.0647 -0.9948 -0.0791
vn 0.4836 0.8649 -0.1344
vn -0.2569 -0.9182 -0.3014
vn 0.8834 0.4621 -0.0778
vn -0.7534 -0.6266 -0.1993
vn -0.6913 0.4510 0.5645
vn -0.8688 -0.1414 -0.4746
vn -0.3090 0.8000 0.5143
vn 0.4646 -0.8658 -0.1856
vn 0.3837 0.7855 0.4855
vn -0.9555 -0.0086 -0.2949
vn -0.1508 -0.9736 -0.1714
vn 0.7818 0.3885 0.4877
vn 0.2719 0.9623 -0.0011
vn -0.2220 -0.7866 0.5762
vn 0.9538 0.2851 -0.0954
vn -0.9885 0.1052 0.1088
vn 0.4509 0.5594 -0.6955
vn -0.8530 0.4377 0.2842
vn -0.2011 -0.1135 0.9730
vn 0.8014 -0.0798 -0.5927
vn 0.3155 -0.2668 -0.9106
vn 0.0429 0.9799 0.1948
vn 0.2585 0.1061 0.9602
vn -0.0048 -0.6922 -0.7217
vn -0.4708 -0.1056 -0.8759
vn -0.6565 -0.2245 -0.7201
vn 0.1006 -0.1980 -0.9750
vn 0.8994 0.0748 0.4308
vn 0.0550 0.9949 -0.0845
vn -0.9486 0.1260 0.2903
vn 0.7734 -0.2314 0.5901
vn 0.0815 0.1947 0.9775
vn 0.5579 -0.5176 -0.6488
vn 0.3071 0.9055 0.2929
vn -0.0520 0.1667 -0.9846
vn 0.0731 -0.6277 0.7750
vn 0.9744 -0.2085 0.0846
vn -0.3982 -0.9130 0.0882
vn 0.3785 -0.3666 -0.8499
vn 0.4602 0.6303 -0.6252
vn 0.0762 0.9530 -0.2934
vn -0.1042 -0.1892 -0.9764
vn 0.1529 0.4982 0.8534
vn -0.1484 -0.6693 -0.7280
vn -0.2418 0.5387 -0.8071
vn -0.4549 0.1276 -0.8813
vn 0.2572 0.6118 0.7480
vn 0.0842 0.9571 -0.2774
vn 0.3314 -0.4710 0.8175
vn -0.1349 -0.9843 -0.1136
vn -0.4483 0.8803 0.1550
vn 0.6195 -0.0167 0.7848
vn -0.3633 -0.6519 -0.6656
vn -0.5328 -0.1921 -0.8241
vn -0.0686 -0.9976 0.0112
vn 0.3170 0.2329 -0.9194
vn 0.4891 0.7510 0.4435
vn -0.1259 -0.3021 -0.9449
vn 0.2130 -0.2469 0.9454
vn -0.2729 -0.1865 0.9438
vn 0.8550 0.2668 0.4448
vn 0.7677 -0.2072 -0.6064
vn -0.8278 0.0669 0.5571
vn -0.6603 0.7216 0.2082
vn -0.1439 -0.9592 -0.2435
vn 0.7161 0.3727 0.5902
vn -0.7035 0.0434 -0.7094
vn 0.7329 0.6719 0.1069
vn -0.9799 -0.1832 -0.0795
vn 0.1100 -0.9700 0.2167
vn 0.4222 0.8582 -0.2921
vn -0.0710 0.9227 -0.3790
vn 0.1346 -0.7493 0.6484
vn 0.4916 -0.8691 -0.0543
vn -0.3040 0.6264 -0.7178
vn 0.3659 -0.4979 0.7863
vn -0.2425 0.9699 0.0217
vn -0.1226 -0.5702 0.8123
vn 0.2102 -0.0991 -0.9726
vn -0.5450 -0.1931 0.8159
vn -0.6593 0.4085 0.6313
vn 0.4298 -0.5140 -0.7424
vn 0.7213 -0.4680 -0.5105
vn -0.8604 0.3314 0.3873
vn 0.0431 0.0077 -0.9990
vn -0.3065 -0.6632 -0.6828
vn 0.0801 -0.1794 -0.9805
vn 0.8054 -0.4863 -0.3388
vn -0.0034 -0.1010 0.9949
vn 0.3246 0.5227 0.7883
vn 0.0195 0.2172 -0.9759
vn -0.1013 -0.3017 -0.9480
vn -0.0583 0.6218 0.7810
vn 0.1511 0.5136 -0.8446
vn -0.2954 -0.6274 0.7205
vn 0.5455 0.8355 0.0658
vn -0.0572 -0.6954 0.7163
vn 0.6674 -0.3298 0.6677
vn 0.4809 0.8240 -0.2995
vn -0.3853 0.6417 -0.6632
vn -0.4972 -0.8418 0.2104
vn 0.7652 0.6197 -0.1744
vn 0.4680 0.8759 -0.1172
vn -0.1770 -0.9679 -0.1786
vn 0.1948 -0.6533 -0.7317
vn 0.6442 0.7486 0.1565
vn -0.8696 -0.0572 -0.4905
vn -0.4109 -0.7507 -0.5173
vn 0.8933 -0.4463 0.0538
vn -0.7867 0.4508 0.4217
vn -0.8383 0.4952 -0.2280
vn 0.5633 -0.8101 0.1629
vn -0.1544 0.9791 0.1320
vn -0.3673 0.8718 0.3242
vn -0.8345 -0.1272 -0.5361
vn 0.6114 0.7818 0.1219
vn -0.7355 -0.5928 0.3280
vn -0.0629 -0.8711 0.4870
vn 0.4348 0.6527 -0.6205
vn 0.0612 0.9560 -0.2868
vn -0.9352 -0.2959 -0.1946
vn 0.0125 0.9808 0.1947
vn 0.3515 0.8551 0.3812
vn 0.3074 -0.9281 0.2101
vn -0.3185 0.8955 -0.3109
vn -0.8236 0.4672 -0.3217
vn 0.5188 0.7252 0.4526
vn -0.8833 0.2494 0.3969
vn 0.8574 -0.2240 -0.4633
vn -0.7811 -0.6116 -0.1254
vn 0.9609 -0.1679 -0.2200
vn -0.3600 -0.3405 0.8686
vn -0.3153 0.1287 -0.9402
vn 0.3759 -0.1477 0.9148
vn -0.3826 0.9142 0.1332
vn 0.8156 -0.3086 0.4894
vn 0.2633 -0.9218 0.2844
vn -0.2428 0.0496 -0.9688
vn 0.1505 -0.2749 0.9496
vn -0.1837 -0.3995 -0.8982
vn 0.2845 -0.3354 0.8981
vn -0.2307 0.9672 -0.1065
vn -0.0857 0.2761 -0.9573
vn -0.1183 0.3182 0.9406
vn -0.3142 0.8487 0.4254
vn 0.2662 -0.8643 -0.4268
vn -0.0762 0.7549 -0.6514
vn -0.8640 0.4958 -0.0878
vn 0.5950 0.6334 -0.4948
vn -0.8862 -0.4631 0.0151
vn 0.5440 -0.4832 0.6860
vn -0.1919 -0.6428 0.7416
vn 0.9624 -0.0318 -0.2699
vn 0.5577 0.6180 -0.5541
vn -0.8364 0.0298 0.5474
vn 0.7788 -0.5946 -0.1997
vn -0.3834 -0.8562 0.3463
vn 0.5878 0.4208 -0.6909
vn -0.3181 0.9471 -0.0420
vn 0.2072 0.9241 0.3211
vn 0.5147 -0.1830 -0.8376
vn 0.1152 -0.3249 0.9387
vn -0.4532 -0.1276 -0.8823
vn -0.1825 0.2220 0.9578
vn -0.7103 -0.4838 0.5112
vn -0.3321 -0.1956 -0.9227
vn 0.8820 -0.0172 -0.4710
vn -0.1814 0.6788 0.7116
vn -0.3713 -0.6426 -0.6702
vn 0.7042 0.4715 0.5309
vn -0.7838 -0.2385 -0.5733
vn 0.7719 -0.0244 0.6352
vn 0.3947 0.8445 0.3621
vn -0.6311 -0.5642 -0.5323
vn 0.7707 0.6357 0.0446
vn 0.2549 -0.8198 0.5127
vn 0.9724 -0.1582 -0.1713
vn -0.6448 0.5866 -0.4900
vn -0.8186 -0.4834 0.3102
vn 0.8061 -0.3846 0.4498
vn 0.3714 0.3050 -0.8770
vn -0.0582 0.9811 0.1848
vn -0.0716 -0.6293 0.7738
vn 0.4890 -0.7378 -0.4653
vn -0.2545 -0.9171 -0.3069
vn 0.3914 0.6814 0.6185
vn -0.2200 0.7176 0.6608
vn -0.9920 -0.1066 -0.0682
vn -0.9445 -0.0909 -0.3156
vn 0.7131 -0.1565 0.6834
vn 0.8016 0.2253 0.5538
vn 0.5263 0.2594 0.8098
vn -0.6950 0.2520 -0.6734
vn -0.3320 0.8846 -0.3276
vn -0.0963 -0.9656 -0.2413
vn 0.5842 -0.6785 0.4454
vn 0.2229 0.9008 0.3727
vn 0.2351 -0.9463 0.2219
vn 0.0541 -0.8990 -0.4346
vn 0.4330 0.8054 0.4049
vn -0.8348 0.4659 0.2934
vn -0.1022 -0.6110 -0.7850
vn -0.3775 0.0816 -0.9224
vn 0.6749 0.0617 -0.7353
vn 0.9324 0.0198 0.3608
vn -0.8731 0.2953 -0.3878
vn 0.7250 0.5427 -0.4240
vn -0.0933 -0.9800 0.1760
vn 0.0198 0.9332 -0.3589
vn -0.1129 0.9576 0.2650
vn 0.0049 0.7076 0.7066
vn 0.7566 -0.4642 -0.4606
vn -0.0966 0.9584 0.2687
vn 0.5331 0.2128 0.8188
vn 0.4228 -0.4365 0.7942
vn 0.2032 0.1264 -0.9709
vn -0.1820 -0.6629 0.7263
vn -0.7057 0.6258 0.3322
vn -0.3518 -0.8175 0.4559
vn 0.5437 -0.7848 -0.2974
vn 0.3981 0.7768 -0.4880
vn -0.2704 0.9622 0.0310
vn 0.7997 0.3660 -0.4760
vn -0.6318 0.5657 0.5299
vn 0.3840 0.8921 -0.2381
vn -0.8104 -0.5303 0.2490
vn 0.8675 0.4139 -0.2760
vn 0.5329 -0.7526 -0.3868
vn -0.7495 -0.4794 0.4565
vn 0.7389 0.5454 -0.3957
vn -0.9227 0.3781 -0.0750
vn -0.8721 -0.4639 0.1554
vn 0.9611 -0.2338 -0.1470
vn 0.4167 -0.3861 -0.8229
vn -0.7407 0.6320 0.2278
vn 0.8170 -0.5495 -0.1751
vn 0.2722 -0.0177 0.9621
vn 0.2325 -0.8426 -0.4857
vn -0.0394 0.6319 -0.7741
vn 0.0421 0.6822 0.7299
vn 0.0181 -0.3478 0.9374
vn 0.2709 -0.0547 -0.9610
vn 0.2475 0.8654 0.4356
vn 0.2320 0.5771 -0.7830
vn -0.7379 0.2130 0.6405
vn -0.4155 -0.8749 0.2489
vn 0.6416 -0.5840 -0.4973
vn 0.9983 0.0450 0.0381
vn -0.7074 -0.5389 -0.4574
vn -0.8466 0.5037 -0.1720
vn 0.4725 -0.8608 -0.1888
vn 0.4166 0.5239 0.7430
vn -0.5282 -0.3117 -0.7898
vn -0.2407 0.9255 0.2926
vn -0.5964 -0.7744 -0.2112
vn 0.3248 -0.7078 0.6273
vn 0.5603 0.7682 -0.3098
vn -0.2133 0.9589 -0.1870
vn -0.0059 -0.7475 0.6642
vn 0.6149 0.1689 -0.7703
vn 0.6851 0.4944 -0.5351
vn -0.2501 0.7621 0.5972
vn -0.5631 -0.5645 -0.6036
vn -0.3695 -0.4366 0.8203
vn -0.3227 -0.5585 -0.7641
vn 0.5202 0.2136 -0.8269
vn -0.0922 0.7332 0.6738
vn -0.3573 -0.4825 0.7997
vn -0.4310 -0.5411 -0.7222
vn 0.4334 0.5041 0.7470
vn 0.5346 0.1927 -0.8228
vn -0.9390 0.0462 -0.3409
vn 0.4391 0.1346 0.8883
vn 0.3807 0.1967 0.9035
vn -0.4093 -0.0016 -0.9124
vn -0.3973 0.8832 -0.2492
vn -0.1484 -0.8334 0.5324
vn 0.3201 -0.4890 0.8114
vn 0.2657 0.9003 -0.3446
vn 0.1491 -0.8243 0.5462
vn 0.6440 -0.3899 0.6582
vn 0.5248 0.7095 -0.4702
vn -0.1750 0.5411 -0.8225
vn -0.2282 -0.8346 0.5013
vn 0.4191 0.7636 -0.4911
vn -0.1854 -0.9803 -0.0676
vn 0.3067 0.7945 -0.5242
vn -0.3633 -0.7347 -0.5729
vn 0.6306 0.6706 -0.3907
vn 0.4929 0.7529 0.4361
vn -0.3411 -0.9164 0.2093
vn -0.2735 -0.6810 -0.6794
vn 0.5679 0.8033 -0.1793
vn 0.2024 0.7607 0.6167
vn -0.6330 0.7466 0.2049
vn 0.5426 -0.3877 0.7452
vn 0.1059 -0.4962 -0.8617
vn 0.0006 0.9715 0.2370
vn 0.4544 0.8708 0.1874
vn -0.2962 -0.8756 0.3815
vn 0.4105 -0.3829 -0.8275
vn -0.7493 0.4260 0.5069
vn 0.2885 -0.4029 -0.8686
vn -0.4438 -0.3770 0.8130
vn 0.5386 -0.4411 0.7179
vn 0.2193 -0.5925 0.7752
vn 0.0519 0.0439 0.9977
vn -0.7564 0.6195 0.2101
vn -0.7611 0.3633 -0.5374
vn -0.5648 -0.8171 0.1157
vn 0.8709 -0.1015 -0.4808
vn 0.7422 0.5710 -0.3509
vn -0.9202 0.0752 0.3841
vn -0.6359 -0.7330 -0.2415
vn 0.9112 0.2111 -0.3538
vn -0.8940 -0.3295 0.3035
vn 0.3418 -0.1280 -0.9310
vn 0.7285 0.5317 0.4320
vn -0.9839 -0.1530 0.0925
vn 0.8600 0.1396 0.4909
vn -0.0436 0.7692 0.6375
vn -0.6437 0.6249 -0.4417
vn -0.5935 0.2401 -0.7682
vn -0.4033 -0.9049 0.1358
vn -0.4053 -0.6160 -0.6755
vn 0.4300 0.7804 0.4539
vn -0.4056 -0.6927 0.5964
vn 0.7659 -0.1455 0.6263
vn 0.7850 0.5735 -0.2342
vn -0.6668 0.1673 0.7262
vn -0.0161 -0.7594 0.6504
vn 0.0354 -0.7489 0.6618
vn 0.7342 -0.5454 -0.4044
vn 0.7509 0.6303 -0.1972
vn -0.6851 -0.0316 0.7278
vn -0.3781 -0.1299 0.9166
vn 0.3333 -0.5568 -0.7608
vn -0.4689 0.2892 0.8346
vn 0.7155 0.4086 -0.5667
vn -0.6327 0.2386 0.7368
vn 0.8958 -0.2053 -0.3942
vn -0.6668 0.6092 0.4293
vn 0.1726 -0.7086 -0.6842
vn -0.6636 0.6500 0.3703
vn 0.9446 0.1639 0.2845
vn -0.8278 0.5398 0.1529
vn -0.1136 0.8791 -0.4630
vn 0.0598 -0.7089 -0.7028
vn -0.9293 -0.2792 -0.2417
vn 0.5758 -0.6929 -0.4339
vn 0.8114 -0.3366 0.4779
vn 0.4901 -0.5226 0.6976
vn 0.9920 0.0159 0.1256
vn 0.3874 0.7010 -0.5987
vn -0.4324 0.4684 -0.7705
vn -0.4165 0.1800 0.8911
vn 0.8871 -0.4580 0.0573
vn 0.7188 -0.1633 -0.6757
vn -0.6366 0.6061 0.4768
vn -0.2174 0.1691 0.9613
vn 0.5934 -0.7656 -0.2484
vn 0.1702 -0.7161 -0.6769
vn -0.1285 0.7027 0.6998
vn -0.2721 0.8212 0.5016
vn -0.1801 -0.9767 -0.1168
vn 0.1450 -0.9151 -0.3761
vn -0.5238 0.8355 0.1660
vn 0.5828 -0.8074 0.0914
vn -0.8766 0.1671 -0.4513
vn -0.2362 -0.9009 -0.3640
vn -0.0350 0.9927 -0.1152
vn -0.2689 -0.8395 -0.4721
vn -0.0351 -0.9735 -0.2258
vn -0.1007 0.9915 0.0830
vn -0.4277 0.7513 -0.5026
vn 0.2505 -0.9614 -0.1137
vn 0.6524 -0.7367 0.1779
vn -0.9063 0.3772 0.1905
vn 0.9989 -0.0367 0.0281
vn -0.6007 0.5985 -0.5301
vn 0.8043 -0.5875 -0.0895
vn -0.7356 0.3253 -0.5942
vn -0.6747 0.4852 -0.5562
vn 0.7927 -0.1015 0.6011
vn -0.6033 -0.4233 -0.6759
vn -0.2626 0.2895 0.9205
vn -0.6704 0.6830 -0.2899
vn -0.6086 0.7837 -0.1240
vn -0.0345 0.0960 -0.9948
vn 0.4478 0.4973 0.7431
vn 0.1493 -0.9886 0.0207
vn -0.5173 -0.7070 -0.4823
vn 0.0043 -0.1861 0.9825
vn 0.0891 0.7245 -0.6835
vn 0.0651 -0.0974 0.9931
vn -0.9471 -0.0594 -0.3153
vn -0.1260 0.3018 -0.9450
vn -0.1648 0.9521 0.2577
vn 0.4032 0.2796 0.8714
vn 0.3071 -0.9514 0.0240
vn 0.0048 0.9717 -0.2361
vn 0.3494 0.7017 0.6209
vn 0.2872 -0.5417 0.7900
vn -0.4516 0.0636 0.8900
vn 0.5782 -0.1160 -0.8076
vn 0.0744 0.8310 0.5513
vn -0.3730 -0.9207 -0.1150
vn 0.7746 0.6290 -0.0658
vn -0.9916 -0.0545 0.1171
vn -0.7693 -0.0716 0.6348
vn 0.8976 -0.3954 0.1947
vn -0.9794 0.0239 -0.2006
vn 0.9145 -0.1498 0.3758
vn 0.9087 -0.0667 -0.4122
vn -0.7490 0.5209 -0.4093
vn -0.8899 -0.0973 0.4456
vn 0.7578 -0.4935 0.4269
vn -0.2531 -0.9031 0.3468
vn 0.4451 0.1771 -0.8778
vn 0.1908 -0.7283 0.6582
vn -0.1359 0.7836 0.6062
vn 0.6743 0.7345 0.0767
vn -0.7310 -0.2961 0.6147
vn 0.2674 -0.1261 -0.9553
vn 0.5788 -0.3476 -0.7377
vn 0.9323 0.3612 0.0166
vn -0.6620 0.3788 0.6468
vn -0.6865 0.6890 0.2323
vn -0.4865 -0.3528 -0.7993
vn 0.2617 0.5372 0.8018
vn 0.6285 -0.7573 0.1776
vn 0.0083 0.9436 0.3310
vn -0.2515 0.9657 -0.0653
vn -0.5649 0.3290 -0.7567
vn -0.5346 -0.6361 0.5564
vn 0.6293 -0.1566 0.7612
vn 0.8132 0.5353 -0.2285
vn 0.2266 0.9406 -0.2530
vn -0.8090 -0.1699 -0.5628
vn -0.6738 -0.7147 0.1875
vn -0.7939 -0.4658 0.3908
vn -0.3157 -0.9279 0.1983
vn 0.8664 0.3764 0.3281
vn 0.9125 -0.4088 -0.0145
vn 0.7798 0.5563 -0.2869
vn -0.8626 -0.4140 0.2907
vn 0.4433 -0.8677 -0.2248
vn 0.9783 -0.1639 -0.1268
vn 0.3003 -0.7788 -0.5507
vn 0.4833 0.3399 -0.8068
vn -0.3838 -0.3217 0.8656
vn -0.1785 -0.4794 -0.8593
vn 0.4951 0.1370 -0.8580
vn -0.2124 -0.1735 0.9617
vn -0.6694 -0.1165 -0.7337
vn -0.2563 -0.1445 -0.9557
vn 0.0394 0.0973 0.9945
vn 0.5337 -0.0662 0.8431
vn -0.1658 0.2226 0.9607
vn -0.6201 0.0685 -0.7815
vn 0.1278 -0.1883 -0.9738
vn 0.8348 0.1683 0.5242
vn 0.2512 0.6330 0.7323
vn -0.7595 -0.0009 -0.6505
vn -0.2279 -0.8110 -0.5389
vn 0.9857 0.1095 -0.1284
vn -0.2514 -0.6797 0.6891
vn 0.6071 0.7488 -0.2659
vn -0.9958 -0.0256 -0.0880
vn 0.5684 -0.8013 0.1868
vn 0.8026 -0.2620 -0.5359
vn -0.3346 0.5845 -0.7391
vn -0.7440 0.6661 0.0535
vn 0.9006 -0.2075 0.3819
vn -0.5152 0.1982 0.8338
vn 0.7226 -0.0214 -0.6909
vn -0.8894 0.0952 0.4471
vn -0.7395 -0.6712 0.0512
vn 0.3350 0.7179 0.6103
vn -0.6187 0.6578 -0.4295
vn 0.1120 0.5919 -0.7982
vn -0.1724 -0.9607 0.2177
vn 0.4111 -0.8719 0.2661
vn 0.7793 -0.3256 0.5354
vn -0.9263 0.2062 0.3153
vn 0.5751 -0.7708 0.2741
vn -0.2503 -0.2855 0.9251
vn 0.5496 0.8026 0.2319
vn -0.4911 -0.2897 -0.8215
vn 0.8344 0.3350 0.4376
vn -0.6478 -0.2946 0.7026
vn -0.2937 0.9546 0.0490
vn 0.6957 -0.4402 -0.5676
vn -0.7234 0.2621 0.6387
vn -0.5529 0.2203 0.8036
vn -0.9777 -0.0031 -0.2100
vn 0.9821 0.1011 0.1589
vn -0.4711 -0.0422 -0.8811
vn 0.5162 -0.5273 0.6749
vn -0.6781 -0.2800 -0.6796
vn 0.1585 -0.8984 0.4095
vn -0.7995 0.2376 -0.5516
vn 0.5831 0.5230 0.6217
vn -0.3573 0.8202 -0.4468
vn -0.5067 0.5358 -0.6753
vn 0.7123 -0.2921 0.6382
vn 0.4392 0.8313 -0.3406
vn -0.1344 -0.5132 0.8477
vn -0.4426 -0.2268 -0.8676
vn -0.0895 0.4110 0.9072
vn -0.2569 0.9335 0.2501
vn 0.0321 -0.9928 -0.1152
vn 0.0616 -0.9317 -0.3579
vn 0.2365 0.9444 -0.2284
vn -0.8823 -0.3051 0.3585
vn -0.1499 -0.8905 0.4296
vn 0.9149 -0.3911 -0.1002
vn 0.3364 0.5135 -0.7894
vn -0.2430 0.9141 0.3245
vn -0.0299 -0.7523 0.6581
vn 0.0796 -0.7052 -0.7045
vn -0.2379 0.9138 -0.3294
vn 0.1280 0.9028 0.4106
vn 0.0679 -0.9605 0.2698
vn -0.4205 -0.7658 0.4866
vn 0.3958 0.9179 0.0282
vn -0.3534 -0.7500 0.5592
vn 0.5969 0.0276 -0.8018
vn -0.3351 0.7073 0.6225
vn -0.2223 -0.9295 -0.2944
vn -0.7613 -0.3716 -0.5314
vn 0.9498 -0.1973 0.2429
vn 0.1849 0.5321 0.8262
vn -0.5830 -0.0780 -0.8087
vn -0.4183 0.7824 -0.4614
vn 0.6120 -0.1855 0.7688
vn -0.2141 0.9580 0.1910
vn 0.4332 -0.5996 0.6729
vn 0.8144 -0.2304 0.5326
vn -0.5185 0.6308 -0.5773
vn -0.8808 -0.2605 -0.3954
vn 0.3046 -0.3799 0.8734
vn 0.6415 -0.6244 0.4457
vn 0.1289 0.6030 -0.7873
vn 0.2398 -0.9497 0.2012
vn 0.5308 -0.6126 0.5856
vn -0.6918 -0.1849 0.6980
vn 0.5120 0.6073 -0.6075
vn 0.8985 -0.2064 0.3874
vn -0.7268 -0.6692 -0.1546
vn -0.1984 0.6685 0.7168
vn 0.6832 0.5255 0.5070
vn -0.8264 0.4015 -0.3947
vn -0.8828 -0.1726 0.4369
vn 0.5021 -0.8120 0.2977
vn 0.4744 0.3389 0.8125
vn -0.0349 0.9772 0.2097
vn 0.2687 -0.9582 0.0987
vn 0.3215 0.6667 0.6725
vn -0.1373 -0.5382 -0.8316
vn -0.2249 -0.7694 -0.5979
vn 0.6262 0.3743 0.6839
vn -0.4186 0.0279 -0.9077
vn 0.8276 0.1004 0.5522
vn 0.0107 -0.1983 0.9801
vn -0.1896 0.8293 -0.5256
vn 0.8768 -0.4049 0.2595
vn -0.4140 0.1577 -0.8965
vn -0.2992 0.9448 0.1338
vn -0.9258 -0.3769 -0.0290
vn -0.1345 0.5022 0.8542
vn 0.7166 -0.3634 -0.5953
vn -0.8292 0.1999 0.5221
vn -0.2438 -0.4674 -0.8498
vn -0.0073 -0.1952 -0.9807
vn -0.9856 0.1681 0.0195
vn -0.5644 -0.6199 0.5452
vn 0.8904 0.1926 -0.4123
vn -0.9634 -0.0414 0.2647
vn 0.1218 0.8169 -0.5637
vn -0.5860 0.7956 -0.1538
vn 0.5091 -0.3826 0.7710
vn -0.5579 0.4298 -0.7099
vn 0.4601 -0.8349 -0.3022
vn 0.2668 -0.5768 0.7721
vn -0.5214 0.7947 -0.3107
vn -0.3793 -0.4275 0.8206
vn 0.7298 0.3135 -0.6076
vn -0.7010 0.6599 -0.2703
vn 0.3694 -0.7677 0.5237
vn -0.5808 0.4146 -0.7006
vn 0.8604 0.4316 -0.2709
vn -0.8463 -0.4247 -0.3215
vn -0.0119 -0.2097 0.9777
vn 0.4168 0.2138 -0.8835
vn 0.9013 -0.0647 0.4284
vn -0.2255 -0.2333 -0.9459
vn -0.6857 0.5182 -0.5112
vn 0.8822 -0.4591 -0.1049
vn 0.3258 -0.0307 -0.9449
vn 0.5469 0.8372 -0.0070
vn 0.1045 0.6044 -0.7898
vn 0.0660 -0.1879 0.9800
vn 0.0521 -0.9953 0.0817
vn -0.8730 -0.2232 0.4336
vn -0.0994 -0.9848 0.1421
vn 0.4967 0.3086 -0.8112
vn -0.5801 -0.1362 0.8031
vn -0.1469 -0.9556 0.2555
vn 0.9563 0.1703 -0.2375
vn 0.3311 -0.6337 -0.6992
vn 0.9554 0.1457 0.2567
vn -0.9903 0.0640 -0.1237
vn 0.9300 0.3223 0.1769
vn -0.9952 -0.0193 -0.0961
vn 0.8313 0.3996 -0.3864
vn 0.0186 -0.9299 0.3673
vn -0.8152 -0.5676 -0.1153
vn 0.5096 0.6259 -0.5904
vn 0.0266 0.8118 -0.5833
vn -0.7270 -0.4908 0.4802
vn 0.1354 0.9771 -0.1639
vn 0.1381 0.7276 -0.6719
vn -0.3571 -0.9320 -0.0628
vn 0.3533 0.9355 -0.0080
vn 0.2206 0.7495 -0.6242
vn -0.2929 -0.9440 -0.1517
vn -0.1354 -0.7690 0.6248
vn 0.7911 -0.3016 0.5322
vn 0.7730 -0.2496 -0.5832
vn -0.6130 0.2080 -0.7622
vn 0.8873 -0.0695 0.4560
vn -0.9602 0.2316 0.1561
vn -0.9444 0.3208 0.0725
vn 0.9172 -0.2717 -0.2913
vn -0.6773 -0.1158 -0.7266
vn -0.7559 -0.0933 -0.6480
vn 0.8363 -0.0678 0.5440
vn -0.4287 -0.4239 -0.7978
vn 0.4313 0.0798 0.8987
vn 0.5635 -0.8183 -0.1133
vn -0.3894 0.8725 0.2951
vn 0.0048 -0.5918 0.8061
vn -0.5606 0.3404 -0.7548
vn -0.4793 0.6498 0.5899
vn -0.8868 -0.4260 0.1790
vn 0.6764 -0.6535 -0.3399
vn -0.8536 0.4675 -0.2298
vn 0.6862 0.2193 0.6936
vn 0.6663 0.7406 0.0867
vn -0.4318 -0.8607 0.2695
vn 0.1139 -0.8923 0.4369
vn -0.6384 0.5785 -0.5078
vn 0.6229 0.7522 0.2151
vn 0.8842 0.4663 0.0264
vn 0.5256 0.5193 -0.6738
vn -0.8051 -0.5926 0.0260
vn -0.3730 -0.3229 0.8698
vn 0.5807 -0.0098 0.8141
vn 0.6408 0.4664 -0.6099
vn -0.8346 -0.5306 -0.1480
vn -0.9868 0.1404 -0.0803
vn 0.8590 -0.1379 0.4930
vn -0.5148 -0.3143 0.7976
vn 0.0802 -0.9957 0.0473
vn 0.8522 -0.5161 0.0867
vn -0.5839 0.8102 -0.0510
vn -0.4152 -0.7326 0.5393
vn 0.9686 -0.2098 0.1333
vn 0.9262 -0.3042 -0.2226
vn -0.6596 0.7503 -0.0450
vn -0.4313 0.9021 -0.0098
vn 0.2017 -0.9216 0.3317
vn -0.2573 0.9193 0.2978
vn 0.7833 -0.5799 0.2237
vn -0.2555 0.8445 -0.4706
vn -0.4367 -0.3873 0.8120
vn 0.0783 0.9841 -0.1593
vn 0.3636 -0.8894 0.2770
vn -0.2960 0.3549 -0.8868
vn 0.6569 0.1050 0.7466
vn -0.0240 -0.7304 0.6826
vn -0.3601 0.6748 -0.6442
vn 0.7783 -0.3376 0.5294
vn 0.4395 0.7276 -0.5267
vn 0.2082 0.0175 0.9779
vn -0.3069 0.3711 0.8764
vn -0.6741 -0.5065 -0.5376
vn 0.2640 -0.7662 -0.5858
vn -0.6927 -0.3143 0.6492
vn -0.6937 -0.6845 -0.2242
vn 0.5566 0.5795 0.5953
vn -0.9994 0.0328 -0.0064
vn 0.6621 0.7495 -0.0030
vn 0.4833 -0.5674 -0.6667
vn -0.2174 0.9416 0.2572
vn -0.3758 0.0456 0.9256
vn 0.3320 0.5040 -0.7973
vn 0.0192 0.9155 0.4018
vn -0.2480 -0.8509 0.4631
vn -0.1636 -0.8230 -0.5440
vn 0.2450 0.1323 -0.9605
vn -0.6551 -0.7520 -0.0732
vn 0.2373 0.8631 0.4458
vn -0.5614 -0.6058 0.5637
vn 0.1134 0.7021 0.7030
vn 0.3040 0.8243 0.4776
vn -0.5388 -0.0893 -0.8377
vn -0.9766 -0.1135 -0.1824
vn 0.7096 -0.5567 0.4318
vn 0.7646 -0.0260 0.6439
vn -0.6552 0.7334 -0.1814
vn 0.7544 -0.5435 0.3681
vn -0.3573 0.9174 -0.1754
vn -0.0950 -0.9151 0.3919
vn 0.9785 0.2023 -0.0402
vn -0.8754 0.3039 -0.3760
vn 0.6400 -0.3511 0.6835
vn -0.0655 0.1852 -0.9805
vn 0.4410 -0.5133 0.7362
vn 0.4420 -0.1386 -0.8862
vn -0.2973 -0.0785 0.9516
vn 0.5481 -0.3572 -0.7563
vn -0.2308 -0.6611 0.7140
vn -0.5005 -0.8110 0.3029
vn 0.6566 0.4032 -0.6375
vn 0.6381 0.7601 -0.1228
vn -0.9547 -0.2389 0.1776
vn 0.1748 -0.5272 -0.8315
vn -0.8942 -0.4475 0.0123
vn -0.4433 0.2878 0.8489
vn -0.0085 -0.1351 -0.9908
vn -0.7976 -0.0163 0.6030
vn 0.1675 -0.1361 0.9764
vn -0.2854 0.3195 0.9036
vn -0.1543 0.4424 -0.8834
vn -0.0642 0.4405 -0.8954
vn 0.1310 -0.1273 0.9832
vn -0.0340 0.6061 -0.7946
vn -0.0400 -0.7962 0.6037
vn 0.3966 0.8608 -0.3190
vn -0.2536 -0.9064 0.3378
vn -0.2044 -0.8946 0.3975
vn 0.3422 0.8945 -0.2878
vn 0.1459 0.9889 -0.0287
vn -0.7685 -0.6162 0.1722
vn -0.6427 0.7303 -0.2316
vn -0.8407 -0.5406 -0.0320
vn 0.9646 0.2167 -0.1503
vn -0.7090 -0.3312 -0.6226
vn -0.6071 0.5037 0.6146
vn -0.9748 0.1291 -0.1822
vn 0.8360 -0.3708 -0.4045
vn -0.8726 0.4882 -0.0155
vn 0.6396 -0.3618 0.6783
vn -0.5498 0.5113 -0.6606
vn 0.2300 -0.7111 0.6645
vn -0.2660 0.9639 -0.0118
vn 0.2731 -0.3701 -0.8880
vn 0.2010 0.0307 0.9791
vn -0.0160 -0.3803 -0.9247
vn -0.9304 0.2933 -0.2198
vn -0.6300 -0.7187 0.2940
vn 0.1125 0.1317 -0.9849
vn 0.1759 0.1703 0.9696
vn -0.6156 -0.7615 -0.2029
vn 0.2688 -0.9248 0.2693
vn -0.1052 0.0636 -0.9924
vn -0.0988 0.4787 0.8724
vn 0.1579 -0.0523 0.9861
vn 0.5426 -0.7917 0.2805
vn -0.1279 0.5592 -0.8191
vn -0.3544 -0.0402 0.9342
vn -0.5001 -0.2777 0.8203
vn -0.5281 0.7236 -0.4445
vn -0.1586 -0.7543 0.6370
vn 0.7923 -0.4547 -0.4069
vn 0.7577 -0.2441 -0.6052
vn -0.6204 -0.7255 0.2980
vn 0.8611 -0.1964 -0.4689
vn -0.8406 -0.4908 -0.2293
vn 0.6027 -0.3270 -0.7278
vn 0.8973 -0.3926 0.2017
vn -0.4851 0.0224 -0.8741
vn -0.7501 0.4754 0.4597
vn 0.8094 -0.5708 -0.1383
vn -0.0616 0.5354 0.8423
vn -0.5163 0.8315 -0.2050
vn 0.4838 0.6491 0.5870
vn -0.8469 -0.4909 -0.2044
vn 0.8140 -0.5418 0.2092
vn 0.5119 -0.6700 0.5376
vn 0.2786 0.5053 -0.8167
vn 0.3484 0.8590 -0.3753
vn -0.1670 -0.3978 0.9022
vn -0.2280 -0.2383 0.9440
vn 0.8047 -0.3142 -0.5037
vn 0.1549 -0.7175 -0.6792
vn 0.0599 0.9203 -0.3865
vn -0.2308 0.7507 0.6190
vn 0.0899 -0.9174 -0.3878
vn 0.5523 -0.4307 -0.7137
vn -0.5429 0.4930 0.6799
vn 0.4118 -0.4774 -0.7762
vn -0.0896 0.7498 0.6555
vn -0.4679 -0.4672 -0.7502
vn -0.8658 0.1859 0.4646
vn 0.2394 -0.7012 -0.6715
vn 0.0215 0.9794 0.2008
vn -0.0336 0.9350 0.3532
vn -0.4227 -0.6875 -0.5905
vn 0.1952 0.9796 0.0484
vn 0.8466 0.3006 0.4392
vn -0.7229 -0.2737 0.6344
vn -0.5640 0.4469 -0.6944
vn 0.7591 -0.2312 0.6085
vn -0.5882 0.2652 -0.7640
vn 0.8383 -0.5363 0.0980
vn 0.7631 -0.2121 -0.6105
vn 0.0667 0.8681 -0.4918
vn -0.4679 -0.5441 0.6964
vn -0.1380 -0.9830 0.1208
vn -0.5658 0.0282 0.8240
vn -0.2639 -0.7011 -0.6625
vn 0.3497 -0.1814 -0.9191
vn 0.8821 0.4706 -0.0208
vn -0.5957 -0.0240 0.8028
vn 0.7032 0.5315 -0.4723
vn -0.2577 0.0108 0.9662
vn 0.5155 0.0639 -0.8545
vn -0.5989 -0.7964 0.0838
vn 0.3337 0.6859 -0.6467
vn -0.2270 0.8222 -0.5219
vn 0.3785 -0.4496 0.8091
vn 0.2156 -0.8530 -0.4754
vn -0.7647 0.3688 -0.5284
vn -0.9958 -0.0888 -0.0243
vn -0.5946 -0.7794 0.1976
vn 0.5795 0.8128 0.0585
vn -0.0187 -0.7243 -0.6892
vn 0.2313 -0.6747 0.7009
vn -0.0674 -0.7759 -0.6273
vn 0.6482 -0.2448 0.7210
vn -0.5583 0.8281 -0.0508
vn 0.5978 -0.8012 0.0272
vn -0.6581 0.3654 -0.6583
vn 0.5938 0.5079 0.6240
vn -0.0120 -0.9844 -0.1758
vn 0.0104 0.9930 0.1180
vn -0.6392 -0.2572 -0.7248
vn -0.3948 0.8967 -0.2000
vn 0.5811 -0.4237 0.6949
vn 0.1476 -0.4670 -0.8718
vn -0.4778 0.6908 0.5427
vn 0.3426 -0.9226 0.1776
vn -0.3626 0.2342 -0.9021
vn 0.1856 0.8976 0.3997
vn -0.1828 -0.7860 0.5906
vn 0.2362 0.8582 0.4558
vn 0.1479 -0.9448 -0.2923
vn 0.4406 -0.0691 0.8951
vn -0.5409 -0.5461 -0.6397
vn -0.2874 0.1431 -0.9471
vn 0.7880 0.5990 0.1420
vn -0.5864 -0.5609 0.5844
vn -0.8112 -0.3296 0.4830
vn 0.9120 0.4044 -0.0679
vn -0.9375 0.0773 0.3394
vn 0.7106 -0.2048 -0.6732
vn -0.1126 -0.9568 -0.2682
vn 0.8289 0.5386 -0.1513
vn 0.2998 0.9513 0.0713
vn -0.8664 -0.4992 0.0085
vn -0.7731 0.5491 -0.3176
vn 0.8291 -0.5027 0.2448
vn -0.6397 0.6426 -0.4217
vn 0.6400 -0.3802 -0.6677
vn -0.5814 0.7993 -0.1518
vn 0.4460 -0.8866 -0.1228
vn -0.1702 0.2151 0.9617
vn 0.2792 -0.6590 -0.6984
vn 0.6163 0.6627 -0.4255
vn -0.5033 -0.7960 0.3363
vn -0.1092 0.3993 0.9103
vn 0.4580 0.1321 0.8791
vn -0.9133 0.0892 0.3974
vn -0.5405 -0.4027 -0.7387
vn 0.8764 -0.3889 -0.2840
vn -0.0023 0.8684 0.4959
vn -0.3463 -0.5335 -0.7716
vn -0.7444 0.4736 0.4706
vn 0.6190 -0.6643 0.4191
vn -0.0593 0.9687 0.2412
vn 0.0468 0.8879 -0.4576
vn -0.8106 -0.5828 -0.0579
vn 0.6341 -0.4095 0.6560
vn 0.3240 0.5000 -0.8031
vn -0.2222 0.7440 -0.6301
vn -0.5742 -0.1801 0.7986
vn 0.7930 -0.1113 -0.5989
vn -0.7930 0.1981 0.5762
vn -0.3201 -0.6063 0.7279
vn 0.4070 0.4994 -0.7648
vn -0.7358 -0.1271 0.6652
vn 0.5193 -0.4591 -0.7208
vn -0.4994 0.1030 0.8602
vn 0.5059 0.1973 -0.8397
vn -0.7272 0.3120 0.6114
vn 0.6634 -0.5829 -0.4693
vn -0.9115 0.4097 0.0366
vn 0.1956 0.9533 0.2300
vn -0.6582 0.7299 -0.1842
vn -0.3217 -0.7612 -0.5632
vn 0.4361 -0.8453 -0.3088
vn 0.6592 -0.2215 0.7186
vn -0.7253 -0.4675 -0.5054
vn -0.5797 0.5962 0.5555
vn 0.5955 0.6171 -0.5144
vn 0.9857 -0.1323 -0.1042
vn 0.2391 0.0934 -0.9665
vn -0.8691 0.4461 -0.2138
vn 0.2866 -0.5722 0.7684
vn 0.5402 -0.8334 0.1171
vn 0.0764 -0.0039 -0.9971
vn -0.5106 0.8388 -0.1889
vn -0.0865 -0.1992 0.9761
vn -0.1381 0.6348 -0.7602
vn -0.0872 0.0511 0.9949
vn -0.4282 0.4364 -0.7913
vn 0.0077 0.0381 0.9992
vn -0.5443 -0.4417 -0.7131
vn -0.3325 0.2094 -0.9196
vn -0.1437 -0.0042 0.9896
vn -0.9564 -0.1500 0.2507
vn -0.1590 0.0470 0.9862
vn 0.8332 0.2024 0.5145
vn 0.3879 -0.0673 -0.9192
vn -0.3910 0.1027 0.9146
vn -0.2501 0.1498 0.9566
vn -0.7122 -0.7018 0.0172
vn 0.1427 -0.6847 -0.7148
vn 0.4168 -0.8477 0.3282
vn -0.0609 0.7087 0.7029
vn 0.5954 0.3539 0.7213
vn -0.0004 -0.6404 -0.7681
vn 0.7543 -0.0369 0.6555
vn 0.2092 0.1998 -0.9573
vn 0.6347 -0.2331 -0.7368
vn 0.3680 0.5615 0.7411
vn 0.6193 0.6332 0.4642
vn -0.1464 -0.0704 -0.9867
vn 0.0592 0.7067 0.7051
vn -0.3068 -0.5768 -0.7571
vn -0.3614 -0.1558 -0.9193
vn -0.2245 0.7164 0.6606
vn -0.6381 -0.5532 0.5355
vn -0.6840 -0.3153 -0.6578
vn -0.4612 -0.6049 -0.6491
vn 0.1442 0.2464 0.9584
vn 0.3773 -0.1690 0.9105
vn 0.1217 -0.5717 -0.8114
vn -0.3749 0.9241 0.0738
vn -0.0224 -0.4489 -0.8933
vn -0.4324 0.6905 0.5798
vn 0.4319 -0.8881 0.1571
vn 0.3685 -0.6967 -0.6155
vn -0.0922 0.5452 0.8332
vn -0.6981 0.6138 0.3687
vn 0.7777 -0.5920 -0.2116
vn -0.8179 0.1223 -0.5623
vn 0.7092 -0.0968 0.6983
vn -0.2860 -0.9505 0.1211
vn -0.5353 0.3823 -0.7532
vn -0.1928 0.9413 0.2771
vn -0.0650 -0.2484 0.9665
vn -0.8144 0.4648 0.3473
vn 0.1901 0.9674 -0.1674
vn 0.1128 -0.9717 0.2078
vn 0.9031 0.3709 -0.2163
vn 0.7091 -0.7038 0.0420
vn 0.0698 0.8007 -0.5950
vn -0.3873 -0.3461 0.8545
vn 0.5483 -0.1020 -0.8300
vn -0.5086 0.8383 0.1962
vn -0.0507 -0.9878 -0.1475
vn 0.2644 0.6259 -0.7337
vn -0.4672 -0.8062 0.3630
vn -0.5113 -0.7728 -0.3760
vn 0.6368 0.7704 0.0323
vn -0.9859 -0.0312 0.1646
vn 0.4321 0.7402 0.5151
vn -0.0033 0.2960 0.9552
vn -0.4327 -0.8131 -0.3895
vn 0.8069 -0.5579 -0.1938
vn -0.9317 0.2238 -0.2861
vn 0.2188 0.8958 0.3869
vn -0.6174 -0.0753 -0.7831
vn -0.4666 -0.8693 -0.1630
vn 0.0208 0.9580 -0.2859
vn 0.8976 0.0476 0.4383
vn -0.9710 0.2013 -0.1291
vn 0.2126 -0.6610 0.7196
vn 0.3103 0.5916 -0.7441
vn 0.6703 -0.1303 -0.7305
vn -0.3603 0.7652 -0.5335
vn -0.5890 -0.3653 0.7209
vn 0.3769 -0.8119 0.4458
vn -0.1875 0.6352 0.7493
vn -0.4053 0.5250 0.7484
vn 0.2129 -0.6657 -0.7152
vn -0.0151 -0.7462 -0.6656
vn -0.2743 0.3259 0.9047
vn -0.2008 -0.6048 -0.7706
vn 0.4590 0.4778 0.7490
vn -0.0202 0.9606 -0.2771
vn -0.7996 -0.3408 -0.4945
vn -0.4163 -0.8444 0.3371
vn 0.9919 0.0893 -0.0903
vn -0.6827 0.4595 -0.5681
vn 0.4702 -0.4894 0.7344
vn 0.1910 -0.4389 -0.8780
vn -0.7504 -0.6316 0.1949
vn 0.2430 -0.2463 0.9382
vn 0.8520 0.3535 -0.3862
vn 0.0854 0.6878 -0.7209
vn 0.7508 0.0518 -0.6584
vn -0.6745 0.3220 0.6644
vn -0.3527 0.1212 0.9279
vn 0.7184 -0.3721 -0.5878
vn -0.6821 0.7141 -0.1573
vn -0.5319 -0.2012 0.8226
vn 0.0239 -0.4684 0.8832
vn 0.5347 -0.6190 -0.5752
vn -0.4320 0.8401 0.3281
vn 0.7908 -0.4603 -0.4036
vn 0.6193 -0.7197 -0.3138
vn -0.8605 0.4633 -0.2117
vn -0.6597 -0.6304 -0.4091
vn 0.6788 -0.6960 0.2342
vn 0.4383 0.6548 -0.6158
vn 0.3983 0.8895 -0.2240
vn -0.3526 -0.8321 0.4282
vn 0.3665 0.5525 0.7486
vn 0.6092 0.5197 -0.5990
vn 0.6595 0.2582 -0.7060
vn -0.1854 -0.0356 -0.9820
vn -0.9364 -0.1092 0.3335
vn 0.7540 0.0217 0.6565
vn 0.1606 0.0990 -0.9821
vn -0.4967 -0.2317 0.8364
vn 0.6717 0.4604 -0.5804
vn 0.9432 -0.1512 0.2960
vn -0.4463 -0.0116 -0.8948
vn -0.5781 -0.3048 0.7569
vn -0.4555 0.3527 -0.8174
vn -0.1909 0.1571 -0.9690
vn -0.7006 0.5614 0.4406
vn -0.0664 -0.9591 0.2753
vn 0.2153 0.7279 -0.6509
vn 0.1044 0.0393 0.9938
vn -0.2306 -0.1610 -0.9596
vn -0.6739 -0.3811 -0.6329
vn 0.8731 -0.2493 0.4190
vn -0.3517 0.1186 0.9286
vn -0.9840 0.1223 0.1294
vn 0.3475 -0.3761 -0.8589
vn -0.0121 0.0664 0.9977
vn -0.5239 0.3607 -0.7717
vn -0.6387 0.5486 0.5396
vn -0.5761 0.6287 0.5223
vn 0.4490 -0.8698 0.2044
vn -0.1339 0.9119 -0.3879
vn 0.6920 -0.4770 -0.5418
vn 0.6130 0.5147 -0.5994
vn -0.5921 -0.2875 0.7528
vn 0.6980 -0.4563 -0.5518
vn -0.8444 0.2627 0.4669
vn 0.1209 0.9561 -0.2671
vn -0.4048 -0.5548 0.7268
vn 0.6759 -0.6414 0.3631
vn 0.0457 -0.9869 0.1545
vn 0.7283 0.0808 -0.6805
vn -0.5490 0.5074 -0.6642
vn 0.4874 0.3560 0.7973
vn 0.6986 -0.7054 0.1193
vn -0.2722 -0.7006 -0.6596
vn -0.9160 0.3337 -0.2226
vn -0.3144 0.9102 0.2696
vn 0.6844 -0.5178 0.5133
vn 0.9303 0.0902 0.3555
vn 0.3054 -0.9478 -0.0919
vn -0.8829 0.3462 0.3171
vn 0.7913 -0.1469 -0.5935
vn -0.9339 0.1228 0.3358
vn 0.9225 -0.3848 -0.0290
vn -0.9308 0.3601 -0.0628
vn 0.6643 -0.6972 0.2694
vn -0.9904 0.1351 -0.0278
vn -0.7497 -0.6438 0.1531
vn 0.9684 0.0819 -0.2355
vn 0.7539 0.4761 -0.4527
vn -0.3161 -0.9330 -0.1722
vn -0.8365 -0.4580 0.3010
vn 0.6978 0.2506 -0.6710
vn 0.6654 0.4400 -0.6031
vn 0.0448 0.1058 0.9934
vn -0.8119 0.0714 0.5794
vn -0.2704 -0.1759 -0.9466
vn 0.0552 0.9974 0.0469
vn -0.9575 0.2617 0.1210
vn -0.2483 -0.9009 -0.3559
vn -0.3934 0.9165 0.0721
vn -0.2404 0.9706 0.0102
vn 0.2318 -0.9607 0.1530
vn 0.0671 0.9893 -0.1299
vn -0.2667 -0.8835 -0.3851
vn 0.3638 0.9306 0.0416
vn 0.1162 0.5938 -0.7961
vn -0.3878 -0.8678 -0.3108
vn 0.0431 0.8152 0.5776
vn 0.2709 -0.0537 0.9611
vn 0.9397 0.3192 -0.1230
vn -0.7911 -0.4045 0.4588
vn 0.7580 -0.2852 0.5866
vn 0.9884 -0.0950 -0.1189
vn 0.1621 0.9822 0.0945
vn 0.2787 0.6703 -0.6877
vn -0.9907 0.0298 0.1325
vn 0.2512 -0.8431 0.4755
vn 0.6217 0.7819 -0.0455
vn -0.6653 -0.7008 0.2573
vn -0.2880 -0.9349 -0.2076
vn -0.2942 -0.7567 0.5838
vn 0.3542 -0.6523 -0.6701
vn -0.0912 0.2725 0.9578
vn 0.2373 0.8007 0.5501
vn 0.5581 -0.0167 0.8296
vn 0.8178 0.2020 -0.5388
vn 0.5244 0.8199 -0.2296
vn -0.2536 0.1834 0.9498
vn -0.5216 0.1810 -0.8337
vn 0.0714 -0.9038 0.4220
vn -0.0571 0.5300 -0.8461
vn 0.2011 -0.2793 0.9389
vn -0.0488 0.7856 -0.6169
vn 0.5049 -0.6007 0.6198
vn -0.6466 0.0131 -0.7627
vn 0.0817 -0.2544 0.9636
vn 0.8515 0.3246 0.4118
vn 0.7934 0.3268 0.5136
vn -0.3105 0.2816 -0.9079
vn -0.7974 -0.2145 -0.5640
vn -0.5500 -0.3202 -0.7714
vn 0.8192 0.5205 -0.2408
vn 0.5697 0.6801 0.4615
vn -0.6589 -0.7087 -0.2522
vn 0.4444 -0.2057 -0.8719
vn 0.0684 0.5862 0.8072
vn 0.8213 0.5410 -0.1811
vn -0.6615 0.5489 0.5110
vn 0.9508 -0.1936 -0.2419
vn -0.3570 -0.5780 -0.7339
vn -0.5282 0.8014 0.2805
vn 0.9009 -0.3310 0.2806
vn 0.5638 -0.2633 0.7828
vn -0.2536 0.9574 -0.1382
vn 0.0581 -0.6340 0.7712
vn 0.4990 -0.7153 -0.4893
vn -0.3835 -0.6666 0.6392
vn -0.4076 0.4242 0.8087
vn -0.7321 -0.2285 0.6417
vn -0.1601 -0.9370 -0.3103
vn -0.2062 -0.1134 -0.9719
vn 0.4410 0.7108 0.5480
vn -0.8092 -0.0950 0.5798
vn -0.6501 -0.6576 -0.3807
vn 0.2818 -0.3517 0.8927
vn -0.8063 0.2323 0.5440
vn -0.7516 0.3700 -0.5460
vn 0.1378 0.1662 -0.9764
vn -0.2623 0.9648 0.0205
vn 0.2313 0.4430 -0.8662
vn -0.5032 -0.8450 0.1809
vn 0.5546 0.8311 0.0398
vn 0.9657 -0.1137 0.2333
vn -0.9502 0.3079 0.0481
vn 0.3795 -0.6640 0.6443
vn -0.5289 0.5297 -0.6631
vn 0.8658 -0.3493 -0.3583
vn 0.4557 0.5425 -0.7057
vn -0.0759 0.8983 -0.4328
vn -0.6438 -0.3967 0.6544
vn 0.1619 -0.9624 0.2180
vn 0.6402 -0.7670 0.0418
vn 0.7688 -0.4367 -0.4672
vn -0.6833 0.7295 -0.0291
vn -0.3816 0.3297 -0.8635
vn -0.6745 0.7077 0.2102
vn 0.5704 -0.7955 0.2045
vn 0.0726 0.2295 -0.9706
vn -0.0159 -0.5899 0.8073
vn -0.5227 -0.2067 0.8271
vn 0.4873 0.3158 -0.8141
vn 0.9799 -0.0705 -0.1864
vn -0.6408 -0.7128 -0.2852
vn 0.4802 -0.8245 -0.2995
vn 0.0545 0.7355 0.6753
vn -0.2836 -0.4285 -0.8579
vn -0.8195 0.5627 -0.1082
vn 0.5695 0.6934 0.4415
vn -0.9202 -0.2754 -0.2781
vn 0.5340 -0.7493 0.3917
vn 0.1108 0.9773 -0.1806
vn -0.5945 -0.4139 0.6894
vn -0.2823 0.5512 -0.7851
vn 0.4157 -0.4221 0.8056
vn -0.1539 0.3244 -0.9333
vn -0.2444 0.2596 -0.9343
vn -0.2541 -0.4481 0.8571
vn 0.5851 -0.3171 -0.7464
vn -0.2958 0.2447 0.9234
vn -0.6651 -0.6803 0.3081
vn -0.0909 0.8981 0.4303
vn -0.3643 -0.8022 -0.4730
vn 0.8477 0.4907 -0.2016
vn -0.7739 0.5307 0.3454
vn -0.1666 -0.6931 -0.7014
vn -0.0335 0.7114 0.7020
vn 0.7575 -0.4036 -0.5131
vn -0.5313 0.8434 -0.0805
vn -0.4645 -0.8407 -0.2785
vn 0.2912 0.9560 -0.0369
vn 0.4434 -0.7607 0.4741
vn 0.9968 -0.0556 -0.0582
vn -0.2968 0.8349 -0.4636
vn -0.9812 -0.1918 -0.0223
vn 0.2180 -0.7777 0.5897
vn -0.6098 0.3376 0.7171
vn 0.5986 -0.3122 -0.7377
vn 0.8019 0.3425 -0.4896
vn -0.0264 -0.8382 -0.5447
vn 0.3608 0.8524 -0.3785
vn -0.0669 0.7587 -0.6480
vn 0.0403 -0.5258 0.8497
vn -0.0763 -0.6248 -0.7770
vn -0.6385 0.6611 -0.3940
vn 0.1810 -0.3726 -0.9102
vn -0.9096 0.2460 -0.3347
vn 0.1795 0.3346 0.9251
vn -0.8484 -0.3173 -0.4237
vn -0.2537 -0.8240 -0.5067
vn -0.6412 -0.2960 0.7080
vn 0.2044 0.8048 -0.5572
vn -0.5310 -0.6581 0.5338
vn 0.2540 -0.7134 0.6531
vn 0.9618 -0.2674 -0.0586
vn -0.8887 0.4568 0.0393
vn 0.6988 -0.4921 0.5191
vn 0.5851 0.7823 -0.2137
vn 0.9768 0.1807 -0.1154
vn -0.1929 -0.5500 -0.8126
vn 0.8489 -0.5149 -0.1192
vn 0.0526 -0.9388 -0.3403
vn -0.8581 0.5133 0.0110
vn -0.2400 0.9479 0.2094
vn 0.9021 -0.2730 0.3341
vn -0.6081 -0.7446 -0.2751
vn 0.6443 0.5731 0.5063
vn 0.5895 -0.5332 0.6068
vn -0.6870 -0.4027 -0.6049
vn 0.5551 0.3233 0.7664
vn -0.1816 -0.9790 -0.0930
vn 0.0528 0.8461 0.5304
vn -0.3127 0.3656 -0.8767
vn 0.4691 -0.0654 0.8807
vn -0.5842 -0.8115 -0.0130
vn -0.0835 0.9945 0.0634
vn 0.3404 -0.9321 0.1235
vn -0.4251 0.0423 -0.9041
vn 0.6145 0.2695 0.7415
vn -0.6241 -0.3718 -0.6872
vn 0.5133 0.2727 0.8138
vn 0.1326 0.1462 0.9803
vn -0.5189 -0.1627 -0.8392
vn -0.8336 -0.0147 -0.5522
vn 0.6176 0.2147 0.7567
vn -0.9602 0.2534 -0.1179
vn 0.8148 0.1460 0.5610
vn 0.7607 0.5762 0.2990
vn -0.9490 0.1014 -0.2985
vn 0.8533 0.3289 -0.4047
vn 0.7968 0.5907 -0.1268
vn -0.9867 0.1623 0.0112
vn 0.9758 -0.0277 -0.2169
vn -0.0915 0.8987 -0.4289
vn -0.1813 0.6262 0.7583
vn 0.3693 -0.9102 0.1876
vn 0.4598 -0.3401 -0.8203
vn -0.3576 -0.8812 -0.3091
vn -0.4274 -0.3967 -0.8124
vn 0.3728 0.7839 0.4965
vn -0.8243 -0.4285 0.3699
vn -0.7616 -0.3676 -0.5337
vn -0.5168 0.1754 0.8380
vn 0.9584 -0.2586 -0.1211
vn -0.6980 0.5029 0.5097
vn -0.5726 -0.7187 -0.3945
vn -0.5994 0.7932 0.1074
vn -0.5590 -0.6781 -0.4772
vn 0.5436 -0.3456 0.7649
vn -0.0426 0.7246 -0.6878
vn -0.3470 0.8835 -0.3146
vn -0.5640 0.7222 -0.4005
vn -0.6689 -0.6683 0.3255
vn -0.2054 -0.5486 0.8105
vn 0.2627 0.5069 -0.8210
vn 0.8177 0.5628 -0.1212
vn -0.1957 -0.5397 0.8188
vn 0.5072 -0.7385 0.4442
vn 0.8699 0.4581 0.1829
vn 0.5675 -0.6213 -0.5402
vn -0.3851 0.8785 -0.2829
vn -0.7035 0.1520 0.6943
vn 0.4647 -0.8707 0.1608
vn -0.2828 -0.4306 -0.8571
vn -0.6082 -0.4806 0.6318
vn 0.5326 0.0218 -0.8461
vn 0.5652 0.4781 0.6723
vn 0.1888 0.1855 0.9643
vn -0.5504 -0.2704 -0.7899
vn -0.8385 -0.1657 -0.5191
vn 0.6365 0.1822 0.7495
vn -0.8901 -0.0143 -0.4555
vn 0.7819 0.1905 0.5936
vn -0.8380 0.3687 -0.4023
vn -0.8940 0.2163 -0.3924
vn 0.6603 0.7157 0.2275
vn 0.9825 0.1860 -0.0057
vn 0.0432 -0.7254 0.6869
vn -0.3880 0.8594 -0.3330
vn -0.1929 0.9806 -0.0338
vn -0.1172 0.9259 -0.3591
vn 0.5390 -0.7761 -0.3272
vn 0.5086 0.8408 0.1854
vn -0.4103 0.6514 0.6382
vn -0.8019 -0.5138 0.3048
vn -0.6047 -0.7931 -0.0736
vn -0.4400 -0.3136 -0.8415
vn 0.8246 0.5214 -0.2196
vn -0.9878 -0.0672 0.1406
vn 0.6203 0.0019 0.7844
vn -0.3943 0.2816 0.8748
vn -0.9165 0.3647 -0.1646
vn 0.1054 0.8850 -0.4535
vn 0.0996 -0.5945 0.7979
vn -0.0737 0.9509 0.3006
vn -0.3073 0.8382 -0.4505
vn 0.1391 0.1044 -0.9848
vn 0.4825 0.8746 -0.0474
vn 0.0272 0.0939 0.9952
vn -0.1615 -0.1531 -0.9749
vn 0.8203 0.0995 -0.5632
vn -0.2757 -0.6206 -0.7341
vn -0.7646 0.5913 0.2564
vn 0.7605 -0.5262 -0.3805
vn -0.2084 -0.6181 -0.7580
vn 0.7895 -0.5136 0.3360
vn -0.4551 -0.6837 -0.5705
vn 0.1440 0.4409 -0.8859
vn 0.2906 0.5249 0.8000
vn 0.0095 -0.4906 0.8714
vn -0.5167 -0.3418 -0.7850
vn 0.9530 -0.2160 0.2122
vn -0.7539 0.4202 0.5051
vn -0.8038 -0.1666 0.5710
vn -0.7589 0.6378 -0.1316
vn 0.4652 0.5543 -0.6902
vn -0.2259 -0.6947 0.6829
vn 0.0033 0.9672 -0.2541
vn -0.0122 0.5666 -0.8239
vn -0.3691 -0.9277 -0.0554
vn -0.4601 -0.3830 -0.8010
vn 0.5990 0.8007 0.0063
vn 0.0808 0.3773 -0.9225
vn -0.0044 0.8870 0.4618
vn 0.4786 0.8612 -0.1712
vn -0.0606 -0.2760 0.9592
vn -0.4618 -0.8562 0.2315
vn 0.4675 0.2614 0.8445
vn -0.1220 -0.6222 -0.7733
vn 0.1846 -0.5298 0.8278
vn -0.5398 0.0085 -0.8418
vn 0.2492 0.9649 -0.0831
vn -0.2785 -0.8942 -0.3504
vn -0.3234 -0.6188 0.7159
vn -0.9026 -0.0276 -0.4295
vn -0.1665 0.6394 -0.7506
vn 0.8373 -0.4034 0.3691
vn -0.7100 -0.1467 0.6888
vn 0.8035 0.0419 0.5938
vn -0.4838 -0.4045 -0.7761
vn 0.7971 0.4980 -0.3416
vn -0.9935 0.0381 0.1075
vn 0.7995 0.5994 -0.0391
vn -0.6500 0.3676 0.6651
vn 0.9548 -0.2227 0.1970
vn -0.1481 -0.9869 -0.0638
vn -0.6403 0.6400 -0.4247
vn 0.7842 -0.2383 0.5730
vn -0.2758 0.7667 -0.5798
vn -0.4687 -0.3235 0.8220
vn 0.7008 -0.0348 -0.7125
vn 0.2032 -0.6690 0.7149
vn 0.5507 0.4528 -0.7012
vn 0.1046 0.4603 -0.8816
vn 0.5576 -0.3847 -0.7356
vn -0.5472 0.4595 0.6996
vn -0.1064 -0.8722 -0.4774
vn 0.3247 -0.8677 -0.3763
vn 0.3368 0.8028 0.4921
vn -0.4145 0.9096 0.0289
vn -0.5357 -0.7417 -0.4035
vn 0.2375 -0.8491 -0.4718
vn 0.3798 -0.6492 -0.6590
vn -0.3055 -0.4389 -0.8450
vn -0.9491 -0.0451 -0.3117
vn 0.3750 -0.0291 0.9266
vn -0.3198 0.9406 0.1141
vn -0.4507 0.4323 -0.7810
vn 0.0357 -0.9790 0.2007
vn -0.3701 -0.8966 -0.2433
vn -0.1631 -0.6268 0.7619
vn 0.5184 0.8551 0.0087
vn 0.0805 0.8636 -0.4976
vn 0.0964 -0.7081 0.6995
vn -0.0894 -0.4866 0.8690
vn 0.3251 0.6366 -0.6993
vn 0.1636 0.5115 -0.8436
vn 0.3452 -0.9069 0.2414
vn 0.8555 0.3508 -0.3808
vn -0.0918 0.8972 -0.4319
vn -0.7177 -0.6415 0.2709
vn 0.9075 0.2847 -0.3088
vn 0.7926 0.5129 -0.3299
vn -0.7586 -0.6371 -0.1365
vn -0.2348 -0.8478 -0.4755
vn 0.8387 0.4656 -0.2825
vn 0.4059 0.8940 -0.1896
vn -0.8475 -0.3309 0.4151
vn -0.1083 -0.9939 0.0204
vn -0.0558 -0.9827 -0.1764
vn 0.0667 0.9821 -0.1762
vn -0.5092 0.6778 -0.5303
vn 0.1777 -0.9316 -0.3171
vn 0.1295 0.8995 0.4174
vn -0.0264 -0.9763 -0.2148
vn -0.4320 0.8775 0.2082
vn 0.9065 -0.0966 0.4109
vn -0.7137 -0.1195 0.6902
vn -0.3773 -0.8932 0.2446
vn 0.7587 -0.1140 0.6413
vn 0.7236 0.1725 0.6683
vn -0.7488 -0.3922 -0.5343
vn 0.5229 0.5771 0.6273
vn -0.7271 0.6707 -0.1469
vn 0.5547 -0.8293 0.0676
vn -0.8333 0.0890 -0.5457
vn -0.7798 -0.5342 0.3264
vn 0.5705 0.4746 0.6703
vn -0.9055 -0.4234 0.0292
vn 0.2231 0.9394 0.2603
vn -0.8738 -0.3583 0.3288
vn 0.4151 0.8840 -0.2152
vn -0.9887 -0.1389 0.0560
vn 0.7047 0.4834 -0.5194
vn -0.8895 0.4467 -0.0962
vn 0.9701 -0.2335 -0.0663
vn -0.9654 0.0135 0.2606
vn 0.6834 -0.7252 0.0846
vn 0.2907 -0.8910 -0.3486
vn -0.1405 0.5923 -0.7933
vn -0.3859 -0.1927 0.9022
vn 0.2218 -0.4845 -0.8462
vn -0.0958 -0.2017 -0.9747
vn 0.0253 0.1169 0.9928
vn 0.0981 -0.6631 0.7421
vn 0.1900 -0.2902 -0.9379
vn 0.5261 0.2910 -0.7991
vn -0.1774 0.5930 0.7854
vn -0.3708 0.2171 0.9030
vn 0.5367 -0.5811 -0.6118
vn -0.8789 0.3359 0.3386
vn -0.2615 -0.4274 -0.8654
vn 0.7804 0.4051 0.4762
vn -0.8867 -0.2923 -0.3582
vn 0.7000 0.7094 -0.0825
vn -0.8509 -0.4033 -0.3365
vn 0.1873 -0.9420 0.2784
vn 0.8550 0.2080 -0.4751
vn -0.8897 -0.2808 0.3599
vn 0.0687 0.7747 -0.6286
vn -0.6380 -0.4767 0.6048
vn -0.9256 -0.3410 0.1641
vn 0.6138 0.4917 -0.6176
vn 0.4538 0.3327 -0.8267
vn 0.1335 0.5940 -0.7933
vn -0.4995 -0.8499 0.1677
vn -0.4053 -0.8679 0.2873
vn 0.5095 0.4792 -0.7147
vn -0.0444 -0.8858 -0.4619
vn 0.0721 0.9326 0.3535
vn 0.3241 0.2387 -0.9154
vn -0.5851 -0.0861 0.8064
vn 0.3219 -0.0248 -0.9465
vn 0.3762 0.2423 -0.8943
vn 0.5234 -0.7060 0.4771
vn -0.3029 0.7468 -0.5921
vn 0.0088 -0.4292 0.9032
vn -0.7967 0.3006 -0.5244
vn -0.4467 0.3791 0.8104
vn 0.8602 0.1165 0.4964
vn 0.4621 -0.5082 -0.7267
vn 0.1251 -0.7719 -0.6233
vn -0.0124 0.5544 -0.8322
vn -0.2445 0.9287 0.2786
vn -0.1470 -0.7337 0.6633
vn 0.4725 0.8098 -0.3477
vn -0.3191 -0.4430 0.8378
vn 0.3386 0.2493 -0.9073
vn 0.7563 0.3911 -0.5245
vn -0.7829 0.3378 0.5225
vn -0.5788 -0.1714 0.7972
vn 0.9277 0.3695 0.0532
vn 0.9546 0.1953 0.2251
vn -0.4453 0.7001 -0.5581
vn -0.9617 0.1709 -0.2145
vn 0.6317 -0.2764 0.7243
vn -0.3643 0.4493 -0.8157
vn -0.1802 -0.0688 0.9812
vn 0.8849 -0.2413 -0.3984
vn 0.8669 0.2989 0.3989
vn 0.3831 0.2122 -0.8990
vn -0.3986 -0.2525 0.8817
vn 0.7075 -0.2024 -0.6771
vn -0.6368 0.0694 0.7679
vn 0.5113 0.0695 -0.8566
vn -0.6349 -0.6475 0.4214
vn 0.7209 0.1639 -0.6734
vn -0.3430 -0.7523 0.5625
vn 0.3916 0.9074 0.1522
vn -0.5381 0.3577 0.7632
vn -0.0347 -0.6904 -0.7226
vn -0.8603 0.3727 0.3479
vn -0.6045 0.7529 0.2603
vn 0.2363 -0.7372 -0.6331
vn 0.0514 0.6816 0.7300
vn -0.6064 0.6281 -0.4877
vn -0.5592 0.5720 -0.6001
vn -0.6948 -0.5841 -0.4196
vn 0.6356 -0.2568 0.7280
vn 0.7058 0.6782 0.2045
vn -0.5393 -0.4019 0.7400
vn 0.9156 -0.2986 -0.2692
vn -0.5172 0.6712 -0.5311
vn -0.8497 -0.5144 0.1161
vn 0.7314 0.5327 -0.4257
vn 0.4449 0.4682 -0.7634
vn 0.5480 -0.8349 0.0508
vn -0.5671 0.7504 0.3395
vn -0.0150 -0.9558 0.2938
vn -0.2969 0.9520 0.0741
vn -0.0213 -0.9357 -0.3521
vn -0.1127 0.7819 -0.6131
vn 0.2466 -0.5811 0.7756
vn -0.6531 0.7426 -0.1481
vn -0.2921 -0.8853 0.3617
vn 0.3369 0.3134 -0.8878
vn -0.9643 -0.1720 0.2014
vn 0.4422 -0.3797 -0.8126
vn -0.6772 0.5299 0.5105
vn 0.2570 -0.9420 0.2160
vn -0.8246 0.4004 -0.3997
vn 0.7522 -0.6120 0.2444
vn -0.2995 -0.4973 0.8143
vn -0.1657 0.1719 0.9711
vn -0.4125 -0.0311 -0.9104
vn 0.9978 -0.0632 -0.0216
vn 0.1808 0.8279 0.5310
vn 0.7416 -0.6129 0.2726
vn 0.0844 0.9605 0.2653
vn -0.7807 -0.1753 -0.5999
vn 0.7405 0.3253 0.5881
vn -0.2133 -0.9214 -0.3247
vn 0.5061 -0.8622 -0.0217
vn 0.1699 0.7708 -0.6140
vn 0.4639 -0.8643 0.1943
vn -0.1300 -0.0362 -0.9909
vn -0.2277 -0.6853 0.6917
vn -0.3845 0.8377 0.3879
vn -0.3333 0.6338 -0.6980
vn 0.3230 -0.6248 0.7109
vn -0.2273 0.6442 0.7303
vn -0.2840 -0.7950 0.5360
vn 0.3987 0.3025 -0.8658
vn -0.8508 -0.4232 0.3116
vn 0.8893 0.2234 -0.3990
vn -0.6421 -0.5615 -0.5220
vn 0.6745 -0.6927 -0.2554
vn -0.8483 0.3247 0.4182
vn 0.5960 0.6662 0.4483
vn -0.3470 0.8227 -0.4502
vn -0.1458 -0.7671 0.6248
vn 0.9733 -0.1838 0.1377
vn 0.4787 0.6019 -0.6393
vn -0.4840 0.8698 0.0960
vn -0.9624 0.2066 0.1761
vn 0.7697 -0.0222 -0.6381
vn -0.4055 0.3365 0.8499
vn 0.4504 -0.8039 -0.3884
vn 0.0388 -0.9356 -0.3510
vn 0.0649 0.8160 0.5744
vn -0.0621 -0.3905 -0.9185
vn 0.0679 -0.0500 0.9964
vn -0.2923 0.1448 0.9453
vn -0.3067 -0.3454 -0.8869
vn -0.3499 -0.8105 0.4698
vn 0.0358 0.6540 0.7557
vn 0.5297 0.3310 0.7809
vn -0.8058 0.4524 -0.3821
vn 0.7540 -0.2125 0.6216
vn 0.6612 0.1374 0.7375
vn -0.7316 0.1583 -0.6631
vn -0.3300 -0.9427 -0.0486
vn 0.5362 0.7787 0.3258
vn -0.5723 -0.3063 -0.7607
vn 0.3005 -0.4792 0.8247
vn 0.2439 0.6003 -0.7617
vn 0.5869 0.2993 0.7523
vn -0.5678 -0.1947 -0.7998
vn -0.1924 -0.3123 0.9303
vn -0.9859 -0.1010 0.1335
vn 0.5625 -0.1651 0.8101
vn -0.2659 -0.8441 0.4656
vn 0.5946 0.5583 -0.5786
vn 0.6232 -0.4143 -0.6634
vn -0.0682 0.9925 0.1018
vn -0.8032 -0.2770 0.5274
vn 0.1424 -0.9115 -0.3859
vn -0.6575 -0.6445 -0.3904
vn 0.6191 -0.4887 -0.6147
vn 0.6377 0.6182 0.4595
vn -0.7085 0.5201 0.4770
vn -0.5225 0.3207 -0.7900
vn 0.2030 -0.7277 -0.6552
vn 0.4947 0.0891 0.8645
vn -0.5117 0.6684 0.5398
vn -0.4909 0.3673 -0.7900
vn 0.5401 -0.7418 0.3975
vn -0.5221 0.4041 -0.7511
vn 0.1705 -0.8747 -0.4536
vn 0.4088 -0.3080 -0.8591
vn 0.1112 0.0353 0.9932
vn 0.5786 0.5859 -0.5674
vn -0.8525 -0.4470 -0.2711
vn -0.5333 0.7789 -0.3299
vn -0.2654 0.4070 -0.8740
vn 0.4999 -0.0876 0.8616
vn -0.3278 -0.8026 -0.4984
vn -0.7891 0.5937 -0.1574
vn 0.7647 -0.0999 0.6366
vn -0.9852 -0.0791 0.1523
vn 0.4933 -0.3904 -0.7773
vn -0.9868 -0.1412 -0.0788
vn -0.7167 -0.0946 0.6909
vn 0.9173 0.0635 0.3931
vn 0.8019 0.2494 -0.5430
vn -0.6889 -0.7030 0.1770
vn 0.7351 0.0628 0.6750
vn -0.6539 -0.4320 -0.6211
vn 0.3460 0.9272 -0.1436
vn -0.4001 -0.8936 -0.2034
vn 0.5402 0.2538 0.8024
vn -0.5576 -0.3222 -0.7650
vn 0.3292 0.9339 0.1397
vn -0.6810 0.4817 0.5516
vn 0.1641 -0.9484 -0.2712
vn -0.1074 0.9765 0.1871
vn 0.1794 0.9810 0.0740
vn -0.9081 -0.2164 -0.3584
vn 0.7032 -0.3819 -0.5998
vn 0.9836 0.1380 -0.1161
vn -0.6280 0.5575 0.5430
vn -0.0781 -0.9870 -0.1403
vn 0.3855 0.7295 -0.5650
vn -0.6774 0.7356 -0.0090
vn 0.9685 -0.0678 -0.2397
vn 0.5236 -0.7393 0.4235
vn 0.9033 -0.3813 -0.1968
vn 0.1280 -0.2088 -0.9695
vn -0.1396 0.7128 -0.6873
vn 0.0759 0.2711 0.9596
vn 0.0144 -0.9858 0.1674
vn 0.3965 0.8262 0.4003
vn -0.2776 -0.7672 0.5782
vn 0.7089 0.2955 -0.6404
vn -0.5919 -0.4871 0.6422
vn -0.9622 0.2669 0.0536
vn 0.0914 0.9098 0.4049
vn 0.3702 0.5355 0.7591
vn -0.5822 -0.8007 -0.1414
vn -0.9517 -0.0588 0.3015
vn -0.2740 -0.8868 -0.3722
vn 0.4006 -0.2034 -0.8934
vn -0.3945 -0.8854 -0.2459
vn 0.9607 0.1718 -0.2181
vn -0.0000 0.6876 0.7261
vn -0.6741 0.5287 0.5159
vn -0.5408 -0.3391 -0.7698
vn 0.7585 0.2477 0.6027
vn 0.4109 0.9098 -0.0586
vn -0.5607 0.8277 0.0208
vn -0.3022 -0.9341 0.1902
vn 0.8798 0.3592 -0.3115
vn -0.5541 0.7831 0.2822
vn -0.6652 -0.6798 0.3090
vn 0.1116 -0.9791 -0.1700
vn 0.6168 -0.0927 -0.7816
vn -0.2577 -0.9111 -0.3215
vn -0.4793 0.8535 0.2048
vn -0.6907 -0.6088 -0.3903
vn 0.7093 -0.2168 -0.6708
vn 0.7798 0.6184 -0.0975
vn 0.3361 0.7921 0.5095
vn -0.2708 -0.5042 -0.8200
vn 0.4810 -0.4588 -0.7471
vn -0.1313 -0.7695 -0.6251
vn -0.9624 0.0346 0.2695
vn -0.6822 -0.7173 -0.1416
vn 0.1614 0.8576 -0.4884
vn 0.0356 -0.7769 0.6287
vn 0.5795 0.8149 0.0127
vn -0.6971 -0.7100 -0.0993
vn 0.6263 -0.4095 0.6634
vn -0.9754 0.1832 -0.1229
vn 0.1728 0.7205 -0.6716
vn 0.3283 -0.5288 0.7827
vn -0.7974 -0.5457 0.2577
vn 0.9859 0.1148 0.1216
vn 0.6187 -0.7840 0.0500
vn 0.1200 0.9888 -0.0883
vn -0.3688 0.2065 0.9063
vn 0.1570 -0.9819 0.1059
vn -0.1850 0.2561 -0.9488
vn -0.4821 -0.1832 0.8567
vn 0.3901 0.7980 -0.4593
vn -0.5480 -0.2298 0.8043
vn 0.5695 0.0274 -0.8215
vn 0.0638 -0.5206 -0.8514
vn 0.0420 -0.5845 0.8103
vn -0.4439 -0.0949 -0.8910
vn 0.4674 -0.0179 0.8838
vn -0.2862 -0.6384 0.7145
vn 0.8361 0.4089 0.3657
vn -0.6567 -0.3236 0.6812
vn 0.3026 -0.7025 -0.6441
vn -0.9940 0.0443 0.0996
vn 0.6109 0.4920 0.6202
vn -0.8690 -0.0275 -0.4940
vn -0.5059 0.0812 -0.8587
vn -0.0275 -0.9947 -0.0995
vn 0.2964 0.8736 0.3860
vn 0.0284 0.9996 0.0080
vn -0.3762 0.4479 -0.8111
vn 0.2421 -0.6960 0.6760
vn 0.8146 0.5798 0.0176
vn -0.9012 -0.4330 -0.0217
vn -0.2530 -0.9371 -0.2405
vn 0.3726 -0.9280 0.0017
vn -0.3724 0.9252 0.0732
vn 0.6798 0.4257 -0.5973
vn -0.3587 -0.6437 0.6760
vn 0.7405 -0.6479 -0.1787
vn 0.1312 0.5439 -0.8288
vn -0.1820 0.4774 0.8596
vn 0.0800 -0.8345 -0.5451
vn 0.4187 -0.8169 -0.3966
vn -0.3482 -0.7948 -0.4971
vn 0.6241 0.7799 -0.0477
vn 0.1165 0.5879 0.8005
vn -0.6341 -0.6673 0.3908
vn 0.5258 0.8020 0.2835
vn 0.0299 0.6964 0.7170
vn -0.8217 -0.5042 -0.2658
vn -0.2613 -0.6759 -0.6891
vn 0.5897 0.8013 -0.1011
vn 0.5950 0.7446 0.3025
vn -0.9085 -0.1913 -0.3714
vn -0.7619 -0.5486 -0.3443
vn 0.9110 0.3780 -0.1648
vn -0.8993 -0.0600 -0.4333
vn -0.3129 -0.6533 -0.6894
vn 0.9661 0.1640 0.1992
vn 0.7111 0.3264 -0.6228
vn -0.1351 0.2883 -0.9480
vn 0.7205 0.3265 -0.6118
vn 0.6948 0.2770 -0.6637
vn -0.7465 -0.3636 0.5573
vn 0.1077 0.7615 -0.6392
vn -0.5380 -0.7906 0.2925
vn 0.7043 0.3483 -0.6186
vn -0.0715 -0.7508 0.6567
vn -0.0914 0.7101 -0.6982
vn 0.8268 0.3060 -0.4720
vn 0.4200 -0.5017 0.7562
vn -0.5365 -0.3169 0.7821
vn 0.8921 0.3999 0.2104
vn 0.9137 0.3275 -0.2406
vn 0.6218 0.1545 0.7678
vn -0.9122 -0.3968 0.1017
vn -0.4964 -0.0784 -0.8646
vn 0.8885 0.4023 -0.2208
vn -0.6247 -0.0741 0.7773
vn -0.4441 0.4957 0.7464
vn 0.6237 -0.3514 -0.6983
vn 0.5201 -0.3865 -0.7617
vn -0.1529 0.9223 0.3550
vn 0.2379 0.6083 -0.7572
vn -0.1390 0.8024 0.5804
vn 0.0637 -0.3545 -0.9329
vn -0.7188 -0.6864 -0.1104
vn 0.4581 0.0269 0.8885
vn 0.8876 0.3469 0.3030
vn -0.7571 -0.3705 -0.5381
vn 0.8081 -0.0088 -0.5890
vn 0.1234 0.1849 0.9750
vn -0.6158 -0.0237 0.7876
vn -0.6580 -0.3787 -0.6509
vn 0.8308 0.1551 0.5345
vn -0.8934 0.2429 -0.3778
vn -0.6497 0.4549 0.6090
vn -0.1970 0.4303 -0.8810
vn 0.4930 -0.8633 -0.1083
vn 0.7084 -0.0497 0.7041
vn 0.1720 -0.6892 0.7039
vn 0.5528 0.8120 -0.1873
vn -0.9048 0.4255 0.0174
vn 0.7148 0.1830 -0.6749
vn -0.2411 0.9162 -0.3201
vn 0.7758 0.2955 -0.5575
vn 0.7575 -0.4736 -0.4493
vn -0.3960 -0.4655 0.7915
vn 0.4657 -0.2167 -0.8580
vn -0.8777 0.2236 -0.4238
vn 0.1325 0.5393 -0.8316
vn -0.3461 -0.0947 0.9334
vn 0.2584 -0.5315 -0.8067
vn 0.8913 -0.4115 0.1904
vn 0.0788 -0.4684 -0.8800
vn -0.7606 -0.3527 -0.5450
vn -0.2289 0.0516 0.9721
vn 0.8736 -0.0128 0.4865
vn -0.8900 -0.4452 -0.0984
vn -0.2407 -0.7508 -0.6151
vn -0.4321 -0.7823 -0.4486
vn -0.1031 0.9232 0.3703
vn -0.7821 0.0292 -0.6224
vn 0.3036 0.7462 0.5925
vn 0.8584 -0.1527 0.4897
vn 0.5427 0.7376 0.4017
vn -0.0496 -0.9885 -0.1426
vn -0.4093 -0.9123 0.0135
vn -0.5497 0.7682 -0.3282
vn 0.8309 0.5563 -0.0074
vn 0.7768 -0.4482 0.4424
vn 0.3728 -0.4813 0.7933
vn -0.0394 -0.3530 0.9348
vn -0.0107 -0.5666 -0.8239
vn 0.1989 0.9182 0.3425
vn 0.6163 0.5949 -0.5160
vn 0.0668 0.9838 -0.1662
vn -0.5566 0.3569 0.7502
vn -0.8037 -0.2665 0.5321
vn -0.3855 0.8638 -0.3245
vn 0.7864 -0.4425 0.4310
vn -0.5986 0.3938 -0.6975
vn 0.7259 -0.2435 0.6432
vn -0.6863 0.2684 -0.6759
vn -0.7086 0.2992 -0.6390
vn -0.2198 -0.1131 0.9690
vn 0.5028 -0.5826 -0.6385
vn -0.3080 0.4557 0.8351
vn 0.0454 -0.0217 -0.9987
vn -0.6429 0.3286 0.6919
vn 0.4452 -0.7123 -0.5426
vn -0.4832 0.6214 0.6167
vn -0.9317 -0.1775 0.3170
vn 0.8139 -0.1558 -0.5597
vn -0.8681 0.3465 0.3554
vn -0.9712 -0.2067 -0.1181
vn 0.6453 -0.3148 -0.6961
vn 0.9911 0.0375 0.1281
vn -0.7831 0.6154 0.0897
vn -0.0410 -0.4026 -0.9145
vn -0.1403 0.6620 0.7363
vn 0.6026 0.4753 0.6411
vn 0.4588 0.8858 -0.0699
vn -0.7704 0.3849 -0.5083
vn -0.8852 -0.0946 -0.4555
vn 0.3340 0.8467 -0.4141
vn -0.7127 0.4739 -0.5172
vn -0.5744 -0.8181 -0.0284
vn 0.1484 -0.4118 0.8991
vn 0.3527 0.2165 -0.9103
vn 0.8616 0.2573 -0.4376
vn 0.6242 -0.7119 0.3219
vn -0.8028 0.5589 0.2077
vn -0.1552 -0.8000 0.5796
vn 0.4026 0.7482 0.5273
vn -0.1946 0.7872 0.5852
vn -0.6479 0.1939 0.7366
vn -0.5007 -0.8611 0.0880
vn 0.9764 0.2153 0.0147
vn -0.8045 -0.5936 0.0210
vn 0.6512 0.5210 0.5518
vn -0.5640 -0.5541 -0.6122
vn 0.2743 -0.8642 0.4217
vn 0.8911 -0.0289 0.4529
vn 0.8515 0.4727 0.2269
vn -0.5436 0.6746 -0.4994
vn -0.7894 0.6112 -0.0575
vn 0.6512 -0.7383 -0.1756
vn 0.8097 -0.5132 0.2845
vn -0.8339 0.5193 -0.1867
vn -0.0175 -0.8663 0.4992
vn 0.0406 0.8001 -0.5985
vn 0.2982 0.1082 0.9484
vn -0.3330 -0.9386 0.0899
vn -0.3886 0.8637 0.3210
vn 0.5477 -0.4180 0.7248
vn -0.0721 -0.3750 -0.9242
vn 0.2130 0.9714 -0.1047
vn 0.1006 -0.7861 -0.6099
vn -0.2957 0.8466 0.4425
vn -0.5614 -0.0919 0.8224
vn 0.5947 -0.8006 -0.0733
vn -0.1484 -0.8115 -0.5652
vn -0.9892 -0.1360 -0.0556
vn 0.1700 -0.8758 -0.4518
vn 0.0555 -0.9765 -0.2080
vn -0.2002 0.6262 0.7535
vn 0.1201 -0.8170 -0.5639
vn -0.0400 0.8945 0.4452
vn 0.4053 -0.8995 -0.1632
vn 0.2430 0.6846 0.6872
vn 0.4938 -0.7859 -0.3721
vn 0.3815 0.9034 0.1959
vn 0.9926 0.0214 -0.1195
vn 0.7825 0.6172 0.0821
vn -0.1943 0.7687 0.6094
vn 0.1450 0.2912 0.9456
vn 0.5986 0.1643 0.7840
vn 0.0527 -0.6389 -0.7675
vn -0.5814 -0.0855 -0.8091
vn -0.4245 0.1209 0.8973
vn 0.4528 -0.7727 -0.4449
vn 0.4676 -0.0504 -0.8825
vn -0.2931 0.7529 -0.5893
vn -0.0530 -0.9292 0.3656
vn 0.3085 0.5177 -0.7980
vn -0.4182 0.6068 0.6759
vn 0.3947 -0.8988 -0.1906
vn 0.6410 0.0732 0.7641
vn 0.7523 -0.6243 0.2105
vn -0.1940 -0.5520 -0.8109
vn 0.6898 0.2534 0.6782
vn -0.1918 -0.8520 -0.4871
vn -0.7104 -0.1385 -0.6900
vn 0.1819 0.9589 0.2178
vn 0.0027 -0.8881 0.4596
vn 0.2470 0.7490 0.6148
vn 0.1185 0.4092 0.9047
vn -0.3086 -0.8174 -0.4864
vn -0.6541 -0.7184 -0.2366
vn 0.7415 0.4369 0.5092
vn -0.3618 0.5836 0.7269
vn 0.1295 0.3994 0.9076
vn -0.7992 -0.4189 -0.4310
vn -0.9978 -0.0392 0.0526
vn 0.9294 -0.1531 0.3358
vn 0.7371 0.4083 0.5385
vn -0.9056 0.3608 -0.2230
vn 0.8777 -0.3774 0.2953
vn 0.9297 0.1715 -0.3259
vn 0.5921 0.6999 0.3993
vn 0.1263 0.9886 -0.0822
vn -0.9397 0.1573 -0.3037
vn -0.9410 -0.0828 0.3282
vn -0.6016 -0.7237 -0.3382
vn 0.2379 -0.9706 -0.0351
vn -0.3854 0.9226 0.0162
vn 0.3495 0.5524 -0.7568
vn -0.2507 -0.6029 0.7574
vn 0.9018 -0.3270 -0.2826
vn 0.3046 0.7590 -0.5754
vn -0.7343 0.5029 0.4559
vn 0.8429 -0.5320 -0.0808
vn 0.4014 -0.7788 -0.4820
vn -0.0506 0.3757 0.9254
vn -0.0700 0.4584 0.8860
vn 0.0361 -0.3838 -0.9227
vn -0.6505 -0.7572 0.0590
vn 0.1946 0.7940 0.5759
vn 0.0758 0.5455 0.8347
vn -0.7372 -0.5049 -0.4490
vn 0.7574 -0.6496 -0.0655
vn 0.6396 0.7666 -0.0560
vn 0.5142 0.7206 0.4650
vn -0.8767 -0.0941 -0.4717
vn 0.7454 -0.0212 0.6663
vn 0.2568 0.9651 -0.0511
vn -0.5715 -0.5847 -0.5758
vn 0.3697 0.3391 0.8651
vn -0.1746 -0.9537 -0.2450
vn -0.5178 0.7790 0.3536
vn 0.1856 -0.7816 -0.5955
vn -0.2771 0.9606 -0.0203
vn 0.6670 -0.6687 -0.3286
vn -0.8479 0.2983 -0.4382
vn -0.3997 0.8709 -0.2859
vn 0.7198 -0.3624 0.5921
vn 0.9270 -0.3640 0.0907
vn -0.6923 -0.0642 -0.7188
vn 0.2595 -0.8283 0.4965
vn 0.5425 -0.7843 -0.3010
vn 0.1362 0.6118 -0.7792
vn -0.3241 -0.6512 -0.6862
vn -0.2414 -0.9704 0.0121
vn -0.2971 0.2934 -0.9087
vn -0.5687 0.7879 0.2361
vn 0.1078 0.5826 0.8056
vn -0.7209 -0.4829 -0.4972
vn -0.0830 -0.9626 0.2580
vn -0.3793 0.8612 -0.3384
vn 0.5119 0.1710 0.8418
vn 0.1908 0.5041 0.8423
vn -0.1682 -0.6532 -0.7383
vn -0.1879 -0.5479 -0.8152
vn -0.7548 0.4163 -0.5069
vn 0.2238 -0.8692 -0.4409
vn 0.6557 0.5008 -0.5651
vn -0.9421 -0.3316 -0.0502
vn 0.3304 -0.4223 -0.8441
vn 0.6323 -0.6942 -0.3439
vn -0.0066 0.0918 0.9958
vn -0.5019 0.7834 0.3665
vn 0.6174 -0.5019 0.6057
vn -0.9355 -0.2557 0.2440
vn -0.9625 0.1661 0.2146
vn 0.2288 0.9269 -0.2974
vn 0.8008 -0.5759 -0.1646
vn 0.8358 -0.5052 -0.2152
vn 0.2290 0.9275 0.2953
vn -0.0084 -0.8566 -0.5160
vn -0.5694 0.6505 0.5026
vn 0.4605 0.8652 0.1983
vn 0.5545 -0.7731 -0.3080
vn 0.2276 -0.8919 0.3909
vn -0.9284 0.3458 -0.1361
vn 0.7564 -0.4046 0.5139
vn 0.5871 0.6887 -0.4254
vn 0.8400 0.2577 -0.4775
vn -0.5413 -0.8338 0.1084
vn 0.2343 0.9309 -0.2803
vn -0.1842 0.9317 0.3132
vn -0.2409 -0.4233 -0.8734
vn 0.6978 -0.0190 0.7160
vn -0.9913 -0.0743 -0.1088
vn 0.6851 0.5177 0.5125
vn -0.3002 0.5216 -0.7986
vn -0.9933 0.0492 -0.1042
vn -0.4739 -0.3992 0.7849
vn -0.6261 -0.7594 -0.1770
vn -0.1034 0.7458 -0.6581
vn -0.6080 -0.7414 0.2839
vn 0.2732 0.5710 0.7742
vn 0.1328 0.9614 -0.2409
vn -0.2264 -0.6570 -0.7191
vn 0.5326 0.7941 -0.2929
vn 0.3230 0.4555 0.8296
vn 0.0283 0.3167 0.9481
vn -0.2854 -0.3752 -0.8819
vn 0.3380 0.2658 0.9028
vn 0.3440 -0.0496 -0.9377
vn 0.3657 -0.1784 0.9135
vn 0.6104 -0.6169 0.4969
vn 0.9162 -0.2755 -0.2911
vn -0.0719 0.2326 -0.9699
vn -0.7401 -0.3804 0.5546
vn 0.3745 -0.9159 0.1445
vn 0.9311 0.1105 -0.3477
vn -0.5940 -0.7726 0.2243
vn -0.8573 -0.5066 -0.0912
vn 0.8375 0.5460 -0.0203
vn -0.8758 0.1347 0.4634
vn 0.8616 0.4805 0.1639
vn -0.5722 -0.7963 -0.1964
vn 0.8256 -0.1496 -0.5440
vn 0.9203 -0.3871 0.0574
vn 0.8478 -0.1108 -0.5186
vn -0.5681 0.4892 0.6617
vn 0.6849 0.5492 0.4789
vn -0.7948 0.5695 0.2096
vn -0.5876 0.1178 -0.8005
vn -0.0371 -0.9464 0.3207
vn 0.2612 -0.8233 0.5040
vn 0.0979 0.9911 0.0901
vn 0.4069 0.8707 -0.2763
vn -0.0235 -0.9306 0.3653
vn -0.5416 -0.2442 0.8044
vn -0.1807 0.2342 -0.9552
vn 0.9734 -0.2257 0.0385
vn -0.2637 0.5324 -0.8043
vn -0.6648 0.2273 0.7116
vn 0.7387 -0.6026 -0.3018
vn 0.2872 0.9579 0.0025
vn -0.0737 -0.1191 -0.9901
vn -0.6206 0.7203 0.3101
vn 0.1415 -0.9086 -0.3930
vn -0.3642 0.9018 0.2325
vn 0.4591 0.8881 -0.0216
vn -0.3853 0.7027 0.5981
vn -0.4417 0.8948 -0.0648
vn 0.0592 -0.6129 -0.7880
vn 0.3791 -0.9251 0.0227
vn 0.1445 0.0569 0.9879
vn 0.5180 -0.8497 -0.0981
vn -0.2424 0.4055 0.8814
vn 0.7387 -0.3271 0.5894
vn -0.8934 0.2802 -0.3512
vn 0.9801 -0.1913 0.0524
vn 0.6929 0.6649 -0.2790
vn 0.3478 -0.0595 0.9357
vn 0.2398 -0.8338 0.4973
vn 0.3894 0.8720 0.2967
vn 0.3262 -0.6245 -0.7096
vn -0.1904 -0.7640 -0.6165
vn -0.2235 0.9694 0.1019
vn -0.6642 0.5967 0.4503
vn 0.0921 0.2650 -0.9599
vn 0.6163 0.0517 0.7858
vn -0.5126 -0.8299 0.2203
vn -0.2515 0.6999 -0.6685
vn -0.5745 0.8061 -0.1422
vn 0.6012 -0.2453 0.7605
vn -0.2402 0.2527 0.9372
vn 0.9562 -0.2173 -0.1962
vn -0.2287 0.9261 0.3000
vn 0.5244 0.8439 0.1135
vn 0.8879 -0.4043 0.2192
vn 0.8656 0.4980 0.0532
vn 0.0459 -0.9947 -0.0921
vn -0.8642 -0.4983 -0.0691
vn 0.7171 0.1925 0.6699
vn -0.4956 -0.8685 0.0033
vn -0.7663 -0.2233 -0.6024
vn -0.5569 0.6417 -0.5273
vn 0.7779 0.1415 0.6122
vn -0.2448 0.3640 -0.8987
vn -0.2549 -0.8025 0.5395
vn -0.1477 0.9214 0.3594
vn 0.5665 -0.7376 0.3674
vn -0.7351 0.5206 -0.4343
vn -0.8849 0.3934 0.2494
vn 0.8953 -0.1433 0.4218
vn -0.0697 -0.0835 -0.9941
vn -0.5236 -0.1624 0.8363
vn 0.2528 -0.7117 0.6554
vn 0.8852 0.4590 -0.0762
vn -0.6191 -0.7617 -0.1910
vn -0.4645 0.7338 -0.4957
vn -0.3942 -0.3553 -0.8476
vn -0.3304 -0.8889 -0.3173
vn -0.1637 0.8201 -0.5482
vn -0.2987 -0.3387 0.8922
vn 0.4841 0.7785 -0.3996
vn 0.8908 0.3345 -0.3076
vn -0.7873 -0.2093 -0.5799
vn -0.0280 0.9985 -0.0470
vn -0.7286 0.2892 -0.6209
vn -0.9343 0.1141 0.3376
vn 0.9326 -0.3601 -0.0241
vn -0.0659 0.9424 -0.3278
vn -0.6593 0.1787 0.7303
vn 0.3090 -0.6450 -0.6990
vn 0.7047 -0.1545 0.6925
vn 0.5611 0.6400 0.5250
vn -0.4052 -0.6798 -0.6113
vn 0.6184 0.7345 0.2794
vn 0.0544 0.9086 0.4140
vn -0.2930 -0.8541 -0.4297
vn 0.3501 0.6951 0.6279
vn -0.8109 -0.4032 -0.4242
vn 0.9921 -0.0667 0.1066
vn 0.5638 0.7972 0.2160
vn 0.9287 0.2107 -0.3053
vn 0.7423 -0.6683 0.0487
vn -0.7161 0.6889 0.1125
vn 0.6097 -0.2869 -0.7389
vn -0.0269 -0.9938 0.1078
vn 0.1890 0.8462 -0.4982
vn 0.0477 0.9982 -0.0365
vn -0.6764 -0.7219 -0.1458
vn 0.0041 -0.3611 -0.9325
vn -0.8633 0.2394 -0.4443
vn -0.8640 -0.3483 0.3637
vn 0.9997 -0.0237 -0.0028
vn 0.6296 -0.5210 -0.5763
vn -0.1524 0.7714 0.6178
vn 0.7245 0.5746 -0.3807
vn 0.1861 -0.7279 -0.6600
vn -0.4327 -0.9000 -0.0535
vn 0.5290 -0.6838 0.5025
vn -0.9821 0.1179 -0.1471
vn -0.4763 0.7126 -0.5152
vn 0.9686 0.2337 -0.0853
vn 0.9414 -0.2911 0.1702
vn -0.7405 0.4756 -0.4748
vn 0.6178 -0.4940 0.6118
vn -0.9417 0.3342 -0.0380
vn 0.8527 -0.3223 0.4112
vn -0.7166 0.4184 0.5581
vn 0.6902 -0.3251 -0.6465
vn -0.1652 0.5926 -0.7884
vn -0.1976 -0.6605 0.7243
vn -0.9904 0.0856 0.1086
vn -0.1168 -0.7910 0.6005
vn -0.4522 0.8453 -0.2848
vn 0.6756 -0.2518 -0.6929
vn -0.6037 0.7032 0.3757
vn -0.0160 -0.9757 0.2184
vn 0.0115 0.8488 0.5286
vn -0.4340 0.2392 -0.8686
vn 0.8610 0.5064 -0.0482
vn 0.4962 -0.8522 0.1660
vn -0.8358 0.5043 0.2169
vn 0.8247 -0.2653 -0.4995
vn 0.5234 -0.3977 0.7535
vn -0.0955 0.8460 -0.5246
vn -0.6366 -0.4334 0.6379
vn 0.5938 -0.5811 -0.5566
vn 0.7438 0.0455 -0.6668
vn -0.6315 0.2603 0.7304
vn -0.7549 -0.0671 0.6524
vn -0.7976 0.1756 -0.5770
vn 0.2254 -0.6909 -0.6869
vn 0.5694 -0.6058 0.5557
vn 0.0890 0.8230 0.5610
vn -0.7899 0.2014 -0.5792
vn 0.1294 0.1780 0.9755
vn 0.8215 0.3215 -0.4710
vn -0.5407 0.7746 -0.3281
vn 0.1527 -0.5059 0.8490
vn -0.2041 0.1812 -0.9620
vn 0.9926 -0.0900 -0.0818
vn 0.1841 -0.1555 0.9705
vn 0.1125 0.6169 -0.7790
vn 0.3785 0.4139 -0.8279
vn 0.7426 -0.4699 0.4772
vn 0.9697 -0.2079 0.1285
vn -0.8541 -0.2898 0.4319
vn 0.6203 -0.6498 0.4393
vn -0.7768 -0.5980 0.1977
vn -0.9374 -0.1157 -0.3286
vn 0.9719 -0.2084 -0.1097
vn 0.3349 0.8596 0.3858
vn 0.9410 0.3383 -0.0045
vn -0.9691 0.2407 -0.0533
vn -0.5796 -0.5784 -0.5740
vn 0.8313 0.1592 0.5325
vn -0.5774 -0.7993 -0.1668
vn -0.5290 -0.7615 -0.3745
vn 0.6254 0.7795 -0.0347
vn 0.0734 -0.9964 -0.0430
vn 0.3452 0.7730 -0.5323
vn 0.4394 -0.4435 -0.7812
vn -0.4184 -0.8378 -0.3507
vn -0.1196 0.9927 0.0125
vn -0.0189 0.6609 0.7502
vn -0.2994 -0.8533 -0.4269
vn -0.7759 0.4010 0.4870
vn 0.2165 -0.1945 -0.9567
vn -0.4924 -0.7970 -0.3497
vn 0.1175 0.5150 0.8491
vn 0.4850 0.7686 0.4171
vn 0.2833 0.9534 -0.1038
vn 0.6776 -0.7345 -0.0375
vn 0.4271 0.8522 -0.3024
vn 0.1592 -0.9138 0.3735
vn -0.5559 0.8165 -0.1560
vn -0.3033 -0.9417 0.1455
vn -0.7612 -0.6179 0.1971
vn 0.6781 0.6645 -0.3140
vn -0.2346 -0.7530 0.6148
vn -0.8286 0.4577 -0.3225
vn 0.5054 0.6003 -0.6198
vn 0.7521 -0.5947 0.2842
vn -0.6456 -0.7014 0.3020
vn 0.5374 -0.8349 0.1190
vn -0.1473 0.7159 0.6824
vn -0.6243 0.4628 0.6294
vn 0.3218 -0.9439 0.0740
vn -0.5070 0.4514 -0.7343
vn 0.1776 0.8148 0.5519
vn 0.9789 0.1429 0.1462
vn -0.6692 -0.7130 0.2091
vn 0.2609 -0.8823 0.3917
vn -0.9129 0.1740 0.3693
vn -0.8992 0.2723 0.3426
vn 0.9181 -0.2059 -0.3386
vn 0.8006 0.0096 -0.5991
vn -0.7342 -0.5084 0.4499
vn 0.5268 0.1888 -0.8288
vn -0.6297 -0.4117 0.6588
vn 0.7958 0.6019 -0.0672
vn 0.8331 0.4749 0.2835
vn -0.7612 -0.6484 -0.0060
vn 0.4442 0.7295 0.5201
vn -0.7622 -0.6346 -0.1279
vn -0.9686 0.2410 0.0606
vn 0.5765 0.4225 -0.6994
vn -0.3710 -0.7175 -0.5895
vn -0.3852 0.8917 0.2376
vn -0.7308 -0.0437 -0.6812
vn 0.5306 0.3241 0.7832
vn 0.1402 -0.9494 0.2809
vn -0.4714 -0.2740 -0.8383
vn 0.2116 0.9037 -0.3723
vn -0.3142 -0.4594 0.8308
vn 0.5197 0.5606 -0.6447
vn -0.0573 0.2143 -0.9751
vn 0.8855 0.3983 0.2393
vn -0.8560 -0.2009 0.4763
vn 0.9838 -0.1555 0.0895
vn -0.5120 -0.8557 0.0755
vn 0.7689 -0.5315 0.3554
vn -0.8808 -0.4023 -0.2497
vn -0.9515 -0.0627 0.3013
vn 0.6936 -0.7169 -0.0712
vn 0.4822 -0.8612 -0.1605
vn -0.8966 0.4419 0.0302
vn 0.5962 -0.6803 -0.4263
vn 0.6626 0.2013 0.7214
vn -0.7254 0.0493 0.6865
vn -0.5018 0.5281 -0.6851
vn 0.8196 -0.4675 0.3313
vn -0.4129 -0.8861 0.2105
vn -0.9152 0.2068 -0.3458
vn -0.4849 0.3967 -0.7794
vn 0.5246 -0.1327 0.8409
vn -0.2774 0.2375 0.9310
vn -0.3047 -0.7175 -0.6264
vn -0.4579 0.5102 -0.7281
vn -0.4986 0.8545 -0.1457
vn 0.0301 0.9271 0.3735
vn 0.8022 0.5420 -0.2502
vn 0.0241 -0.9405 -0.3388
vn -0.7329 -0.6386 0.2344
vn 0.8367 0.3855 -0.3890
vn 0.0085 -0.9271 -0.3746
vn -0.8498 -0.1482 0.5059
vn 0.0473 0.8827 -0.4676
vn 0.3133 0.5143 -0.7983
vn 0.6448 -0.2876 -0.7082
vn -0.5612 -0.6312 0.5354
vn -0.6381 0.0818 0.7656
vn 0.4051 -0.6705 0.6215
vn -0.8021 0.5919 -0.0794
vn -0.6329 0.5217 -0.5721
vn 0.8332 -0.5432 0.1034
vn -0.9609 0.2684 0.0684
vn 0.2168 0.9152 -0.3396
vn 0.1004 0.2895 -0.9519
vn 0.8862 0.2125 -0.4118
vn -0.1992 -0.9091 0.3659
vn -0.8689 -0.3522 0.3477
vn -0.7056 0.0664 0.7055
vn 0.2117 0.8406 -0.4986
vn -0.2770 0.3888 0.8787
vn 0.0339 -0.9730 0.2284
vn 0.3422 0.3144 0.8855
vn -0.2632 0.1360 -0.9551
vn 0.7794 0.2769 0.5621
vn -0.1349 -0.8441 0.5189
vn 0.4838 -0.8752 0.0003
vn 0.2579 0.8970 -0.3590
vn 0.3832 -0.8111 0.4420
vn -0.2037 -0.9368 0.2845
vn 0.3867 0.8841 -0.2622
vn -0.1537 -0.8762 -0.4568
vn -0.2017 0.5371 0.8190
vn -0.7906 -0.4309 0.4351
vn -0.9250 -0.1014 0.3662
vn -0.2546 -0.4990 -0.8284
vn 0.6996 0.1550 0.6976
vn 0.8256 0.2119 0.5229
vn -0.9526 0.2569 -0.1626
vn 0.9037 -0.4101 0.1231
vn -0.6418 0.3795 -0.6663
vn -0.4871 0.3229 -0.8115
vn 0.5109 0.8590 -0.0334
vn -0.6154 -0.6698 0.4156
vn 0.7282 0.5761 -0.3712
vn -0.2145 -0.6049 0.7669
vn 0.7087 0.2871 -0.6444
vn 0.7281 0.5298 -0.4350
vn -0.4874 0.7055 -0.5145
vn -0.6024 0.4881 0.6316
vn 0.6443 -0.5383 -0.5433
vn 0.5704 -0.5333 -0.6247
vn -0.3722 0.3060 0.8763
vn -0.8671 0.4939 -0.0645
vn -0.8004 -0.5563 -0.2235
vn 0.2755 -0.9551 0.1087
vn 0.0187 0.9572 -0.2887
vn -0.7353 0.1631 -0.6579
vn -0.6704 -0.6004 -0.4361
vn 0.9356 0.3532 0.0016
vn -0.1207 0.3588 -0.9256
vn -0.6375 0.1503 -0.7557
vn 0.2569 -0.3594 0.8971
vn 0.7352 -0.2374 -0.6349
vn -0.5840 0.2459 -0.7736
vn -0.7180 0.2789 -0.6378
vn 0.5944 -0.8041 -0.0101
vn -0.7525 -0.4348 -0.4946
vn 0.1651 -0.3878 -0.9068
vn -0.2349 0.5493 0.8019
vn 0.7392 -0.5444 -0.3966
vn 0.0462 -0.9528 -0.3000
vn -0.2530 0.8907 0.3777
vn 0.2002 -0.8664 0.4574
vn 0.7564 0.0901 -0.6479
vn 0.4480 -0.6107 0.6530
vn 0.9678 -0.1208 0.2208
vn -0.9609 0.2728 0.0462
vn 0.5671 -0.1610 -0.8078
vn 0.7294 0.6604 0.1784
vn 0.5175 -0.6126 -0.5974
vn -0.0889 0.9768 -0.1950
vn -0.6186 -0.5064 0.6008
vn 0.4008 0.4828 -0.7786
vn 0.3555 -0.8917 0.2800
vn -0.0617 -0.9976 -0.0317
vn -0.7282 0.6630 0.1733
vn 0.8971 -0.4087 -0.1681
vn -0.1712 0.9766 0.1300
vn 0.4137 0.9043 -0.1051
vn -0.3101 -0.9432 0.1195
vn 0.2142 0.9766 -0.0217
vn 0.6030 -0.5604 -0.5677
vn -0.7221 -0.6912 0.0279
vn -0.9850 0.1075 0.1350
vn 0.5078 0.8570 0.0880
vn 0.9339 0.0990 0.3437
vn -0.3997 0.6230 0.6724
vn 0.4138 -0.4810 -0.7729
vn -0.7693 0.2703 -0.5788
vn 0.7886 -0.5047 -0.3513
vn -0.3757 0.5885 -0.7159
vn 0.3510 -0.5377 0.7666
vn -0.8384 0.1190 0.5319
vn 0.9572 -0.0607 -0.2831
vn -0.7210 0.6737 -0.1622
vn 0.5713 -0.7804 0.2542
vn -0.9931 -0.0751 0.0897
vn 0.6315 0.6229 -0.4617
vn -0.5363 -0.2038 -0.8191
vn -0.9147 -0.3573 -0.1891
vn 0.5641 0.7557 0.3328
vn 0.6299 0.6467 0.4302
vn -0.3487 -0.5373 -0.7679
vn 0.2559 0.3773 0.8900
vn 0.8261 0.2191 0.5191
vn 0.0440 -0.5127 -0.8574
vn -0.3175 -0.2942 -0.9015
vn 0.0073 0.3413 0.9399
vn 0.4367 -0.6572 -0.6143
vn -0.5315 0.7132 0.4570
vn 0.5065 -0.8333 -0.2217
vn -0.5826 0.7585 0.2922
vn 0.3902 -0.9206 -0.0154
vn -0.5934 0.7982 0.1039
vn 0.3012 -0.9165 -0.2631
vn -0.9424 0.2657 0.2030
vn 0.8842 -0.3279 -0.3326
vn -0.8972 0.3597 0.2562
vn 0.6311 -0.3716 -0.6809
vn 0.9430 -0.3293 -0.0486
vn -0.2221 0.7143 0.6637
vn -0.9093 0.1066 -0.4022
vn -0.7263 0.2625 -0.6353
vn 0.2036 0.8496 0.4866
vn -0.7924 0.0632 -0.6067
vn -0.4612 -0.2471 -0.8522
vn 0.6236 -0.5856 0.5179
vn 0.5995 -0.2188 0.7699
vn 0.7537 0.6555 -0.0483
vn 0.5172 0.3009 0.8013
vn 0.8290 0.4645 0.3115
vn -0.4288 0.7722 -0.4688
vn 0.9592 -0.2369 -0.1540
vn -0.8401 0.0086 0.5424
vn -0.1691 -0.8325 0.5276
vn -0.8035 -0.5869 0.0999
vn -0.5652 0.8089 -0.1617
vn -0.2421 0.8885 -0.3899
vn 0.6689 -0.4565 -0.5867
vn -0.0664 -0.9926 -0.1013
vn -0.0705 0.4243 0.9028
vn -0.0636 -0.6194 -0.7825
vn 0.9081 0.1180 -0.4017
vn -0.8880 -0.3595 -0.2868
vn 0.8244 0.3221 0.4655
vn -0.9323 -0.2410 -0.2698
vn 0.7467 0.3187 0.5839
vn -0.8616 0.0668 -0.5031
vn -0.9804 0.1639 -0.1093
vn 0.8567 -0.1543 0.4922
vn -0.6901 0.5021 -0.5212
vn 0.7357 -0.4524 0.5040
vn 0.5228 -0.8147 0.2510
vn 0.9620 -0.1420 0.2333
vn -0.6257 0.5970 -0.5021
vn -0.9377 0.3398 -0.0727
vn -0.2324 -0.5433 0.8067
vn 0.6050 -0.6474 0.4635
vn 0.5385 0.3456 -0.7685
vn -0.9907 0.0251 -0.1339
vn 0.8457 0.5317 0.0446
vn -0.5403 -0.8098 0.2289
vn -0.4879 0.7314 0.4765
vn 0.3224 -0.3999 -0.8580
vn -0.4563 -0.8851 0.0911
vn -0.2101 0.9701 0.1214
vn 0.5022 -0.8401 -0.2050
vn 0.8923 -0.3444 0.2919
vn -0.0241 -0.6021 0.7980
vn -0.1333 0.7736 -0.6195
vn 0.6266 0.5921 0.5067
vn 0.5417 -0.3949 0.7420
vn 0.8355 0.4711 -0.2830
vn 0.3988 0.8445 0.3575
vn -0.5332 0.2009 0.8218
vn -0.9556 -0.2941 0.0189
vn 0.7215 -0.2606 0.6416
vn 0.1818 0.9501 -0.2534
vn -0.5555 0.7906 -0.2575
vn 0.0181 -0.7706 -0.6370
vn -0.4249 -0.7866 0.4481
vn 0.7170 0.6565 -0.2345
vn -0.0505 0.4794 -0.8761
vn -0.8404 0.4626 0.2823
vn 0.9517 -0.2464 -0.1830
vn -0.5210 0.8127 0.2608
vn 0.8453 -0.4450 -0.2956
vn -0.6463 -0.5412 0.5379
vn 0.4782 -0.8647 -0.1535
vn -0.9745 0.2155 0.0630
vn -0.4439 0.6786 0.5852
vn 0.6516 0.4932 0.5763
vn 0.8244 -0.3088 -0.4743
vn -0.8682 -0.4281 -0.2508
vn -0.1867 0.6307 0.7532
vn -0.5131 0.2743 0.8133
vn 0.4593 -0.5919 -0.6624
vn -0.0388 0.8289 0.5581
vn 0.9905 0.0389 -0.1322
vn 0.2478 -0.9159 -0.3156
vn 0.0301 0.9972 0.0677
vn 0.5795 -0.7543 0.3085
vn -0.7100 0.2625 -0.6534
vn 0.3889 -0.4466 0.8058
vn -0.0825 0.5987 -0.7967
vn 0.0477 -0.0200 0.9987
vn -0.1403 0.2948 -0.9452
vn -0.4668 0.1699 0.8679
vn -0.5477 0.1869 -0.8155
vn 0.7846 0.5168 -0.3424
vn 0.1311 -0.9683 0.2128
vn -0.8787 -0.3123 -0.3609
vn 0.4477 -0.8402 0.3060
vn 0.5876 0.2697 0.7628
vn -0.4602 0.5407 -0.7041
vn 0.5765 0.1609 0.8011
vn 0.7525 0.6443 0.1367
vn -0.4576 0.2264 -0.8599
vn -0.7181 -0.5910 -0.3675
vn 0.7657 -0.2929 0.5726
vn -0.7894 0.2427 -0.5638
vn -0.4747 0.8624 -0.1761
vn 0.0345 -0.6775 0.7347
vn 0.2437 0.3593 -0.9008
vn 0.0854 0.7789 -0.6213
vn -0.6686 -0.3071 0.6773
vn 0.7653 -0.0026 -0.6437
vn -0.6917 -0.7222 -0.0049
vn -0.9884 -0.1226 -0.0899
vn 0.9584 -0.0857 0.2724
vn 0.6976 -0.7142 -0.0574
vn -0.7507 -0.1873 -0.6335
vn 0.0271 0.9241 -0.3812
vn -0.4566 -0.5551 -0.6952
vn -0.0689 -0.6480 0.7585
vn 0.4191 -0.8965 0.1434
vn 0.5618 0.2483 0.7891
vn -0.4314 -0.6475 0.6282
vn 0.8172 0.1690 0.5511
vn 0.9407 0.3239 -0.1006
vn -0.9694 -0.0456 -0.2412
vn -0.8593 -0.4724 -0.1960
vn 0.8640 -0.1417 0.4831
vn 0.6902 0.7208 -0.0637
vn -0.3042 -0.2211 -0.9266
vn -0.7737 -0.1764 -0.6086
vn 0.5339 -0.4138 0.7373
vn 0.4356 0.7401 -0.5124
vn 0.1811 0.6486 -0.7393
vn -0.2455 -0.5978 0.7632
vn 0.9093 0.1183 -0.3989
vn -0.1751 0.9799 -0.0958
vn 0.4431 0.8707 0.2134
vn -0.6464 -0.7267 -0.2324
vn 0.8567 0.2019 -0.4746
vn 0.4071 -0.0161 0.9132
vn -0.3824 -0.6074 0.6963
vn 0.0769 -0.0660 -0.9949
vn 0.0129 0.9593 0.2822
vn -0.0525 -0.0056 0.9986
vn -0.8733 -0.0131 0.4870
vn 0.4402 -0.4911 -0.7516
vn -0.4336 -0.7097 -0.5553
vn -0.5915 0.3525 0.7251
vn 0.0781 0.6488 0.7569
vn 0.5924 0.6735 0.4421
vn 0.5608 -0.6703 -0.4860
vn 0.2448 -0.9693 -0.0234
vn -0.8320 0.5330 -0.1541
vn 0.6359 0.7715 -0.0210
vn 0.5362 -0.6099 0.5835
vn 0.1061 -0.9208 0.3753
vn -0.8365 0.4749 -0.2732
vn 0.8378 -0.4192 0.3498
vn -0.2703 0.8889 -0.3699
vn 0.1966 -0.9743 0.1101
vn -0.5279 0.8451 -0.0847
vn 0.7651 -0.2915 -0.5741
vn -0.5105 -0.2976 0.8067
vn 0.3872 0.8447 -0.3695
vn -0.7468 -0.3251 -0.5802
vn -0.1546 -0.1434 0.9775
vn 0.5947 0.6878 -0.4162
vn 0.6915 -0.2113 0.6907
vn 0.9234 -0.3319 0.1927
vn -0.9714 -0.0156 -0.2368
vn 0.6554 -0.6345 0.4098
vn -0.7050 0.4189 -0.5723
vn 0.4202 0.5031 -0.7552
vn -0.3992 -0.9134 0.0797
vn 0.3239 0.9460 -0.0096
vn 0.3935 0.8542 -0.3398
vn -0.8220 -0.4225 0.3818
vn -0.0180 0.8325 0.5537
vn -0.0530 -0.1720 -0.9837
vn -0.4532 0.2836 -0.8451
vn 0.0929 -0.8134 -0.5743
vn -0.3885 -0.5499 0.7394
vn 0.5310 0.0598 0.8453
vn 0.8144 -0.5592 -0.1551
vn 0.8130 0.5323 -0.2359
vn -0.8293 0.2261 0.5110
vn -0.1072 -0.7294 0.6757
vn 0.3255 -0.7790 -0.5359
vn -0.5944 -0.6393 0.4878
vn 0.2623 0.7756 0.5741
vn -0.5956 -0.7565 -0.2702
vn 0.7113 -0.4957 -0.4983
vn -0.6421 -0.2803 -0.7136
vn 0.1723 0.8367 -0.5198
vn -0.9061 0.4231 -0.0031
vn -0.8904 -0.4123 0.1928
vn 0.8978 -0.4071 0.1678
vn 0.1613 0.8145 -0.5572
vn -0.1438 0.5553 0.8191
vn -0.4972 -0.6888 0.5275
vn 0.5824 -0.6565 -0.4793
vn 0.4481 0.5684 -0.6900
vn 0.0765 -0.3068 0.9487
vn 0.1514 0.1223 -0.9809
vn -0.6416 -0.1941 0.7420
vn -0.7070 0.7004 0.0977
vn 0.0340 0.5555 -0.8308
vn -0.4316 0.7380 0.5187
vn 0.3622 -0.7806 -0.5094
vn -0.2959 0.7754 0.5579
vn 0.9311 0.1378 -0.3378
vn 0.4362 -0.8876 0.1481
vn 0.4657 0.8828 0.0618
vn -0.7692 -0.6214 -0.1490
vn 0.8959 -0.2700 0.3529
vn 0.2802 0.8005 -0.5298
vn 0.9056 0.0265 -0.4233
vn -0.6048 0.4967 -0.6225
vn -0.9648 -0.2613 -0.0296
vn 0.4220 -0.5885 0.6896
vn -0.5410 0.7550 0.3705
vn -0.6271 -0.6981 0.3457
vn 0.1609 -0.9741 -0.1586
vn 0.7287 0.6816 0.0658
vn 0.8485 -0.1307 -0.5128
vn 0.1268 0.4140 0.9014
vn -0.5711 -0.2102 -0.7935
vn -0.5971 -0.6904 -0.4086
vn 0.7918 -0.5261 -0.3101
vn -0.6903 0.3038 -0.6566
vn -0.2757 0.4255 0.8619
vn 0.2759 -0.0853 -0.9574
vn 0.7503 -0.5536 -0.3613
vn -0.1299 -0.7189 0.6828
vn -0.1363 0.8979 -0.4186
vn 0.1736 0.5941 -0.7854
vn -0.8081 0.5360 -0.2444
vn -0.1227 0.9423 -0.3114
vn 0.9316 0.3598 -0.0521
vn 0.4317 -0.7928 0.4303
vn -0.2498 -0.7421 -0.6220
vn -0.3152 0.9488 -0.0211
vn 0.4027 0.6811 0.6115
vn -0.4026 -0.7081 0.5802
vn -0.0626 0.4508 -0.8904
vn -0.6746 0.7376 -0.0301
vn -0.4835 0.1210 0.8669
vn 0.3211 0.9200 0.2248
vn -0.7780 0.5589 -0.2870
vn -0.7443 -0.5734 -0.3424
vn -0.6082 0.7853 -0.1161
vn -0.6431 0.5231 -0.5593
vn 0.0180 -0.5271 -0.8496
vn -0.6566 0.4491 0.6060
vn 0.6946 0.5118 -0.5056
vn -0.7734 -0.3791 0.5080
vn 0.8172 0.4159 0.3990
vn -0.1912 0.9736 0.1247
vn 0.6532 -0.5532 -0.5170
vn 0.5884 -0.4996 -0.6358
vn -0.2031 0.6567 0.7263
vn -0.8579 -0.4447 0.2573
vn 0.1417 0.1528 0.9780
vn 0.6663 0.7407 -0.0861
vn -0.6712 -0.5789 0.4629
vn -0.1540 -0.3364 -0.9290
vn 0.4805 -0.7980 -0.3637
vn -0.1215 -0.5115 0.8507
vn -0.4335 0.7884 0.4365
vn -0.1539 0.4045 0.9015
vn 0.4952 0.3936 -0.7745
vn -0.4339 -0.3910 0.8117
vn -0.4546 0.7988 0.3940
vn 0.1130 -0.5572 -0.8226
vn -0.9484 -0.2222 0.2260
vn 0.8174 0.2779 0.5046
vn -0.8421 -0.3764 -0.3862
vn 0.9995 0.0315 -0.0094
vn -0.6870 0.7071 0.1674
vn -0.7439 -0.2843 0.6048
vn 0.7969 -0.5888 0.1347
vn 0.7093 -0.3104 -0.6329
vn -0.5997 0.7173 0.3547
vn 0.3165 -0.9441 -0.0918
vn 0.3488 -0.9125 -0.2136
vn -0.3677 0.9121 0.1812
vn -0.9016 -0.4292 -0.0532
vn 0.5697 -0.8176 -0.0835
vn 0.7688 -0.3873 -0.5089
vn 0.0230 0.9987 0.0458
vn 0.0520 -0.9612 -0.2709
vn 0.8457 -0.2595 0.4662
vn -0.8011 -0.2912 -0.5229
vn 0.3500 0.5410 0.7647
vn -0.3585 0.7644 -0.5358
vn -0.3631 -0.8745 0.3216
vn -0.3684 0.0785 -0.9263
vn 0.5397 0.8210 -0.1862
vn -0.3623 -0.4953 0.7896
vn 0.8139 0.5150 -0.2691
vn -0.1508 -0.0077 -0.9885
vn -0.0055 0.5678 0.8231
vn -0.8229 -0.4056 0.3980
vn 0.9450 -0.1914 -0.2651
vn -0.7306 -0.6819 -0.0347
vn 0.9756 0.1218 -0.1826
vn -0.9573 -0.2870 -0.0345
vn 0.8476 -0.1722 -0.5019
vn -0.8451 -0.1423 -0.5153
vn -0.9169 -0.3471 0.1968
vn -0.8007 -0.1975 -0.5656
vn 0.8612 0.3070 -0.4050
vn 0.9675 0.1275 0.2184
vn -0.7582 0.6316 0.1619
vn -0.8254 -0.1133 -0.5530
vn 0.4240 0.8808 -0.2110
vn 0.4509 0.8238 0.3435
vn -0.1335 0.9337 0.3323
vn 0.1413 0.8348 0.5321
vn 0.8617 0.0425 0.5057
vn 0.7240 0.2169 -0.6549
vn -0.3875 -0.8996 0.2014
vn 0.4216 0.8917 -0.1647
vn -0.6766 -0.2616 0.6883
vn 0.6861 0.4102 -0.6009
vn 0.8761 -0.2377 -0.4196
vn -0.4630 -0.7145 0.5245
vn -0.8905 0.0461 0.4526
vn 0.5761 -0.6263 -0.5252
vn -0.3338 0.2680 0.9037
vn -0.8760 0.2991 0.3785
vn 0.0734 0.8288 -0.5547
vn 0.1440 0.9054 0.3993
vn -0.1476 -0.9883 -0.0397
vn -0.4026 -0.6720 0.6215
vn 0.7258 0.4431 0.5262
vn 0.7689 0.4482 -0.4560
vn -0.3138 0.3704 -0.8743
vn -0.8151 0.3110 0.4888
vn 0.6932 -0.7183 0.0602
vn 0.9863 -0.1294 -0.1025
vn 0.6117 -0.7027 -0.3634
vn -0.0149 0.9951 -0.0973
vn -0.3374 -0.9409 0.0297
vn -0.6658 0.5255 0.5297
vn 0.0870 -0.9936 0.0718
vn 0.6402 0.7464 0.1815
vn -0.8757 0.1665 -0.4533
vn 0.8609 -0.2537 0.4411
vn -0.8744 0.2470 -0.4177
vn 0.8837 -0.4636 -0.0647
vn 0.6872 -0.0680 0.7232
vn -0.7774 0.3283 0.5366
vn 0.3397 0.2027 -0.9184
vn 0.2434 -0.3833 0.8910
vn -0.4530 0.6054 0.6544
vn -0.1581 0.8834 -0.4412
vn -0.0190 0.2364 -0.9715
vn 0.0740 0.7049 0.7054
vn 0.7238 0.3288 0.6066
vn -0.4802 0.0565 -0.8753
vn -0.8756 -0.4825 -0.0206
vn 0.9889 0.1140 0.0948
vn -0.7725 -0.2495 0.5839
vn -0.0795 -0.2781 0.9573
vn -0.1045 -0.9236 0.3688
vn 0.3603 0.7053 -0.6105
vn 0.4938 -0.6303 0.5990
vn -0.0343 -0.9827 -0.1821
vn -0.1333 -0.9418 -0.3088
vn -0.7368 -0.2783 0.6162
vn 0.7517 0.6294 -0.1969
vn 0.5838 0.4245 -0.6920
vn 0.3918 0.9182 0.0586
vn 0.5105 -0.8484 -0.1396
vn 0.5830 0.5209 -0.6236
vn -0.8265 0.5604 0.0530
vn -0.3182 0.5649 0.7613
vn -0.2134 -0.9603 -0.1800
vn 0.3918 0.9182 0.0586
vn -0.9726 0.1478 -0.1794
vn 0.4812 0.4586 0.7471
vn -0.4303 0.9025 -0.0199
vn -0.4103 0.2886 -0.8651
vn -0.0705 -0.2731 -0.9594
vn 0.5464 0.7984 -0.2530
vn -0.1161 -0.4589 0.8809
vn 0.2411 0.5745 0.7822
vn -0.8333 -0.5500 -0.0565
vn -0.9804 -0.1940 0.0343
vn 0.7553 0.4962 -0.4281
vn -0.4633 -0.4784 0.7460
vn 0.7567 0.3467 -0.5543
vn -0.5562 -0.7713 0.3094
vn 0.9424 -0.1350 -0.3059
vn -0.3383 -0.6239 0.7045
vn 0.9160 -0.1924 -0.3520
vn 0.9479 -0.0322 -0.3170
vn -0.9602 0.1189 0.2527
vn 0.9577 -0.1514 -0.2448
vn -0.7560 0.6544 0.0160
vn -0.9769 0.1889 0.0999
vn 0.4788 -0.7978 -0.3664
vn 0.9088 -0.3323 -0.2523
vn -0.4108 -0.7018 -0.5820
vn 0.8195 -0.1903 0.5406
vn 0.5295 -0.8460 -0.0623
vn 0.8792 0.4763 0.0153
vn -0.5767 0.7884 -0.2141
vn 0.1336 -0.9904 0.0358
vn 0.7650 -0.5016 0.4039
vn -0.6267 -0.5314 0.5699
vn 0.3380 0.0841 -0.9374
vn 0.7202 -0.3379 -0.6060
vn 0.6227 -0.5533 -0.5533
vn -0.7680 -0.0208 -0.6401
vn -0.0793 -0.8085 0.5831
vn -0.2715 0.7659 -0.5828
vn 0.5476 0.8247 -0.1414
vn -0.6279 0.7728 -0.0918
vn 0.5240 -0.6667 -0.5301
vn -0.8666 0.0164 0.4988
vn 0.1236 0.8081 0.5760
vn -0.9554 -0.2862 0.0728
vn -0.8819 0.0076 0.4713
vn 0.7167 -0.3645 0.5945
vn 0.2862 0.5205 0.8044
vn -0.4684 0.8794 -0.0849
vn -0.8952 -0.0355 0.4443
vn 0.0210 -0.9172 0.3978
vn 0.3522 -0.3294 -0.8760
vn 0.7704 0.0743 0.6332
vn -0.9357 -0.0533 -0.3488
vn -0.4359 -0.8723 -0.2213
vn 0.9934 -0.0517 -0.1020
vn -0.2663 -0.0792 -0.9606
vn 0.1525 0.3997 0.9039
vn -0.3595 0.7028 -0.6138
vn 0.6295 0.1177 0.7680
vn 0.2209 -0.5623 0.7969
vn -0.3657 -0.2490 -0.8968
vn 0.6189 0.7458 0.2466
vn -0.4304 0.4453 -0.7851
vn -0.8486 -0.3510 -0.3959
vn 0.0394 -0.9836 0.1758
vn 0.7468 0.3473 0.5672
vn 0.6716 0.7050 -0.2277
vn -0.7225 0.2945 -0.6255
vn -0.6918 -0.7206 -0.0455
vn -0.3603 0.9261 0.1118
vn -0.6227 0.1909 -0.7588
vn -0.0021 -0.8311 -0.5562
vn 0.4033 -0.9151 -0.0036
vn -0.1817 0.3546 -0.9172
vn 0.3350 0.0962 0.9373
vn -0.1136 0.1425 0.9832
vn 0.0449 0.6200 -0.7834
vn -0.0347 -0.4565 -0.8890
vn 0.4428 -0.2983 0.8455
vn 0.1157 0.6665 -0.7365
vn 0.9269 -0.0564 0.3709
vn -0.2995 0.5521 -0.7781
vn 0.7516 -0.5570 0.3533
vn -0.9718 0.1219 0.2019
vn 0.8578 -0.5140 -0.0050
vn -0.4465 0.6338 -0.6316
vn 0.2577 -0.5994 0.7578
vn 0.2335 -0.2394 -0.9424
vn -0.5452 0.4284 0.7205
vn -0.3618 -0.3055 0.8808
vn -0.3751 -0.7901 0.4849
vn 0.7395 -0.0051 -0.6731
vn -0.4368 0.8927 -0.1110
vn -0.7738 0.3581 0.5226
vn 0.5854 -0.6665 -0.4617
vn 0.8130 0.5821 0.0131
vn -0.9650 -0.2345 -0.1177
vn 0.9736 -0.1903 0.1260
vn -0.9093 0.4156 0.0204
vn 0.6652 -0.0094 0.7466
vn -0.2768 -0.9109 -0.3059
vn -0.0784 -0.4232 -0.9026
vn 0.1530 0.9792 -0.1335
vn 0.8737 0.0605 0.4828
vn -0.1044 0.7244 -0.6815
vn -0.6109 -0.5979 0.5189
vn 0.9610 0.2177 -0.1707
vn -0.9259 -0.1413 0.3504
vn -0.7710 0.6154 0.1642
vn 0.3241 0.5626 -0.7606
vn 0.3288 -0.9433 0.0463
vn 0.6243 0.5030 -0.5977
vn -0.1608 0.8391 0.5197
vn -0.2774 -0.9382 -0.2069
vn 0.2766 0.9286 -0.2473
vn 0.5337 -0.7461 -0.3981
vn -0.4986 0.7426 0.4472
vn -0.3591 -0.9215 0.1481
vn 0.2628 0.5618 -0.7844
vn -0.2234 -0.4829 0.8467
vn -0.3190 0.2017 -0.9260
vn 0.8899 -0.2595 -0.3751
vn -0.8730 0.4515 -0.1847
vn 0.5817 0.5443 0.6044
vn -0.6732 -0.5359 -0.5095
vn 0.8357 -0.5442 -0.0736
vn -0.7737 -0.6303 0.0638
vn 0.3489 -0.8010 0.4865
vn -0.8838 0.4672 0.0237
vn 0.2204 0.5436 -0.8099
vn -0.5343 -0.1173 0.8371
vn 0.4133 -0.2713 0.8692
vn -0.6352 0.7347 0.2384
vn -0.1627 -0.5414 -0.8249
vn 0.2017 0.6555 0.7278
vn -0.4447 0.8955 0.0174
vn -0.4123 -0.8408 -0.3509
vn -0.5956 0.8027 -0.0301
vn 0.0092 -0.6287 -0.7776
vn -0.7202 -0.3607 -0.5926
vn 0.7065 -0.7026 0.0849
vn 0.5051 0.6654 0.5497
vn 0.4559 -0.8781 0.1456
vn 0.1617 0.5619 0.8113
vn 0.0067 0.7915 0.6112
vn -0.7645 0.0196 -0.6443
vn -0.2042 -0.6749 -0.7091
vn 0.7376 -0.3140 0.5978
vn 0.4879 0.8673 0.0991
vn -0.9462 0.0428 0.3208
vn 0.2110 -0.9699 -0.1212
vn 0.9211 -0.1219 -0.3697
vn 0.4945 0.8646 -0.0896
vn 0.1352 -0.8447 -0.5179
vn -0.5685 0.1701 0.8049
vn -0.0296 -0.5143 -0.8571
vn -0.7747 0.2272 0.5900
vn -0.3350 -0.3841 -0.8604
vn -0.1246 0.2957 0.9471
vn -0.6931 0.0296 -0.7202
vn 0.3696 0.3820 0.8471
vn 0.5586 0.6078 0.5645
vn -0.7618 0.2746 -0.5867
vn -0.7966 -0.1691 -0.5804
vn 0.7590 0.6062 -0.2374
vn -0.8912 -0.1691 -0.4210
vn 0.8399 0.4595 0.2888
vn -0.7398 -0.3878 0.5499
vn 0.8557 -0.2326 0.4622
vn 0.8675 -0.2432 -0.4340
vn -0.1425 0.6184 -0.7729
vn 0.6860 -0.6591 -0.3081
vn -0.3755 -0.7981 0.4712
vn 0.1142 -0.8269 -0.5507
vn 0.6017 0.5899 -0.5385
vn -0.6451 -0.7625 -0.0498
vn 0.5935 0.5984 0.5382
vn -0.9078 -0.3575 -0.2193
vn 0.8999 0.3643 0.2396
vn 0.9519 -0.3031 -0.0452
vn -0.9481 0.1437 -0.2835
vn -0.8413 0.2300 -0.4892
vn -0.6483 0.0158 -0.7612
vn 0.4939 0.4321 0.7545
vn -0.3825 0.8659 0.3223
vn 0.2063 -0.9557 0.2097
vn -0.2140 -0.7305 -0.6485
vn 0.6262 0.7762 -0.0735
vn 0.6580 -0.1823 0.7306
vn -0.4258 0.8339 -0.3510
vn 0.6404 -0.1123 0.7598
vn -0.1445 0.8751 -0.4618
vn 0.9269 0.1926 -0.3222
vn 0.2009 -0.4704 0.8593
vn -0.4370 0.5302 -0.7266
vn 0.6963 -0.2372 -0.6774
vn -0.3395 0.9240 -0.1757
vn -0.7450 0.5966 -0.2985
vn 0.0056 0.2269 0.9739
vn 0.0610 -0.5565 -0.8286
vn 0.1271 0.9654 0.2275
vn 0.3662 -0.8006 -0.4743
vn 0.0508 0.5432 0.8381
vn -0.1395 0.7418 0.6560
vn -0.2743 -0.7840 -0.5569
vn 0.8162 0.1274 -0.5636
vn 0.3388 -0.8934 0.2951
vn 0.5399 0.8190 0.1941
vn -0.9752 -0.2189 0.0320
vn -0.8243 0.4617 0.3276
vn 0.2733 -0.9367 0.2188
vn 0.9881 0.0625 0.1409
vn -0.7553 0.4663 -0.4606
vn 0.9911 0.1240 0.0493
vn -0.9473 0.0843 -0.3091
vn -0.9936 -0.1067 0.0383
vn 0.9942 -0.1032 0.0309
vn 0.8908 -0.4529 -0.0369
vn -0.6261 0.4314 -0.6496
vn -0.0544 -0.3614 0.9308
vn 0.3129 0.6725 -0.6707
vn 0.9131 0.3712 -0.1687
vn 0.1613 -0.8024 0.5745
vn -0.9229 -0.3020 -0.2389
vn 0.5539 0.6992 0.4520
vn 0.6975 0.6642 0.2689
vn -0.5909 -0.4940 -0.6378
vn -0.3775 -0.4328 0.8187
vn -0.1374 -0.4082 -0.9025
vn 0.8238 -0.3968 0.4049
vn -0.7608 -0.6457 -0.0654
vn -0.0441 0.9528 0.3004
vn 0.3417 -0.7409 -0.5782
vn 0.3741 -0.7628 0.5274
vn -0.6065 -0.6948 -0.3865
vn -0.1670 0.9568 -0.2382
vn 0.8306 -0.0194 0.5565
vn -0.1115 -0.5681 -0.8154
vn 0.4636 0.6046 -0.6478
vn 0.1279 0.0198 0.9916
vn -0.5982 -0.3586 0.7167
vn -0.2266 -0.9488 -0.2199
vn 0.9800 -0.0274 0.1972
vn -0.3013 0.7723 0.5592
vn -0.9472 0.3175 0.0455
vn -0.3311 -0.8095 -0.4848
vn 0.6826 0.3865 0.6202
vn 0.1671 0.9186 -0.3581
vn -0.3445 0.4039 -0.8474
vn -0.4017 -0.2893 0.8689
vn 0.6981 0.5915 -0.4034
vn 0.5080 0.3576 -0.7836
vn -0.2645 -0.4630 0.8460
vn -0.0647 0.9839 -0.1668
vn -0.4011 -0.5574 0.7269
vn 0.5845 0.5780 0.5695
vn 0.1995 0.7630 0.6149
vn 0.1298 -0.9891 -0.0690
vn -0.0127 0.0104 -0.9999
vn 0.5092 0.7421 -0.4358
vn -0.5237 -0.8429 -0.1236
vn 0.5777 0.8153 -0.0383
vn -0.4340 -0.8829 -0.1791
vn 0.5374 0.6384 0.5510
vn -0.3276 -0.8177 -0.4733
vn 0.8765 -0.4055 0.2594
vn -0.5468 0.8296 0.1126
vn 0.6948 -0.4803 -0.5353
vn -0.8006 -0.4537 0.3914
vn 0.0818 -0.2983 -0.9510
vn 0.1123 0.7204 0.6845
vn -0.8745 -0.1613 0.4573
vn -0.1413 -0.8881 -0.4375
vn 0.8638 0.4446 -0.2370
vn 0.0076 0.3369 0.9415
vn 0.6174 0.7547 0.2219
vn -0.9640 -0.2465 -0.0997
vn -0.1392 0.9469 0.2898
vn 0.0192 0.9828 0.1839
vn -0.6357 -0.0211 -0.7717
vn 0.2780 -0.9038 -0.3253
vn 0.3943 -0.9139 -0.0965
vn -0.3042 0.5669 -0.7655
vn 0.2195 -0.3001 0.9283
vn -0.0621 0.9034 -0.4242
vn -0.4130 -0.8925 0.1815
vn 0.7005 0.6381 0.3195
vn -0.9772 0.0519 -0.2058
vn -0.5910 -0.8043 -0.0622
vn -0.5028 0.8594 0.0929
vn -0.4891 -0.8649 0.1127
vn 0.8827 0.4562 0.1126
vn 0.4821 -0.5189 0.7059
vn 0.6014 0.7989 0.0044
vn 0.8349 0.3086 0.4557
vn 0.9954 0.0493 -0.0816
vn -0.1284 -0.7836 -0.6078
vn -0.6567 0.3056 0.6895
vn -0.8586 -0.2955 0.4189
vn -0.0892 -0.7017 -0.7069
vn -0.0559 0.5211 0.8517
vn -0.1868 0.4825 0.8558
vn -0.2165 -0.4416 -0.8707
vn 0.1803 -0.9013 0.3939
vn 0.8255 -0.2111 0.5234
vn -0.3884 -0.8664 0.3138
vn 0.8978 0.0653 0.4356
vn -0.8032 0.4567 -0.3825
vn 0.3624 0.7726 0.5212
vn 0.8784 -0.4413 0.1838
vn -0.5311 0.5109 -0.6759
vn -0.3000 0.9100 0.2861
vn 0.5483 -0.7041 0.4512
vn 0.6841 -0.5983 -0.4171
vn -0.9235 0.3756 -0.0773
vn 0.9133 0.2034 -0.3528
vn 0.8129 -0.4923 -0.3111
vn -0.8330 -0.4404 0.3349
vn -0.9987 -0.0448 0.0255
vn 0.8052 -0.4699 -0.3618
vn -0.7382 -0.3955 0.5464
vn 0.7079 0.4448 -0.5486
vn -0.8391 0.3661 0.4023
vn 0.6385 0.7299 -0.2442
vn 0.8022 0.0686 -0.5930
vn -0.5048 -0.8557 0.1143
vn -0.7808 0.0854 0.6190
vn 0.1740 0.9700 0.1699
vn -0.0060 -0.9845 -0.1754
vn -0.0168 0.9795 0.2009
vn 0.8672 0.4828 -0.1218
vn 0.5053 -0.8598 -0.0735
vn -0.8229 0.5629 -0.0771
vn 0.5036 -0.8563 -0.1150
vn -0.8381 -0.4416 0.3203
vn 0.0801 -0.7678 -0.6356
vn 0.2356 -0.4728 0.8491
vn -0.0936 0.9676 -0.2344
vn -0.2861 0.1565 0.9453
vn 0.2263 0.9356 -0.2709
vn 0.1987 0.6541 0.7298
vn -0.9461 -0.2198 -0.2380
vn -0.2152 -0.9766 0.0020
vn 0.9692 0.0207 0.2454
vn -0.8107 0.4844 0.3288
vn 0.5171 -0.7378 0.4338
vn 0.4852 0.4186 -0.7677
vn 0.5148 -0.8050 -0.2947
vn -0.0464 0.9980 -0.0419
vn -0.4009 0.8561 0.3262
vn -0.0772 -0.9966 -0.0287
vn -0.0385 -0.9395 -0.3403
vn -0.9975 -0.0165 -0.0685
vn 0.8031 -0.4437 -0.3977
vn -0.7398 0.4219 0.5241
vn 0.0440 -0.0767 -0.9961
vn 0.9552 -0.2794 -0.0975
vn 0.0172 0.0376 0.9991
vn 0.0417 -0.0063 0.9991
vn -0.0413 -0.0002 -0.9991
vn -0.2396 0.3844 -0.8915
vn -0.4338 0.6766 0.5950
vn 0.0642 -0.1123 0.9916
vn 0.1693 0.5380 -0.8257
vn -0.0906 0.1937 0.9769
vn -0.2604 -0.5625 0.7847
vn 0.1013 -0.2905 0.9515
vn 0.5582 0.5524 -0.6190
vn 0.1624 -0.0213 -0.9865
vn 0.4848 -0.4393 0.7563
vn 0.3777 0.4063 -0.8320
vn -0.5146 0.7045 -0.4888
vn -0.4308 0.2997 0.8513
vn 0.4322 -0.3001 -0.8504
vn 0.6422 0.2140 -0.7361
vn -0.2476 0.7520 0.6109
vn -0.1557 -0.9219 -0.3548
vn 0.6018 -0.7086 -0.3683
vn -0.9766 0.2009 0.0773
vn 0.4634 -0.5880 -0.6629
vn 0.4457 0.7548 0.4813
vn -0.6464 -0.5658 -0.5120
vn 0.7750 0.2929 0.5599
vn -0.3109 -0.8909 -0.3312
vn -0.6778 -0.6250 -0.3873
vn 0.8897 0.2439 0.3859
vn 0.1797 -0.9432 0.2794
vn 0.0794 -0.6833 -0.7258
vn -0.0973 0.3677 0.9248
vn -0.7738 0.6150 -0.1519
vn 0.5975 -0.7948 0.1061
vn 0.6356 0.1657 -0.7540
vn -0.8166 0.0733 0.5725
vn 0.0855 -0.1370 -0.9869
vn -0.1667 -0.9859 0.0167
vn 0.8896 0.3916 0.2350
vn -0.9944 -0.0728 0.0763
vn 0.5975 0.7428 -0.3021
vn 0.5380 -0.6422 -0.5460
vn 0.4427 0.1254 0.8878
vn -0.8787 -0.0143 -0.4772
vn 0.4776 0.7080 0.5201
vn -0.5376 0.6169 -0.5749
vn 0.3153 -0.4868 0.8146
vn 0.8064 0.0473 -0.5894
vn -0.1501 -0.8338 0.5312
vn -0.0336 0.9252 -0.3779
vn -0.7998 -0.4797 0.3609
vn 0.7622 0.4033 -0.5064
vn 0.0634 -0.9789 0.1942
vn -0.4013 -0.3819 0.8325
vn -0.0716 -0.5474 0.8338
vn -0.0576 0.8307 -0.5538
vn 0.5896 -0.7526 -0.2934
vn -0.7361 0.5172 0.4367
vn 0.4427 0.1451 -0.8849
vn 0.1547 0.3080 -0.9387
vn -0.0090 -0.4733 0.8809
vn -0.4699 0.6539 0.5929
vn 0.3328 0.5249 -0.7834
vn 0.3367 -0.3688 -0.8664
vn -0.0740 -0.9035 0.4222
vn -0.8772 0.3270 0.3515
vn 0.8453 -0.4712 -0.2518
vn 0.1935 0.8295 -0.5239
vn -0.7025 -0.5422 0.4610
vn -0.1766 0.8970 -0.4052
vn -0.2529 -0.8036 0.5387
vn 0.1322 -0.8535 0.5040
vn -0.3969 0.9169 -0.0410
vn -0.1137 0.5222 -0.8452
vn 0.3204 -0.7539 0.5736
vn 0.6540 -0.4396 0.6157
vn -0.5409 0.8359 -0.0932
vn 0.6643 -0.5308 0.5263
vn -0.6255 0.7536 -0.2023
vn 0.9384 -0.2935 0.1821
vn -0.2829 0.8727 -0.3979
vn 0.3704 -0.8884 0.2712
vn 0.1518 -0.3438 0.9267
vn 0.1786 0.5574 -0.8108
vn 0.9711 0.1836 -0.1522
vn -0.9586 -0.2391 0.1547
vn -0.9106 -0.4000 0.1040
vn 0.9454 0.0564 0.3210
vn -0.0119 0.9745 0.2240
vn -0.9952 0.0538 -0.0821
vn 0.3692 -0.8463 -0.3841
vn 0.1367 0.1028 0.9853
vn -0.6659 0.6939 0.2739
vn -0.4727 0.2277 -0.8513
vn -0.5404 0.6838 -0.4904
vn 0.5307 -0.8399 0.1137
vn 0.4909 -0.4292 0.7581
vn -0.3869 0.8928 0.2306
vn -0.3711 -0.9285 0.0145
vn 0.7057 0.2947 0.6443
vn 0.6677 0.7425 -0.0544
vn -0.7167 0.3717 -0.5901
vn -0.8556 -0.0751 0.5122
vn 0.9366 -0.1702 -0.3063
vn -0.8723 0.2831 -0.3988
vn 0.6636 0.4128 -0.6239
vn -0.4921 -0.2667 0.8287
vn 0.5416 0.1359 -0.8296
vn 0.2099 0.9216 -0.3265
vn -0.5478 -0.1506 0.8229
vn -0.7072 -0.0512 0.7052
vn 0.5773 -0.2174 -0.7871
vn -0.6136 0.3396 0.7129
vn 0.4242 -0.6056 -0.6733
vn -0.6888 0.7248 0.0143
vn 0.8268 -0.3060 -0.4720
vn -0.7938 -0.0169 -0.6079
vn -0.3564 -0.7133 -0.6035
vn -0.4469 0.8939 0.0344
vn 0.6330 0.6896 0.3519
vn 0.2773 -0.8004 0.5315
vn 0.7052 0.6827 -0.1914
vn -0.9171 -0.0104 -0.3986
vn 0.6812 -0.1206 0.7221
vn -0.9258 -0.3772 0.0234
vn 0.9843 0.1729 -0.0341
vn -0.7216 0.5990 0.3472
vn 0.3672 -0.6951 -0.6181
vn 0.7241 -0.6265 -0.2885
vn -0.2954 -0.8889 0.3501
vn 0.1189 0.9690 -0.2164
vn -0.6330 0.2041 0.7468
vn 0.5847 0.6278 -0.5138
vn -0.5925 0.3064 0.7450
vn 0.4246 -0.8450 -0.3252
vn -0.7973 -0.5217 0.3034
vn 0.6763 0.7197 -0.1571
vn 0.3282 0.9324 0.1515
vn -0.9091 -0.3994 0.1187
vn -0.8849 -0.3909 -0.2532
vn 0.9404 0.2793 -0.1939
vn 0.4131 0.8468 -0.3352
vn -0.9940 -0.1077 -0.0207
vn -0.5691 -0.7990 0.1943
vn 0.6336 0.7710 -0.0650
vn 0.8256 -0.2908 -0.4836
vn -0.9249 0.3739 -0.0690
vn 0.2036 -0.5105 0.8354
vn 0.5295 -0.8007 -0.2802
vn 0.4415 0.1195 0.8893
vn 0.3898 -0.9099 0.1418
vn -0.1365 -0.9694 0.2042
vn -0.2458 0.8322 -0.4970
vn 0.3996 0.4791 0.7815
vn 0.5676 0.7906 0.2300
vn -0.0563 0.5334 -0.8440
vn -0.7447 -0.4913 0.4517
vn -0.3496 0.8563 -0.3802
vn -0.2433 -0.6028 0.7599
vn -0.6125 -0.2216 0.7588
vn 0.0676 0.9035 -0.4233
vn 0.0759 0.3928 -0.9165
vn 0.6954 -0.3319 0.6374
vn 0.0947 -0.6363 0.7656
vn -0.0176 0.9506 -0.3100
vn -0.3010 0.9535 -0.0159
vn 0.4547 -0.8868 0.0825
vn -0.0265 0.9927 -0.1177
vn 0.3098 -0.7464 -0.5889
vn 0.1033 -0.2334 -0.9669
vn 0.1075 0.9866 -0.1224
vn -0.4144 -0.3943 -0.8203
vn -0.1031 -0.9852 0.1368
vn -0.1318 0.5485 -0.8257
vn 0.6106 0.0295 0.7914
vn 0.3033 0.9146 0.2676
vn 0.4137 0.7266 -0.5485
vn -0.4040 -0.8630 -0.3033
vn -0.1362 0.6034 -0.7857
vn -0.4772 -0.7212 -0.5022
vn -0.2837 -0.9080 0.3082
vn 0.5100 0.8276 0.2344
vn -0.5452 -0.7591 0.3558
vn 0.5977 0.7052 0.3814
vn -0.6578 -0.2724 0.7022
vn 0.9410 0.3380 -0.0176
vn 0.5624 0.1449 -0.8141
vn -0.6436 -0.2260 0.7313
vn 0.8253 0.1880 -0.5326
vn 0.2304 -0.8197 0.5245
vn -0.9179 0.2669 0.2936
vn 0.7519 -0.3483 0.5597
vn 0.0244 0.5848 -0.8108
vn 0.0964 -0.9937 -0.0578
vn 0.7634 0.5026 -0.4056
vn -0.6262 -0.7594 -0.1762
vn 0.3332 0.7035 0.6277
vn -0.4130 -0.4200 -0.8081
vn -0.7698 -0.5309 -0.3542
vn -0.7500 0.6152 0.2431
vn -0.3060 0.7018 -0.6433
vn 0.4810 -0.8220 0.3048
vn -0.6472 0.6388 -0.4161
vn 0.2166 0.9762 -0.0104
vn 0.0853 -0.9918 0.0955
vn -0.3127 -0.7226 0.6165
vn -0.0441 0.6705 -0.7406
vn 0.0879 -0.6285 0.7729
vn 0.3762 0.5969 -0.7086
vn 0.3921 0.2825 -0.8755
vn -0.5338 -0.0573 0.8437
vn -0.4665 0.5407 -0.7000
vn 0.8288 -0.4020 0.3892
vn 0.6186 -0.0802 -0.7816
vn 0.6723 -0.1233 0.7299
vn 0.5945 -0.2351 -0.7690
vn -0.8396 -0.5416 0.0419
vn -0.4864 -0.0614 -0.8716
vn 0.3867 0.8721 0.2998
vn 0.7118 -0.2340 -0.6622
vn -0.1318 -0.8691 -0.4768
vn -0.4246 0.5776 0.6972
vn -0.0529 -0.9398 0.3377
vn 0.2245 0.6784 0.6995
vn 0.0870 0.9958 0.0298
vn -0.3066 -0.7272 -0.6141
vn 0.4423 -0.7193 0.5357
vn 0.0090 0.9861 0.1658
vn 0.2594 -0.9656 -0.0194
vn -0.3857 0.7661 -0.5141
vn 0.1926 -0.6769 -0.7104
vn 0.2889 0.2566 0.9223
vn -0.5221 -0.5496 -0.6522
vn -0.8566 0.5151 -0.0299
vn -0.0713 0.1191 -0.9903
vn -0.2561 0.9387 0.2307
vn 0.1195 -0.9323 -0.3414
vn 0.0039 -0.9356 0.3531
vn 0.1280 0.9917 -0.0134
vn -0.5074 -0.7301 0.4578
vn 0.8461 0.3459 0.4055
vn -0.7143 -0.0561 -0.6976
vn 0.5146 0.7834 -0.3485
vn -0.8418 0.5377 -0.0464
vn 0.9161 -0.1318 -0.3786
vn -0.6531 -0.2553 0.7129
vn 0.8019 -0.2496 -0.5428
vn 0.2340 -0.9716 -0.0361
vn 0.5656 -0.7619 -0.3154
vn -0.5584 0.7960 0.2335
vn 0.1905 -0.9815 -0.0173
vn 0.2102 -0.9743 -0.0807
vn 0.0724 0.9967 -0.0366
vn -0.2618 0.9645 -0.0353
vn -0.8811 0.3765 0.2862
vn -0.5209 -0.6047 -0.6025
vn -0.8604 -0.5095 -0.0129
vn 0.6139 0.4142 0.6721
vn -0.5714 0.7776 -0.2623
vn -0.6840 -0.0169 -0.7293
vn -0.3224 -0.7335 -0.5984
vn 0.0548 0.8830 -0.4662
vn -0.5893 -0.7336 -0.3386
vn -0.3237 -0.7468 0.5810
vn 0.6711 0.7073 0.2219
vn 0.6995 0.5716 -0.4289
vn -0.9059 -0.2155 0.3647
vn 0.6801 0.5186 -0.5182
vn -0.4377 -0.6807 0.5874
vn 0.9641 -0.0653 -0.2573
vn -0.6435 -0.6943 -0.3223
vn 0.8466 0.1193 -0.5187
vn -0.7378 -0.4860 0.4685
vn 0.7518 -0.1303 -0.6464
vn 0.3455 0.2683 -0.8992
vn -0.9461 -0.3064 -0.1045
vn 0.6857 -0.0280 -0.7274
vn 0.0801 -0.7424 0.6651
vn -0.9420 -0.1945 -0.2736
vn 0.9366 0.3505 -0.0007
vn 0.7010 0.7028 -0.1209
vn -0.8884 -0.3598 -0.2853
vn 0.2931 0.9037 0.3122
vn -0.1694 -0.9147 -0.3668
vn -0.9499 -0.2352 -0.2057
vn -0.1499 0.7052 0.6930
vn 0.7329 0.2704 0.6243
vn -0.2026 0.5922 -0.7799
vn -0.3336 0.1146 0.9357
vn -0.8445 0.4596 0.2751
vn 0.3502 0.1387 -0.9263
vn 0.4405 -0.6026 0.6654
vn -0.6296 0.7487 -0.2076
vn 0.9071 -0.3048 -0.2903
vn 0.8638 0.1545 -0.4796
vn -0.8561 0.2370 0.4592
vn 0.5057 0.8318 -0.2287
vn -0.7336 -0.5022 0.4580
vn -0.2983 -0.2723 0.9148
vn 0.4418 0.8403 -0.3141
vn -0.1198 -0.8438 0.5230
vn -0.3404 -0.0210 -0.9400
vn 0.5041 -0.8611 -0.0657
vn 0.3163 0.5536 0.7703
vn -0.1503 -0.8175 -0.5560
vn -0.3131 0.2412 0.9186
vn -0.8077 0.5725 -0.1407
vn -0.1696 0.0398 -0.9847
vn 0.3637 -0.2369 0.9009
vn 0.3874 -0.2965 0.8729
vn -0.5801 0.6255 -0.5218
vn -0.3968 0.3072 -0.8650
vn 0.5750 -0.1087 0.8109
vn 0.6415 0.5783 0.5040
vn -0.5336 0.5162 -0.6700
vn -0.8416 -0.0672 -0.5359
vn 0.7806 -0.3017 0.5475
vn -0.4048 0.5946 -0.6947
vn -0.2066 -0.5634 0.7999
vn 0.9583 0.0549 -0.2804
vn -0.4258 0.6223 -0.6568
vn -0.4305 -0.3794 0.8190
vn 0.8536 0.0183 -0.5206
vn -0.2722 -0.7951 0.5419
vn -0.0832 -0.9747 -0.2074
vn 0.6667 0.5565 -0.4958
vn -0.8260 0.5630 0.0282
vn -0.2885 0.4992 0.8171
vn -0.0967 -0.9834 0.1536
vn 0.5915 -0.2233 -0.7748
vn 0.9618 0.2653 0.0669
vn -0.9550 0.2186 -0.2003
vn -0.2492 0.2638 0.9318
vn -0.7842 0.4529 -0.4241
vn 0.5629 0.7751 0.2870
vn -0.4269 -0.3241 -0.8442
vn 0.6359 -0.6695 0.3841
vn -0.0627 -0.9978 -0.0233
vn 0.4860 -0.0966 0.8686
vn -0.2019 0.8658 -0.4578
vn 0.7548 0.6186 0.2182
vn -0.6885 -0.5996 0.4079
vn 0.9366 0.3470 -0.0475
vn -0.4829 0.7188 -0.5002
vn 0.9663 -0.0587 -0.2508
vn -0.2511 0.9343 0.2532
vn -0.7306 0.6099 -0.3068
vn -0.9157 0.2918 0.2762
vn -0.9437 0.2047 0.2599
vn 0.3872 -0.8838 -0.2625
vn 0.7048 -0.6180 0.3484
vn 0.4339 -0.8592 -0.2710
vn 0.8561 0.0648 -0.5128
vn 0.4043 -0.3635 -0.8393
vn -0.5314 -0.8160 -0.2277
vn -0.4371 0.3196 0.8407
vn 0.7131 -0.3272 -0.6200
vn -0.5391 0.0661 -0.8396
vn 0.4846 -0.4772 0.7331
vn 0.2629 -0.3020 0.9163
vn -0.5146 0.5721 -0.6386
vn -0.4187 0.8764 -0.2381
vn 0.0830 -0.8024 0.5910
vn 0.1706 0.9647 -0.2008
vn 0.0454 -0.1864 0.9814
vn -0.1011 0.7702 -0.6298
vn 0.0336 -0.9136 0.4053
vn 0.2967 0.9477 -0.1177
vn -0.6658 -0.7175 0.2046
vn 0.2356 -0.8466 0.4773
vn 0.8621 0.4935 0.1150
vn -0.5715 -0.8107 0.1270
vn 0.8282 0.5368 -0.1609
vn -0.7363 -0.6740 0.0608
vn -0.5697 -0.8195 -0.0624
vn 0.8942 0.4412 -0.0759
vn -0.7309 -0.6465 -0.2186
vn -0.8576 0.4341 0.2758
vn -0.9361 0.1727 0.3065
vn -0.2246 -0.9485 -0.2232
vn 0.6989 0.5200 0.4910
vn 0.1298 0.9914 0.0170
vn 0.0876 -0.7493 0.6565
vn 0.5944 0.4952 -0.6337
vn 0.1818 0.8986 -0.3994
vn -0.9019 -0.4018 -0.1583
vn -0.8448 0.4392 -0.3056
vn 0.4286 0.0022 -0.9035
vn 0.3774 -0.0163 0.9259
vn -0.0866 -0.3400 -0.9364
vn -0.6031 0.7806 -0.1639
vn -0.3894 -0.6945 -0.6050
vn 0.4111 -0.3446 -0.8440
vn 0.9062 0.3731 0.1988
vn -0.8966 0.2590 -0.3593
vn -0.9063 -0.1620 0.3904
vn -0.2685 0.8304 0.4882
vn -0.2848 0.0744 -0.9557
vn 0.4602 -0.7119 0.5304
vn 0.1847 -0.1849 0.9653
vn 0.9680 0.1021 -0.2294
vn -0.9256 -0.0714 0.3717
vn 0.4117 -0.8716 -0.2662
vn -0.0893 0.9619 0.2583
vn -0.4797 0.0217 0.8771
vn 0.3328 -0.6871 -0.6459
vn -0.2512 0.9300 0.2683
vn 0.4200 0.0515 -0.9061
vn 0.0760 -0.4644 -0.8824
vn 0.0356 -0.3649 0.9304
vn -0.0848 -0.0745 -0.9936
vn -0.0905 0.4961 -0.8635
vn -0.1186 0.6200 0.7756
vn 0.3034 -0.6525 -0.6944
vn 0.0624 0.1172 0.9912
vn 0.5919 0.1046 0.7992
vn -0.2709 0.5384 0.7979
vn -0.2329 -0.0901 -0.9683
vn -0.7162 0.6455 0.2653
vn 0.4087 -0.5991 0.6885
vn 0.3178 -0.1305 0.9391
vn 0.2013 -0.2736 0.9405
vn -0.2350 0.5015 -0.8327
vn 0.2392 0.9701 0.0403
vn -0.3452 -0.3308 -0.8783
vn -0.2714 -0.7649 0.5842
vn 0.8324 0.5510 0.0582
vn -0.8547 -0.4812 0.1948
vn -0.6144 -0.4351 0.6581
vn 0.9583 0.2849 -0.0212
vn 0.9210 -0.0560 -0.3854
vn -0.7117 0.2282 0.6644
vn 0.6836 -0.1026 -0.7226
vn -0.7612 0.1255 0.6362
vn -0.6729 -0.3923 0.6271
vn 0.6054 -0.1327 -0.7848
vn -0.7434 0.1224 0.6575
vn 0.7126 0.4531 -0.5357
vn -0.7627 0.0049 -0.6467
vn 0.0607 0.5876 0.8068
vn -0.8012 -0.4901 -0.3435
vn -0.3927 0.5958 0.7006
vn -0.0631 0.9249 0.3750
vn -0.4457 -0.5353 -0.7175
vn 0.6445 0.5401 0.5413
vn -0.1370 -0.8625 -0.4872
vn 0.0397 0.9879 -0.1498
vn -0.6694 0.2011 -0.7151
vn -0.5792 0.5397 -0.6109
vn 0.8631 -0.0447 0.5031
vn 0.9921 0.0571 -0.1119
vn -0.9142 -0.4051 0.0051
vn 0.7356 -0.6754 -0.0531
vn -0.2670 0.8294 0.4907
vn -0.9264 0.0414 0.3742
vn -0.3989 -0.8716 -0.2849
vn 0.0463 -0.6989 -0.7137
vn 0.1479 -0.0029 0.9890
vn -0.9110 0.4048 -0.0788
vn -0.7046 -0.0374 -0.7086
vn 0.7555 -0.0295 -0.6545
vn -0.3995 0.7161 -0.5724
vn 0.4732 -0.6362 0.6094
vn -0.7650 0.5405 0.3501
vn -0.8387 0.2928 0.4592
vn -0.7353 0.4860 0.4725
vn 0.9962 -0.0845 0.0202
vn 0.4354 0.7511 -0.4963
vn -0.4794 -0.4718 -0.7400
vn -0.7630 0.6463 0.0052
vn 0.2733 0.5645 0.7788
vn 0.0615 -0.7887 -0.6116
vn -0.6427 0.7424 -0.1892
vn 0.6241 -0.7046 0.3376
vn -0.0857 0.7360 0.6715
vn 0.6276 0.7229 0.2889
vn -0.5254 -0.2825 0.8026
vn -0.5279 -0.7631 -0.3728
vn 0.7943 0.4986 -0.3472
vn -0.4921 -0.8247 -0.2789
vn 0.5241 0.5965 0.6079
vn 0.2958 -0.2899 -0.9102
vn -0.1206 0.3400 0.9327
vn -0.9319 -0.2422 -0.2702
vn -0.4071 -0.4512 0.7942
vn 0.5596 -0.0075 0.8287
vn 0.5877 0.5775 -0.5666
vn -0.6978 -0.7010 -0.1475
vn 0.4707 -0.8308 0.2969
vn 0.1046 0.5700 0.8149
vn -0.3623 0.9321 0.0019
vn 0.2130 -0.5107 -0.8330
vn 0.4954 -0.4664 0.7328
vn -0.5848 0.8112 -0.0019
vn -0.6263 0.5030 -0.5956
vn 0.3579 -0.9225 0.1447
vn -0.0652 0.2151 0.9744
vn -0.0769 0.5176 -0.8521
vn -0.3299 0.8113 0.4827
vn -0.3565 -0.8938 -0.2721
vn 0.3490 0.9058 0.2401
vn 0.7169 0.5359 0.4459
vn -0.5739 -0.7378 0.3554
vn 0.9039 0.4172 0.0945
vn -0.9147 -0.3782 -0.1421
vn 0.1271 -0.9581 0.2566
vn 0.5132 0.7416 -0.4321
vn 0.0002 -0.9546 0.2980
vn 0.1794 0.9048 -0.3862
vn -0.3646 0.8375 0.4071
vn -0.6239 -0.4305 0.6523
vn 0.4168 -0.1133 -0.9019
vn 0.4368 0.1725 0.8829
vn -0.6033 -0.0118 0.7974
vn -0.8697 0.3074 -0.3862
vn -0.8361 -0.4617 0.2962
vn -0.4228 -0.2555 -0.8695
vn 0.4506 -0.0503 -0.8913
vn 0.8549 -0.4869 0.1793
vn 0.7803 0.5578 -0.2829
vn 0.7142 -0.5942 0.3700
vn -0.1531 0.9024 0.4027
vn 0.2577 -0.8412 -0.4753
vn -0.6548 0.6602 -0.3679
vn 0.6720 -0.2282 0.7045
vn 0.6798 -0.3120 0.6638
vn -0.4822 0.5995 -0.6388
vn -0.0589 0.6081 -0.7916
vn -0.5420 -0.2644 -0.7977
vn 0.0744 -0.6435 0.7618
vn 0.4843 0.6472 -0.5887
vn 0.0939 0.6970 -0.7109
vn -0.7933 -0.2440 0.5578
vn 0.8833 -0.0883 -0.4605
vn -0.8377 -0.4705 0.2774
vn 0.7947 0.3453 -0.4993
vn 0.9042 -0.0529 -0.4238
vn -0.9150 -0.2307 0.3311
vn 0.5731 -0.7924 -0.2089
vn 0.7956 0.6056 -0.0166
vn -0.1516 0.9884 0.0079
vn -0.7425 -0.4781 0.4692
vn -0.1930 0.9497 -0.2468
vn 0.5143 -0.6845 0.5167
vn -0.1942 0.5947 -0.7801
vn -0.3213 -0.3068 -0.8959
vn -0.6690 0.5987 0.4405
vn 0.8332 -0.3435 0.4334
vn -0.5743 -0.7926 -0.2050
vn 0.6694 0.7286 -0.1448
vn -0.8788 0.2976 0.3730
vn 0.7721 -0.6071 0.1880
vn -0.9646 -0.1972 0.1750
vn 0.0739 0.2623 -0.9622
vn -0.7028 0.6264 0.3372
vn 0.3702 -0.9278 -0.0452
vn -0.1373 0.8173 0.5596
vn -0.4841 -0.1867 -0.8549
vn -0.0199 -0.5078 -0.8613
vn -0.5799 -0.1921 0.7917
vn -0.2006 -0.9093 -0.3645
vn -0.0846 0.3276 0.9410
vn 0.2695 0.4611 -0.8454
vn -0.1993 0.6326 0.7484
vn 0.5268 0.6285 -0.5722
vn 0.0580 -0.7173 -0.6943
vn -0.4189 -0.7761 0.4715
vn 0.0783 0.8656 0.4946
vn 0.4486 -0.6570 -0.6059
vn -0.9761 0.2028 -0.0786
vn 0.9515 0.2185 -0.2167
vn -0.4917 -0.8346 0.2482
vn -0.1152 0.9691 0.2183
vn -0.3845 -0.8577 -0.3412
vn -0.2729 0.7410 0.6136
vn 0.2714 -0.6721 -0.6889
vn -0.4796 -0.1100 0.8706
vn -0.0178 0.9518 0.3062
vn -0.4108 -0.9109 0.0395
vn 0.3901 0.7741 0.4985
vn 0.7254 0.0714 0.6846
vn -0.0201 0.8826 -0.4697
vn -0.9790 -0.1911 -0.0708
vn 0.8663 -0.4707 0.1671
vn -0.8423 0.5313 -0.0912
vn 0.1634 -0.9248 -0.3436
vn 0.5181 0.4830 0.7059
vn -0.6817 -0.2925 -0.6707
vn 0.8574 -0.3257 0.3985
vn -0.9266 0.3419 0.1567
vn 0.5394 -0.0806 -0.8382
vn -0.2762 0.3110 0.9094
vn 0.6790 -0.7335 0.0298
vn 0.6414 -0.6981 0.3182
vn -0.2240 0.8626 0.4536
vn -0.5843 -0.3523 -0.7311
vn 0.1875 -0.9672 0.1714
vn 0.5263 0.3054 0.7935
vn 0.4321 0.8567 -0.2819
vn -0.9847 -0.0203 -0.1730
vn -0.5752 -0.8057 0.1412
vn 0.9877 0.1401 0.0695
vn 0.6526 0.4551 -0.6058
vn -0.9723 0.0366 0.2309
vn 0.8183 -0.2655 -0.5098
vn 0.2017 -0.5242 0.8274
vn -0.4885 0.8136 0.3154
vn -0.4190 -0.6447 0.6393
vn 0.2144 -0.9635 -0.1607
vn 0.0532 -0.9832 -0.1746
vn 0.5702 0.6435 -0.5106
vn 0.3597 0.9222 -0.1423
vn 0.1623 0.9815 0.1017
vn -0.3358 0.8938 -0.2972
vn -0.7227 0.0047 0.6911
vn -0.4658 -0.8548 -0.2289
vn -0.7293 -0.0477 0.6825
vn -0.5484 0.8192 0.1680
vn 0.5804 -0.8119 0.0635
vn 0.3597 0.9222 -0.1423
vn -0.7902 0.1062 -0.6035
vn 0.3404 0.2624 0.9029
vn -0.1279 -0.0761 -0.9889
vn -0.0157 -0.9907 0.1348
vn 0.7169 -0.6590 0.2275
vn -0.0800 0.1508 -0.9853
vn 0.2789 0.9561 0.0898
vn -0.9401 -0.3130 0.1352
vn -0.7547 -0.2993 0.5838
vn 0.9011 0.1740 -0.3973
vn 0.7749 0.5659 -0.2815
vn 0.8362 -0.0030 -0.5484
vn -0.6017 -0.4408 0.6661
vn -0.2292 -0.8782 -0.4198
vn -0.6702 -0.2022 0.7141
vn 0.9236 -0.1966 -0.3290
vn 0.5446 -0.8360 0.0668
vn 0.2195 -0.8015 -0.5562
vn -0.9356 -0.3490 0.0529
vn 0.7880 -0.6143 0.0410
vn -0.6682 0.7306 0.1405
vn 0.8586 -0.4925 -0.1426
vn -0.4705 0.7911 0.3910
vn -0.7582 0.4486 -0.4732
vn -0.1296 -0.7999 -0.5860
vn -0.1320 -0.3129 0.9406
vn -0.9102 0.4137 -0.0197
vn 0.5668 0.3305 0.7546
vn 0.9166 -0.3299 -0.2258
vn 0.0325 0.6545 0.7554
vn 0.8709 -0.0477 -0.4891
vn 0.5934 -0.4034 0.6965
vn -0.7934 -0.4758 0.3797
vn 0.4508 0.1972 -0.8706
vn -0.1195 0.7118 -0.6921
vn -0.3168 0.9456 0.0733
vn -0.4738 -0.8798 0.0380
vn -0.5488 0.6804 -0.4856
vn -0.0542 -0.8371 -0.5444
vn 0.3982 -0.5282 -0.7500
vn -0.2025 0.8222 0.5319
vn 0.2269 0.5813 0.7814
vn -0.9456 -0.3142 -0.0846
vn -0.0082 -0.3119 0.9501
vn 0.7263 -0.4294 0.5367
vn -0.6412 0.7651 -0.0587
vn -0.1765 -0.9721 0.1546
vn -0.8210 0.0796 0.5654
vn -0.3824 -0.8839 0.2692
vn -0.6041 0.4156 0.6800
vn 0.6129 0.4115 0.6745
vn -0.6650 0.4761 -0.5754
vn 0.4072 0.8012 0.4385
vn -0.5931 0.0217 -0.8049
vn 0.6666 -0.2215 0.7117
vn -0.5502 -0.7137 -0.4334
vn -0.0574 0.9026 -0.4267
vn -0.6295 -0.4006 -0.6658
vn 0.5535 0.3586 0.7517
vn 0.2269 -0.9738 -0.0151
vn 0.9416 0.3272 0.0798
vn -0.0180 0.9206 0.3900
vn -0.8551 -0.4824 -0.1901
vn 0.2857 -0.8791 -0.3815
vn 0.8453 -0.5060 -0.1716
vn -0.9616 -0.2707 -0.0448
vn 0.9344 0.1818 0.3062
vn -0.9763 0.2090 0.0555
vn 0.5196 0.7702 0.3700
vn -0.7798 -0.3924 -0.4879
vn 0.6987 0.3550 0.6211
vn -0.4213 0.6640 -0.6178
vn -0.4504 -0.8236 0.3448
vn 0.5217 0.7549 -0.3976
vn -0.6344 -0.5290 -0.5637
vn 0.5479 0.6869 0.4774
vn -0.2544 -0.6130 -0.7480
vn 0.3053 0.6183 0.7242
vn 0.8840 0.4190 0.2074
vn 0.3609 -0.1169 -0.9253
vn -0.0976 0.2836 0.9540
vn 0.2223 -0.7203 0.6571
vn 0.6317 0.6296 -0.4522
vn -0.4826 -0.4481 0.7525
vn -0.5515 0.0670 -0.8315
vn 0.0720 -0.9954 0.0624
vn -0.7200 0.6524 -0.2367
vn 0.7536 -0.5560 -0.3506
vn 0.4555 0.8857 -0.0898
vn -0.1513 -0.7051 -0.6928
vn 0.8950 0.2945 -0.3349
vn 0.6451 0.7555 0.1140
vn -0.9514 -0.2362 0.1974
vn 0.9930 -0.1180 0.0064
vn 0.9668 0.1988 0.1606
vn -0.4486 0.4283 0.7844
vn -0.9157 0.0854 -0.3927
vn -0.5647 0.8014 -0.1973
vn 0.4710 -0.6935 0.5452
vn 0.2361 0.8997 0.3673
vn 0.7038 -0.6351 0.3182
vn -0.4012 0.7699 -0.4962
vn -0.7411 0.6508 -0.1649
vn -0.6331 0.2554 -0.7307
vn -0.6801 0.6858 -0.2590
vn 0.1671 -0.9604 0.2230
vn 0.7270 -0.6409 0.2466
vn 0.3307 0.8867 0.3231
vn 0.4422 0.8009 -0.4038
vn 0.7036 -0.5765 -0.4154
vn -0.6430 0.7566 0.1191
vn -0.0602 -0.9040 0.4233
vn -0.1266 0.3014 0.9451
vn -0.0619 -0.7921 -0.6072
vn -0.0191 0.9992 0.0353
vn 0.3765 -0.3345 -0.8639
vn -0.3138 -0.8573 0.4082
vn 0.1483 0.3038 0.9411
vn -0.2031 -0.3420 -0.9175
vn 0.4615 0.6445 0.6097
vn 0.3963 0.4823 0.7812
vn -0.9767 -0.0614 -0.2056
vn 0.9271 0.1485 0.3441
vn -0.9616 0.1220 -0.2461
vn 0.1232 -0.9668 0.2240
vn -0.9976 0.0652 -0.0229
vn 0.7671 -0.5921 0.2470
vn -0.3447 0.8143 -0.4671
vn 0.7236 -0.6902 0.0043
vn -0.8269 -0.4895 0.2768
vn 0.1283 0.9219 -0.3655
vn -0.7055 0.7052 -0.0708
vn 0.7415 0.6685 0.0562
vn 0.8181 0.3278 0.4725
vn -0.3375 -0.9387 0.0710
vn -0.3633 0.0455 -0.9306
vn -0.4380 0.3519 0.8272
vn 0.2953 0.4642 0.8350
vn 0.2727 -0.2927 -0.9165
vn 0.8533 -0.2158 -0.4747
vn -0.7308 0.2294 -0.6429
vn -0.1356 0.8228 0.5520
vn 0.7021 -0.7111 -0.0356
vn 0.7948 0.4209 -0.4372
vn 0.0327 0.7889 -0.6137
vn -0.1469 -0.8731 -0.4649
vn 0.3379 0.7457 0.5742
vn -0.5229 -0.8468 0.0972
vn 0.3267 -0.4469 -0.8328
vn -0.4693 0.7731 -0.4267
vn -0.9989 0.0057 -0.0475
vn 0.4504 0.0584 0.8909
vn 0.6144 0.1728 0.7698
vn -0.5907 0.2426 -0.7696
vn -0.3032 -0.9458 0.1163
vn 0.0410 0.6828 -0.7295
vn -0.3872 -0.7786 -0.4938
vn -0.1735 -0.6553 -0.7352
vn 0.1451 -0.3305 0.9326
vn -0.2778 -0.8731 0.4007
vn 0.3038 0.6582 0.6888
vn 0.1966 -0.4846 -0.8524
vn 0.1601 0.8563 -0.4910
vn -0.5274 0.5999 0.6016
vn 0.6807 -0.3671 -0.6339
vn 0.0563 0.0552 0.9969
vn -0.8990 0.0927 -0.4280
vn 0.5682 -0.2747 -0.7757
vn 0.0013 0.0438 0.9990
vn -0.2522 0.8533 0.4564
vn -0.2287 -0.8246 -0.5174
vn 0.0518 -0.9969 -0.0594
vn 0.0485 0.8610 -0.5063
vn -0.4473 -0.6821 0.5784
vn 0.6165 0.6661 0.4198
vn 0.9280 0.3710 0.0348
vn -0.5536 -0.6521 0.5181
vn 0.9605 -0.2776 0.0192
vn -0.9699 0.0472 0.2390
vn 0.8494 -0.4909 -0.1938
vn -0.7652 -0.2759 0.5817
vn 0.5891 -0.3530 -0.7269
vn -0.6183 0.1578 0.7699
vn -0.1782 0.3658 0.9135
vn -0.6489 -0.4121 -0.6396
vn 0.8213 0.5109 -0.2536
vn -0.2120 -0.7239 -0.6565
vn 0.9886 -0.0373 -0.1458
vn -0.1134 0.5981 0.7934
vn -0.5332 0.7161 0.4505
vn -0.2629 -0.6580 -0.7056
vn -0.3853 0.9142 0.1254
vn 0.7848 -0.6053 -0.1327
vn -0.1333 0.9861 -0.0991
vn -0.2982 -0.9234 -0.2417
vn 0.5104 -0.5398 0.6695
vn 0.5789 0.8151 0.0236
vn 0.8960 -0.0262 0.4433
vn -0.0030 0.9332 -0.3594
vn -0.4216 0.7998 -0.4274
vn -0.0235 -0.9884 -0.1499
vn -0.1447 0.8700 0.4713
vn -0.6713 0.1418 -0.7275
vn 0.1554 0.7380 -0.6567
vn 0.0950 0.2981 0.9498
vn 0.4773 -0.3922 -0.7864
vn -0.7065 -0.2652 0.6561
vn -0.7867 0.6160 -0.0398
vn 0.1235 0.8030 -0.5830
vn 0.9768 -0.1613 -0.1406
vn -0.2463 -0.8499 -0.4659
vn -0.8390 0.5437 0.0214
vn 0.2370 0.9294 0.2830
vn -0.0359 -0.8295 -0.5574
vn -0.8118 0.5838 -0.0122
vn 0.8362 -0.5463 0.0481
vn 0.1888 0.7810 0.5952
vn 0.0731 -0.6019 0.7952
vn -0.3288 0.9391 0.1000
vn -0.0625 0.7525 -0.6556
vn 0.5050 -0.8426 -0.1869
vn 0.2280 -0.9085 -0.3501
vn 0.1653 -0.9000 0.4034
vn 0.0238 0.9067 0.4211
vn -0.4769 0.7976 -0.3693
vn 0.0355 -0.7891 -0.6133
vn -0.2780 0.8926 -0.3549
vn -0.3858 0.5268 -0.7574
vn 0.6109 -0.7763 -0.1553
vn -0.3438 0.3345 0.8775
vn 0.7308 -0.1908 -0.6553
vn -0.4512 0.5854 -0.6736
vn -0.5481 -0.6029 0.5798
vn -0.9852 0.1571 0.0682
vn -0.2859 0.9481 -0.1392
vn -0.1111 -0.7867 0.6073
vn 0.2965 -0.1275 0.9465
vn -0.6342 0.6788 -0.3702
vn -0.4778 0.0635 -0.8762
vn 0.7555 -0.3222 0.5704
vn -0.6360 0.7713 -0.0252
vn 0.7297 -0.6449 0.2274
vn -0.5279 0.5661 -0.6331
vn 0.7725 0.0057 0.6350
vn 0.2211 0.7524 -0.6205
vn 0.0053 -0.5419 0.8404
vn 0.8009 0.4563 -0.3878
vn -0.6974 -0.4866 0.5262
vn 0.9198 0.3273 -0.2164
vn -0.5566 -0.6596 0.5051
vn 0.6875 0.6120 -0.3909
vn -0.4376 0.7934 -0.4232
vn 0.6073 -0.7940 -0.0263
vn -0.0998 -0.9443 -0.3136
vn 0.5915 0.8027 0.0762
vn 0.9915 0.0401 0.1237
vn -0.7490 0.3217 0.5792
vn -0.0012 -0.6960 -0.7180
vn 0.4436 0.8230 0.3547
vn -0.3924 -0.7210 -0.5711
vn -0.9220 0.0940 0.3757
vn 0.0754 0.8724 0.4829
vn -0.3436 -0.7091 -0.6157
vn 0.9268 0.1352 0.3503
vn 0.0731 0.5603 0.8251
vn -0.7375 0.6098 0.2902
vn -0.1837 0.9683 -0.1691
vn 0.6860 0.7258 0.0512
vn -0.4165 -0.8477 0.3285
vn 0.7321 -0.2567 0.6310
vn -0.6259 0.2312 -0.7449
vn -0.6747 -0.3415 0.6544
vn 0.3798 -0.5811 0.7198
vn 0.9557 -0.2437 -0.1650
vn 0.5542 0.1843 -0.8117
vn -0.4043 -0.3815 0.8312
vn 0.6342 -0.3576 -0.6855
vn -0.4177 0.7836 0.4599
vn 0.0255 -0.9996 -0.0137
vn 0.4413 0.8768 -0.1910
vn -0.0170 -0.9283 -0.3715
vn -0.6586 0.5601 0.5026
vn 0.1320 -0.8176 -0.5605
vn -0.4263 0.9007 0.0840
vn 0.9546 -0.2955 -0.0375
vn -0.4176 0.9083 -0.0246
vn -0.3498 0.6299 -0.6935
vn 0.1157 -0.9786 -0.1703
vn 0.2311 -0.4055 -0.8844
vn 0.6829 0.7124 -0.1615
vn 0.4642 0.3918 -0.7944
vn -0.8656 -0.1892 -0.4637
vn 0.6820 0.0260 0.7309
vn 0.9476 -0.3109 -0.0737
vn 0.6553 0.3074 -0.6900
vn -0.8833 0.0036 0.4688
vn -0.1322 0.4939 -0.8594
vn -0.2965 -0.3799 0.8762
vn 0.8318 0.5188 -0.1975
vn -0.8426 -0.2207 0.4913
vn 0.4420 0.5175 -0.7327
vn -0.7726 -0.6010 0.2048
vn 0.1993 -0.6609 0.7236
vn -0.2009 0.9502 -0.2384
vn 0.4744 0.4545 -0.7539
vn -0.6904 -0.6706 0.2713
vn 0.8081 0.4895 -0.3276
vn -0.3566 -0.9084 0.2182
vn 0.9583 0.2856 0.0019
vn 0.8093 0.5329 0.2472
vn -0.4223 -0.8257 0.3739
vn -0.7085 -0.7044 -0.0426
vn -0.7738 -0.1970 -0.6020
vn 0.9530 0.2242 -0.2040
vn 0.6728 0.6619 0.3304
vn -0.5539 -0.7476 0.3665
vn 0.3108 0.9175 0.2482
vn -0.7361 -0.6712 -0.0877
vn 0.0565 0.9962 -0.0667
vn 0.4289 0.9034 0.0053
vn -0.7475 -0.0147 -0.6641
vn -0.7083 -0.5735 -0.4115
vn 0.3929 0.8191 -0.4181
vn -0.4451 -0.6146 -0.6513
vn 0.5127 0.7674 0.3849
vn -0.3435 -0.7770 0.5275
vn -0.0517 -0.3270 -0.9436
vn 0.7697 -0.5196 0.3709
vn -0.3324 -0.1193 -0.9356
vn 0.6200 0.0039 0.7846
vn -0.5487 0.5003 -0.6698
vn -0.6270 0.0484 -0.7775
vn 0.3998 0.2355 0.8858
vn 0.2226 0.0846 0.9712
vn -0.9923 0.1031 -0.0679
vn -0.0789 -0.8984 -0.4320
vn 0.9269 -0.2347 -0.2930
vn -0.1226 -0.7290 0.6734
vn 0.0287 0.8216 0.5693
vn -0.5601 0.6904 -0.4578
vn 0.8134 0.3404 0.4718
vn 0.8231 0.5666 -0.0385
vn 0.3620 -0.8884 0.2824
vn -0.6174 0.7760 -0.1290
vn -0.5728 -0.8176 -0.0579
vn -0.6690 0.7016 0.2454
vn 0.3749 -0.7922 -0.4815
vn 0.0482 0.4892 0.8709
vn -0.3150 -0.2211 -0.9230
vn -0.1886 0.5799 0.7926
vn 0.0978 0.0882 -0.9913
vn -0.7807 0.4404 -0.4434
vn 0.2910 0.6725 0.6805
vn 0.9323 -0.2401 0.2704
vn 0.3766 -0.6590 0.6510
vn -0.9005 -0.0207 -0.4343
vn 0.7836 -0.4350 0.4435
vn -0.5548 0.6193 -0.5555
vn 0.6924 -0.6668 -0.2756
vn -0.9612 0.1343 0.2409
vn -0.4097 0.9007 0.1448
vn -0.6483 0.1834 0.7390
vn 0.4763 -0.5463 -0.6890
vn 0.7444 0.3220 -0.5849
vn -0.2189 -0.9397 0.2627
vn -0.9449 -0.1897 -0.2667
vn -0.9537 -0.2799 0.1103
vn 0.2537 -0.6556 -0.7112
vn 0.9015 -0.1258 -0.4141
vn 0.9695 0.2359 -0.0672
vn -0.4415 0.4148 0.7956
vn 0.9738 0.1619 0.1597
vn 0.7344 0.6635 -0.1430
vn 0.3850 0.4823 0.7869
vn -0.1550 0.8706 0.4670
vn -0.4016 -0.4806 -0.7795
vn 0.1152 -0.8513 -0.5118
vn -0.9874 0.0413 -0.1529
vn 0.3595 0.4844 0.7975
vn 0.3798 0.8598 0.3414
vn 0.3628 -0.9318 -0.0091
vn 0.8196 -0.4628 0.3377
vn 0.0359 0.6865 -0.7262
vn -0.2176 -0.8179 0.5326
vn 0.9596 -0.0524 0.2763
vn -0.6686 0.7117 -0.2156
vn -0.5255 0.7806 -0.3384
vn 0.7072 0.0549 -0.7049
vn 0.8143 -0.1551 -0.5593
vn -0.7071 -0.5453 0.4502
vn 0.1418 -0.9898 0.0129
vn -0.7897 0.0640 0.6102
vn -0.5466 -0.2368 0.8032
vn -0.3243 -0.7888 -0.5222
vn 0.6701 0.6896 0.2748
vn -0.1583 0.6745 0.7211
vn -0.8512 -0.5205 0.0680
vn 0.6060 0.5905 -0.5330
vn -0.0764 0.7893 0.6092
vn -0.5502 -0.4304 -0.7156
vn 0.3600 -0.6945 0.6230
vn -0.2058 0.7816 0.5889
vn -0.0292 -0.3759 -0.9262
vn -0.0299 -0.3205 0.9468
vn 0.2933 -0.8752 -0.3846
vn -0.2668 -0.6385 0.7219
vn 0.9571 -0.1874 -0.2211
vn -0.9674 0.2437 -0.0684
vn 0.7056 0.6387 -0.3068
vn -0.2289 -0.9691 -0.0922
vn 0.8062 0.2498 0.5363
vn -0.5662 0.1519 -0.8101
vn 0.1953 0.5867 0.7859
vn 0.6107 -0.7919 0.0035
vn -0.0375 0.7371 -0.6748
vn -0.3596 -0.5906 0.7224
vn -0.1386 0.1061 0.9846
vn 0.9914 -0.1006 0.0832
vn -0.4298 -0.9024 0.0299
vn -0.0298 0.9954 -0.0913
vn -0.8533 -0.4782 -0.2079
vn 0.7957 0.5388 0.2766
vn -0.1339 -0.9856 0.1031
vn -0.9628 0.0459 0.2662
vn 0.6793 0.4694 0.5641
vn -0.8399 -0.4688 -0.2736
vn -0.1119 -0.1336 -0.9847
vn 0.8673 -0.0857 -0.4904
vn 0.9499 -0.0729 0.3040
vn -0.9040 0.3707 -0.2128
vn 0.5994 -0.3704 0.7096
vn -0.9886 -0.0691 -0.1339
vn 0.3198 0.5595 -0.7646
vn -0.7393 -0.6184 -0.2665
vn 0.7919 0.3451 0.5038
vn -0.4602 -0.3531 -0.8146
vn 0.6867 -0.3999 0.6070
vn -0.7029 0.2240 -0.6751
vn -0.0902 0.1025 -0.9906
vn 0.5783 -0.8134 0.0631
vn 0.0768 -0.2065 0.9754
vn -0.5912 0.8053 0.0446
vn 0.0071 0.9163 -0.4005
vn 0.1850 0.5389 0.8218
vn -0.4047 -0.8281 -0.3879
vn -0.2651 -0.5646 0.7816
vn 0.2600 0.5601 -0.7866
vn 0.8519 0.1673 -0.4962
vn -0.4691 -0.5802 -0.6658
vn -0.9223 -0.1077 0.3713
vn -0.2701 -0.5248 0.8072
vn -0.5509 -0.1296 0.8245
vn 0.5130 0.8582 0.0183
vn 0.8873 0.0550 0.4579
vn -0.6569 -0.1958 0.7281
vn 0.9872 0.0200 -0.1582
vn -0.3908 0.4480 -0.8041
vn 0.1046 -0.5856 0.8038
vn 0.1240 0.3494 -0.9287
vn -0.7911 0.1213 0.5996
vn 0.6172 -0.7553 -0.2206
vn 0.7505 -0.6608 -0.0102
vn -0.9625 0.1614 0.2180
vn 0.9161 0.3993 0.0355
vn -0.9988 0.0289 -0.0389
vn -0.5275 -0.5465 -0.6505
vn 0.6168 -0.7767 0.1274
vn -0.4886 -0.2897 -0.8230
vn 0.7873 -0.4195 0.4518
vn 0.8962 -0.4434 -0.0163
vn -0.6286 0.3178 -0.7098
vn -0.4932 0.7432 0.4521
vn -0.6097 -0.0830 -0.7883
vn 0.8867 0.2052 0.4143
vn 0.8327 0.4632 0.3034
vn 0.2247 0.7138 -0.6633
vn -0.8327 0.4565 -0.3133
vn 0.1956 0.6212 -0.7588
vn -0.4012 -0.8403 -0.3646
vn 0.0743 0.0637 -0.9952
vn -0.0318 -0.7204 0.6929
vn 0.2986 0.9414 0.1567
vn -0.3563 0.2261 0.9066
vn -0.3268 -0.6879 0.6481
vn -0.2607 0.8854 -0.3849
vn 0.6445 -0.6394 -0.4194
vn -0.0899 0.9844 0.1510
vn 0.2279 0.0963 -0.9689
vn -0.0901 -0.9864 -0.1373
vn -0.3555 -0.2737 0.8937
vn -0.0446 0.2205 0.9744
vn 0.6826 0.4746 0.5557
vn -0.5191 -0.1265 -0.8453
vn -0.4808 -0.8588 0.1770
vn 0.8685 -0.1460 0.4737
vn 0.5816 0.2189 -0.7835
vn -0.3833 0.7294 -0.5667
vn 0.9376 -0.3460 -0.0341
vn 0.3183 -0.3744 0.8709
vn -0.7327 0.4844 0.4781
vn -0.7004 0.7030 0.1233
vn -0.3713 -0.9089 -0.1896
vn -0.9551 -0.1138 0.2734
vn 0.7223 -0.4652 -0.5117
vn 0.8035 0.0396 0.5939
vn 0.1943 0.7782 0.5972
vn -0.8998 0.4193 -0.1208
vn 0.2979 -0.8904 0.3441
vn 0.7418 -0.5634 0.3637
vn -0.2656 0.9465 -0.1835
vn -0.7417 0.6648 -0.0887
vn 0.0742 0.8934 -0.4432
vn 0.4928 -0.3735 0.7859
vn 0.3799 0.5169 -0.7672
vn -0.1756 -0.4137 0.8933
vn -0.9006 -0.3758 0.2184
vn -0.0880 -0.4816 -0.8720
vn -0.1033 0.1902 0.9763
vn 0.6883 0.2100 -0.6944
vn -0.2152 0.9200 0.3275
vn 0.6675 -0.5280 -0.5250
vn -0.0199 -0.8583 0.5128
vn -0.1199 0.8099 0.5742
vn 0.0854 -0.8694 -0.4867
vn -0.0183 0.8404 -0.5417
vn 0.4795 -0.8251 0.2987
vn -0.2937 0.7203 0.6284
vn 0.9460 -0.1823 -0.2680
vn -0.4851 0.8110 -0.3271
vn 0.7410 -0.3573 -0.5686
vn 0.9999 0.0121 -0.0099
vn -0.6202 0.2441 0.7455
vn -0.9561 -0.0417 0.2901
vn 0.9111 -0.4118 0.0178
vn -0.0415 0.8667 0.4971
vn -0.1629 -0.7623 -0.6263
vn -0.8257 0.5516 -0.1186
vn 0.0669 -0.9329 0.3540
vn -0.0265 0.8676 0.4966
vn -0.1188 0.6957 -0.7084
vn -0.0557 -0.7140 -0.6979
vn -0.5227 -0.4385 0.7311
vn 0.4753 0.8375 -0.2694
vn -0.3839 -0.6734 -0.6318
vn -0.4285 -0.9032 0.0248
vn 0.5503 0.7099 0.4396
vn 0.2686 -0.6931 0.6689
vn 0.2363 0.9171 -0.3211
vn -0.3871 0.6011 -0.6991
vn -0.4855 -0.8493 0.2074
vn 0.8403 0.5193 -0.1556
vn 0.7799 -0.6253 -0.0286
vn -0.1007 -0.9354 -0.3388
vn 0.2527 0.9675 -0.0125
vn 0.1620 0.9261 0.3406
vn -0.2676 -0.6589 0.7031
vn 0.1200 -0.3439 -0.9313
vn 0.4470 0.7417 -0.5001
vn -0.0916 0.3737 0.9230
vn -0.8898 -0.1075 0.4435
vn -0.9892 0.0326 0.1427
vn 0.8266 -0.4253 -0.3685
vn -0.8709 0.0297 -0.4906
vn -0.2145 0.9002 0.3789
vn -0.2078 0.9575 0.1998
vn -0.3373 -0.6670 -0.6643
vn 0.2384 0.9608 0.1414
vn 0.9259 0.0381 0.3758
vn 0.7601 -0.1241 0.6378
vn -0.7817 0.2409 -0.5753
vn -0.7417 -0.1598 0.6514
vn 0.9037 -0.4281 0.0009
vn 0.9811 0.0441 -0.1882
vn 0.4141 -0.8275 0.3792
vn 0.7299 0.0090 -0.6835
vn -0.7437 0.3936 0.5404
vn 0.1059 -0.9815 0.1595
vn 0.7324 -0.2264 -0.6422
vn -0.1687 -0.9826 -0.0779
vn -0.0138 0.8002 0.5995
vn -0.5462 -0.7232 -0.4225
vn 0.1136 -0.6919 -0.7130
vn 0.5847 0.6584 0.4740
vn -0.9918 -0.1209 0.0403
vn 0.6332 0.2412 0.7354
vn 0.2551 0.8554 0.4507
vn -0.7901 0.0458 -0.6112
vn 0.0819 0.9182 0.3875
vn 0.8274 0.5427 0.1443
vn -0.8447 -0.1148 -0.5228
vn -0.5902 -0.5757 0.5659
vn 0.9210 -0.1348 0.3654
vn 0.9935 -0.1120 0.0206
vn 0.8745 -0.4202 -0.2424
vn -0.7882 0.5371 -0.3003
vn -0.6387 -0.3828 0.6675
vn 0.6107 -0.6308 0.4787
vn -0.9233 -0.1357 0.3592
vn 0.6156 0.3065 -0.7261
vn -0.8491 0.5115 -0.1320
vn 0.8548 0.3837 -0.3494
vn 0.7789 0.3739 -0.5035
vn -0.9061 -0.3914 0.1604
vn -0.4682 -0.3911 -0.7924
vn 0.6975 0.6807 -0.2240
vn 0.8832 0.3856 -0.2668
vn -0.5132 -0.8575 0.0367
vn 0.8714 -0.3629 -0.3300
vn -0.2786 0.9281 -0.2472
vn 0.8255 0.5269 0.2021
vn -0.5549 -0.6994 0.4505
vn -0.4797 -0.2955 0.8262
vn 0.8342 0.5478 0.0640
vn 0.7356 0.6478 0.1981
vn -0.9145 -0.3805 0.1377
vn 0.6812 0.6988 0.2182
vn -0.9442 -0.3282 -0.0274
vn -0.8809 0.2060 -0.4262
vn 0.9945 -0.0267 0.1008
vn 0.6417 0.4891 0.5907
vn 0.6868 0.6774 0.2634
vn -0.6056 -0.3926 -0.6922
vn 0.1981 0.1079 0.9742
vn 0.6926 0.6839 0.2295
vn -0.0339 -0.1454 -0.9888
vn -0.5744 -0.7547 -0.3170
vn 0.0868 0.9642 0.2505
vn -0.6952 -0.1183 -0.7090
vn -0.2921 0.8056 -0.5154
vn 0.0223 -0.9965 -0.0807
vn 0.6032 0.2476 0.7582
vn 0.2906 -0.5662 0.7714
vn -0.2099 -0.9308 -0.2992
vn 0.0854 0.9112 -0.4031
vn 0.6614 -0.0448 0.7487
vn -0.2550 0.8505 -0.4600
vn 0.0193 -0.2633 -0.9645
vn 0.2149 0.0959 0.9719
vn -0.4374 -0.8012 -0.4084
vn 0.1896 -0.9119 0.3639
vn -0.9472 0.2597 0.1878
vn 0.3843 -0.9014 -0.1994
vn 0.9761 -0.2166 -0.0195
vn 0.7412 -0.4924 -0.4562
vn -0.5705 0.0274 0.8208
vn -0.2993 -0.6464 -0.7019
vn 0.1258 -0.0393 -0.9913
vn 0.7997 0.4904 0.3463
vn 0.4455 -0.1369 0.8848
vn -0.8898 0.4317 0.1481
vn -0.2455 -0.4702 0.8478
vn -0.7099 0.1289 -0.6924
vn 0.2330 -0.7167 -0.6573
vn 0.3631 0.3896 0.8464
vn -0.7916 0.4910 -0.3637
vn -0.5861 0.2475 -0.7715
vn 0.6781 0.1891 0.7102
vn 0.3952 0.6486 0.6505
vn -0.3804 -0.0410 -0.9239
vn -0.1602 0.4454 -0.8809
vn 0.1653 -0.3982 0.9023
vn 0.5892 0.6720 -0.4485
vn 0.1738 -0.4334 0.8843
vn 0.6662 -0.4395 -0.6025
vn 0.7064 0.5500 -0.4455
vn 0.0253 0.9996 0.0141
vn 0.0400 0.5128 -0.8576
vn -0.7870 0.2970 0.5408
vn -0.1800 -0.5411 0.8215
vn -0.0280 -0.9852 -0.1694
vn 0.8551 0.0013 -0.5184
vn 0.1836 0.7357 0.6520
vn -0.5940 0.4488 0.6677
vn -0.5033 -0.4309 0.7490
vn 0.1587 -0.1209 -0.9799
vn 0.3771 0.4117 0.8296
vn -0.7389 -0.1480 -0.6574
vn 0.2019 0.0908 0.9752
vn -0.8032 -0.5505 -0.2277
vn 0.3042 0.1838 0.9347
vn -0.1288 0.4178 0.8994
vn -0.6191 -0.0202 -0.7850
vn 0.6192 -0.7661 -0.1722
vn 0.5864 -0.0612 0.8077
vn 0.9042 -0.1311 0.4065
vn -0.7746 0.4850 -0.4059
vn -0.7557 -0.6548 0.0159
vn 0.9667 -0.2194 0.1319
vn 0.7540 -0.4450 -0.4831
vn -0.2961 0.9013 -0.3163
vn -0.6202 -0.4854 0.6162
vn 0.1275 -0.9588 0.2538
vn 0.8213 0.2524 -0.5117
vn -0.9511 0.1012 0.2918
vn -0.7643 0.3204 0.5596
vn -0.3890 -0.1744 0.9046
vn -0.4212 0.8211 -0.3851
vn 0.9652 0.2557 0.0538
vn -0.7510 -0.4137 -0.5146
vn 0.8836 0.4624 0.0739
vn -0.6375 -0.5225 -0.5662
vn 0.9878 0.1511 -0.0385
vn -0.5776 -0.8144 -0.0558
vn -0.7288 -0.6293 0.2700
vn 0.7830 0.3093 -0.5396
vn 0.9594 0.2432 0.1430
vn -0.5739 -0.3610 0.7350
vn 0.6198 0.1378 -0.7725
vn 0.9401 0.2880 0.1823
vn -0.7364 -0.1566 0.6582
vn -0.9565 -0.2659 -0.1200
vn -0.1948 -0.9773 0.0839
vn -0.3108 0.8778 0.3644
vn 0.2423 -0.9522 -0.1862
vn -0.4566 0.5877 0.6679
vn 0.3846 -0.5855 -0.7136
vn 0.0790 0.9774 -0.1959
vn 0.7363 -0.4896 -0.4670
vn -0.2540 0.9639 0.0796
vn 0.7870 -0.5382 0.3015
vn -0.5645 -0.0408 0.8244
vn -0.8897 0.3247 -0.3210
vn -0.8200 0.3902 -0.4187
vn 0.6343 -0.0286 -0.7726
vn 0.9691 0.1347 0.2067
vn 0.0750 -0.9795 -0.1871
vn -0.1694 -0.8635 0.4750
vn -0.4560 0.8801 -0.1324
vn -0.3832 0.7051 -0.5967
vn 0.3047 -0.9471 -0.1012
vn -0.0148 0.9527 0.3036
vn -0.0686 -0.5193 -0.8518
vn -0.5129 -0.2655 0.8164
vn 0.1748 0.2716 0.9464
vn 0.1234 0.6834 -0.7195
vn -0.4512 -0.6433 -0.6186
vn 0.1430 -0.1744 0.9742
vn -0.0855 -0.9461 -0.3125
vn 0.5111 0.6382 0.5756
vn 0.4448 0.8273 0.3431
vn -0.2498 0.2653 0.9312
vn -0.8339 -0.5163 -0.1950
vn 0.8689 -0.3730 -0.3253
vn 0.7259 0.4703 -0.5019
vn -0.6154 -0.7582 -0.2153
vn -0.6543 -0.2812 0.7020
vn 0.3231 0.1401 -0.9359
vn 0.8772 -0.4157 -0.2401
vn 0.9836 0.1800 -0.0109
vn -0.0629 0.5368 0.8413
vn -0.6840 0.6999 -0.2059
vn -0.1348 0.9805 -0.1430
vn -0.1465 -0.5821 -0.7998
vn -0.1560 -0.9751 -0.1576
vn 0.0758 0.8129 0.5775
vn -0.1651 -0.5986 -0.7839
vn 0.1080 -0.9434 0.3135
vn 0.1429 0.8691 0.4735
vn 0.4519 0.5717 0.6848
vn -0.2093 -0.6589 -0.7226
vn 0.5212 0.5758 0.6300
vn -0.2458 -0.6463 0.7224
vn 0.7791 -0.2416 0.5785
vn 0.7918 0.6042 -0.0896
vn -0.6450 0.4933 -0.5837
vn -0.3396 -0.7371 0.5843
vn -0.4307 -0.8324 0.3487
vn 0.6833 -0.6891 -0.2414
vn 0.8543 0.4825 -0.1935
vn -0.5593 0.7988 0.2216
vn -0.4225 -0.6757 -0.6041
vn 0.9622 0.0949 -0.2551
vn -0.3841 0.8374 0.3889
vn -0.8958 -0.3558 0.2663
vn 0.5563 0.2448 0.7941
vn -0.4548 0.8444 0.2831
vn -0.8606 0.3293 -0.3886
vn -0.0847 -0.9876 -0.1323
vn 0.2198 -0.8545 0.4707
vn 0.1313 0.9894 -0.0622
vn -0.4701 0.6179 -0.6303
vn 0.2624 -0.4975 0.8269
vn -0.0890 0.6935 -0.7149
vn 0.8418 0.4491 -0.2994
vn -0.4294 -0.8584 0.2807
vn -0.3114 -0.3787 0.8716
vn 0.1646 -0.5831 0.7955
vn 0.6755 0.0798 -0.7331
vn -0.3198 -0.3727 0.8711
vn 0.0485 -0.6866 0.7254
vn 0.4589 0.1442 -0.8767
vn 0.0575 0.4628 -0.8846
vn -0.4916 0.8099 0.3199
vn 0.3043 -0.8436 0.4423
vn -0.0345 0.3555 -0.9340
vn -0.4141 0.3952 -0.8199
vn -0.7875 0.0894 -0.6097
vn -0.6154 0.7832 0.0889
vn -0.6335 -0.6033 0.4845
vn 0.9494 -0.3023 -0.0849
vn -0.9985 -0.0537 -0.0039
vn -0.6241 0.6721 0.3984
vn -0.3511 -0.4077 0.8429
vn 0.4323 -0.0635 -0.8995
vn 0.4287 -0.7052 0.5647
vn 0.4599 0.1529 0.8747
vn -0.9014 0.3912 0.1858
vn -0.2193 -0.7420 -0.6335
vn 0.8821 0.1339 0.4516
vn 0.6225 0.7471 0.2331
vn -0.3286 0.8102 -0.4853
vn 0.5868 -0.3617 -0.7245
vn 0.0637 0.8039 -0.5913
vn 0.6801 -0.7256 0.1052
vn -0.6869 0.5089 0.5189
vn -0.4871 0.8406 -0.2369
vn 0.3978 -0.8896 0.2243
vn 0.2833 -0.9545 0.0927
vn -0.8818 0.4217 -0.2114
vn -0.7669 0.3179 0.5575
vn 0.8617 0.2587 -0.4365
vn -0.2128 0.7331 0.6460
vn 0.8224 0.5363 0.1899
vn 0.3420 -0.6970 -0.6303
vn -0.0833 0.4901 0.8677
vn -0.4672 -0.4974 0.7310
vn 0.4496 -0.5843 0.6756
vn 0.8710 0.4653 -0.1577
vn 0.8726 0.3244 0.3651
vn 0.1727 0.1521 -0.9732
vn -0.0700 -0.9913 -0.1116
vn 0.8980 -0.4294 0.0955
vn 0.1478 0.9863 0.0729
vn -0.9647 0.2258 -0.1359
vn -0.7948 -0.4397 -0.4183
vn 0.9326 0.1971 0.3023
vn 0.3865 -0.0085 0.9222
vn -0.2008 0.6524 0.7308
vn -0.7902 0.2845 -0.5428
vn -0.8151 0.2950 -0.4985
vn -0.0074 0.9713 0.2375
vn -0.1744 -0.9694 -0.1727
vn 0.3829 0.0629 0.9217
vn -0.7599 -0.5459 0.3527
vn -0.2168 0.5513 -0.8056
vn -0.2669 -0.8222 0.5028
vn -0.1710 -0.6298 0.7577
vn 0.4736 0.5498 -0.6881
vn 0.8983 -0.3819 -0.2173
vn -0.7277 0.1256 0.6743
vn -0.5084 -0.4968 0.7033
vn 0.5737 -0.6455 -0.5042
vn -0.7415 0.6672 0.0712
vn -0.6647 0.4729 0.5784
vn 0.4925 -0.7774 -0.3912
vn 0.7199 0.6068 -0.3369
vn 0.8792 -0.4505 0.1551
vn 0.7078 -0.6909 0.1473
vn 0.3093 0.8949 -0.3217
vn -0.6360 0.2661 -0.7243
vn -0.3777 0.3771 0.8456
vn 0.9150 0.0006 0.4033
vn 0.6555 -0.2760 -0.7030
vn -0.4769 -0.8609 -0.1773
vn 0.3618 0.4931 0.7912
vn 0.9446 0.2321 0.2321
vn 0.4523 -0.5238 -0.7219
vn 0.9428 0.2999 -0.1452
vn 0.9661 0.2411 0.0920
vn 0.0779 -0.6747 0.7340
vn -0.6360 -0.3739 0.6750
vn -0.9782 0.1044 -0.1795
vn 0.9623 0.1709 -0.2115
vn 0.9809 -0.0671 0.1828
vn -0.6014 -0.3467 -0.7198
vn -0.9013 -0.4187 0.1109
vn 0.6457 0.3819 0.6613
vn 0.8756 0.4091 -0.2569
vn -0.8280 -0.4043 0.3885
vn 0.3623 0.2783 0.8895
vn -0.1708 -0.3217 -0.9313
vn -0.1088 -0.6249 0.7731
vn 0.3732 0.4550 -0.8085
vn -0.2015 -0.7141 0.6704
vn -0.0282 0.8383 0.5445
vn -0.1255 0.0846 -0.9885
vn -0.3476 -0.3002 -0.8883
vn 0.4892 0.8673 -0.0925
vn -0.8807 -0.1956 0.4314
vn 0.5147 -0.2151 0.8299
vn 0.9110 0.3720 0.1778
vn 0.3942 0.4069 -0.8240
vn -0.7768 -0.3142 0.5457
vn 0.2655 -0.5386 0.7996
vn 0.8683 -0.2672 -0.4178
vn 0.2051 -0.7258 0.6566
vn -0.8196 0.3640 0.4425
vn 0.4936 -0.6760 -0.5472
vn 0.0024 0.5783 0.8158
vn -0.7816 -0.2293 -0.5801
vn 0.3769 0.7150 0.5888
vn -0.1286 -0.5425 -0.8302
vn 0.5453 0.1926 0.8158
vn -0.7573 0.2630 -0.5978
vn 0.7086 -0.3044 0.6366
vn 0.0313 0.9754 -0.2180
vn -0.5897 -0.3489 -0.7284
vn 0.1636 0.9131 -0.3734
vn -0.6896 -0.7234 0.0341
vn 0.7823 0.6208 -0.0505
vn 0.2100 -0.1616 0.9643
vn 0.9753 0.2198 -0.0220
vn 0.5484 -0.8347 -0.0501
vn 0.2634 0.4511 -0.8527
vn 0.1480 -0.2625 0.9535
vn -0.9254 -0.1252 -0.3577
vn -0.1737 0.9478 0.2675
vn -0.8901 -0.3987 0.2210
vn 0.5922 -0.5830 -0.5562
vn -0.0911 -0.9607 -0.2621
vn -0.2491 -0.2038 0.9468
vn -0.4633 -0.1931 0.8649
vn 0.2371 -0.1204 -0.9640
vn 0.8519 0.4668 -0.2372
vn 0.6374 0.5641 0.5249
vn -0.9087 -0.4105 -0.0753
vn -0.7575 -0.5340 -0.3755
vn 0.3233 0.9453 0.0432
vn 0.1348 0.8442 0.5188
vn -0.6185 -0.6497 -0.4420
vn -0.0344 -0.9354 -0.3519
vn 0.8929 0.4223 -0.1563
vn -0.9942 -0.0912 -0.0569
vn -0.0998 -0.7637 0.6378
vn 0.9906 0.0344 0.1322
vn 0.9145 0.0612 -0.3999
vn 0.3334 -0.7869 0.5193
vn -0.0352 0.7847 -0.6189
vn -0.6215 -0.2893 0.7281
vn 0.9638 -0.2462 -0.1026
vn -0.5293 -0.7042 0.4732
vn 0.8887 0.2371 0.3924
vn -0.4308 -0.8831 -0.1856
vn 0.2376 0.9559 -0.1726
vn -0.9406 -0.3381 -0.0300
vn 0.3132 0.4536 0.8343
vn -0.2950 -0.8728 -0.3890
vn 0.2236 0.9670 0.1220
vn -0.5095 -0.2020 -0.8364
vn -0.2748 0.5246 0.8058
vn 0.1500 0.9770 0.1519
vn 0.0066 -0.5749 -0.8182
vn 0.1321 -0.7915 -0.5967
vn -0.5797 0.8066 -0.1157
vn 0.1528 0.9818 0.1130
vn 0.3287 -0.8689 -0.3700
vn 0.4264 -0.9045 -0.0101
vn 0.0504 0.9984 0.0271
vn 0.9766 -0.1541 0.1501
vn 0.4810 0.7884 -0.3834
vn 0.3066 0.9518 -0.0094
vn -0.4104 -0.9088 -0.0745
vn -0.2602 0.4459 0.8564
vn 0.2889 0.0456 -0.9563
vn 0.5080 0.8463 -0.1603
vn 0.4491 0.8930 0.0282
vn 0.1148 0.6664 0.7367
vn 0.4560 0.4025 -0.7938
vn 0.4672 0.8178 0.3361
vn 0.3066 -0.5016 -0.8089
vn -0.3194 -0.0601 0.9457
vn -0.3127 -0.8248 -0.4711
vn -0.0617 -0.5461 -0.8355
vn -0.1089 0.6004 0.7922
vn -0.5365 -0.3943 0.7461
vn -0.5078 -0.3759 -0.7752
vn -0.2114 0.4287 0.8784
vn 0.7450 0.3274 -0.5812
vn -0.0779 -0.7319 0.6770
vn 0.4598 0.8371 -0.2965
vn -0.6745 -0.7279 -0.1231
vn 0.6572 -0.6292 0.4149
vn 0.5424 -0.4827 -0.6876
vn 0.7476 0.5855 0.3135
vn -0.1530 -0.9002 -0.4077
vn 0.9267 0.1485 0.3453
vn -0.5815 0.4633 0.6688
vn -0.9020 0.2103 -0.3770
vn 0.1132 0.1941 0.9744
vn -0.1270 0.1133 0.9854
vn -0.2505 0.9681 0.0047
vn -0.7799 0.1869 -0.5973
vn 0.2792 -0.9601 -0.0163
vn 0.0689 -0.2126 -0.9747
vn 0.2298 -0.9643 -0.1315
vn 0.3759 -0.1546 0.9137
vn -0.2587 0.9647 -0.0502
vn 0.0780 0.0060 0.9969
vn 0.3633 0.2165 0.9062
vn -0.2078 0.3139 -0.9264
vn -0.1531 0.8602 0.4864
vn -0.1913 -0.2402 -0.9517
vn 0.7079 -0.0108 0.7062
vn 0.6489 -0.6197 0.4416
vn 0.8453 -0.4698 0.2544
vn 0.8389 0.4488 -0.3080
vn -0.3731 0.8864 -0.2741
vn -0.2789 -0.9514 0.1308
vn 0.3243 -0.8689 -0.3740
vn 0.7494 0.6604 0.0474
vn -0.9978 -0.0211 0.0629
vn -0.8667 -0.4958 0.0548
vn 0.9843 0.1727 0.0354
vn -0.4735 0.7378 -0.4810
vn 0.8693 -0.4943 0.0012
vn 0.9149 0.4019 0.0374
vn -0.8345 0.5485 -0.0531
vn -0.6135 -0.5435 0.5729
vn 0.9811 0.0987 -0.1666
vn -0.7449 0.1101 -0.6580
vn 0.8165 -0.4496 0.3622
vn -0.8780 -0.0962 -0.4690
vn 0.1981 0.8430 0.5000
vn 0.7866 0.4401 0.4332
vn -0.5656 0.7697 -0.2963
vn -0.1066 0.2165 -0.9705
vn -0.4392 -0.7224 -0.5341
vn 0.2945 -0.1503 0.9438
vn 0.3213 0.8925 0.3166
vn 0.5186 0.5141 0.6832
vn -0.3591 -0.8612 -0.3598
vn 0.5875 0.5445 0.5986
vn -0.8303 0.5088 -0.2276
vn 0.4264 -0.8558 -0.2931
vn -0.5936 0.7714 -0.2292
vn 0.5756 -0.4728 0.6672
vn -0.1626 0.8823 -0.4418
vn 0.3068 -0.9055 -0.2933
vn 0.0064 0.9319 0.3626
vn 0.2944 -0.0928 -0.9512
vn -0.5108 -0.8560 0.0792
vn 0.5285 0.8424 0.1047
vn 0.3268 -0.7951 -0.5109
vn 0.9295 0.1229 -0.3478
vn -0.5737 0.1166 -0.8107
vn 0.6968 0.0188 0.7170
vn -0.7989 -0.2000 0.5673
vn 0.9586 -0.2693 -0.0920
vn 0.5350 0.4887 -0.6892
vn -0.8626 0.4026 -0.3062
vn 0.8624 -0.4336 0.2612
vn -0.2579 -0.9179 -0.3017
vn 0.3051 0.8977 0.3179
vn -0.1885 -0.4804 0.8566
vn -0.4943 -0.6530 0.5739
vn 0.5922 0.8017 0.0815
vn 0.0039 0.4817 0.8763
vn -0.7168 -0.6905 -0.0971
vn -0.1861 -0.6075 -0.7722
vn 0.4352 0.3497 0.8297
vn -0.8268 -0.0140 -0.5624
vn 0.7042 -0.2169 -0.6761
vn -0.7906 -0.4060 -0.4583
vn -0.5244 -0.5825 -0.6210
vn 0.6761 -0.7219 -0.1477
vn 0.9927 0.1039 -0.0615
vn -0.9169 0.3301 -0.2241
vn 0.8812 -0.1082 0.4603
vn -0.5960 -0.8024 -0.0304
vn 0.8168 0.0550 -0.5743
vn -0.7448 -0.0104 0.6672
vn 0.4944 0.1909 -0.8480
vn -0.9091 -0.0472 0.4139
vn 0.0423 -0.9001 0.4336
vn 0.5985 0.1474 -0.7874
vn -0.8467 -0.5038 -0.1710
vn -0.8155 -0.4948 0.3003
vn -0.5425 -0.8263 0.1515
vn -0.4926 -0.8600 0.1333
vn -0.4042 -0.9145 -0.0161
vn -0.7772 -0.2147 0.5915
vn -0.5211 0.6973 0.4922
vn 0.8639 -0.1100 -0.4916
vn -0.3968 0.8820 0.2543
vn 0.5918 0.5073 -0.6264
vn -0.8436 0.2431 0.4789
vn 0.6363 -0.3966 -0.6617
vn 0.9620 0.1061 -0.2517
vn -0.9270 0.0415 0.3729
vn 0.9124 0.3988 0.0921
vn -0.8948 -0.4197 0.1519
vn -0.4255 -0.5393 0.7267
vn 0.7443 0.4853 0.4589
vn -0.3059 0.3352 -0.8911
vn 0.0353 -0.9319 0.3610
vn -0.1903 -0.6396 -0.7448
vn 0.2539 0.7043 0.6629
vn 0.3606 0.5674 0.7403
vn 0.9870 0.1564 0.0363
vn 0.9270 -0.3648 -0.0876
vn 0.8382 -0.2131 0.5020
vn -0.1344 -0.1289 -0.9825
vn -0.2453 0.2363 0.9402
vn -0.6660 0.6461 -0.3728
vn 0.2652 -0.8463 0.4620
vn 0.5305 0.7779 0.3366
vn -0.1335 0.9856 -0.1036
vn -0.3591 0.6245 -0.6936
vn 0.8263 0.5617 -0.0419
vn -0.5991 -0.5458 0.5858
vn -0.4474 -0.6918 0.5668
vn 0.8977 0.2698 -0.3484
vn 0.8527 -0.0663 -0.5183
vn -0.7256 0.5216 0.4488
vn -0.5098 -0.3178 0.7994
vn 0.5841 -0.5444 -0.6021
vn -0.6943 0.7161 0.0715
vn 0.2703 0.3566 -0.8943
vn -0.3180 -0.1141 0.9412
vn 0.5363 -0.6694 -0.5141
vn 0.4962 -0.2330 0.8364
vn 0.6075 -0.6888 -0.3955
vn -0.8226 0.5152 0.2406
vn -0.4322 -0.3381 -0.8360
vn -0.8849 0.2063 -0.4176
vn 0.5034 -0.8631 -0.0413
vn -0.0198 -0.8433 -0.5370
vn 0.6331 0.4200 0.6502
vn -0.5295 0.8472 0.0446
vn 0.8767 0.0778 0.4748
vn -0.5246 -0.4245 -0.7379
vn 0.9646 -0.2603 -0.0430
vn -0.8237 0.0855 -0.5605
vn 0.8380 -0.1558 0.5229
vn -0.4481 0.7058 0.5486
vn -0.6187 0.0623 -0.7831
vn -0.1544 -0.3689 -0.9166
vn -0.6928 0.5185 -0.5011
vn 0.4037 0.7705 0.4933
vn -0.3113 -0.7810 -0.5415
vn 0.7488 -0.0167 0.6625
vn -0.4751 -0.8577 0.1964
vn 0.1435 -0.9631 0.2279
vn 0.9797 0.1225 -0.1588
vn -0.2936 0.9003 -0.3212
vn -0.6515 -0.0095 0.7586
vn 0.5838 -0.6180 -0.5266
vn -0.4830 0.6261 0.6121
vn 0.3011 -0.3915 -0.8695
vn -0.5367 -0.0532 0.8421
vn 0.0953 -0.3888 -0.9164
vn 0.6915 0.1593 -0.7046
vn 0.1150 0.4310 0.8950
vn -0.8335 -0.1353 -0.5357
vn -0.0773 0.7178 0.6920
vn 0.3483 -0.8617 -0.3691
vn 0.0926 0.9130 0.3973
vn -0.5067 -0.5168 -0.6900
vn -0.6552 0.0512 -0.7537
vn 0.2978 0.8680 -0.3974
vn 0.5553 -0.1071 0.8247
vn -0.7252 0.2408 -0.6450
vn -0.4249 0.1732 -0.8885
vn -0.4361 0.3339 -0.8356
vn 0.6714 0.0415 0.7399
vn -0.4667 0.2210 -0.8564
vn -0.3506 -0.2032 0.9142
vn 0.8005 -0.0436 -0.5978
vn -0.2079 -0.1844 0.9606
vn 0.4943 -0.3034 -0.8146
vn -0.4294 -0.1878 0.8834
vn 0.4301 -0.2974 -0.8524
vn -0.1609 -0.9540 -0.2530
vn -0.0907 0.6902 0.7179
vn -0.4883 -0.7243 -0.4868
vn -0.3739 0.1231 0.9193
vn 0.0324 -0.6547 -0.7552
vn 0.0269 0.8512 0.5241
vn 0.0292 0.7569 0.6529
vn -0.4412 -0.8065 -0.3935
vn -0.2728 0.9604 -0.0569
vn -0.5189 -0.6198 -0.5887
vn 0.4898 0.8718 0.0080
vn -0.1365 0.8397 -0.5256
vn -0.4868 -0.8268 -0.2819
vn 0.1521 -0.7201 0.6770
vn 0.8850 0.4512 0.1148
vn 0.4671 0.4951 -0.7326
vn -0.8889 -0.3992 -0.2246
vn -0.3810 -0.5536 0.7405
vn -0.7979 -0.3175 0.5124
vn 0.7892 0.6089 -0.0805
vn 0.3669 0.4162 -0.8320
vn -0.5714 -0.6378 0.5164
vn -0.2939 -0.9373 0.1876
vn -0.0784 0.9838 -0.1610
vn 0.2054 0.6375 -0.7426
vn 0.2987 -0.9495 0.0962
vn -0.5696 0.6804 -0.4610
vn 0.1598 -0.6009 0.7832
vn 0.2003 0.6409 -0.7411
vn 0.6304 -0.6678 0.3957
vn -0.3167 0.3873 -0.8658
vn 0.1502 0.7525 -0.6412
vn 0.4605 -0.0433 0.8866
vn -0.2918 0.1558 0.9437
vn 0.1566 0.7319 -0.6631
vn -0.1300 -0.5957 0.7926
vn -0.1794 0.9793 0.0933
vn -0.3440 0.2907 0.8928
vn 0.7708 -0.0875 0.6311
vn 0.6390 0.2076 0.7407
vn -0.7368 0.1151 -0.6663
vn 0.1333 -0.7102 -0.6913
vn 0.7171 0.2153 0.6629
vn -0.7410 0.0116 -0.6714
vn -0.2678 -0.9130 -0.3078
vn 0.8675 0.4969 -0.0216
vn -0.8859 -0.0048 -0.4638
vn 0.7481 -0.2002 0.6327
vn -0.3320 -0.9321 0.1452
vn -0.4563 0.8317 -0.3163
vn -0.8577 0.5034 -0.1047
vn 0.5696 -0.7698 -0.2880
vn 0.6747 -0.2206 -0.7044
vn 0.2449 0.4661 0.8502
vn -0.9741 -0.2021 -0.1012
vn -0.5635 -0.3416 -0.7522
vn 0.9661 -0.1159 0.2307
vn -0.4384 0.6606 0.6094
vn -0.8974 0.3825 0.2198
vn 0.3606 -0.6808 -0.6376
vn -0.0349 -0.2693 0.9624
vn -0.4407 0.2314 -0.8673
vn -0.1420 0.9381 -0.3158
vn -0.2232 -0.3938 -0.8917
vn 0.0412 0.3729 -0.9270
vn -0.0429 -0.5891 -0.8069
vn 0.0596 -0.6533 0.7548
vn 0.2744 0.4060 0.8717
vn 0.0306 0.6191 0.7848
vn -0.0485 0.4388 -0.8973
vn 0.3715 0.3046 0.8770
vn 0.4616 -0.4090 0.7872
vn 0.6018 -0.5647 0.5647
vn -0.2977 0.8990 -0.3211
vn -0.5633 0.5231 -0.6395
vn 0.5858 -0.7842 0.2045
vn 0.3421 -0.1913 -0.9200
vn -0.4363 -0.8962 0.0804
vn 0.7043 0.7064 -0.0704
vn -0.9856 -0.0158 -0.1683
vn 0.8894 -0.3622 0.2789
vn 0.9169 0.3036 0.2591
vn -0.4419 -0.3519 -0.8252
vn 0.0674 -0.7426 -0.6663
vn -0.1894 0.9168 0.3517
vn 0.7353 0.1299 0.6652
vn 0.7624 -0.6471 -0.0096
vn 0.0406 -0.6429 -0.7648
vn 0.1505 -0.9724 -0.1784
vn 0.0377 0.3743 0.9266
vn -0.0690 0.9686 -0.2388
vn -0.0009 0.5737 0.8191
vn -0.6378 0.1728 -0.7506
vn 0.7457 -0.6648 -0.0438
vn 0.0741 -0.7393 -0.6693
vn 0.5547 -0.1538 0.8177
vn -0.3950 0.8316 -0.3904
vn 0.1819 -0.0229 0.9831
vn 0.2622 0.9406 -0.2158
vn 0.2496 -0.8205 -0.5143
vn 0.4973 -0.8403 -0.2157
vn 0.0097 -0.9696 -0.2445
vn 0.6524 0.7356 0.1824
vn -0.9102 -0.3965 0.1194
vn -0.4781 0.4640 0.7457
vn 0.9161 -0.2008 0.3470
vn -0.2431 0.2714 0.9313
vn 0.3527 0.3587 -0.8643
vn 0.3167 0.4845 -0.8155
vn -0.5430 -0.5172 0.6616
vn 0.8966 0.2366 -0.3743
vn -0.9749 0.1155 -0.1904
vn 0.3713 -0.7797 0.5041
vn -0.7238 -0.5472 -0.4204
vn 0.4961 0.3783 0.7816
vn -0.2024 0.9576 0.2049
vn 0.2291 -0.9679 -0.1032
vn 0.0612 0.0967 -0.9934
vn -0.2892 0.1446 0.9463
vn 0.2373 0.4324 -0.8699
vn 0.4363 -0.2489 -0.8647
vn -0.1186 -0.2854 0.9510
vn 0.4663 0.8218 -0.3275
vn -0.6312 -0.5012 0.5919
vn 0.8592 0.5069 -0.0695
vn -0.6884 -0.2853 -0.6669
vn 0.0140 -0.3694 0.9292
vn 0.4942 0.2786 -0.8235
vn 0.2076 0.5592 -0.8026
vn 0.2065 0.6866 0.6971
vn -0.3683 -0.5813 0.7256
vn 0.7736 0.0850 -0.6279
vn -0.1234 -0.7247 0.6779
vn -0.4840 -0.4219 -0.7666
vn -0.5298 -0.8372 -0.1357
vn 0.6163 -0.2719 -0.7391
vn -0.6109 0.3403 0.7149
vn 0.5105 -0.3904 -0.7662
vn 0.5795 -0.4136 -0.7022
vn 0.6678 -0.3294 -0.6674
vn -0.2284 0.4920 0.8401
vn -0.9176 0.3778 -0.1236
vn -0.4747 0.7564 0.4500
vn -0.5941 0.8028 -0.0503
vn 0.5078 -0.7999 -0.3198
vn -0.2603 0.6946 0.6706
vn 0.3464 -0.8035 -0.4841
vn -0.4515 -0.1203 -0.8841
vn -0.7186 -0.0557 -0.6932
vn 0.3993 -0.8177 -0.4146
vn 0.7796 -0.0292 0.6256
vn -0.8102 0.2078 -0.5480
vn 0.3809 0.9223 0.0661
vn 0.7014 0.6604 -0.2682
vn 0.0466 0.7128 -0.6998
vn -0.0009 -0.7360 0.6770
vn 0.1865 0.5393 -0.8212
vn 0.9292 -0.0112 -0.3693
vn 0.5646 -0.8193 0.0997
vn -0.0254 -0.7370 -0.6755
vn -0.5350 0.8255 0.1798
vn -0.4823 -0.1534 0.8625
vn -0.0088 -0.9501 0.3119
vn 0.3163 0.8638 0.3921
vn 0.2038 0.6359 0.7444
vn -0.1993 -0.6744 -0.7110
vn -0.9449 -0.2492 -0.2122
vn 0.8883 0.1219 0.4429
vn 0.1215 0.6686 0.7336
vn -0.6527 0.5621 0.5079
vn 0.2713 0.7289 0.6285
vn -0.4822 -0.4272 -0.7648
vn 0.2945 0.9371 -0.1877
vn 0.4612 0.0823 0.8835
vn -0.3662 0.2179 -0.9047
vn -0.2702 0.1085 -0.9567
vn 0.7042 -0.0353 0.7091
vn -0.6071 -0.4614 0.6470
vn -0.5551 -0.4437 -0.7036
vn 0.4797 0.8717 0.1003
vn -0.5322 -0.8244 0.1926
vn -0.4845 -0.8007 0.3523
vn 0.5799 -0.6636 -0.4726
vn -0.7149 -0.4953 0.4936
vn 0.6565 -0.6629 0.3600
vn -0.5270 0.5733 -0.6274
vn 0.8348 -0.1092 0.5396
vn -0.2207 -0.8697 0.4414
vn 0.3087 0.3858 0.8694
vn -0.1759 -0.9840 -0.0298
vn -0.2510 0.2315 0.9399
vn 0.5188 -0.0581 -0.8529
vn -0.4784 0.7085 0.5187
vn -0.4430 -0.4721 0.7622
vn 0.8342 -0.5151 0.1969
vn 0.0409 -0.4738 0.8797
vn 0.8292 0.5017 -0.2464
vn -0.9806 -0.1949 -0.0193
vn -0.6566 -0.7292 -0.1927
vn 0.2851 -0.1417 0.9480
vn 0.2057 0.8705 0.4471
vn -0.1410 -0.1172 -0.9830
vn 0.0225 -0.9226 -0.3852
vn -0.9368 0.2954 0.1875
vn -0.4638 0.8610 0.2086
vn 0.8182 0.1919 -0.5420
vn 0.3831 -0.7191 -0.5797
vn -0.4722 0.8538 0.2194
vn 0.9529 -0.1377 -0.2702
vn -0.6412 -0.7670 -0.0254
vn 0.2094 0.8900 0.4050
vn 0.0948 -0.7248 -0.6824
vn -0.4222 -0.2246 0.8782
vn 0.3509 0.9334 0.0745
vn -0.3635 -0.8657 0.3442
vn 0.1312 -0.2822 -0.9503
vn 0.8799 -0.4752 0.0011
vn -0.0973 -0.3717 0.9232
vn -0.8566 0.2420 0.4557
vn -0.6858 -0.0222 0.7274
vn 0.3761 0.4028 -0.8344
vn 0.4892 0.0495 -0.8708
vn -0.2828 -0.7365 0.6145
vn 0.0696 -0.7334 0.6762
vn -0.0537 0.9979 0.0368
vn 0.9582 -0.1821 -0.2208
vn 0.6230 -0.7605 -0.1828
vn -0.2463 -0.7834 0.5707
vn 0.9454 -0.0603 0.3204
vn 0.6716 0.7294 -0.1303
vn -0.9911 0.0708 0.1132
vn -0.3986 -0.5320 0.7471
vn 0.9777 0.0851 -0.1921
vn 0.2885 -0.9497 0.1216
vn 0.3372 0.6161 -0.7118
vn 0.3760 0.5612 -0.7374
vn -0.7735 -0.1942 0.6034
vn 0.6021 -0.5948 -0.5327
vn -0.5346 0.4563 0.7113
vn -0.9604 -0.0183 -0.2782
vn 0.9780 -0.1791 0.1070
vn -0.9233 0.2329 0.3053
vn 0.4386 -0.8130 -0.3830
vn -0.5701 0.7750 -0.2728
vn -0.8722 0.4002 -0.2814
vn 0.2406 0.9563 0.1663
vn 0.5862 -0.5844 0.5610
vn 0.4693 -0.5750 0.6702
vn 0.7031 0.2601 0.6618
vn -0.6715 -0.0408 -0.7399
vn 0.9633 0.2516 -0.0936
vn -0.2097 -0.7026 0.6800
vn 0.4833 -0.5629 0.6705
vn 0.9776 0.1995 -0.0669
vn -0.6704 0.6892 0.2749
vn -0.3977 -0.6369 0.6604
vn 0.4515 -0.8889 0.0778
vn 0.6846 0.3523 -0.6381
vn -0.1267 0.8230 0.5537
vn -0.6376 -0.7636 0.1021
vn 0.0226 -0.9792 -0.2017
vn 0.3956 0.8407 -0.3697
vn 0.0742 0.8870 0.4558
vn -0.5761 -0.7862 0.2235
vn 0.0557 -0.9459 -0.3197
vn 0.5227 -0.5435 -0.6568
vn 0.2244 -0.2244 0.9483
vn -0.4336 0.2860 0.8545
vn -0.4959 -0.1831 -0.8488
vn -0.7349 0.6713 0.0959
vn 0.5171 0.8188 -0.2494
vn -0.2022 -0.9363 -0.2872
vn -0.8316 -0.5172 0.2024
vn -0.5440 0.2502 0.8009
vn 0.2903 -0.6772 0.6762
vn 0.0781 0.4587 0.8851
vn -0.2757 -0.1528 -0.9490
vn 0.4647 -0.2221 0.8572
vn 0.0436 -0.7431 -0.6678
vn -0.5252 -0.5614 -0.6395
vn -0.2256 -0.9723 0.0617
vn 0.2638 0.8425 -0.4697
vn -0.3541 -0.9260 -0.1310
vn -0.4388 0.6454 -0.6252
vn 0.1131 -0.4723 0.8742
vn 0.5496 0.7275 0.4108
vn -0.4867 -0.8657 0.1169
vn -0.2060 -0.2710 0.9403
vn 0.6804 0.6604 -0.3177
vn 0.5980 -0.0387 0.8006
vn -0.7523 0.4619 -0.4698
vn -0.8299 -0.3891 -0.3998
vn -0.8940 0.4285 -0.1308
vn -0.1642 -0.8580 0.4867
vn 0.6625 -0.6842 0.3050
vn -0.3858 0.9045 0.1815
vn -0.8637 0.0159 -0.5037
vn -0.9827 0.1409 -0.1198
vn 0.2460 -0.9253 -0.2886
vn 0.6497 -0.7594 0.0345
vn -0.3424 0.9248 0.1657
vn 0.1539 -0.9120 -0.3802
vn 0.1311 0.7808 0.6108
vn 0.0184 -0.4576 -0.8890
vn -0.5132 -0.8578 0.0300
vn 0.0345 0.4160 0.9087
vn -0.4596 -0.8571 -0.2328
vn 0.0322 0.0696 0.9971
vn 0.7517 -0.4562 0.4763
vn 0.1267 0.8471 -0.5161
vn -0.7724 0.6312 -0.0702
vn 0.7169 -0.6971 -0.0128
vn 0.7624 -0.3190 -0.5630
vn -0.2723 0.8996 -0.3414
vn -0.4439 0.8231 -0.3542
vn -0.1788 -0.4491 0.8754
vn 0.2814 -0.5732 -0.7696
vn 0.5064 0.2417 -0.8277
vn -0.4593 -0.5980 0.6568
vn -0.5281 0.8125 0.2467
vn 0.3367 -0.9063 -0.2557
vn 0.2007 0.9783 -0.0511
vn -0.8890 -0.2371 -0.3918
vn 0.9636 -0.1840 0.1938
vn 0.6087 0.7853 -0.1133
vn -0.1849 -0.4051 -0.8954
vn 0.7609 -0.6071 -0.2289
vn -0.7455 0.3740 -0.5516
vn 0.4855 -0.8497 -0.2055
vn 0.7353 -0.4651 0.4930
vn 0.6190 -0.4373 0.6524
vn -0.3725 0.9207 0.1162
vn -0.6470 0.4767 -0.5952
vn -0.5073 0.5523 -0.6615
vn -0.8250 -0.5649 0.0171
vn 0.9015 0.0630 0.4283
vn 0.7105 0.7017 -0.0533
vn -0.3119 -0.7410 0.5947
vn 0.0798 -0.7853 0.6140
vn 0.5248 0.5215 -0.6727
vn 0.7241 -0.2652 -0.6367
vn -0.4787 -0.6794 0.5561
vn 0.5548 0.1925 -0.8094
vn -0.8480 -0.0508 0.5276
vn 0.4840 0.5296 -0.6966
vn -0.7823 -0.2678 0.5624
vn -0.9785 -0.1642 -0.1251
vn 0.3889 -0.0046 -0.9213
vn 0.9955 0.0141 -0.0940
vn 0.7063 -0.6928 0.1455
vn -0.9794 0.0320 0.1994
vn 0.9895 -0.0096 0.1439
vn 0.6007 0.2712 -0.7521
vn -0.8959 -0.4104 0.1699
vn 0.4958 0.6628 -0.5612
vn -0.7422 -0.5492 0.3841
vn 0.0441 0.8828 -0.4677
vn -0.0089 -0.5975 0.8018
vn -0.7431 -0.5958 0.3046
vn -0.1947 0.9796 0.0503
vn -0.6677 -0.0258 0.7440
vn 0.2870 0.9473 0.1422
vn 0.8226 0.3800 -0.4230
vn -0.2280 -0.9453 0.2333
vn 0.5213 0.8176 0.2444
vn 0.3408 0.9381 -0.0624
vn -0.6843 -0.6506 -0.3294
vn -0.1110 0.7640 -0.6356
vn -0.5414 -0.0711 0.8377
vn 0.2215 -0.3881 0.8946
vn 0.2942 0.6291 -0.7195
vn 0.7536 0.3051 -0.5823
vn -0.3215 -0.2022 0.9250
vn 0.7139 -0.0877 -0.6948
vn -0.2387 -0.1525 0.9590
vn 0.2896 -0.5851 -0.7575
vn 0.4813 -0.2848 -0.8290
vn -0.6103 0.0201 0.7919
vn -0.4365 -0.8972 -0.0671
vn -0.2774 -0.8158 -0.5074
vn 0.1141 0.2985 -0.9476
vn 0.4944 -0.5755 0.6514
vn 0.6107 -0.6678 0.4255
vn 0.0874 0.9961 -0.0081
vn 0.3699 0.3504 0.8604
vn -0.5249 0.5621 -0.6391
vn -0.2806 -0.5952 -0.7530
vn -0.4926 0.7587 -0.4263
vn 0.2080 -0.9781 0.0016
vn 0.2462 -0.9659 -0.0804
vn 0.7701 0.6372 0.0306
vn -0.6626 -0.6550 -0.3632
vn 0.2667 0.8326 0.4854
vn -0.8671 0.4978 0.0192
vn 0.3264 -0.7401 -0.5880
vn 0.6704 0.0872 0.7368
vn -0.2981 -0.3380 -0.8927
vn -0.7398 0.6718 0.0367
vn 0.3555 -0.5188 0.7775
vn 0.0015 0.9172 0.3984
vn 0.0567 -0.9982 0.0215
vn 0.4703 -0.3899 0.7917
vn -0.3726 0.5186 -0.7696
vn -0.6773 -0.7356 0.0117
vn 0.0764 -0.7061 0.7040
vn 0.5765 0.7974 -0.1782
vn 0.1183 0.6738 -0.7294
vn -0.9649 -0.0999 0.2427
vn -0.3350 -0.5250 0.7824
vn 0.7392 0.3672 -0.5646
vn 0.9163 -0.2927 -0.2733
vn -0.7479 -0.0907 0.6576
vn 0.6511 -0.7102 -0.2677
vn -0.6430 -0.6143 0.4574
vn 0.7290 0.1423 -0.6696
vn -0.7442 -0.5996 -0.2945
vn 0.5987 -0.1861 -0.7790
vn 0.7703 0.1765 0.6128
vn 0.4039 0.9093 0.1004
vn -0.8967 -0.1183 -0.4265
vn -0.6698 0.1142 0.7337
vn -0.8622 -0.2548 -0.4378
vn -0.2893 -0.9005 -0.3248
vn 0.2961 -0.9015 0.3157
vn -0.6709 0.2237 -0.7070
vn 0.4124 0.0555 0.9093
vn -0.2294 0.5344 -0.8135
vn 0.2405 0.6191 -0.7476
vn -0.0989 -0.0081 0.9951
vn 0.3442 -0.1314 0.9297
vn 0.2101 0.2997 0.9306
vn 0.7614 0.1373 -0.6336
vn -0.8827 0.0290 -0.4691
vn -0.9108 0.0238 0.4122
vn 0.9948 -0.0566 -0.0842
vn 0.1148 -0.9007 -0.4191
vn 0.6405 0.7470 0.1779
vn -0.9721 0.1555 0.1759
vn 0.8700 -0.3933 -0.2974
vn 0.9575 -0.2081 -0.1997
vn -0.5191 0.1741 -0.8368
vn 0.9455 0.0649 0.3192
vn -0.9517 0.1418 0.2722
vn -0.7104 -0.3520 -0.6094
vn 0.8254 -0.0588 -0.5615
vn -0.8399 -0.5426 0.0142
vn -0.6666 -0.5519 -0.5010
vn 0.8311 0.5534 -0.0549
vn 0.4672 0.8828 -0.0488
vn -0.2370 -0.9134 -0.3308
vn -0.5273 -0.6309 -0.5691
vn 0.1420 0.9788 0.1476
vn -0.2546 0.9167 0.3080
vn -0.3974 -0.8097 -0.4318
vn -0.4311 -0.6973 -0.5727
vn -0.2724 0.6021 0.7505
vn -0.8740 -0.4117 0.2581
vn -0.3827 0.4465 0.8089
vn 0.6432 0.6093 0.4637
vn -0.1093 0.6968 -0.7089
vn 0.5355 -0.7697 -0.3475
vn -0.0392 0.6286 -0.7767
vn 0.5421 -0.8147 0.2056
vn -0.5928 0.8047 -0.0322
vn 0.0302 -0.8219 0.5689
vn -0.7285 0.3128 0.6094
vn -0.2372 0.9552 -0.1770
vn -0.1265 0.9889 0.0776
vn 0.6543 -0.1852 -0.7332
vn 0.2745 0.4764 -0.8352
vn 0.4391 0.4215 -0.7934
vn -0.6655 0.6162 0.4212
vn 0.2119 -0.2840 0.9351
vn -0.5191 0.8270 -0.2160
vn -0.1730 0.6859 -0.7068
vn -0.4180 -0.8123 -0.4068
vn 0.7509 -0.2391 0.6155
vn 0.8301 0.4366 0.3469
vn -0.9095 0.1425 0.3906
vn -0.2460 -0.8999 -0.3602
vn 0.2019 0.9275 0.3147
vn 0.8141 -0.1428 -0.5629
vn -0.5212 -0.8301 -0.1983
vn -0.1752 0.7807 0.5999
vn -0.6746 -0.4270 -0.6022
vn -0.6158 0.6436 0.4545
vn -0.5751 0.7395 -0.3499
vn 0.4853 -0.6348 -0.6013
vn 0.5498 -0.8351 -0.0209
vn -0.5638 0.6372 0.5255
vn 0.3419 -0.4109 0.8451
vn -0.1127 0.3795 0.9183
vn -0.2663 0.3303 -0.9055
vn 0.3661 0.0150 0.9304
vn 0.7533 0.0091 0.6576
vn -0.5669 0.4427 -0.6948
vn -0.9133 -0.1530 -0.3775
vn 0.8764 -0.2290 0.4237
vn 0.9205 0.1623 -0.3554
vn 0.7048 -0.0625 -0.7067
vn -0.3390 0.8440 -0.4156
vn 0.4047 -0.9086 -0.1036
vn -0.2628 0.8242 0.5017
vn -0.3606 -0.1611 0.9187
vn -0.5014 -0.2620 0.8246
vn -0.2231 -0.9145 -0.3376
vn -0.5741 -0.7753 -0.2632
vn 0.7341 0.2966 0.6108
vn 0.4554 0.8903 0.0008
vn -0.9055 0.4222 -0.0439
vn -0.2369 0.6709 0.7027
vn -0.7133 -0.4450 -0.5415
vn -0.5323 -0.8446 0.0574
vn 0.7281 -0.5915 -0.3464
vn -0.0288 0.9523 -0.3038
vn -0.7490 0.6556 0.0960
vn -0.4302 -0.4744 -0.7680
vn -0.2435 0.9273 -0.2841
vn 0.1426 -0.5748 0.8058
vn -0.3975 0.5151 -0.7594
vn 0.9176 -0.1764 0.3562
vn 0.6982 0.1821 -0.6923
vn 0.5717 -0.6794 -0.4600
vn -0.0003 -0.1981 0.9802
vn 0.8705 -0.3411 0.3549
vn -0.2969 0.9347 -0.1954
vn -0.1897 0.3667 0.9108
vn 0.2239 -0.4877 -0.8438
vn -0.0910 -0.9368 -0.3378
vn -0.1792 0.6913 0.7000
vn -0.3897 -0.9207 -0.0236
vn -0.5122 0.6683 0.5395
vn -0.4927 0.8345 0.2466
vn -0.3356 -0.9224 -0.1913
vn 0.1669 -0.9839 -0.0643
vn 0.1384 0.9287 0.3439
vn -0.4866 0.8646 -0.1250
vn -0.2851 -0.9232 -0.2576
vn 0.4791 0.8455 -0.2359
vn 0.2447 0.9669 0.0719
vn -0.4918 -0.6606 -0.5672
vn -0.4757 -0.8530 -0.2145
vn 0.0245 0.4522 -0.8916
vn -0.0629 -0.5384 0.8403
vn -0.0955 0.5588 0.8238
vn 0.3741 -0.8807 0.2907
vn -0.6337 0.6418 -0.4319
vn 0.6122 -0.6289 -0.4794
vn -0.3123 0.3130 0.8969
vn -0.7245 -0.0817 -0.6844
vn 0.9569 0.0893 0.2763
vn 0.8650 -0.4612 0.1975
vn -0.1971 -0.1305 0.9716
vn 0.8265 0.5549 0.0952
vn -0.3683 -0.3693 0.8532
vn -0.2140 -0.6726 -0.7084
vn 0.2502 0.9446 0.2122
vn 0.5896 0.7708 0.2413
vn -0.0306 -0.2555 0.9663
vn -0.2794 0.9583 0.0596
vn 0.6404 -0.7155 -0.2790
vn -0.6946 0.5784 -0.4278
vn -0.0583 -0.5018 0.8630
vn -0.9677 -0.2514 0.0161
vn 0.9960 0.0381 -0.0813
vn -0.5859 -0.0777 -0.8067
vn -0.0962 -0.4092 0.9074
vn 0.2564 0.9664 0.0202
vn -0.2965 -0.8479 -0.4395
vn -0.2875 -0.9578 0.0021
vn 0.2632 -0.8713 0.4143
vn -0.9230 0.2758 -0.2685
vn -0.6893 -0.4312 0.5822
vn -0.4438 0.7501 -0.4904
vn 0.9782 -0.2018 0.0484
vn -0.0716 0.8166 -0.5727
vn 0.2204 -0.7129 0.6657
vn 0.5053 0.4625 -0.7285
vn 0.7412 -0.5116 0.4346
vn -0.7505 0.6608 0.0038
vn 0.7489 -0.6627 0.0076
vn -0.4916 0.8287 0.2677
vn -0.5312 0.8112 0.2446
vn -0.9796 0.1757 -0.0975
vn 0.6807 0.4992 0.5362
vn 0.5110 -0.7788 -0.3638
vn 0.6258 -0.2423 -0.7414
vn 0.5404 0.6236 0.5648
vn -0.7164 -0.3284 0.6156
vn -0.5766 -0.5825 -0.5729
vn 0.8286 0.2781 0.4859
vn -0.8798 -0.2032 0.4296
vn 0.5433 -0.2333 -0.8065
vn -0.9666 0.0710 -0.2461
vn 0.4206 -0.6281 -0.6547
vn 0.8064 -0.4627 0.3683
vn -0.7853 0.5988 0.1572
vn -0.4546 0.8865 -0.0863
vn -0.5678 0.2235 -0.7922
vn -0.0662 -0.8249 0.5614
vn 0.5168 0.8469 -0.1252
vn 0.3197 0.9444 0.0768
vn 0.3084 -0.6391 0.7046
vn -0.0223 0.7418 -0.6703
vn 0.8644 0.3217 -0.3865
vn -0.5935 -0.1686 0.7869
vn -0.1243 -0.6493 0.7503
vn 0.6231 0.0470 -0.7807
vn -0.8734 0.3552 -0.3331
vn -0.1183 0.6814 -0.7223
vn 0.1825 -0.8095 0.5580
vn 0.5229 -0.2258 -0.8219
vn 0.9739 0.0439 0.2229
vn 0.5265 -0.3237 -0.7861
vn -0.5567 -0.5328 -0.6373
vn -0.6083 0.4668 0.6419
vn 0.2826 0.7742 0.5663
vn 0.4525 -0.7434 -0.4925
vn 0.5064 0.4383 -0.7426
vn -0.4576 -0.8521 -0.2540
vn 0.6494 0.5042 -0.5693
vn -0.5253 -0.8270 0.2006
vn 0.3933 0.9151 0.0892
vn -0.6413 -0.5544 0.5305
vn -0.6154 -0.5239 0.5889
vn 0.5852 0.8000 0.1327
vn 0.1829 -0.5861 -0.7893
vn 0.0602 -0.8564 -0.5129
vn 0.8957 0.4411 0.0555
vn 0.5025 0.0531 -0.8629
vn 0.0161 0.3520 0.9359
vn 0.1132 -0.5237 0.8444
vn 0.9707 0.1784 -0.1609
vn -0.0084 0.8207 -0.5713
vn -0.9016 -0.2890 0.3218
vn -0.6292 -0.7721 0.0898
vn 0.5395 0.7944 0.2790
vn 0.3758 0.8995 0.2226
vn -0.7756 -0.4961 -0.3903
vn -0.5141 -0.4624 -0.7224
vn 0.1312 0.5851 0.8003
vn -0.1773 0.0421 -0.9832
vn 0.3397 -0.3496 0.8731
vn 0.2423 0.3175 0.9168
vn 0.1251 0.6341 -0.7630
vn 0.3343 -0.3301 0.8827
vn -0.3050 -0.1695 -0.9371
vn 0.8038 -0.1074 0.5851
vn -0.4080 0.3831 -0.8287
vn -0.7701 -0.4975 0.3993
vn 0.9450 -0.3175 0.0780
vn 0.5311 -0.8472 0.0162
vn -0.3932 0.8774 -0.2749
vn -0.4645 0.8429 0.2714
vn 0.1381 -0.9860 -0.0935
vn 0.3678 0.9105 -0.1892
vn -0.7344 0.2216 0.6415
vn -0.5480 -0.4042 0.7324
vn -0.6499 -0.7579 0.0564
vn 0.2629 -0.9265 -0.2691
vn -0.9740 0.1843 0.1319
vn -0.5208 -0.5669 -0.6383
vn 0.7735 -0.6159 -0.1496
vn 0.8133 0.3626 0.4551
vn -0.5857 0.7994 0.1341
vn -0.1300 -0.7413 -0.6585
vn 0.5317 -0.7559 0.3819
vn -0.4886 0.6858 -0.5395
vn 0.1658 -0.6282 0.7602
vn 0.0921 0.9907 -0.1006
vn 0.8299 0.4986 -0.2503
vn 0.0060 -0.7288 0.6847
vn 0.1860 0.9277 -0.3238
vn -0.7283 -0.6357 -0.2556
vn -0.6524 -0.5279 0.5437
vn -0.4102 -0.5682 0.7134
vn 0.6358 0.4568 -0.6222
vn 0.9776 -0.0888 -0.1909
vn -0.3289 0.8511 0.4093
vn 0.1013 -0.9054 0.4122
vn 0.3780 -0.8186 -0.4324
vn -0.9455 -0.1293 0.2987
vn -0.6757 -0.2735 0.6846
vn 0.4652 -0.4450 -0.7652
vn -0.3185 -0.7620 -0.5639
vn -0.2540 0.6865 0.6813
vn -0.3380 -0.6500 -0.6806
vn -0.5853 0.7809 0.2182
vn 0.2954 0.8830 0.3648
vn -0.4080 -0.7925 -0.4533
vn 0.7239 -0.6611 0.1973
vn 0.5047 0.8561 -0.1116
vn 0.4503 -0.2935 0.8433
vn 0.9332 0.3424 0.1095
vn 0.9492 -0.2589 0.1788
vn -0.9267 0.0190 -0.3754
vn -0.8968 0.3706 -0.2417
vn 0.5460 -0.0585 -0.8357
vn 0.0102 0.0719 -0.9974
vn -0.9513 0.1861 0.2457
vn -0.7734 -0.2935 0.5619
vn 0.5951 0.3792 -0.7086
vn 0.0839 0.2103 -0.9740
vn -0.2998 -0.3709 0.8790
vn -0.1606 -0.8336 0.5285
vn -0.2551 0.7696 -0.5853
vn 0.0358 0.2443 -0.9690
vn 0.3083 -0.9145 0.2621
vn -0.7642 0.4515 -0.4605
vn -0.0672 0.1649 -0.9840
vn 0.6979 -0.4643 0.5453
vn 0.1974 -0.4591 0.8662
vn 0.8600 0.3013 0.4119
vn -0.8956 0.3910 -0.2122
vn -0.2517 -0.0376 -0.9671
vn 0.9126 -0.1116 -0.3934
vn -0.7062 -0.6781 -0.2038
vn 0.2367 -0.5872 0.7741
vn -0.0668 -0.5266 -0.8475
vn 0.2755 0.7343 0.6204
vn -0.4490 0.8070 0.3836
vn 0.7475 -0.0087 0.6642
vn -0.9344 -0.1610 0.3176
vn 0.7923 -0.1928 -0.5789
vn -0.8880 0.4391 -0.1368
vn 0.7787 0.3875 -0.4934
vn -0.7798 -0.4829 -0.3985
vn 0.7539 0.3149 0.5766
vn -0.6973 -0.4877 0.5253
vn -0.1655 -0.4808 0.8610
vn 0.1586 -0.5993 0.7847
vn 0.5010 0.8601 -0.0961
vn 0.2264 0.2446 0.9428
vn 0.0918 0.7242 -0.6835
vn -0.5138 -0.2756 -0.8124
vn -0.3757 -0.8695 0.3206
vn 0.9557 0.1992 0.2169
vn -0.6662 0.3739 -0.6453
vn -0.5243 -0.8512 0.0235
vn -0.6615 0.1326 -0.7381
vn 0.2437 0.7304 0.6381
vn 0.3850 0.3368 -0.8593
vn -0.0638 -0.6511 -0.7563
vn -0.3575 0.2145 0.9089
vn -0.6005 -0.7923 0.1078
vn -0.7801 0.0509 0.6235
vn 0.8472 0.4930 0.1979
vn 0.9275 0.0454 -0.3711
vn -0.6528 0.0590 -0.7552
vn -0.8056 0.4556 0.3787
vn -0.4461 -0.1138 0.8877
vn 0.8409 -0.5219 0.1432
vn 0.9235 0.0218 -0.3830
vn -0.6634 0.7257 -0.1824
vn 0.2169 -0.9500 0.2247
vn -0.9005 0.1440 0.4104
vn 0.7564 -0.6520 0.0533
vn -0.2109 0.9453 -0.2488
vn 0.6274 -0.7770 0.0507
vn -0.7383 0.6718 0.0594
vn 0.5478 -0.6744 -0.4951
vn -0.5863 0.7593 0.2824
vn 0.5569 -0.3486 0.7538
vn 0.7362 -0.5240 -0.4282
vn -0.4936 0.1865 0.8494
vn 0.3473 0.7764 0.5260
vn -0.5084 0.2296 -0.8299
vn 0.5481 0.3736 0.7483
vn 0.5557 -0.0395 0.8305
vn 0.7169 0.5973 0.3596
vn -0.3778 0.6756 -0.6331
vn 0.1062 0.2402 -0.9649
vn -0.6021 0.1521 -0.7838
vn -0.5663 -0.4415 -0.6959
vn 0.2602 -0.6893 0.6761
vn 0.5315 -0.2852 0.7976
vn 0.7944 0.4337 0.4254
vn -0.1961 0.2800 -0.9398
vn -0.8914 -0.2905 -0.3479
vn 0.9882 0.1301 -0.0805
vn -0.7381 0.5523 -0.3876
vn -0.6217 -0.4196 0.6614
vn 0.7463 -0.6580 0.1001
vn 0.1453 -0.9819 0.1217
vn 0.9892 -0.0517 -0.1370
vn 0.6996 0.6475 -0.3022
vn 0.2708 -0.8860 -0.3765
vn -0.9692 0.0866 -0.2306
vn -0.9923 -0.1217 -0.0245
vn 0.1619 -0.9379 -0.3068
vn -0.3701 0.8716 0.3216
vn 0.4789 0.2022 0.8542
vn 0.0261 0.7336 0.6791
vn 0.6094 0.7028 -0.3670
vn -0.3029 0.9267 -0.2225
vn 0.3313 -0.3295 0.8841
vn 0.4170 0.8013 0.4290
vn -0.3520 -0.9279 0.1230
vn -0.5565 -0.4363 0.7070
vn -0.2451 -0.5152 0.8213
vn 0.7226 0.3006 -0.6225
vn 0.5957 -0.3979 -0.6977
vn -0.6398 0.3642 0.6768
vn -0.4470 -0.4661 0.7635
vn 0.5747 -0.5717 -0.5856
vn 0.5624 0.1746 -0.8082
vn -0.0789 0.8949 0.4393
vn -0.2759 -0.4148 0.8671
vn 0.1742 -0.3749 -0.9106
vn 0.3247 0.5102 -0.7964
vn -0.3756 0.3914 -0.8401
vn 0.3854 -0.7403 -0.5508
vn 0.7964 -0.4598 0.3927
vn -0.8529 0.2896 -0.4343
vn -0.9868 -0.1412 0.0793
vn -0.6602 -0.2392 0.7120
vn 0.0978 0.9839 0.1497
vn 0.6338 0.0390 -0.7725
vn 0.0977 -0.7637 0.6381
vn -0.6666 0.7407 -0.0836
vn -0.4134 -0.5088 -0.7551
vn 0.7552 -0.3614 0.5469
vn 0.5870 0.4567 0.6685
vn -0.7218 -0.6908 -0.0418
vn 0.9367 -0.3302 -0.1161
vn -0.9321 0.3510 0.0895
vn 0.7877 0.6160 0.0007
vn -0.2137 0.9761 -0.0385
vn -0.3226 -0.5264 -0.7867
vn 0.1491 0.9867 0.0643
vn -0.4149 -0.1047 -0.9038
vn 0.2446 0.7409 0.6255
vn 0.1424 0.1804 0.9732
vn 0.1913 -0.9804 -0.0470
vn 0.3706 0.1556 -0.9157
vn -0.2656 -0.9409 -0.2101
vn 0.3031 0.6458 0.7008
vn -0.7929 -0.5505 -0.2612
vn -0.3089 -0.5644 -0.7656
vn 0.6699 -0.5333 0.5166
vn 0.8450 -0.1823 -0.5028
vn 0.3733 0.8556 -0.3585
vn -0.8006 0.0817 0.5936
vn 0.0962 -0.8735 0.4773
vn -0.0339 0.9579 0.2853
vn 0.9588 -0.0215 -0.2834
vn 0.7979 0.3544 -0.4876
vn -0.5057 -0.7439 0.4370
vn -0.8401 -0.2307 0.4909
vn 0.7325 -0.0311 -0.6801
vn -0.5446 0.0553 0.8369
vn -0.8226 -0.3135 0.4744
vn -0.0854 0.0681 -0.9940
vn -0.0535 0.0298 0.9981
vn 0.2426 0.0166 0.9700
vn -0.7074 0.4803 -0.5185
vn -0.4308 0.2329 -0.8719
vn 0.4782 0.3301 0.8139
vn 0.8222 -0.2131 0.5279
vn -0.5984 0.7714 -0.2163
vn -0.7372 0.3632 -0.5698
vn 0.8096 -0.5474 0.2121
vn 0.9699 -0.2362 -0.0590
vn -0.4967 -0.8548 0.1504
vn 0.8327 -0.3650 -0.4163
vn -0.7008 0.6626 0.2643
vn 0.8162 -0.0889 -0.5708
vn -0.9719 0.1993 0.1249
vn 0.5090 0.5538 -0.6589
vn -0.7903 0.4888 0.3694
vn 0.8275 0.0081 -0.5614
vn 0.6170 0.1779 -0.7666
vn -0.9925 -0.1082 0.0571
vn -0.8944 -0.4146 -0.1678
vn 0.7929 -0.1667 -0.5861
vn 0.2608 -0.4572 -0.8503
vn 0.5652 0.5773 0.5893
vn 0.0167 -0.6663 -0.7455
vn 0.2163 -0.2960 0.9304
vn 0.6278 -0.7037 0.3328
vn -0.2980 0.8790 0.3721
vn -0.3774 0.3146 -0.8710
vn -0.1609 0.6841 0.7114
vn 0.7189 -0.6570 -0.2270
vn -0.7244 0.4542 -0.5186
vn -0.3524 0.0052 -0.9358
vn 0.6873 -0.3293 -0.6474
vn 0.9616 0.1843 0.2032
vn -0.4698 0.4993 0.7280
vn -0.2335 0.1249 -0.9643
vn 0.9293 0.3463 0.1287
vn -0.9655 0.2408 0.0990
vn 0.7294 -0.6782 0.0894
vn -0.1901 -0.1522 0.9699
vn 0.1675 0.1124 -0.9794
vn 0.6892 -0.6929 -0.2116
vn -0.6010 0.7875 -0.1365
vn 0.0747 0.5520 0.8305
vn -0.0495 0.2641 -0.9632
vn -0.5114 -0.7443 -0.4295
vn 0.5982 0.7931 -0.1151
vn -0.6843 -0.5661 0.4596
vn 0.5638 -0.2308 0.7930
vn 0.9255 0.3551 0.1315
vn -0.7671 0.4176 -0.4869
vn 0.2124 0.6671 -0.7141
vn 0.8050 0.4268 0.4121
vn 0.6135 -0.7635 -0.2018
vn -0.6033 0.2345 0.7622
vn -0.1038 -0.9612 0.2555
vn -0.4467 0.2698 0.8531
vn -0.0290 -0.9262 -0.3759
vn -0.2256 -0.5862 -0.7781
vn 0.4407 0.6531 0.6158
vn -0.3855 -0.7237 -0.5724
vn -0.9676 -0.1470 -0.2052
vn 0.7494 -0.5526 -0.3646
vn 0.9203 -0.0936 0.3798
vn -0.8644 0.4807 -0.1475
vn 0.4725 0.7038 0.5305
vn -0.7083 -0.1432 -0.6912
vn 0.4426 0.2076 0.8723
vn -0.1730 -0.8222 -0.5423
vn 0.8522 0.4227 0.3082
vn 0.0701 -0.8717 0.4851
vn -0.4066 -0.9064 -0.1145
vn -0.0726 0.9914 -0.1091
vn 0.7091 -0.5811 0.3994
vn 0.1419 0.8844 0.4447
vn -0.3257 -0.4841 -0.8122
vn -0.4144 -0.1678 0.8945
vn 0.9860 -0.1625 -0.0379
vn -0.6774 0.2251 -0.7003
vn 0.3228 0.9255 -0.1982
vn -0.2704 0.7923 0.5470
vn -0.8907 -0.1981 -0.4092
vn -0.4403 -0.7942 -0.4188
vn 0.6631 -0.1439 0.7346
vn 0.5306 -0.7080 -0.4660
vn -0.6874 0.3591 -0.6313
vn -0.7342 0.6624 0.1489
vn 0.5955 0.7940 -0.1226
vn 0.7656 0.2026 -0.6106
vn -0.4679 -0.8754 -0.1216
vn -0.7726 0.0034 0.6349
vn -0.5130 0.4852 0.7081
vn 0.0500 0.8185 0.5724
vn 0.6469 -0.3832 -0.6593
vn 0.9948 -0.0667 -0.0770
vn -0.2392 -0.7399 -0.6288
vn -0.3195 0.6129 0.7227
vn -0.7539 -0.6567 0.0202
vn 0.5857 0.7931 0.1672
vn 0.4715 0.5469 -0.6918
vn -0.2218 -0.1245 0.9671
vn -0.1339 -0.9881 -0.0758
vn -0.5223 0.6792 0.5156
vn -0.8381 0.4236 -0.3437
vn 0.7592 -0.3764 0.5310
vn 0.1096 -0.6448 -0.7565
vn 0.8205 -0.5559 -0.1333
vn -0.6672 0.3901 0.6346
vn -0.3065 -0.1416 -0.9413
vn 0.3441 0.0999 0.9336
vn -0.5538 0.6548 -0.5143
vn 0.4417 0.7095 0.5491
vn -0.4930 -0.2715 -0.8266
vn 0.5423 0.7249 0.4247
vn -0.3812 -0.4644 -0.7994
vn -0.5134 -0.7739 -0.3708
vn 0.6942 0.7174 -0.0585
vn -0.3432 -0.5016 -0.7941
vn 0.3605 0.3315 0.8718
vn 0.5348 0.2439 -0.8090
vn -0.4207 -0.2471 0.8729
vn -0.4502 -0.2662 -0.8524
vn 0.6419 -0.6658 0.3804
vn 0.3467 0.9164 -0.2000
vn -0.2896 0.3411 -0.8943
vn -0.8373 0.1097 -0.5356
vn -0.2998 -0.6694 0.6797
vn 0.9614 -0.2574 -0.0969
vn -0.6711 0.6594 -0.3388
vn 0.6759 -0.3026 -0.6720
vn -0.4369 0.3043 0.8465
vn -0.1004 -0.7745 -0.6246
vn -0.8756 -0.4378 -0.2042
vn 0.5371 0.2454 0.8071
vn 0.1087 -0.2202 -0.9694
vn 0.6703 0.4896 -0.5577
vn -0.3834 0.4869 0.7848
vn -0.0390 -0.4295 -0.9022
vn -0.5417 0.3294 0.7733
vn -0.7614 0.6184 -0.1944
vn 0.5601 0.2206 0.7985
vn -0.1128 0.8872 -0.4475
vn 0.5358 -0.4620 0.7068
vn 0.7471 0.1522 0.6471
vn -0.5920 -0.0002 -0.8060
vn -0.3451 -0.7158 0.6070
vn 0.6049 -0.3010 0.7372
vn 0.9356 0.3080 -0.1727
vn 0.6890 0.0795 -0.7204
vn 0.6754 -0.5010 0.5411
vn 0.4534 -0.8847 -0.1084
vn -0.0091 -0.3830 0.9237
vn -0.5022 -0.4654 0.7289
vn -0.6310 0.3792 0.6768
vn -0.7218 -0.2066 0.6606
vn 0.2064 -0.9241 -0.3216
vn -0.8579 -0.0075 0.5138
vn 0.5504 -0.5824 -0.5982
vn -0.9378 0.3419 0.0610
vn 0.6950 0.5005 0.5162
vn -0.5200 0.8378 0.1664
vn -0.4796 -0.6257 -0.6152
vn 0.3958 0.8945 0.2077
vn -0.4653 -0.5679 -0.6790
vn 0.5705 -0.8124 -0.1208
vn 0.4633 0.8827 -0.0784
vn -0.1951 0.5752 -0.7944
vn -0.5935 -0.6907 -0.4131
vn 0.5553 -0.1540 0.8172
vn 0.6655 0.7407 -0.0920
vn 0.0139 0.5814 -0.8135
vn -0.4095 -0.8431 0.3487
vn -0.1177 -0.4992 0.8585
vn -0.3172 -0.3694 0.8735
vn 0.0955 0.9856 0.1394
vn 0.2202 0.7094 -0.6695
vn 0.1006 -0.9927 0.0663
vn 0.1233 0.7718 -0.6239
vn 0.1506 -0.9883 -0.0224
vn 0.4989 0.8386 -0.2187
vn 0.3470 -0.9038 0.2505
vn 0.7328 0.5648 -0.3794
vn -0.3999 -0.3783 0.8348
vn 0.4961 0.4529 0.7408
vn 0.2192 0.9722 0.0828
vn 0.3046 -0.8594 0.4107
vn 0.4868 -0.7347 0.4725
vn -0.1976 0.9260 0.3217
vn -0.0954 -0.9750 0.2005
vn 0.3547 0.9344 0.0326
vn -0.3684 0.9249 -0.0940
vn -0.0331 -0.9148 -0.4026
vn 0.2446 0.7385 0.6284
vn -0.2144 0.9435 -0.2528
vn 0.0344 -0.4527 -0.8910
vn 0.4505 -0.8814 -0.1423
vn -0.7564 -0.6540 0.0117
vn -0.0655 0.3025 0.9509
vn -0.7594 -0.6461 0.0768
vn 0.6728 0.4081 0.6171
vn -0.1034 -0.5521 -0.8274
vn -0.7031 -0.5362 -0.4671
vn 0.6875 0.6459 0.3319
vn 0.0857 -0.5243 0.8472
vn 0.6535 0.3489 0.6717
vn -0.6727 -0.5628 -0.4803
vn 0.2813 -0.5808 0.7639
vn 0.0073 0.6479 -0.7617
vn 0.0295 -0.2542 -0.9667
vn 0.9463 0.3175 -0.0601
vn -0.9093 -0.4135 -0.0471
vn 0.1505 0.3459 0.9261
vn -0.8997 -0.0255 -0.4358
vn -0.9679 0.0509 -0.2460
vn 0.8089 0.1291 0.5736
vn -0.9929 0.1059 -0.0536
vn 0.5394 -0.2743 0.7961
vn -0.4986 0.7675 -0.4029
vn -0.6833 -0.7290 -0.0414
vn 0.8904 -0.2110 0.4034
vn 0.0385 -0.9946 -0.0966
vn 0.1930 0.8203 0.5384
vn -0.2415 0.9210 0.3058
vn 0.0318 -0.9061 -0.4218
vn 0.2075 -0.6414 -0.7386
vn 0.0881 0.9749 0.2043
vn -0.0171 -0.1633 -0.9864
vn 0.3297 0.5433 0.7721
vn -0.3087 -0.6541 0.6906
vn 0.9425 0.1968 0.2702
vn 0.3873 0.5540 -0.7370
vn -0.8207 -0.0801 -0.5657
vn 0.7794 -0.4045 0.4784
vn 0.7660 -0.6416 -0.0408
vn -0.3812 0.8061 -0.4527
vn -0.7835 0.6214 0.0056
vn 0.0710 -0.8991 0.4320
vn 0.1283 -0.8346 -0.5357
vn 0.8460 0.3243 -0.4232
vn -0.6506 0.4396 0.6193
vn -0.5907 -0.7818 0.1998
vn -0.7235 0.1836 0.6655
vn -0.4361 -0.7832 -0.4431
vn -0.1488 -0.3970 -0.9057
vn -0.3078 0.3187 0.8965
vn 0.0174 0.7337 0.6793
vn 0.3763 -0.6102 -0.6971
vn 0.7834 -0.1496 -0.6032
vn 0.3992 0.7487 0.5293
vn -0.8763 0.3075 0.3709
vn -0.6320 -0.4719 -0.6148
vn 0.7573 -0.3766 -0.5335
vn 0.0551 0.8224 0.5662
vn -0.1864 0.9812 0.0492
vn 0.7037 -0.5360 0.4664
vn -0.9420 0.2594 -0.2131
vn 0.9035 0.4066 -0.1358
vn 0.9342 0.2585 -0.2458
vn 0.7805 -0.5851 -0.2202
vn -0.5561 -0.2061 0.8051
vn 0.6316 -0.3510 -0.6913
vn -0.6267 0.0389 0.7783
vn -0.4560 -0.7365 0.4996
vn 0.1966 -0.8843 -0.4235
vn -0.5356 0.3267 0.7787
vn -0.1933 -0.7897 -0.5822
vn 0.9030 0.0546 -0.4262
vn 0.3334 0.5789 0.7441
vn -0.7759 -0.1313 -0.6171
vn -0.7458 -0.5754 -0.3358
vn 0.3177 0.5668 0.7602
vn -0.8354 -0.0799 -0.5438
vn 0.4539 0.7502 0.4808
vn -0.3115 0.4296 -0.8476
vn 0.1890 -0.4030 0.8955
vn 0.1248 0.8286 0.5458
vn -0.1191 -0.3939 -0.9114
vn -0.4437 -0.7650 -0.4667
vn 0.3323 -0.7124 -0.6181
vn 0.3026 -0.8578 0.4154
vn 0.7139 -0.6686 -0.2083
vn -0.9643 0.0561 -0.2588
vn 0.2238 -0.9044 0.3633
vn -0.7203 0.6846 -0.1117
vn 0.9690 -0.2437 -0.0410
vn 0.7483 0.4669 0.4712
vn 0.7816 -0.5386 -0.3148
vn -0.2194 0.3740 -0.9011
vn -0.0208 0.2981 0.9543
vn -0.4206 -0.3063 0.8540
vn 0.8756 -0.0104 0.4829
vn 0.4867 0.6337 -0.6013
vn -0.9926 0.0828 0.0887
vn -0.7019 -0.7064 0.0912
vn 0.2542 0.9428 -0.2155
vn -0.5391 -0.5018 -0.6765
vn 0.5835 0.4131 0.6992
vn -0.1983 -0.9593 0.2010
vn -0.0359 0.9753 0.2179
vn -0.1780 0.8915 -0.4166
vn 0.0934 -0.9875 -0.1268
vn 0.2432 -0.6524 0.7178
vn 0.0342 0.9516 -0.3054
vn -0.3916 -0.6288 -0.6717
vn 0.4392 0.6701 0.5984
vn -0.0688 -0.8354 0.5453
vn -0.6782 0.6751 -0.2904
vn -0.6060 0.7191 -0.3400
vn 0.4378 -0.6055 0.6646
vn -0.4794 -0.8758 -0.0559
vn 0.6423 -0.6105 -0.4634
vn -0.3152 0.1197 0.9414
vn -0.3465 0.6895 0.6360
vn -0.8286 0.2424 0.5047
vn 0.4540 -0.0103 -0.8909
vn 0.0736 0.3425 -0.9366
vn -0.1994 -0.9155 0.3496
vn -0.1859 0.6936 0.6960
vn -0.7560 0.0941 0.6478
vn -0.1514 0.9571 -0.2472
vn -0.0697 -0.6254 0.7772
vn 0.1864 0.8735 -0.4498
vn -0.1960 -0.8329 0.5176
vn 0.6609 0.7270 0.1862
vn -0.2751 -0.7164 0.6412
vn 0.9554 0.2084 -0.2093
vn -0.8996 -0.2343 0.3685
vn 0.8560 -0.4059 -0.3200
vn -0.8963 -0.4128 0.1620
vn -0.4400 -0.8387 -0.3209
vn 0.5978 0.7630 0.2460
vn -0.7711 -0.1804 -0.6106
vn -0.2937 0.7226 -0.6257
vn -0.2750 -0.7572 0.5924
vn 0.1236 -0.4872 -0.8645
vn 0.3893 0.3905 0.8343
vn 0.1606 0.8895 0.4278
vn 0.7661 0.6041 -0.2193
vn 0.8763 -0.3407 0.3405
vn -0.7173 -0.2854 0.6356
vn -0.4721 -0.6548 -0.5903
vn 0.5078 -0.6333 -0.5840
vn -0.0310 0.9990 0.0333
vn 0.2831 -0.7441 -0.6051
vn -0.5301 0.2588 0.8075
vn -0.1783 -0.7289 0.6609
vn -0.4368 -0.7179 -0.5421
vn -0.8617 -0.3547 0.3628
vn 0.8760 -0.2191 -0.4297
vn 0.7646 0.5476 -0.3398
vn 0.9873 0.0581 -0.1482
vn 0.7575 0.6311 -0.1668
vn -0.9119 0.1828 0.3675
vn -0.8329 -0.2974 0.4666
vn 0.9957 -0.0923 -0.0074
vn -0.8072 0.5543 0.2030
vn -0.8539 -0.4773 -0.2076
vn -0.4947 0.8689 -0.0143
vn 0.7790 0.5502 0.3009
vn -0.5106 -0.1288 -0.8501
vn -0.8496 0.1162 -0.5145
vn 0.5467 0.3482 0.7615
vn 0.6959 0.6176 0.3664
vn -0.4906 -0.3171 0.8116
vn -0.5388 -0.1109 0.8351
vn 0.2296 0.1068 -0.9674
vn 0.7702 -0.6064 0.1977
vn -0.4956 0.3059 0.8129
vn -0.2279 -0.9611 0.1560
vn 0.0424 -0.1595 0.9863
vn 0.5462 -0.6561 -0.5207
vn -0.3096 0.8881 0.3398
vn -0.5720 -0.2837 0.7696
vn -0.2190 -0.8909 -0.3979
vn 0.4098 -0.4231 -0.8081
vn 0.4145 0.7484 0.5177
vn -0.2708 -0.8031 -0.5308
vn 0.1100 0.1441 0.9834
vn 0.1385 0.5282 -0.8377
vn 0.0374 0.9910 -0.1286
vn -0.7239 0.2411 -0.6464
vn 0.6240 -0.7720 -0.1210
vn -0.5129 0.8270 0.2304
vn -0.5940 0.7216 0.3556
vn -0.6319 -0.4823 0.6067
vn -0.0053 -0.8454 -0.5342
vn -0.0057 0.9066 0.4219
vn 0.8437 0.4364 0.3127
vn 0.1426 0.0714 0.9872
vn -0.0075 0.8331 -0.5530
vn -0.8164 -0.5601 -0.1406
vn -0.7639 -0.5662 0.3096
vn -0.6184 -0.7203 0.3144
vn 0.9099 -0.2874 0.2991
vn 0.5224 0.2389 -0.8186
vn 0.4761 -0.0367 -0.8786
vn 0.0506 0.9904 -0.1283
vn -0.4068 0.0274 0.9131
vn -0.3521 -0.8516 -0.3884
vn 0.6965 0.6635 -0.2732
vn 0.1629 0.7661 -0.6218
vn 0.5370 0.1289 0.8336
vn -0.9914 0.0135 0.1304
vn 0.5391 0.6089 -0.5819
vn -0.1125 -0.7563 0.6444
vn -0.1400 0.7847 -0.6039
vn -0.0884 -0.1161 -0.9893
vn 0.0844 -0.6015 0.7944
vn 0.2242 0.8971 -0.3806
vn 0.2044 -0.0587 0.9771
vn -0.0855 -0.4046 -0.9105
vn 0.4255 -0.4984 -0.7554
vn 0.0432 -0.4345 0.8996
vn 0.2495 -0.3830 0.8894
vn -0.5505 0.3434 0.7610
vn -0.2287 0.2526 -0.9402
vn -0.3742 0.9248 -0.0687
vn 0.2339 -0.8799 0.4136
vn -0.3045 0.3684 0.8784
vn 0.1660 -0.1983 -0.9660
vn -0.3568 -0.9131 -0.1972
vn 0.6611 0.3319 0.6729
vn 0.1803 0.7955 0.5785
vn -0.8648 -0.4059 -0.2954
vn 0.6432 0.6706 -0.3695
vn 0.3419 -0.7166 0.6079
vn 0.8189 -0.2409 -0.5209
vn -0.6900 0.3131 0.6525
vn 0.6111 -0.7110 -0.3479
vn 0.6688 -0.5266 -0.5248
vn -0.6142 0.2806 0.7375
vn 0.4886 -0.7301 -0.4776
vn -0.5882 0.2910 0.7546
vn 0.2592 -0.5139 -0.8178
vn 0.0907 -0.8475 -0.5230
vn -0.3208 0.4624 0.8266
vn -0.7218 -0.3763 -0.5809
vn 0.6554 0.3622 0.6628
vn -0.9503 0.0635 -0.3049
vn 0.4588 0.6077 0.6483
vn -0.8420 -0.0186 -0.5391
vn 0.7246 0.2429 0.6449
vn -0.7703 0.0255 -0.6372
vn 0.5166 0.7724 0.3694
vn -0.7192 -0.0689 -0.6914
vn 0.8343 0.4771 0.2762
vn 0.2895 -0.6429 0.7092
vn 0.9585 0.0764 0.2745
vn -0.1684 0.9203 -0.3532
vn -0.4503 0.7042 -0.5489
vn 0.1520 -0.9667 0.2059
vn -0.2152 0.9753 -0.0495
vn 0.1171 0.8580 0.5002
vn 0.1131 -0.9229 -0.3680
vn -0.2555 -0.3673 -0.8943
vn -0.6538 -0.6841 -0.3233
vn -0.1303 -0.0279 0.9911
vn 0.0799 0.3974 -0.9142
vn -0.5733 0.1974 -0.7952
vn -0.8463 -0.4758 0.2395
vn 0.4027 0.6849 -0.6073
vn 0.9948 -0.0936 -0.0395
vn -0.7657 0.5779 -0.2824
vn -0.7126 -0.6880 0.1374
vn 0.7019 0.3302 0.6311
vn 0.4777 -0.3264 0.8156
vn 0.2396 -0.9670 -0.0870
vn -0.3469 0.9372 -0.0363
vn -0.2320 0.9601 0.1563
vn -0.8749 0.1318 -0.4659
vn 0.9304 -0.1829 -0.3176
vn -0.7300 0.1718 0.6615
vn 0.8710 -0.1315 0.4733
vn -0.0653 0.1578 0.9853
vn -0.2081 0.0797 -0.9749
vn -0.0215 -0.0366 -0.9991
vn 0.1379 -0.9337 0.3303
vn 0.3929 0.6062 0.6914
vn 0.3659 0.9170 -0.1588
vn -0.5348 -0.4068 -0.7406
vn -0.1803 -0.8568 0.4830
vn -0.2235 0.4150 -0.8820
vn -0.7880 -0.5472 -0.2824
vn 0.2843 0.8492 0.4450
vn -0.6612 0.4887 -0.5691
vn 0.7175 -0.4926 0.4924
vn -0.3969 -0.8373 -0.3761
vn 0.6797 -0.1697 -0.7136
vn 0.6509 0.6839 0.3295
vn -0.6125 0.4736 0.6330
vn -0.4889 -0.2315 -0.8411
vn 0.2597 0.1619 -0.9520
vn -0.6913 -0.7218 0.0321
vn 0.9512 0.1357 0.2771
vn -0.9642 0.0042 0.2652
vn 0.4800 0.5622 0.6735
vn -0.8440 0.5298 0.0840
vn -0.0627 0.8015 0.5947
vn -0.8443 -0.1516 -0.5139
vn 0.7105 0.4889 0.5061
vn -0.6838 0.0546 -0.7277
vn 0.9016 0.4070 0.1467
vn 0.0787 0.4572 -0.8859
vn -0.2579 0.3126 -0.9142
vn 0.4651 -0.0552 0.8835
vn 0.7377 -0.2918 -0.6088
vn 0.3987 0.6647 -0.6319
vn -0.7919 0.4659 0.3947
vn -0.2816 -0.5898 0.7569
vn 0.7190 -0.6935 0.0456
vn 0.5335 0.2356 -0.8123
vn 0.4072 -0.9003 0.1534
vn -0.5864 0.2418 0.7731
vn 0.3909 -0.6844 -0.6155
vn -0.2450 0.1842 -0.9519
vn 0.0698 -0.8926 0.4455
vn -0.2107 0.7213 0.6598
vn -0.2823 -0.7360 -0.6153
vn -0.4321 0.6246 0.6505
vn -0.1354 0.9079 0.3967
vn -0.2366 -0.7939 -0.5602
vn 0.1638 -0.9760 -0.1432
vn 0.0549 0.9961 0.0690
vn 0.5180 0.8547 0.0337
vn -0.7706 -0.4133 -0.4851
vn 0.7899 0.6132 0.0086
vn 0.2902 -0.6340 0.7168
vn 0.9194 0.2189 0.3269
vn -0.1761 0.9090 -0.3779
vn -0.6194 -0.7769 -0.1130
vn -0.0475 -0.9601 0.2755
vn -0.4188 0.8758 0.2401
vn -0.0637 -0.7786 -0.6243
vn -0.3180 0.9474 -0.0359
vn 0.4726 -0.7021 -0.5326
vn 0.9880 -0.1530 -0.0192
vn -0.9291 0.0801 0.3610
vn -0.3393 0.9406 0.0151
vn 0.5954 0.6980 -0.3979
vn -0.3884 0.9215 0.0022
vn -0.3220 0.9425 0.0892
vn 0.4303 -0.8998 0.0724
vn -0.4582 0.6347 -0.6222
vn 0.4695 -0.8754 0.1150
vn -0.1723 0.9813 0.0854
vn 0.1810 -0.7224 0.6674
vn 0.2804 0.5088 -0.8139
vn -0.0525 0.9966 0.0633
vn -0.4242 -0.3556 0.8328
vn -0.1256 -0.9920 0.0154
vn 0.0296 -0.9279 0.3717
vn -0.4001 0.0149 -0.9163
vn 0.1358 -0.6658 0.7337
vn -0.1177 0.9805 -0.1577
vn -0.1254 -0.7852 -0.6064
vn 0.5258 0.1138 0.8429
vn -0.3854 -0.3372 -0.8590
vn 0.6807 0.5026 0.5329
vn -0.7638 0.0970 -0.6382
vn 0.9637 -0.2170 0.1553
vn 0.3156 0.1939 -0.9289
vn 0.9224 -0.3438 0.1759
vn -0.8631 0.3244 -0.3870
vn -0.3001 0.2628 0.9170
vn 0.2865 0.6955 0.6589
vn -0.1470 -0.3082 -0.9399
vn -0.1583 0.8723 0.4626
vn -0.6892 -0.5767 -0.4387
vn 0.5106 0.1784 0.8411
vn 0.8249 0.4222 0.3760
vn -0.2850 -0.8280 0.4829
vn -0.5321 -0.7041 0.4702
vn 0.6395 0.5493 -0.5379
vn -0.3584 0.9306 -0.0744
vn 0.6562 -0.6229 0.4259
vn -0.5030 0.8389 -0.2080
vn -0.4214 -0.7012 0.5751
vn 0.5787 -0.8067 -0.1201
vn -0.6883 0.5337 0.4914
vn 0.3174 -0.7173 -0.6203
vn 0.5540 0.4562 0.6964
vn -0.8358 -0.5448 -0.0682
vn -0.0724 0.6834 0.7264
vn -0.6097 -0.5003 -0.6148
vn 0.5300 0.2719 -0.8032
vn 0.5823 -0.6838 0.4397
vn 0.7659 0.0597 0.6402
vn -0.7847 0.3434 -0.5160
vn 0.9398 0.0876 0.3304
vn 0.0560 -0.9956 -0.0748
vn 0.4845 0.8372 -0.2537
vn -0.9456 0.2256 0.2346
vn -0.9162 -0.2853 -0.2815
vn 0.2730 -0.6257 -0.7307
vn -0.4361 -0.7915 0.4282
vn 0.7558 0.5580 -0.3426
vn -0.6012 0.1704 -0.7807
vn -0.3804 0.9244 0.0266
vn 0.6380 0.6795 -0.3622
vn 0.6689 -0.6699 -0.3221
vn -0.9637 -0.0525 0.2619
vn 0.5653 -0.0535 0.8232
vn -0.0143 0.7007 -0.7134
vn 0.2086 -0.5540 0.8059
vn -0.6230 -0.3301 -0.7091
vn 0.6287 -0.5265 0.5722
vn 0.9894 0.1306 0.0629
vn -0.4132 0.7196 -0.5581
vn -0.9677 -0.1489 -0.2034
vn -0.9903 0.0028 -0.1388
vn 0.9991 -0.0305 0.0306
vn -0.3706 0.7527 -0.5441
vn 0.4124 -0.6567 0.6314
vn 0.4005 -0.3278 0.8556
vn 0.3590 0.8927 -0.2723
vn -0.2019 -0.9786 -0.0400
vn -0.4573 0.1322 -0.8795
vn 0.1329 -0.9691 -0.2079
vn -0.4872 -0.0122 0.8732
vn -0.0943 0.6653 0.7406
vn -0.6286 0.7640 0.1456
vn 0.6940 -0.2491 -0.6756
vn -0.4507 -0.6251 0.6373
vn 0.3502 0.8154 -0.4610
vn -0.1762 -0.8764 0.4483
vn 0.5647 0.4821 0.6699
vn -0.6516 -0.6786 0.3392
vn 0.9716 0.2288 0.0609
vn -0.2623 -0.1286 0.9564
vn 0.7063 0.6826 -0.1877
vn -0.9487 -0.3158 0.0138
vn 0.5434 -0.6015 0.5856
vn 0.5101 -0.8601 -0.0087
vn 0.8320 -0.3957 0.3888
vn -0.1778 0.4596 -0.8701
vn -0.4179 0.7300 0.5408
vn -0.2207 0.2699 0.9373
vn 0.2787 -0.5225 -0.8058
vn -0.3713 -0.2455 0.8954
vn 0.6542 -0.3678 -0.6609
vn 0.0417 0.4387 -0.8977
vn 0.9918 -0.1210 -0.0409
vn -0.8172 -0.5541 0.1587
vn -0.5840 0.3884 0.7128
vn -0.3758 -0.5440 0.7502
vn -0.8574 -0.1288 -0.4984
vn -0.1010 0.3326 0.9377
vn -0.1243 0.3972 0.9093
vn 0.0425 -0.3578 -0.9328
vn -0.5211 0.4034 -0.7522
vn 0.3824 0.4334 0.8160
vn -0.0646 0.2181 0.9738
vn -0.2607 0.7544 -0.6025
vn -0.1790 0.8528 -0.4907
vn 0.2396 -0.5809 0.7779
vn 0.0529 0.8604 -0.5069
vn 0.5494 -0.6382 0.5393
vn 0.9853 -0.1454 0.0895
vn 0.4117 0.8266 -0.3838
vn -0.2282 0.9086 -0.3498
vn -0.6272 -0.7770 0.0538
vn 0.7926 0.5544 -0.2537
vn -0.1651 -0.8984 0.4068
vn -0.2420 0.9590 0.1473
vn -0.8707 -0.4675 -0.1528
vn -0.5659 0.2986 0.7685
vn 0.6480 -0.5487 -0.5283
vn 0.7319 0.6248 0.2719
vn -0.2311 0.9468 0.2241
vn -0.7890 -0.5869 0.1815
vn -0.4775 0.1059 0.8722
vn -0.1162 0.5945 -0.7957
vn 0.5427 -0.8376 0.0628
vn 0.0519 0.9635 -0.2628
vn 0.7124 -0.6551 0.2518
vn -0.4494 0.4476 -0.7732
vn 0.1500 0.7508 0.6433
vn -0.7950 -0.2596 -0.5483
vn 0.0429 0.9738 -0.2231
vn -0.8594 -0.2567 0.4421
vn 0.8480 -0.5256 -0.0683
vn -0.9758 -0.0235 -0.2173
vn 0.2172 0.5930 -0.7754
vn 0.7187 -0.2930 -0.6305
vn -0.3792 -0.6074 0.6981
vn -0.6313 0.2435 0.7363
vn -0.5051 0.2497 -0.8262
vn 0.1965 0.6274 0.7535
vn 0.2510 -0.6412 -0.7252
vn 0.1684 -0.1687 0.9712
vn -0.0525 -0.8814 -0.4694
vn 0.7604 0.2961 0.5781
vn -0.7156 -0.1587 -0.6803
vn 0.0992 0.9293 0.3558
vn -0.0869 -0.4312 -0.8980
vn -0.5746 -0.1534 0.8039
vn 0.4541 0.0706 -0.8882
vn 0.2984 0.5928 0.7480
vn 0.1374 0.5410 0.8298
vn 0.2996 -0.0629 -0.9520
vn 0.2724 -0.4901 -0.8280
vn -0.5807 -0.0383 0.8132
vn -0.5997 -0.7449 0.2925
vn 0.1958 0.3227 0.9260
vn 0.2915 0.9279 0.2326
vn 0.1764 0.2452 -0.9533
vn 0.9117 0.1712 0.3735
vn -0.9572 0.1286 -0.2593
vn 0.4628 -0.4519 0.7626
vn 0.2787 0.6456 -0.7110
vn -0.9223 -0.2047 0.3279
vn 0.9687 -0.1268 0.2136
vn -0.4148 -0.8011 0.4314
vn -0.1095 0.7902 -0.6030
vn -0.5206 -0.8389 0.1589
vn 0.3899 0.7149 -0.5804
vn -0.6604 -0.6577 0.3625
vn 0.6853 0.6306 -0.3644
vn -0.6122 -0.7907 -0.0061
vn 0.8014 0.5957 -0.0536
vn -0.0637 -0.9177 -0.3921
vn 0.2918 0.8205 0.4916
vn -0.7970 -0.1334 0.5891
vn 0.7049 0.3411 0.6219
vn 0.2744 0.2631 -0.9249
vn -0.2963 -0.2952 0.9083
vn 0.6719 0.7352 -0.0898
vn -0.6814 0.4782 -0.5541
vn 0.8449 -0.3388 0.4140
vn -0.4970 -0.7880 0.3634
vn 0.5782 -0.7280 0.3684
vn 0.4867 0.5513 -0.6777
vn -0.6732 0.7149 0.1888
vn 0.9021 -0.2357 -0.3615
vn -0.3784 0.0039 0.9256
vn 0.3025 -0.2557 -0.9182
vn 0.5541 0.8104 0.1902
vn -0.9647 -0.2589 -0.0482
vn 0.6268 0.0533 -0.7773
vn 0.2612 0.6434 0.7196
vn 0.3107 0.7184 0.6224
vn -0.6186 -0.1152 0.7772
vn -0.6350 -0.3746 -0.6756
vn 0.7563 -0.4137 0.5068
vn -0.1362 0.7811 0.6093
vn -0.6710 0.6867 -0.2796
vn -0.4709 -0.0927 -0.8773
vn 0.3528 0.3458 0.8695
vn -0.2904 0.5521 -0.7816
vn 0.1704 -0.6739 0.7189
vn 0.2442 0.8560 -0.4557
vn -0.7551 -0.6479 -0.1004
vn 0.8195 -0.4492 0.3558
vn 0.8284 -0.0209 0.5598
vn -0.3017 0.5719 -0.7628
vn -0.1203 -0.6940 0.7098
vn 0.6252 0.3503 -0.6975
vn 0.4608 0.5635 -0.6857
vn -0.3180 -0.8859 0.3376
vn 0.7224 -0.4256 -0.5450
vn -0.7170 -0.4007 0.5704
vn 0.6009 -0.3518 -0.7178
vn -0.8901 -0.3494 0.2926
vn -0.9572 0.1636 0.2388
vn 0.6852 -0.3148 -0.6568
vn 0.5893 -0.7363 -0.3325
vn -0.7994 0.5933 0.0946
vn -0.2116 0.9774 -0.0015
vn -0.0471 -0.8627 -0.5035
vn 0.2112 0.9505 0.2279
vn 0.1937 0.5367 -0.8213
vn -0.1863 -0.6446 0.7415
vn -0.4019 0.3800 -0.8331
vn 0.1273 0.9341 -0.3335
vn 0.9759 -0.0268 -0.2164
vn -0.6274 -0.2952 -0.7205
vn 0.2014 -0.0574 0.9778
vn -0.3763 0.1555 -0.9133
vn 0.9339 0.1670 0.3162
vn -0.3225 0.8059 0.4966
vn 0.2337 0.6961 -0.6789
vn 0.3266 0.1479 -0.9335
vn -0.1629 -0.3367 0.9274
vn -0.8484 0.4739 -0.2361
vn 0.9138 0.1861 -0.3609
vn 0.8769 0.3289 0.3505
vn -0.9716 0.1241 -0.2013
vn 0.9001 -0.1537 0.4076
vn -0.8474 -0.3127 0.4290
vn 0.8206 0.5242 -0.2276
vn -0.6000 -0.2233 0.7682
vn -0.7451 -0.3927 0.5391
vn 0.4332 0.8686 -0.2407
vn 0.1858 0.4062 -0.8947
vn -0.5617 0.0470 0.8260
vn -0.6119 -0.1588 0.7749
vn -0.5069 0.3779 -0.7747
vn -0.2128 -0.2973 -0.9308
vn -0.4045 -0.0383 0.9137
vn -0.0081 0.2209 0.9753
vn 0.2335 -0.5245 -0.8188
vn -0.5157 0.6885 0.5099
vn 0.3539 -0.8941 -0.2745
vn -0.4469 0.0174 0.8944
vn 0.6870 -0.7086 -0.1611
vn -0.5354 -0.0030 0.8446
vn 0.5777 -0.0669 -0.8135
vn -0.6721 0.7318 0.1131
vn 0.4893 -0.8380 -0.2416
vn -0.1562 0.4600 0.8741
vn -0.0114 -0.3327 -0.9430
vn -0.5595 0.8196 0.1234
vn 0.8657 -0.4149 0.2800
vn -0.6477 0.7608 0.0404
vn -0.8658 0.3960 -0.3058
vn 0.6323 -0.7491 -0.1974
vn 0.9424 -0.2713 -0.1958
vn -0.1859 0.9025 0.3885
vn -0.1175 -0.8786 -0.4630
vn -0.9609 0.1946 0.1967
vn 0.0841 0.5498 0.8311
vn -0.6489 0.7608 0.0089
vn -0.5443 -0.0899 -0.8341
vn 0.1073 -0.6022 -0.7911
vn -0.4021 0.8751 -0.2694
vn 0.1353 -0.8598 0.4924
vn 0.0238 0.9966 0.0787
vn -0.3548 -0.7737 0.5249
vn 0.8426 0.5206 0.1381
vn -0.6897 -0.5694 -0.4474
vn 0.3309 0.9048 -0.2681
vn -0.9976 -0.0038 0.0697
vn 0.7854 0.4796 -0.3913
vn -0.4076 -0.5681 0.7149
vn 0.8724 -0.2805 -0.4003
vn -0.4756 -0.4929 0.7286
vn -0.7347 -0.2073 0.6459
vn 0.5782 -0.4418 -0.6859
vn 0.6955 -0.0697 -0.7152
vn -0.8391 -0.3203 0.4397
vn -0.5819 0.7607 -0.2874
vn -0.5643 -0.7882 -0.2456
vn -0.3624 -0.2534 -0.8969
vn 0.5746 -0.3344 -0.7470
vn 0.4619 -0.8808 -0.1037
vn 0.8367 0.5364 -0.1107
vn 0.0347 0.6376 0.7696
vn 0.4485 -0.1204 0.8856
vn 0.4146 -0.5442 0.7293
vn -0.3696 -0.1535 -0.9164
vn 0.3104 -0.1338 0.9411
vn -0.2200 0.3447 -0.9126
vn 0.8201 0.3872 -0.4213
vn -0.4311 -0.0621 -0.9001
vn -0.4545 -0.5528 0.6984
vn -0.2641 -0.4971 0.8265
vn 0.7245 0.2627 -0.6373
vn -0.2128 0.9248 -0.3155
vn -0.8608 -0.1378 0.4899
vn -0.7982 -0.6005 0.0482
vn 0.7445 -0.6087 -0.2744
vn -0.9516 0.1993 -0.2339
vn -0.5670 -0.3548 -0.7434
vn 0.9067 -0.4191 -0.0476
vn 0.6523 0.4447 0.6138
vn -0.8807 -0.2065 -0.4263
vn -0.1796 -0.2319 -0.9560
vn 0.7789 0.2228 0.5863
vn 0.6092 -0.4531 0.6508
vn -0.2854 -0.7079 -0.6462
vn 0.5683 0.5935 0.5698
vn -0.3234 -0.2824 -0.9031
vn 0.4263 0.8884 0.1705
vn -0.3028 -0.3909 -0.8692
vn 0.0134 0.8603 0.5096
vn -0.6378 0.4484 0.6262
vn -0.0205 -0.8458 -0.5331
vn -0.2537 -0.3233 -0.9116
vn -0.3729 -0.3365 -0.8647
vn 0.1571 0.2516 0.9550
vn -0.2644 -0.4382 0.8591
vn -0.8366 0.2062 -0.5075
vn 0.2967 -0.8933 -0.3376
vn -0.9269 0.2285 0.2978
vn 0.3168 -0.2521 -0.9144
vn -0.3576 -0.5269 -0.7711
vn 0.9572 -0.1011 0.2710
vn -0.5212 0.8260 0.2144
vn 0.1861 0.4178 0.8893
vn 0.8092 -0.3900 0.4394
vn -0.4588 0.7151 0.5273
vn 0.6310 0.3423 0.6961
vn -0.4777 -0.5071 -0.7174
vn 0.6707 -0.0069 0.7417
vn 0.3329 0.9429 0.0136
vn -0.9547 0.2963 0.0263
vn 0.8675 -0.3314 0.3709
vn -0.0894 0.8985 -0.4299
vn 0.4759 -0.8460 0.2404
vn 0.8752 0.1069 -0.4717
vn -0.5977 -0.5744 0.5593
vn 0.6529 -0.5810 -0.4860
vn -0.4275 0.4244 0.7982
vn -0.3584 -0.9282 -0.0997
vn 0.3188 0.7966 -0.5136
vn -0.1596 0.7170 0.6786
vn -0.9851 -0.1718 -0.0003
vn 0.0009 -0.7328 0.6804
vn 0.8503 -0.5213 -0.0726
vn 0.3373 -0.1192 0.9338
vn -0.7660 0.2252 -0.6022
vn -0.5359 0.3322 -0.7761
vn 0.5084 -0.3557 0.7842
vn 0.2418 0.8516 0.4651
vn 0.3908 -0.8987 -0.1988
vn 0.7250 -0.5719 0.3839
vn 0.6508 -0.6954 0.3047
vn 0.9206 0.3491 0.1747
vn -0.9196 -0.2004 -0.3378
vn -0.3158 0.9084 -0.2741
vn 0.8031 0.5267 -0.2785
vn -0.8380 0.2101 -0.5036
vn -0.9863 0.0050 0.1647
vn 0.2854 0.5001 -0.8176
vn -0.5503 0.1485 0.8217
vn 0.7532 -0.4363 -0.4923
vn 0.9100 -0.1090 -0.4001
vn -0.8113 0.3689 -0.4535
vn 0.4746 -0.2612 -0.8405
vn -0.3672 0.8160 -0.4465
vn -0.1980 0.9796 -0.0346
vn -0.2609 0.9025 0.3426
vn 0.4163 -0.7972 -0.4373
vn -0.5000 -0.6509 0.5712
vn 0.2065 0.8777 0.4324
vn -0.3003 0.9385 0.1702
vn -0.5854 -0.7641 -0.2711
vn 0.2859 0.9494 -0.1296
vn -0.3094 0.9002 -0.3065
vn -0.5080 -0.7573 -0.4105
vn -0.0989 -0.9828 0.1562
vn 0.3313 0.9233 -0.1943
vn -0.3280 -0.9277 -0.1783
vn 0.3843 -0.9019 -0.1974
vn -0.6552 0.5241 0.5441
vn 0.2499 0.9186 -0.3062
vn 0.5584 0.0794 -0.8258
vn 0.2636 0.6788 -0.6853
vn 0.1773 -0.7565 0.6295
vn -0.5350 0.6466 -0.5438
vn 0.2311 -0.1363 0.9633
vn -0.4564 0.0617 -0.8876
vn 0.2910 0.6601 -0.6925
vn 0.5847 0.2132 0.7827
vn -0.1868 -0.5242 0.8308
vn -0.9308 0.2517 0.2651
vn -0.0308 -0.0773 -0.9965
vn 0.6548 0.5712 -0.4949
vn 0.6795 0.6069 -0.4122
vn -0.3372 -0.2777 -0.8995
vn -0.6059 -0.5642 -0.5609
vn 0.3423 0.1776 -0.9227
vn -0.4918 0.6519 -0.5772
vn -0.3426 -0.2785 0.8973
vn 0.4069 -0.7031 0.5831
vn 0.2447 -0.1607 0.9562
vn 0.4437 0.7143 0.5412
vn -0.4649 -0.8404 -0.2786
vn 0.0254 0.8915 0.4524
vn 0.8074 0.5297 0.2598
vn -0.5207 -0.7912 -0.3207
vn -0.9249 -0.3670 -0.0995
vn 0.2691 0.7785 0.5670
vn -0.4773 0.8635 -0.1627
vn -0.1342 -0.8413 -0.5236
vn 0.5537 -0.8071 0.2050
vn 0.7467 -0.4914 -0.4482
vn 0.4464 -0.5436 0.7108
vn -0.6658 0.6446 -0.3757
vn -0.4052 0.5020 -0.7641
vn -0.9790 -0.0227 0.2028
vn -0.5119 -0.8587 0.0244
vn 0.9724 -0.0483 -0.2284
vn 0.5516 0.8314 -0.0666
vn -0.7297 0.5972 0.3329
vn -0.9534 -0.2734 0.1274
vn 0.6485 -0.5194 -0.5565
vn 0.7734 0.5071 -0.3805
vn -0.0714 -0.9525 -0.2962
vn 0.5906 -0.3026 0.7481
vn 0.3279 0.8454 0.4217
vn -0.7833 -0.0869 0.6156
vn 0.3019 -0.8974 -0.3218
usemtl wire_006135006
f 1//1 5//5 3//3
f 1//1 2//2 7//7
f 2//2 6//6 10//10
f 10//10 9//9 11//11
f 8//8 12//12 13//13
f 11//11 15//15 16//16
f 20//20 22//22 17//17
f 18//18 23//23 19//19
f 18//18 22//22 23//23
f 19//19 23//23 24//24
f 24//24 26//26 21//21
f 24//24 28//28 26//26
f 22//22 28//28 23//23
f 27//27 29//29 22//22
f 29//29 30//30 28//28
f 27//27 31//31 29//29
f 30//30 32//32 26//26
f 30//30 31//31 34//34
f 31//31 33//33 36//36
f 32//32 34//34 35//35
f 31//31 36//36 37//37
f 37//37 38//38 34//34
f 36//36 40//40 37//37
f 42//42 43//43 40//40
f 38//38 44//44 41//41
f 38//38 43//43 44//44
f 41//41 44//44 45//45
f 44//44 43//43 48//48
f 46//46 52//52 43//43
f 46//46 50//50 54//54
f 51//51 55//55 47//47
f 51//51 59//59 57//57
f 53//53 56//56 59//59
f 57//57 60//60 61//61
f 57//57 63//63 60//60
f 58//58 62//62 56//56
f 61//61 64//64 66//66
f 63//63 64//64 60//60
f 63//63 67//67 68//68
f 67//67 65//65 69//69
f 64//64 70//70 72//72
f 69//69 73//73 74//74
f 71//71 76//76 73//73
f 74//74 77//77 70//70
f 77//77 78//78 75//75
f 76//76 80//80 74//74
f 79//79 81//81 76//76
f 78//78 80//80 82//82
f 81//81 84//84 80//80
f 82//82 84//84 85//85
f 86//86 87//87 81//81
f 87//87 88//88 84//84
f 85//85 88//88 89//89
f 88//88 92//92 91//91
f 90//90 92//92 87//87
f 91//91 94//94 93//93
f 90//90 94//94 92//92
f 89//89 93//93 95//95
f 93//93 98//98 95//95
f 93//93 94//94 97//97
f 94//94 99//99 100//100
f 103//103 105//105 101//101
f 102//102 103//103 101//101
f 103//103 108//108 105//105
f 104//104 107//107 103//103
f 109//109 104//104 106//106
f 120//120 117//117 115//115
f 119//119 122//122 121//121
f 122//122 123//123 117//117
f 123//123 124//124 118//118
f 119//119 125//125 122//122
f 122//122 127//127 123//123
f 124//124 123//123 128//128
f 123//123 131//131 128//128
f 132//132 133//133 131//131
f 130//130 134//134 132//132
f 129//129 133//133 135//135
f 130//130 136//136 137//137
f 133//133 134//134 135//135
f 135//135 140//140 138//138
f 134//134 141//141 140//140
f 137//137 141//141 134//134
f 139//139 141//141 137//137
f 140//140 142//142 138//138
f 140//140 141//141 144//144
f 141//141 139//139 144//144
f 139//139 143//143 146//146
f 142//142 148//148 145//145
f 147//147 148//148 142//142
f 147//147 146//146 150//150
f 146//146 149//149 151//151
f 150//150 152//152 148//148
f 151//151 154//154 150//150
f 152//152 154//154 155//155
f 151//151 156//156 157//157
f 154//154 158//158 155//155
f 157//157 160//160 154//154
f 158//158 163//163 159//159
f 158//158 162//162 164//164
f 161//161 163//163 165//165
f 163//163 164//164 167//167
f 168//168 171//171 165//165
f 173//173 168//168 169//169
f 169//169 172//172 173//173
f 175//175 170//170 173//173
f 172//172 175//175 173//173
f 174//174 177//177 171//171
f 179//179 174//174 175//175
f 172//172 179//179 175//175
f 179//179 180//180 176//176
f 177//177 180//180 181//181
f 179//179 182//182 183//183
f 188//188 186//186 184//184
f 185//185 187//187 190//190
f 189//189 194//194 186//186
f 189//189 190//190 194//194
f 193//193 194//194 190//190
f 192//192 196//196 194//194
f 186//186 196//196 195//195
f 196//196 198//198 199//199
f 197//197 202//202 200//200
f 195//195 199//199 202//202
f 198//198 201//201 199//199
f 201//201 203//203 199//199
f 203//203 202//202 199//199
f 203//203 208//208 210//210
f 210//210 212//212 204//204
f 207//207 214//214 209//209
f 213//213 211//211 216//216
f 207//207 216//216 217//217
f 215//215 216//216 211//211
f 217//217 218//218 214//214
f 216//216 220//220 217//217
f 217//217 220//220 221//221
f 222//222 223//223 219//219
f 221//221 224//224 225//225
f 223//223 224//224 220//220
f 222//222 227//227 223//223
f 228//228 232//232 231//231
f 227//227 230//230 232//232
f 235//235 239//239 236//236
f 235//235 238//238 239//239
f 238//238 241//241 242//242
f 242//242 243//243 239//239
f 241//241 245//245 242//242
f 245//245 246//246 243//243
f 241//241 247//247 248//248
f 248//248 249//249 245//245
f 249//249 250//250 246//246
f 248//248 253//253 249//249
f 248//248 251//251 253//253
f 255//255 257//257 253//253
f 250//250 257//257 256//256
f 255//255 258//258 257//257
f 259//259 260//260 254//254
f 256//256 258//258 259//259
f 260//260 259//259 262//262
f 261//261 264//264 258//258
f 264//264 265//265 259//259
f 264//264 267//267 265//265
f 263//263 268//268 264//264
f 267//267 269//269 265//265
f 267//267 271//271 269//269
f 268//268 270//270 275//275
f 269//269 272//272 273//273
f 269//269 271//271 272//272
f 272//272 277//277 273//273
f 275//275 278//278 279//279
f 277//277 276//276 280//280
f 281//281 282//282 279//279
f 282//282 283//283 276//276
f 282//282 289//289 286//286
f 282//282 285//285 288//288
f 285//285 291//291 288//288
f 292//292 297//297 291//291
f 295//295 299//299 300//300
f 298//298 299//299 297//297
f 299//299 302//302 300//300
f 303//303 304//304 301//301
f 303//303 306//306 304//304
f 312//312 313//313 309//309
f 312//312 311//311 313//313
f 309//309 313//313 314//314
f 314//314 315//315 310//310
f 317//317 315//315 314//314
f 317//317 320//320 315//315
f 319//319 321//321 317//317
f 318//318 320//320 322//322
f 320//320 321//321 324//324
f 321//321 323//323 326//326
f 326//326 327//327 324//324
f 323//323 328//328 329//329
f 326//326 329//329 330//330
f 328//328 334//334 329//329
f 328//328 333//333 334//334
f 333//333 331//331 336//336
f 330//330 335//335 337//337
f 336//336 339//339 335//335
f 336//336 341//341 342//342
f 337//337 339//339 340//340
f 342//342 345//345 339//339
f 342//342 344//344 346//346
f 345//345 347//347 343//343
f 346//346 349//349 345//345
f 349//349 350//350 347//347
f 349//349 353//353 354//354
f 348//348 353//353 346//346
f 353//353 355//355 354//354
f 353//353 357//357 355//355
f 350//350 360//360 358//358
f 357//357 360//360 355//355
f 360//360 357//357 361//361
f 361//361 362//362 358//358
f 363//363 364//364 357//357
f 357//357 364//364 361//361
f 364//364 365//365 361//361
f 365//365 366//366 362//362
f 363//363 369//369 364//364
f 370//370 368//368 366//366
f 365//365 369//369 371//371
f 368//368 370//370 372//372
f 369//369 373//373 374//374
f 371//371 376//376 372//372
f 374//374 377//377 378//378
f 378//378 381//381 375//375
f 380//380 382//382 378//378
f 382//382 383//383 381//381
f 379//379 383//383 384//384
f 383//383 387//387 384//384
f 383//383 382//382 386//386
f 392//392 394//394 390//390
f 393//393 392//392 389//389
f 389//389 395//395 393//393
f 392//392 398//398 394//394
f 396//396 392//392 393//393
f 393//393 399//399 396//396
f 400//400 398//398 397//397
f 397//397 396//396 400//400
f 402//402 403//403 396//396
f 413//413 411//411 409//409
f 410//410 412//412 416//416
f 414//414 416//416 417//417
f 411//411 418//418 415//415
f 411//411 417//417 420//420
f 419//419 417//417 416//416
f 417//417 421//421 420//420
f 422//422 427//427 425//425
f 421//421 429//429 427//427
f 429//429 430//430 427//427
f 429//429 426//426 433//433
f 425//425 431//431 432//432
f 430//430 431//431 425//425
f 432//432 431//431 434//434
f 433//433 436//436 430//430
f 433//433 435//435 438//438
f 437//437 439//439 441//441
f 443//443 444//444 439//439
f 443//443 446//446 448//448
f 448//448 453//453 444//444
f 446//446 451//451 448//448
f 450//450 454//454 455//455
f 452//452 447//447 456//456
f 447//447 455//455 458//458
f 457//457 459//459 455//455
f 456//456 458//458 460//460
f 459//459 462//462 458//458
f 461//461 463//463 459//459
f 460//460 462//462 464//464
f 462//462 463//463 468//468
f 465//465 468//468 463//463
f 462//462 468//468 469//469
f 469//469 470//470 466//466
f 468//468 471//471 472//472
f 470//470 473//473 475//475
f 472//472 473//473 469//469
f 472//472 476//476 474//474
f 477//477 478//478 475//475
f 481//481 478//478 477//477
f 480//480 481//481 477//477
f 479//479 482//482 480//480
f 490//490 492//492 494//494
f 489//489 497//497 495//495
f 493//493 498//498 499//499
f 497//497 501//501 498//498
f 500//500 501//501 497//497
f 498//498 502//502 499//499
f 498//498 504//504 502//502
f 504//504 506//506 507//507
f 506//506 510//510 507//507
f 509//509 510//510 506//506
f 508//508 513//513 509//509
f 509//509 513//513 512//512
f 513//513 516//516 512//512
f 513//513 515//515 517//517
f 515//515 519//519 517//517
f 517//517 519//519 520//520
f 516//516 520//520 521//521
f 519//519 523//523 520//520
f 519//519 522//522 523//523
f 523//523 524//524 520//520
f 522//522 525//525 523//523
f 524//524 525//525 526//526
f 528//528 530//530 525//525
f 530//530 531//531 526//526
f 529//529 527//527 535//535
f 531//531 532//532 527//527
f 531//531 536//536 534//534
f 536//536 541//541 538//538
f 536//536 533//533 541//541
f 532//532 538//538 542//542
f 543//543 545//545 540//540
f 549//549 552//552 548//548
f 551//551 554//554 549//549
f 553//553 550//550 555//555
f 554//554 557//557 552//552
f 550//550 557//557 558//558
f 558//558 559//559 555//555
f 558//558 561//561 559//559
f 557//557 556//556 561//561
f 560//560 563//563 556//556
f 559//559 564//564 562//562
f 563//563 566//566 561//561
f 563//563 565//565 567//567
f 564//564 568//568 569//569
f 567//567 568//568 566//566
f 567//567 570//570 571//571
f 571//571 572//572 568//568
f 569//569 572//572 574//574
f 577//577 582//582 579//579
f 578//578 581//581 577//577
f 578//578 583//583 584//584
f 587//587 588//588 585//585
f 590//590 592//592 588//588
f 594//594 595//595 592//592
f 601//601 603//603 599//599
f 602//602 605//605 606//606
f 603//603 609//609 607//607
f 606//606 609//609 603//603
f 605//605 610//610 606//606
f 605//605 608//608 610//610
f 609//609 613//613 611//611
f 610//610 613//613 609//609
f 608//608 614//614 610//610
f 608//608 612//612 614//614
f 613//613 614//614 615//615
f 613//613 615//615 616//616
f 612//612 615//615 614//614
f 616//616 617//617 611//611
f 615//615 619//619 616//616
f 615//615 618//618 619//619
f 617//617 616//616 620//620
f 618//618 623//623 619//619
f 616//616 619//619 624//624
f 619//619 623//623 624//624
f 624//624 623//623 626//626
f 622//622 625//625 627//627
f 623//623 628//628 626//626
f 625//625 626//626 629//629
f 633//633 634//634 631//631
f 633//633 635//635 634//634
f 630//630 632//632 635//635
f 634//634 636//636 631//631
f 635//635 638//638 634//634
f 638//638 639//639 636//636
f 635//635 640//640 642//642
f 641//641 649//649 643//643
f 647//647 651//651 641//641
f 651//651 647//647 652//652
f 650//650 655//655 647//647
f 655//655 656//656 652//652
f 653//653 656//656 657//657
f 655//655 658//658 659//659
f 657//657 656//656 660//660
f 656//656 662//662 660//660
f 659//659 662//662 656//656
f 661//661 664//664 659//659
f 664//664 665//665 662//662
f 665//665 666//666 660//660
f 666//666 668//668 663//663
f 665//665 669//669 670//670
f 670//670 671//671 666//666
f 670//670 669//669 673//673
f 669//669 672//672 673//673
f 673//673 674//674 670//670
f 674//674 675//675 671//671
f 673//673 676//676 677//677
f 677//677 678//678 674//674
f 682//682 684//684 680//680
f 690//690 692//692 687//687
f 693//693 689//689 688//688
f 690//690 696//696 692//692
f 690//690 695//695 694//694
f 697//697 691//691 693//693
f 709//709 710//710 711//711
f 711//711 713//713 712//712
f 713//713 716//716 712//712
f 712//712 716//716 717//717
f 716//716 720//720 717//717
f 716//716 719//719 722//722
f 720//720 722//722 724//724
f 719//719 725//725 723//723
f 722//722 723//723 726//726
f 729//729 730//730 726//726
f 726//726 730//730 731//731
f 728//728 730//730 729//729
f 727//727 731//731 732//732
f 731//731 730//730 736//736
f 735//735 739//739 730//730
f 736//736 737//737 734//734
f 736//736 740//740 737//737
f 736//736 744//744 742//742
f 739//739 741//741 744//744
f 744//744 745//745 742//742
f 741//741 746//746 747//747
f 747//747 748//748 744//744
f 748//748 750//750 749//749
f 747//747 746//746 750//750
f 761//761 757//757 760//760
f 759//759 761//761 760//760
f 768//768 767//767 764//764
f 772//772 774//774 777//777
f 777//777 778//778 775//775
f 774//774 779//779 777//777
f 775//775 778//778 773//773
f 778//778 780//780 773//773
f 782//782 780//780 778//778
f 779//779 783//783 782//782
f 779//779 781//781 783//783
f 783//783 786//786 782//782
f 786//786 789//789 784//784
f 789//789 790//790 787//787
f 786//786 792//792 789//789
f 791//791 792//792 786//786
f 789//789 792//792 795//795
f 789//789 795//795 796//796
f 796//796 798//798 797//797
f 794//794 798//798 795//795
f 796//796 799//799 793//793
f 797//797 799//799 796//796
f 797//797 802//802 799//799
f 797//797 808//808 802//802
f 798//798 806//806 808//808
f 800//800 806//806 798//798
f 803//803 809//809 805//805
f 807//807 805//805 810//810
f 805//805 812//812 810//810
f 809//809 811//811 813//813
f 813//813 814//814 812//812
f 810//810 814//814 817//817
f 817//817 818//818 815//815
f 814//814 822//822 817//817
f 814//814 821//821 822//822
f 818//818 822//822 823//823
f 823//823 825//825 820//820
f 822//822 824//824 823//823
f 822//822 826//826 827//827
f 827//827 826//826 828//828
f 825//825 829//829 830//830
f 828//828 829//829 824//824
f 835//835 838//838 839//839
f 840//840 837//837 836//836
f 839//839 840//840 836//836
f 840//840 844//844 843//843
f 839//839 842//842 844//844
f 843//843 844//844 845//845
f 854//854 853//853 848//848
f 853//853 855//855 849//849
f 854//854 858//858 853//853
f 852//852 858//858 854//854
f 853//853 859//859 855//855
f 852//852 856//856 858//858
f 855//855 859//859 857//857
f 858//858 860//860 853//853
f 859//859 860//860 861//861
f 858//858 863//863 860//860
f 861//861 860//860 864//864
f 864//864 865//865 861//861
f 862//862 865//865 866//866
f 867//867 868//868 864//864
f 868//868 869//869 865//865
f 866//866 869//869 871//871
f 872//872 873//873 868//868
f 873//873 875//875 869//869
f 873//873 874//874 877//877
f 874//874 876//876 878//878
f 875//875 885//885 879//879
f 877//877 883//883 885//885
f 882//882 880//880 887//887
f 887//887 888//888 884//884
f 880//880 889//889 890//890
f 888//888 887//887 891//891
f 889//889 893//893 890//890
f 889//889 892//892 893//893
f 893//893 894//894 887//887
f 893//893 892//892 896//896
f 894//894 897//897 891//891
f 896//896 897//897 894//894
f 897//897 898//898 891//891
f 902//902 904//904 905//905
f 901//901 906//906 903//903
f 905//905 907//907 909//909
f 910//910 906//906 908//908
f 909//909 910//910 908//908
f 913//913 914//914 911//911
f 919//919 921//921 917//917
f 920//920 918//918 923//923
f 920//920 924//924 919//919
f 923//923 924//924 920//920
f 922//922 923//923 918//918
f 921//921 928//928 926//926
f 925//925 928//928 924//924
f 923//923 927//927 925//925
f 925//925 927//927 930//930
f 928//928 929//929 926//926
f 928//928 930//930 929//929
f 929//929 931//931 926//926
f 929//929 930//930 933//933
f 930//930 932//932 935//935
f 934//934 936//936 932//932
f 935//935 937//937 933//933
f 934//934 939//939 936//936
f 935//935 939//939 940//940
f 939//939 942//942 940//940
f 938//938 944//944 939//939
f 940//940 947//947 945//945
f 947//947 948//948 945//945
f 949//949 951//951 946//946
f 947//947 951//951 950//950
f 951//951 952//952 950//950
f 951//951 949//949 952//952
f 948//948 950//950 953//953
f 949//949 954//954 952//952
f 950//950 955//955 953//953
f 952//952 955//955 950//950
f 954//954 957//957 952//952
f 954//954 959//959 957//957
f 957//957 958//958 955//955
f 958//958 960//960 955//955
f 961//961 963//963 959//959
f 958//958 965//965 964//964
f 963//963 965//965 958//958
f 962//962 967//967 969//969
f 964//964 973//973 967//967
f 965//965 971//971 973//973
f 974//974 975//975 968//968
f 970//970 976//976 977//977
f 974//974 978//978 975//975
f 974//974 977//977 980//980
f 979//979 983//983 977//977
f 980//980 981//981 978//978
f 983//983 985//985 984//984
f 983//983 982//982 985//985
f 980//980 984//984 986//986
f 984//984 988//988 986//986
f 985//985 989//989 984//984
f 986//986 988//988 990//990
f 989//989 992//992 988//988
f 991//991 993//993 989//989
f 990//990 992//992 994//994
f 992//992 996//996 994//994
f 993//993 996//996 992//992
f 995//995 997//997 998//998
f 998//998 999//999 993//993
f 996//996 1000//1000 1001//1001
f 998//998 1000//1000 999//999
f 998//998 1002//1002 1003//1003
f 1001//1001 1000//1000 1005//1005
f 1004//1004 1005//1005 1000//1000
f 1000//1000 1003//1003 1004//1004
f 1007//1007 1008//1008 1004//1004
f 1008//1008 1011//1011 1009//1009
f 1007//1007 1012//1012 1013//1013
f 1013//1013 1014//1014 1008//1008
f 1014//1014 1015//1015 1011//1011
f 1016//1016 1013//1013 1012//1012
f 1020//1020 1023//1023 1018//1018
f 1024//1024 1022//1022 1019//1019
f 1028//1028 1030//1030 1032//1032
f 1031//1031 1035//1035 1029//1029
f 1031//1031 1034//1034 1035//1035
f 1030//1030 1034//1034 1032//1032
f 1035//1035 1036//1036 1029//1029
f 1038//1038 1039//1039 1036//1036
f 1039//1039 1040//1040 1036//1036
f 1038//1038 1041//1041 1043//1043
f 1037//1037 1041//1041 1034//1034
f 1042//1042 1040//1040 1045//1045
f 1044//1044 1047//1047 1040//1040
f 1046//1046 1050//1050 1044//1044
f 1049//1049 1053//1053 1050//1050
f 1049//1049 1055//1055 1053//1053
f 1051//1051 1056//1056 1054//1054
f 1055//1055 1058//1058 1053//1053
f 1054//1054 1059//1059 1057//1057
f 1056//1056 1059//1059 1054//1054
f 1056//1056 1058//1058 1061//1061
f 1059//1059 1065//1065 1064//1064
f 1063//1063 1065//1065 1058//1058
f 1065//1065 1066//1066 1064//1064
f 1065//1065 1063//1063 1068//1068
f 1067//1067 1069//1069 1063//1063
f 1066//1066 1070//1070 1071//1071
f 1068//1068 1069//1069 1070//1070
f 1069//1069 1072//1072 1073//1073
f 1071//1071 1074//1074 1075//1075
f 1073//1073 1074//1074 1070//1070
f 1073//1073 1076//1076 1077//1077
f 1077//1077 1074//1074 1073//1073
f 1076//1076 1081//1081 1077//1077
f 1081//1081 1082//1082 1074//1074
f 1078//1078 1082//1082 1083//1083
f 1083//1083 1084//1084 1080//1080
f 1085//1085 1086//1086 1082//1082
f 1083//1083 1088//1088 1087//1087
f 1086//1086 1085//1085 1088//1088
f 1090//1090 1091//1091 1088//1088
f 1092//1092 1094//1094 1095//1095
f 1097//1097 1094//1094 1091//1091
f 1093//1093 1097//1097 1091//1091
f 1099//1099 1101//1101 1102//1102
f 1106//1106 1111//1111 1110//1110
f 1111//1111 1108//1108 1107//1107
f 1116//1116 1114//1114 1108//1108
f 1113//1113 1115//1115 1120//1120
f 1116//1116 1117//1117 1114//1114
f 1117//1117 1118//1118 1114//1114
f 1116//1116 1120//1120 1117//1117
f 1120//1120 1121//1121 1117//1117
f 1120//1120 1119//1119 1121//1121
f 1117//1117 1121//1121 1122//1122
f 1118//1118 1122//1122 1123//1123
f 1119//1119 1124//1124 1121//1121
f 1123//1123 1122//1122 1126//1126
f 1125//1125 1128//1128 1122//1122
f 1125//1125 1130//1130 1128//1128
f 1126//1126 1131//1131 1129//1129
f 1126//1126 1128//1128 1133//1133
f 1128//1128 1130//1130 1133//1133
f 1130//1130 1134//1134 1133//1133
f 1131//1131 1135//1135 1136//1136
f 1134//1134 1135//1135 1133//1133
f 1136//1136 1138//1138 1139//1139
f 1135//1135 1141//1141 1138//1138
f 1137//1137 1141//1141 1134//1134
f 1138//1138 1142//1142 1139//1139
f 1141//1141 1144//1144 1138//1138
f 1141//1141 1145//1145 1144//1144
f 1141//1141 1140//1140 1145//1145
f 1146//1146 1149//1149 1150//1150
f 1148//1148 1151//1151 1154//1154
f 1150//1150 1152//1152 1155//1155
f 1154//1154 1156//1156 1152//1152
f 1153//1153 1155//1155 1157//1157
f 1156//1156 1155//1155 1152//1152
f 1155//1155 1164//1164 1161//1161
f 1156//1156 1159//1159 1164//1164
f 1163//1163 1165//1165 1160//1160
f 1163//1163 1167//1167 1168//1168
f 1165//1165 1169//1169 1166//1166
f 1170//1170 1171//1171 1168//1168
f 1165//1165 1171//1171 1172//1172
f 1173//1173 1177//1177 1170//1170
f 1177//1177 1174//1174 1171//1171
f 1172//1172 1175//1175 1176//1176
f 1172//1172 1174//1174 1175//1175
f 1175//1175 1180//1180 1176//1176
f 1174//1174 1179//1179 1175//1175
f 1175//1175 1179//1179 1182//1182
f 1180//1180 1182//1182 1183//1183
f 1182//1182 1179//1179 1185//1185
f 1179//1179 1186//1186 1185//1185
f 1179//1179 1184//1184 1186//1186
f 1183//1183 1185//1185 1187//1187
f 1186//1186 1189//1189 1185//1185
f 1196//1196 1199//1199 1198//1198
f 1197//1197 1195//1195 1199//1199
f 1198//1198 1200//1200 1194//1194
f 1199//1199 1202//1202 1198//1198
f 1203//1203 1204//1204 1202//1202
f 1200//1200 1204//1204 1205//1205
f 1201//1201 1207//1207 1203//1203
f 1207//1207 1208//1208 1204//1204
f 1208//1208 1209//1209 1205//1205
f 1206//1206 1211//1211 1207//1207
f 1208//1208 1212//1212 1209//1209
f 1213//1213 1211//1211 1210//1210
f 1217//1217 1221//1221 1222//1222
f 1221//1221 1225//1225 1224//1224
f 1218//1218 1225//1225 1220//1220
f 1223//1223 1227//1227 1225//1225
f 1224//1224 1226//1226 1222//1222
f 1224//1224 1228//1228 1226//1226
f 1225//1225 1230//1230 1228//1228
f 1227//1227 1230//1230 1225//1225
f 1229//1229 1226//1226 1231//1231
f 1228//1228 1231//1231 1226//1226
f 1233//1233 1231//1231 1236//1236
f 1237//1237 1238//1238 1234//1234
f 1235//1235 1238//1238 1239//1239
f 1236//1236 1239//1239 1240//1240
f 1237//1237 1241//1241 1238//1238
f 1239//1239 1244//1244 1242//1242
f 1241//1241 1244//1244 1238//1238
f 1242//1242 1244//1244 1246//1246
f 1244//1244 1245//1245 1246//1246
f 1241//1241 1243//1243 1245//1245
f 1246//1246 1247//1247 1242//1242
f 1248//1248 1250//1250 1245//1245
f 1247//1247 1255//1255 1251//1251
f 1254//1254 1249//1249 1257//1257
f 1249//1249 1252//1252 1259//1259
f 1252//1252 1258//1258 1259//1259
f 1259//1259 1260//1260 1249//1249
f 1262//1262 1263//1263 1259//1259
f 1260//1260 1267//1267 1264//1264
f 1262//1262 1267//1267 1263//1263
f 1261//1261 1268//1268 1262//1262
f 1267//1267 1270//1270 1269//1269
f 1269//1269 1271//1271 1264//1264
f 1269//1269 1274//1274 1273//1273
f 1270//1270 1272//1272 1274//1274
f 1274//1274 1272//1272 1275//1275
f 1271//1271 1273//1273 1277//1277
f 1275//1275 1276//1276 1273//1273
f 1279//1279 1277//1277 1276//1276
f 1276//1276 1282//1282 1279//1279
f 1278//1278 1282//1282 1275//1275
f 1282//1282 1284//1284 1286//1286
f 1294//1294 1292//1292 1295//1295
f 1289//1289 1295//1295 1296//1296
f 1296//1296 1297//1297 1291//1291
f 1295//1295 1298//1298 1299//1299
f 1296//1296 1300//1300 1297//1297
f 1298//1298 1301//1301 1299//1299
f 1299//1299 1302//1302 1296//1296
f 1302//1302 1303//1303 1300//1300
f 1299//1299 1306//1306 1302//1302
f 1301//1301 1306//1306 1299//1299
f 1306//1306 1307//1307 1302//1302
f 1303//1303 1310//1310 1308//1308
f 1309//1309 1312//1312 1307//1307
f 1312//1312 1313//1313 1310//1310
f 1313//1313 1314//1314 1308//1308
f 1315//1315 1317//1317 1312//1312
f 1319//1319 1316//1316 1317//1317
f 1316//1316 1320//1320 1314//1314
f 1318//1318 1320//1320 1321//1321
f 1322//1322 1324//1324 1316//1316
f 1320//1320 1324//1324 1327//1327
f 1323//1323 1328//1328 1326//1326
f 1325//1325 1328//1328 1323//1323
f 1325//1325 1330//1330 1328//1328
f 1327//1327 1332//1332 1325//1325
f 1329//1329 1332//1332 1327//1327
f 1330//1330 1336//1336 1334//1334
f 1332//1332 1336//1336 1333//1333
f 1334//1334 1337//1337 1331//1331
f 1336//1336 1343//1343 1334//1334
f 1337//1337 1343//1343 1339//1339
f 1335//1335 1340//1340 1345//1345
f 1345//1345 1346//1346 1342//1342
f 1340//1340 1349//1349 1345//1345
f 1340//1340 1348//1348 1349//1349
f 1346//1346 1351//1351 1347//1347
f 1349//1349 1350//1350 1346//1346
f 1349//1349 1352//1352 1353//1353
f 1351//1351 1350//1350 1354//1354
f 1353//1353 1356//1356 1350//1350
f 1354//1354 1356//1356 1357//1357
f 1358//1358 1359//1359 1353//1353
f 1359//1359 1360//1360 1356//1356
f 1360//1360 1362//1362 1357//1357
f 1360//1360 1364//1364 1362//1362
f 1360//1360 1361//1361 1367//1367
f 1361//1361 1366//1366 1367//1367
f 1364//1364 1368//1368 1365//1365
f 1367//1367 1369//1369 1370//1370
f 1370//1370 1371//1371 1364//1364
f 1368//1368 1371//1371 1372//1372
f 1373//1373 1370//1370 1369//1369
f 1373//1373 1376//1376 1374//1374
f 1381//1381 1385//1385 1379//1379
f 1386//1386 1382//1382 1380//1380
f 1381//1381 1384//1384 1383//1383
f 1385//1385 1383//1383 1387//1387
f 1388//1388 1384//1384 1386//1386
f 1387//1387 1389//1389 1391//1391
f 1394//1394 1398//1398 1395//1395
f 1397//1397 1400//1400 1394//1394
f 1396//1396 1400//1400 1397//1397
f 1399//1399 1400//1400 1396//1396
f 1400//1400 1402//1402 1401//1401
f 1400//1400 1404//1404 1402//1402
f 1398//1398 1401//1401 1403//1403
f 1402//1402 1405//1405 1401//1401
f 1404//1404 1407//1407 1402//1402
f 1407//1407 1410//1410 1405//1405
f 1409//1409 1414//1414 1412//1412
f 1409//1409 1411//1411 1414//1414
f 1410//1410 1415//1415 1413//1413
f 1416//1416 1415//1415 1412//1412
f 1413//1413 1415//1415 1417//1417
f 1415//1415 1416//1416 1419//1419
f 1415//1415 1420//1420 1417//1417
f 1416//1416 1418//1418 1419//1419
f 1424//1424 1425//1425 1421//1421
f 1420//1420 1423//1423 1424//1424
f 1425//1425 1424//1424 1429//1429
f 1423//1423 1427//1427 1424//1424
f 1423//1423 1430//1430 1431//1431
f 1428//1428 1432//1432 1430//1430
f 1431//1431 1433//1433 1427//1427
f 1431//1431 1432//1432 1435//1435
f 1433//1433 1436//1436 1437//1437
f 1433//1433 1435//1435 1436//1436
f 1432//1432 1438//1438 1435//1435
f 1436//1436 1439//1439 1437//1437
f 1435//1435 1441//1441 1439//1439
f 1438//1438 1441//1441 1435//1435
f 1437//1437 1442//1442 1440//1440
f 1439//1439 1442//1442 1437//1437
f 1440//1440 1442//1442 1443//1443
f 1439//1439 1444//1444 1446//1446
f 1446//1446 1447//1447 1442//1442
f 1446//1446 1448//1448 1447//1447
f 1443//1443 1450//1450 1445//1445
f 1448//1448 1449//1449 1443//1443
f 1446//1446 1451//1451 1448//1448
f 1450//1450 1449//1449 1452//1452
f 1453//1453 1454//1454 1448//1448
f 1457//1457 1455//1455 1454//1454
f 1453//1453 1457//1457 1454//1454
f 1458//1458 1461//1461 1462//1462
f 1464//1464 1461//1461 1460//1460
f 1463//1463 1464//1464 1460//1460
f 1464//1464 1465//1465 1461//1461
f 1470//1470 1472//1472 1471//1471
f 1471//1471 1473//1473 1468//1468
f 1474//1474 1476//1476 1472//1472
f 1471//1471 1476//1476 1477//1477
f 1477//1477 1478//1478 1473//1473
f 1476//1476 1480//1480 1481//1481
f 1479//1479 1482//1482 1483//1483
f 1480//1480 1484//1484 1481//1481
f 1484//1484 1487//1487 1478//1478
f 1482//1482 1487//1487 1485//1485
f 1487//1487 1489//1489 1485//1485
f 1487//1487 1488//1488 1489//1489
f 1488//1488 1493//1493 1489//1489
f 1489//1489 1493//1493 1494//1494
f 1492//1492 1496//1496 1493//1493
f 1490//1490 1495//1495 1492//1492
f 1494//1494 1497//1497 1498//1498
f 1496//1496 1495//1495 1500//1500
f 1500//1500 1503//1503 1497//1497
f 1503//1503 1504//1504 1498//1498
f 1500//1500 1502//1502 1503//1503
f 1503//1503 1506//1506 1504//1504
f 1506//1506 1507//1507 1504//1504
f 1503//1503 1510//1510 1506//1506
f 1502//1502 1508//1508 1510//1510
f 1506//1506 1510//1510 1511//1511
f 1511//1511 1507//1507 1506//1506
f 1511//1511 1514//1514 1507//1507
f 1514//1514 1515//1515 1512//1512
f 1514//1514 1519//1519 1517//1517
f 1513//1513 1519//1519 1511//1511
f 1515//1515 1517//1517 1520//1520
f 1519//1519 1522//1522 1517//1517
f 1519//1519 1521//1521 1522//1522
f 1517//1517 1522//1522 1523//1523
f 1520//1520 1526//1526 1524//1524
f 1523//1523 1526//1526 1520//1520
f 1523//1523 1525//1525 1528//1528
f 1525//1525 1530//1530 1528//1528
f 1525//1525 1527//1527 1530//1530
f 1526//1526 1532//1532 1529//1529
f 1526//1526 1534//1534 1531//1531
f 1531//1531 1535//1535 1532//1532
f 1534//1534 1536//1536 1537//1537
f 1533//1533 1536//1536 1534//1534
f 1535//1535 1531//1531 1538//1538
f 1536//1536 1539//1539 1540//1540
f 1537//1537 1540//1540 1541//1541
f 1537//1537 1542//1542 1538//1538
f 1540//1540 1543//1543 1544//1544
f 1541//1541 1545//1545 1542//1542
f 1544//1544 1545//1545 1541//1541
f 1544//1544 1543//1543 1546//1546
f 1546//1546 1549//1549 1545//1545
f 1548//1548 1550//1550 1546//1546
f 1547//1547 1549//1549 1552//1552
f 1549//1549 1550//1550 1551//1551
f 1551//1551 1559//1559 1555//1555
f 1554//1554 1557//1557 1551//1551
f 1554//1554 1560//1560 1558//1558
f 1560//1560 1561//1561 1558//1558
f 1564//1564 1565//1565 1562//1562
f 1567//1567 1565//1565 1564//1564
f 1564//1564 1561//1561 1567//1567
f 1567//1567 1572//1572 1568//1568
f 1578//1578 1581//1581 1580//1580
f 1577//1577 1581//1581 1579//1579
f 1580//1580 1582//1582 1576//1576
f 1577//1577 1583//1583 1586//1586
f 1585//1585 1589//1589 1587//1587
f 1584//1584 1591//1591 1589//1589
f 1588//1588 1592//1592 1591//1591
f 1589//1589 1592//1592 1593//1593
f 1588//1588 1594//1594 1595//1595
f 1592//1592 1597//1597 1593//1593
f 1595//1595 1596//1596 1592//1592
f 1594//1594 1598//1598 1595//1595
f 1598//1598 1599//1599 1595//1595
f 1596//1596 1600//1600 1597//1597
f 1599//1599 1602//1602 1596//1596
f 1599//1599 1604//1604 1602//1602
f 1599//1599 1601//1601 1604//1604
f 1600//1600 1605//1605 1603//1603
f 1602//1602 1609//1609 1600//1600
f 1600//1600 1609//1609 1611//1611
f 1605//1605 1611//1611 1613//1613
f 1608//1608 1614//1614 1615//1615
f 1612//1612 1617//1617 1614//1614
f 1614//1614 1618//1618 1615//1615
f 1614//1614 1617//1617 1620//1620
f 1619//1619 1621//1621 1617//1617
f 1620//1620 1621//1621 1622//1622
f 1618//1618 1623//1623 1624//1624
f 1624//1624 1623//1623 1626//1626
f 1627//1627 1628//1628 1625//1625
f 1628//1628 1629//1629 1623//1623
f 1628//1628 1627//1627 1630//1630
f 1629//1629 1631//1631 1626//1626
f 1631//1631 1633//1633 1634//1634
f 1630//1630 1633//1633 1629//1629
f 1630//1630 1635//1635 1636//1636
f 1649//1649 1648//1648 1650//1650
f 1646//1646 1650//1650 1651//1651
f 1650//1650 1653//1653 1651//1651
f 1650//1650 1655//1655 1656//1656
f 1654//1654 1653//1653 1657//1657
f 1653//1653 1659//1659 1657//1657
f 1656//1656 1661//1661 1653//1653
f 1658//1658 1661//1661 1656//1656
f 1658//1658 1660//1660 1663//1663
f 1658//1658 1663//1663 1661//1661
f 1659//1659 1664//1664 1662//1662
f 1663//1663 1665//1665 1661//1661
f 1664//1664 1666//1666 1662//1662
f 1664//1664 1665//1665 1668//1668
f 1665//1665 1672//1672 1668//1668
f 1667//1667 1669//1669 1670//1670
f 1671//1671 1670//1670 1674//1674
f 1672//1672 1671//1671 1675//1675
f 1673//1673 1674//1674 1670//1670
f 1674//1674 1678//1678 1671//1671
f 1674//1674 1679//1679 1678//1678
f 1676//1676 1679//1679 1674//1674
f 1678//1678 1680//1680 1675//1675
f 1681//1681 1682//1682 1679//1679
f 1678//1678 1683//1683 1680//1680
f 1682//1682 1686//1686 1685//1685
f 1682//1682 1684//1684 1687//1687
f 1686//1686 1693//1693 1688//1688
f 1686//1686 1692//1692 1693//1693
f 1693//1693 1694//1694 1690//1690
f 1692//1692 1695//1695 1693//1693
f 1694//1694 1696//1696 1691//1691
f 1694//1694 1698//1698 1700//1700
f 1697//1697 1698//1698 1695//1695
f 1696//1696 1700//1700 1702//1702
f 1698//1698 1704//1704 1706//1706
f 1699//1699 1705//1705 1707//1707
f 1709//1709 1710//1710 1705//1705
f 1707//1707 1711//1711 1712//1712
f 1713//1713 1714//1714 1710//1710
f 1712//1712 1711//1711 1715//1715
f 1711//1711 1717//1717 1715//1715
f 1716//1716 1718//1718 1714//1714
f 1718//1718 1721//1721 1717//1717
f 1718//1718 1720//1720 1725//1725
f 1719//1719 1722//1722 1724//1724
f 1719//1719 1721//1721 1722//1722
f 1721//1721 1725//1725 1726//1726
f 1725//1725 1723//1723 1728//1728
f 1726//1726 1729//1729 1722//1722
f 1726//1726 1728//1728 1730//1730
f 1730//1730 1731//1731 1729//1729
f 1727//1727 1731//1731 1732//1732
f 1730//1730 1733//1733 1734//1734
f 1734//1734 1733//1733 1735//1735
f 1732//1732 1731//1731 1736//1736
f 1735//1735 1738//1738 1731//1731
f 1737//1737 1739//1739 1735//1735
f 1736//1736 1738//1738 1740//1740
f 1738//1738 1742//1742 1740//1740
f 1738//1738 1745//1745 1744//1744
f 1739//1739 1743//1743 1745//1745
f 1742//1742 1746//1746 1747//1747
f 1745//1745 1746//1746 1744//1744
f 1745//1745 1748//1748 1749//1749
f 1747//1747 1750//1750 1751//1751
f 1749//1749 1750//1750 1746//1746
f 1752//1752 1749//1749 1748//1748
f 1758//1758 1753//1753 1752//1752
f 1755//1755 1757//1757 1750//1750
f 1750//1750 1756//1756 1755//1755
f 1758//1758 1756//1756 1754//1754
f 1760//1760 1762//1762 1756//1756
f 1765//1765 1767//1767 1766//1766
f 1765//1765 1768//1768 1763//1763
f 1764//1764 1766//1766 1767//1767
f 1765//1765 1766//1766 1770//1770
f 1770//1770 1771//1771 1768//1768
f 1766//1766 1775//1775 1773//1773
f 1766//1766 1772//1772 1775//1775
f 1773//1773 1775//1775 1776//1776
f 1771//1771 1777//1777 1774//1774
f 1771//1771 1773//1773 1777//1777
f 1773//1773 1779//1779 1777//1777
f 1773//1773 1776//1776 1779//1779
f 1777//1777 1779//1779 1780//1780
f 1776//1776 1781//1781 1783//1783
f 1783//1783 1784//1784 1779//1779
f 1782//1782 1785//1785 1786//1786
f 1784//1784 1788//1788 1785//1785
f 1783//1783 1788//1788 1784//1784
f 1785//1785 1790//1790 1786//1786
f 1788//1788 1789//1789 1785//1785
f 1787//1787 1791//1791 1789//1789
f 1789//1789 1794//1794 1785//1785
f 1790//1790 1794//1794 1795//1795
f 1793//1793 1798//1798 1794//1794
f 1796//1796 1798//1798 1793//1793
f 1795//1795 1799//1799 1797//1797
f 1794//1794 1799//1799 1795//1795
f 1794//1794 1798//1798 1801//1801
f 1799//1799 1801//1801 1802//1802
f 1801//1801 1805//1805 1804//1804
f 1798//1798 1805//1805 1801//1801
f 1803//1803 1805//1805 1798//1798
f 1804//1804 1806//1806 1802//1802
f 1805//1805 1806//1806 1804//1804
f 1803//1803 1807//1807 1808//1808
f 1805//1805 1808//1808 1809//1809
f 1809//1809 1810//1810 1806//1806
f 1808//1808 1812//1812 1809//1809
f 1811//1811 1813//1813 1814//1814
f 1809//1809 1815//1815 1816//1816
f 1816//1816 1817//1817 1813//1813
f 1814//1814 1817//1817 1818//1818
f 1819//1819 1820//1820 1816//1816
f 1817//1817 1820//1820 1821//1821
f 1821//1821 1822//1822 1818//1818
f 1819//1819 1824//1824 1820//1820
f 1821//1821 1826//1826 1825//1825
f 1823//1823 1826//1826 1824//1824
f 1825//1825 1827//1827 1822//1822
f 1826//1826 1829//1829 1825//1825
f 1829//1829 1832//1832 1827//1827
f 1830//1830 1831//1831 1829//1829
f 1832//1832 1835//1835 1836//1836
f 1834//1834 1835//1835 1831//1831
f 1839//1839 1838//1838 1834//1834
f 1837//1837 1839//1839 1834//1834
f 1841//1841 1842//1842 1839//1839
f 1848//1848 1843//1843 1847//1847
f 1849//1849 1848//1848 1847//1847
f 1848//1848 1850//1850 1843//1843
f 1848//1848 1852//1852 1853//1853
f 1851//1851 1852//1852 1846//1846
f 1852//1852 1851//1851 1855//1855
f 1850//1850 1856//1856 1854//1854
f 1853//1853 1856//1856 1850//1850
f 1854//1854 1856//1856 1857//1857
f 1855//1855 1859//1859 1853//1853
f 1855//1855 1858//1858 1859//1859
f 1857//1857 1860//1860 1861//1861
f 1860//1860 1863//1863 1864//1864
f 1860//1860 1864//1864 1865//1865
f 1863//1863 1862//1862 1864//1864
f 1866//1866 1867//1867 1862//1862
f 1865//1865 1868//1868 1869//1869
f 1866//1866 1871//1871 1867//1867
f 1869//1869 1872//1872 1870//1870
f 1868//1868 1871//1871 1874//1874
f 1873//1873 1876//1876 1871//1871
f 1874//1874 1877//1877 1872//1872
f 1876//1876 1878//1878 1874//1874
f 1876//1876 1881//1881 1878//1878
f 1881//1881 1882//1882 1877//1877
f 1879//1879 1882//1882 1883//1883
f 1882//1882 1887//1887 1885//1885
f 1884//1884 1887//1887 1881//1881
f 1888//1888 1883//1883 1885//1885
f 1885//1885 1887//1887 1889//1889
f 1883//1883 1888//1888 1886//1886
f 1886//1886 1888//1888 1890//1890
f 1887//1887 1892//1892 1889//1889
f 1889//1889 1892//1892 1893//1893
f 1893//1893 1892//1892 1894//1894
f 1890//1890 1893//1893 1895//1895
f 1893//1893 1894//1894 1895//1895
f 1892//1892 1896//1896 1898//1898
f 1898//1898 1899//1899 1894//1894
f 1897//1897 1900//1900 1901//1901
f 1899//1899 1902//1902 1904//1904
f 1904//1904 1900//1900 1899//1899
f 1901//1901 1906//1906 1905//1905
f 1904//1904 1906//1906 1900//1900
f 1905//1905 1907//1907 1903//1903
f 1905//1905 1909//1909 1907//1907
f 1905//1905 1911//1911 1909//1909
f 1910//1910 1913//1913 1906//1906
f 1909//1909 1916//1916 1914//1914
f 1911//1911 1913//1913 1916//1916
f 1913//1913 1915//1915 1918//1918
f 1917//1917 1919//1919 1914//1914
f 1918//1918 1921//1921 1917//1917
f 1920//1920 1922//1922 1925//1925
f 1925//1925 1926//1926 1923//1923
f 1921//1921 1927//1927 1924//1924
f 1926//1926 1927//1927 1921//1921
f 1926//1926 1925//1925 1928//1928
f 1924//1924 1927//1927 1929//1929
f 1928//1928 1931//1931 1927//1927
f 1929//1929 1932//1932 1933//1933
f 1931//1931 1935//1935 1932//1932
f 1930//1930 1935//1935 1928//1928
f 1932//1932 1937//1937 1933//1933
f 1932//1932 1935//1935 1936//1936
f 1938//1938 1939//1939 1935//1935
f 1936//1936 1941//1941 1937//1937
f 1936//1936 1939//1939 1940//1940
f 1939//1939 1942//1942 1943//1943
f 1940//1940 1944//1944 1941//1941
f 1943//1943 1946//1946 1940//1940
f 1945//1945 1947//1947 1943//1943
f 1955//1955 1952//1952 1950//1950
f 1953//1953 1954//1954 1951//1951
f 1952//1952 1953//1953 1951//1951
f 1958//1958 1959//1959 1956//1956
f 1971//1971 1973//1973 1972//1972
f 1969//1969 1976//1976 1974//1974
f 1974//1974 1979//1979 1977//1977
f 1976//1976 1980//1980 1979//1979
f 1972//1972 1978//1978 1980//1980
f 1979//1979 1980//1980 1981//1981
f 1980//1980 1984//1984 1981//1981
f 1981//1981 1985//1985 1982//1982
f 1984//1984 1985//1985 1981//1981
f 1984//1984 1987//1987 1988//1988
f 1985//1985 1989//1989 1990//1990
f 1985//1985 1992//1992 1989//1989
f 1987//1987 1992//1992 1988//1988
f 1986//1986 1991//1991 1987//1987
f 1989//1989 1994//1994 1990//1990
f 1992//1992 1993//1993 1989//1989
f 1992//1992 1995//1995 1997//1997
f 1993//1993 2002//2002 1999//1999
f 1995//1995 2001//2001 1997//1997
f 1996//1996 2000//2000 2004//2004
f 1998//1998 2005//2005 2003//2003
f 2004//2004 2007//2007 2008//2008
f 2000//2000 2006//2006 2007//2007
f 2010//2010 2007//2007 2006//2006
f 2009//2009 2012//2012 2010//2010
f 2008//2008 2007//2007 2013//2013
f 2013//2013 2014//2014 2011//2011
f 2007//2007 2012//2012 2016//2016
f 2013//2013 2016//2016 2017//2017
f 2017//2017 2018//2018 2014//2014
f 2015//2015 2020//2020 2016//2016
f 2017//2017 2022//2022 2018//2018
f 2017//2017 2024//2024 2021//2021
f 2019//2019 2024//2024 2020//2020
f 2022//2022 2025//2025 2026//2026
f 2024//2024 2025//2025 2021//2021
f 2024//2024 2027//2027 2028//2028
f 2025//2025 2030//2030 2026//2026
f 2029//2029 2030//2030 2025//2025
f 2028//2028 2029//2029 2025//2025
f 2029//2029 2032//2032 2030//2030
f 2037//2037 2039//2039 2040//2040
f 2040//2040 2041//2041 2035//2035
f 2036//2036 2039//2039 2038//2038
f 2040//2040 2043//2043 2041//2041
f 2040//2040 2044//2044 2043//2043
f 2039//2039 2042//2042 2044//2044
f 2043//2043 2045//2045 2041//2041
f 2042//2042 2046//2046 2044//2044
f 2043//2043 2044//2044 2047//2047
f 2044//2044 2046//2046 2048//2048
f 2045//2045 2047//2047 2049//2049
f 2046//2046 2050//2050 2048//2048
f 2047//2047 2051//2051 2049//2049
f 2047//2047 2048//2048 2051//2051
f 2049//2049 2052//2052 2053//2053
f 2050//2050 2054//2054 2048//2048
f 2052//2052 2056//2056 2053//2053
f 2051//2051 2057//2057 2058//2058
f 2056//2056 2059//2059 2060//2060
f 2058//2058 2059//2059 2055//2055
f 2058//2058 2061//2061 2063//2063
f 2060//2060 2065//2065 2067//2067
f 2063//2063 2065//2065 2059//2059
f 2061//2061 2069//2069 2063//2063
f 2064//2064 2070//2070 2071//2071
f 2068//2068 2070//2070 2062//2062
f 2066//2066 2073//2073 2068//2068
f 2066//2066 2072//2072 2073//2073
f 2070//2070 2074//2074 2071//2071
f 2070//2070 2073//2073 2076//2076
f 2073//2073 2075//2075 2076//2076
f 2076//2076 2077//2077 2070//2070
f 2074//2074 2077//2077 2078//2078
f 2078//2078 2077//2077 2080//2080
f 2079//2079 2082//2082 2076//2076
f 2077//2077 2082//2082 2083//2083
f 2083//2083 2085//2085 2080//2080
f 2083//2083 2082//2082 2084//2084
f 2084//2084 2088//2088 2085//2085
f 2084//2084 2090//2090 2087//2087
f 2082//2082 2089//2089 2090//2090
f 2087//2087 2092//2092 2088//2088
f 2090//2090 2091//2091 2087//2087
f 2090//2090 2093//2093 2094//2094
f 2092//2092 2095//2095 2096//2096
f 2094//2094 2095//2095 2091//2091
f 2095//2095 2099//2099 2096//2096
f 2095//2095 2101//2101 2098//2098
f 2097//2097 2101//2101 2094//2094
f 2102//2102 2105//2105 2108//2108
f 2105//2105 2109//2109 2108//2108
f 2107//2107 2104//2104 2109//2109
f 2108//2108 2110//2110 2103//2103
f 2108//2108 2113//2113 2110//2110
f 2109//2109 2112//2112 2108//2108
f 2109//2109 2111//2111 2116//2116
f 2111//2111 2114//2114 2116//2116
f 2116//2116 2117//2117 2112//2112
f 2117//2117 2113//2113 2112//2112
f 2113//2113 2118//2118 2115//2115
f 2113//2113 2120//2120 2118//2118
f 2117//2117 2116//2116 2120//2120
f 2116//2116 2119//2119 2121//2121
f 2121//2121 2122//2122 2120//2120
f 2118//2118 2122//2122 2123//2123
f 2122//2122 2126//2126 2123//2123
f 2125//2125 2126//2126 2122//2122
f 2124//2124 2128//2128 2125//2125
f 2123//2123 2126//2126 2129//2129
f 2126//2126 2130//2130 2129//2129
f 2128//2128 2130//2130 2126//2126
f 2129//2129 2130//2130 2131//2131
f 2127//2127 2131//2131 2132//2132
f 2130//2130 2133//2133 2135//2135
f 2132//2132 2136//2136 2134//2134
f 2132//2132 2131//2131 2136//2136
f 2136//2136 2137//2137 2134//2134
f 2131//2131 2139//2139 2136//2136
f 2136//2136 2140//2140 2137//2137
f 2136//2136 2142//2142 2143//2143
f 2140//2140 2143//2143 2144//2144
f 2143//2143 2142//2142 2147//2147
f 2142//2142 2145//2145 2147//2147
f 2147//2147 2145//2145 2148//2148
f 2144//2144 2149//2149 2150//2150
f 2148//2148 2151//2151 2154//2154
f 2150//2150 2149//2149 2153//2153
f 2152//2152 2155//2155 2149//2149
f 2154//2154 2156//2156 2152//2152
f 2153//2153 2155//2155 2157//2157
f 2157//2157 2159//2159 2160//2160
f 2155//2155 2156//2156 2159//2159
f 2161//2161 2162//2162 2156//2156
f 2159//2159 2162//2162 2163//2163
f 2163//2163 2164//2164 2160//2160
f 2169//2169 2168//2168 2166//2166
f 2168//2168 2170//2170 2164//2164
f 2169//2169 2172//2172 2168//2168
f 2170//2170 2172//2172 2173//2173
f 2169//2169 2174//2174 2175//2175
f 2177//2177 2181//2181 2182//2182
f 2184//2184 2179//2179 2180//2180
f 2178//2178 2184//2184 2180//2180
f 2191//2191 2195//2195 2193//2193
f 2191//2191 2192//2192 2195//2195
f 2192//2192 2196//2196 2195//2195
f 2196//2196 2197//2197 2195//2195
f 2197//2197 2200//2200 2195//2195
f 2198//2198 2200//2200 2201//2201
f 2197//2197 2203//2203 2200//2200
f 2199//2199 2203//2203 2197//2197
f 2202//2202 2203//2203 2199//2199
f 2200//2200 2204//2204 2201//2201
f 2200//2200 2203//2203 2208//2208
f 2203//2203 2207//2207 2208//2208
f 2207//2207 2210//2210 2208//2208
f 2205//2205 2210//2210 2207//2207
f 2208//2208 2211//2211 2204//2204
f 2210//2210 2212//2212 2208//2208
f 2211//2211 2215//2215 2213//2213
f 2212//2212 2215//2215 2211//2211
f 2214//2214 2216//2216 2217//2217
f 2215//2215 2212//2212 2218//2218
f 2216//2216 2219//2219 2217//2217
f 2217//2217 2220//2220 2212//2212
f 2217//2217 2219//2219 2221//2221
f 2220//2220 2223//2223 2218//2218
f 2221//2221 2222//2222 2220//2220
f 2219//2219 2224//2224 2225//2225
f 2223//2223 2222//2222 2226//2226
f 2224//2224 2228//2228 2225//2225
f 2224//2224 2227//2227 2228//2228
f 2228//2228 2229//2229 2222//2222
f 2228//2228 2232//2232 2229//2229
f 2229//2229 2235//2235 2230//2230
f 2235//2235 2236//2236 2230//2230
f 2234//2234 2240//2240 2235//2235
f 2238//2238 2243//2243 2234//2234
f 2242//2242 2245//2245 2239//2239
f 2237//2237 2247//2247 2244//2244
f 2241//2241 2247//2247 2237//2237
f 2247//2247 2248//2248 2244//2244
f 2244//2244 2248//2248 2249//2249
f 2245//2245 2251//2251 2252//2252
f 2250//2250 2251//2251 2249//2249
f 2251//2251 2250//2250 2254//2254
f 2250//2250 2257//2257 2256//2256
f 2253//2253 2255//2255 2257//2257
f 2255//2255 2260//2260 2257//2257
f 2260//2260 2258//2258 2256//2256
f 2254//2254 2258//2258 2261//2261
f 2261//2261 2263//2263 2262//2262
f 2258//2258 2260//2260 2263//2263
f 2262//2262 2264//2264 2259//2259
f 2263//2263 2266//2266 2262//2262
f 2264//2264 2266//2266 2267//2267
f 2263//2263 2268//2268 2269//2269
f 2269//2269 2270//2270 2266//2266
f 2269//2269 2268//2268 2271//2271
f 2267//2267 2270//2270 2272//2272
f 2273//2273 2274//2274 2271//2271
f 2272//2272 2270//2270 2275//2275
f 2270//2270 2274//2274 2277//2277
f 2276//2276 2278//2278 2274//2274
f 2277//2277 2279//2279 2275//2275
f 2278//2278 2280//2280 2281//2281
f 2277//2277 2281//2281 2282//2282
f 2281//2281 2280//2280 2283//2283
f 2286//2286 2287//2287 2282//2282
f 2284//2284 2287//2287 2289//2289
f 2290//2290 2291//2291 2288//2288
f 2289//2289 2292//2292 2293//2293
f 2287//2287 2291//2291 2292//2292
f 2298//2298 2299//2299 2297//2297
f 2297//2297 2300//2300 2295//2295
f 2296//2296 2302//2302 2299//2299
f 2302//2302 2301//2301 2307//2307
f 2297//2297 2303//2303 2300//2300
f 2302//2302 2305//2305 2297//2297
f 2305//2305 2307//2307 2308//2308
f 2303//2303 2310//2310 2311//2311
f 2308//2308 2309//2309 2310//2310
f 2304//2304 2312//2312 2309//2309
f 2309//2309 2313//2313 2310//2310
f 2312//2312 2313//2313 2309//2309
f 2311//2311 2310//2310 2314//2314
f 2310//2310 2317//2317 2316//2316
f 2310//2310 2313//2313 2317//2317
f 2314//2314 2316//2316 2318//2318
f 2316//2316 2321//2321 2320//2320
f 2317//2317 2321//2321 2316//2316
f 2321//2321 2319//2319 2322//2322
f 2320//2320 2323//2323 2318//2318
f 2321//2321 2323//2323 2320//2320
f 2321//2321 2325//2325 2323//2323
f 2322//2322 2324//2324 2327//2327
f 2325//2325 2328//2328 2323//2323
f 2327//2327 2330//2330 2325//2325
f 2327//2327 2329//2329 2330//2330
f 2330//2330 2333//2333 2325//2325
f 2329//2329 2332//2332 2330//2330
f 2330//2330 2332//2332 2335//2335
f 2335//2335 2336//2336 2333//2333
f 2336//2336 2337//2337 2331//2331
f 2337//2337 2336//2336 2338//2338
f 2335//2335 2339//2339 2340//2340
f 2340//2340 2341//2341 2336//2336
f 2338//2338 2341//2341 2345//2345
f 2342//2342 2345//2345 2347//2347
f 2343//2343 2351//2351 2341//2341
f 2344//2344 2350//2350 2352//2352
f 2348//2348 2354//2354 2350//2350
f 2353//2353 2355//2355 2348//2348
f 2356//2356 2354//2354 2355//2355
f 2354//2354 2357//2357 2352//2352
f 2354//2354 2360//2360 2359//2359
f 2356//2356 2358//2358 2360//2360
f 2360//2360 2362//2362 2363//2363
f 2364//2364 2365//2365 2361//2361
f 2364//2364 2367//2367 2365//2365
f 2363//2363 2362//2362 2367//2367
f 2362//2362 2366//2366 2368//2368
f 2368//2368 2366//2366 2369//2369
f 2368//2368 2370//2370 2367//2367
f 2369//2369 2372//2372 2368//2368
f 2369//2369 2371//2371 2373//2373
f 2373//2373 2374//2374 2372//2372
f 2374//2374 2375//2375 2370//2370
f 2373//2373 2376//2376 2377//2377
f 2377//2377 2378//2378 2374//2374
f 2375//2375 2379//2379 2380//2380
f 2377//2377 2379//2379 2378//2378
f 2377//2377 2381//2381 2382//2382
f 2380//2380 2379//2379 2383//2383
f 2379//2379 2382//2382 2385//2385
f 2384//2384 2386//2386 2382//2382
f 2384//2384 2387//2387 2386//2386
f 2385//2385 2389//2389 2383//2383
f 2387//2387 2388//2388 2385//2385
f 2387//2387 2390//2390 2391//2391
f 2388//2388 2393//2393 2389//2389
f 2391//2391 2392//2392 2388//2388
f 2391//2391 2395//2395 2392//2392
f 2395//2395 2396//2396 2393//2393
f 2391//2391 2397//2397 2398//2398
f 2403//2403 2398//2398 2397//2397
f 2403//2403 2400//2400 2399//2399
f 2401//2401 2402//2402 2395//2395
f 2400//2400 2401//2401 2395//2395
f 2403//2403 2404//2404 2400//2400
f 2407//2407 2404//2404 2403//2403
f 2401//2401 2404//2404 2405//2405
f 2405//2405 2409//2409 2406//2406
f 2405//2405 2411//2411 2408//2408
f 2413//2413 2417//2417 2415//2415
f 2414//2414 2416//2416 2412//2412
f 2418//2418 2419//2419 2414//2414
f 2415//2415 2417//2417 2418//2418
f 2419//2419 2420//2420 2416//2416
f 2420//2420 2419//2419 2422//2422
f 2421//2421 2424//2424 2418//2418
f 2419//2419 2424//2424 2425//2425
f 2424//2424 2427//2427 2425//2425
f 2426//2426 2430//2430 2423//2423
f 2424//2424 2431//2431 2427//2427
f 2424//2424 2430//2430 2431//2431
f 2427//2427 2435//2435 2434//2434
f 2430//2430 2433//2433 2431//2431
f 2435//2435 2433//2433 2438//2438
f 2438//2438 2439//2439 2436//2436
f 2438//2438 2440//2440 2439//2439
f 2437//2437 2440//2440 2433//2433
f 2439//2439 2441//2441 2436//2436
f 2445//2445 2447//2447 2440//2440
f 2444//2444 2449//2449 2446//2446
f 2444//2444 2452//2452 2449//2449
f 2442//2442 2451//2451 2452//2452
f 2451//2451 2453//2453 2452//2452
f 2450//2450 2454//2454 2455//2455
f 2453//2453 2454//2454 2449//2449
f 2453//2453 2456//2456 2457//2457
f 2455//2455 2454//2454 2458//2458
f 2457//2457 2460//2460 2454//2454
f 2458//2458 2460//2460 2461//2461
f 2461//2461 2463//2463 2464//2464
f 2460//2460 2466//2466 2463//2463
f 2462//2462 2466//2466 2457//2457
f 2463//2463 2471//2471 2467//2467
f 2469//2469 2470//2470 2463//2463
f 2469//2469 2472//2472 2473//2473
f 2471//2471 2474//2474 2475//2475
f 2473//2473 2474//2474 2470//2470
f 2473//2473 2476//2476 2477//2477
f 2478//2478 2475//2475 2474//2474
f 2474//2474 2477//2477 2478//2478
f 2482//2482 2483//2483 2479//2479
f 2485//2485 2486//2486 2483//2483
f 2490//2490 2494//2494 2492//2492
f 2491//2491 2494//2494 2495//2495
f 2489//2489 2496//2496 2493//2493
f 2489//2489 2498//2498 2496//2496
f 2489//2489 2495//2495 2498//2498
f 2497//2497 2495//2495 2494//2494
f 2498//2498 2499//2499 2500//2500
f 2495//2495 2497//2497 2499//2499
f 2500//2500 2501//2501 2496//2496
f 2500//2500 2503//2503 2501//2501
f 2499//2499 2502//2502 2504//2504
f 2501//2501 2503//2503 2505//2505
f 2504//2504 2506//2506 2507//2507
f 2507//2507 2508//2508 2503//2503
f 2505//2505 2508//2508 2509//2509
f 2506//2506 2511//2511 2507//2507
f 2508//2508 2511//2511 2512//2512
f 2509//2509 2512//2512 2513//2513
f 2511//2511 2515//2515 2512//2512
f 2510//2510 2515//2515 2511//2511
f 2512//2512 2516//2516 2513//2513
f 2514//2514 2518//2518 2515//2515
f 2516//2516 2519//2519 2513//2513
f 2519//2519 2520//2520 2517//2517
f 2518//2518 2522//2522 2516//2516
f 2522//2522 2523//2523 2519//2519
f 2523//2523 2524//2524 2520//2520
f 2522//2522 2525//2525 2526//2526
f 2524//2524 2523//2523 2527//2527
f 2528//2528 2526//2526 2525//2525
f 2529//2529 2530//2530 2523//2523
f 2532//2532 2534//2534 2531//2531
f 2536//2536 2537//2537 2532//2532
f 2536//2536 2538//2538 2537//2537
f 2535//2535 2533//2533 2538//2538
f 2537//2537 2540//2540 2532//2532
f 2538//2538 2539//2539 2537//2537
f 2539//2539 2540//2540 2537//2537
f 2538//2538 2542//2542 2539//2539
f 2541//2541 2542//2542 2538//2538
f 2539//2539 2543//2543 2540//2540
f 2543//2543 2544//2544 2540//2540
f 2545//2545 2547//2547 2542//2542
f 2543//2543 2547//2547 2546//2546
f 2547//2547 2548//2548 2546//2546
f 2547//2547 2545//2545 2551//2551
f 2548//2548 2544//2544 2546//2546
f 2548//2548 2554//2554 2552//2552
f 2551//2551 2550//2550 2554//2554
f 2550//2550 2553//2553 2555//2555
f 2552//2552 2554//2554 2556//2556
f 2556//2556 2557//2557 2552//2552
f 2558//2558 2559//2559 2555//2555
f 2557//2557 2560//2560 2561//2561
f 2556//2556 2559//2559 2560//2560
f 2560//2560 2559//2559 2563//2563
f 2563//2563 2564//2564 2561//2561
f 2559//2559 2565//2565 2566//2566
f 2574//2574 2573//2573 2569//2569
f 2575//2575 2579//2579 2576//2576
f 2578//2578 2577//2577 2581//2581
f 2580//2580 2582//2582 2577//2577
f 2581//2581 2583//2583 2579//2579
f 2581//2581 2582//2582 2585//2585
f 2584//2584 2586//2586 2582//2582
f 2589//2589 2591//2591 2587//2587
f 2589//2589 2594//2594 2593//2593
f 2592//2592 2594//2594 2590//2590
f 2591//2591 2593//2593 2595//2595
f 2594//2594 2597//2597 2593//2593
f 2594//2594 2596//2596 2598//2598
f 2597//2597 2599//2599 2595//2595
f 2597//2597 2601//2601 2599//2599
f 2601//2601 2605//2605 2602//2602
f 2604//2604 2607//2607 2601//2601
f 2605//2605 2611//2611 2608//2608
f 2607//2607 2610//2610 2611//2611
f 2606//2606 2610//2610 2604//2604
f 2611//2611 2612//2612 2608//2608
f 2610//2610 2614//2614 2611//2611
f 2610//2610 2613//2613 2616//2616
f 2616//2616 2617//2617 2614//2614
f 2615//2615 2612//2612 2618//2618
f 2612//2612 2617//2617 2620//2620
f 2617//2617 2621//2621 2620//2620
f 2617//2617 2619//2619 2621//2621
f 2620//2620 2622//2622 2618//2618
f 2621//2621 2623//2623 2624//2624
f 2620//2620 2624//2624 2626//2626
f 2626//2626 2628//2628 2622//2622
f 2624//2624 2632//2632 2626//2626
f 2625//2625 2634//2634 2633//2633
f 2631//2631 2634//2634 2625//2625
f 2633//2633 2636//2636 2627//2627
f 2634//2634 2635//2635 2633//2633
f 2629//2629 2637//2637 2638//2638
f 2635//2635 2639//2639 2636//2636
f 2636//2636 2639//2639 2642//2642
f 2641//2641 2639//2639 2638//2638
f 2640//2640 2644//2644 2645//2645
f 2643//2643 2644//2644 2642//2642
f 2646//2646 2643//2643 2641//2641
f 2644//2644 2647//2647 2645//2645
f 2644//2644 2643//2643 2649//2649
f 2648//2648 2650//2650 2643//2643
f 2649//2649 2651//2651 2647//2647
f 2649//2649 2653//2653 2651//2651
f 2650//2650 2655//2655 2649//2649
f 2650//2650 2654//2654 2656//2656
f 2656//2656 2657//2657 2655//2655
f 2656//2656 2654//2654 2658//2658
f 2653//2653 2657//2657 2659//2659
f 2659//2659 2661//2661 2662//2662
f 2658//2658 2661//2661 2657//2657
f 2658//2658 2663//2663 2664//2664
f 2676//2676 2675//2675 2677//2677
f 2673//2673 2679//2679 2674//2674
f 2673//2673 2677//2677 2678//2678
f 2680//2680 2681//2681 2677//2677
f 2690//2690 2693//2693 2691//2691
f 2697//2697 2699//2699 2696//2696
f 2696//2696 2704//2704 2697//2697
f 2701//2701 2703//2703 2704//2704
f 2704//2704 2705//2705 2697//2697
f 2705//2705 2702//2702 2697//2697
f 2702//2702 2705//2705 2707//2707
f 2705//2705 2711//2711 2707//2707
f 2706//2706 2711//2711 2705//2705
f 2710//2710 2711//2711 2706//2706
f 2707//2707 2713//2713 2709//2709
f 2711//2711 2712//2712 2707//2707
f 2714//2714 2715//2715 2711//2711
f 2712//2712 2716//2716 2713//2713
f 2715//2715 2718//2718 2712//2712
f 2714//2714 2717//2717 2715//2715
f 2718//2718 2720//2720 2716//2716
f 2715//2715 2720//2720 2718//2718
f 2717//2717 2719//2719 2715//2715
f 2720//2720 2721//2721 2716//2716
f 2719//2719 2722//2722 2723//2723
f 2723//2723 2724//2724 2720//2720
f 2721//2721 2724//2724 2725//2725
f 2724//2724 2728//2728 2727//2727
f 2723//2723 2726//2726 2728//2728
f 2727//2727 2729//2729 2725//2725
f 2726//2726 2730//2730 2728//2728
f 2727//2727 2728//2728 2731//2731
f 2729//2729 2731//2731 2732//2732
f 2733//2733 2734//2734 2728//2728
f 2731//2731 2734//2734 2735//2735
f 2735//2735 2737//2737 2732//2732
f 2734//2734 2739//2739 2741//2741
f 2736//2736 2743//2743 2738//2738
f 2742//2742 2745//2745 2736//2736
f 2740//2740 2746//2746 2744//2744
f 2743//2743 2746//2746 2740//2740
f 2743//2743 2748//2748 2746//2746
f 2743//2743 2745//2745 2748//2748
f 2746//2746 2748//2748 2749//2749
f 2745//2745 2750//2750 2751//2751
f 2750//2750 2754//2754 2751//2751
f 2748//2748 2755//2755 2752//2752
f 2748//2748 2754//2754 2755//2755
f 2755//2755 2756//2756 2752//2752
f 2754//2754 2757//2757 2758//2758
f 2756//2756 2759//2759 2760//2760
f 2758//2758 2759//2759 2755//2755
f 2759//2759 2763//2763 2760//2760
f 2762//2762 2761//2761 2765//2765
f 2761//2761 2764//2764 2765//2765
f 2765//2765 2766//2766 2762//2762
f 2764//2764 2767//2767 2765//2765
f 2768//2768 2763//2763 2766//2766
f 2767//2767 2768//2768 2766//2766
f 2770//2770 2767//2767 2764//2764
f 2770//2770 2772//2772 2771//2771
f 2772//2772 2774//2774 2773//2773
f 2778//2778 2775//2775 2774//2774
f 2777//2777 2778//2778 2774//2774
f 2781//2781 2777//2777 2776//2776
f 2782//2782 2780//2780 2778//2778
f 2779//2779 2782//2782 2778//2778
f 2781//2781 2783//2783 2779//2779
f 2782//2782 2787//2787 2786//2786
f 2792//2792 2790//2790 2788//2788
f 2789//2789 2791//2791 2794//2794
f 2795//2795 2796//2796 2790//2790
f 2794//2794 2797//2797 2798//2798
f 2798//2798 2799//2799 2795//2795
f 2798//2798 2797//2797 2800//2800
f 2799//2799 2801//2801 2796//2796
f 2799//2799 2805//2805 2801//2801
f 2801//2801 2805//2805 2806//2806
f 2805//2805 2804//2804 2809//2809
f 2809//2809 2810//2810 2805//2805
f 2806//2806 2811//2811 2808//2808
f 2810//2810 2811//2811 2806//2806
f 2811//2811 2813//2813 2808//2808
f 2814//2814 2817//2817 2812//2812
f 2815//2815 2816//2816 2813//2813
f 2811//2811 2817//2817 2818//2818
f 2818//2818 2820//2820 2823//2823
f 2823//2823 2821//2821 2815//2815
f 2821//2821 2827//2827 2826//2826
f 2823//2823 2825//2825 2827//2827
f 2824//2824 2826//2826 2828//2828
f 2829//2829 2830//2830 2827//2827
f 2830//2830 2831//2831 2826//2826
f 2830//2830 2833//2833 2834//2834
f 2834//2834 2835//2835 2828//2828
f 2834//2834 2836//2836 2835//2835
f 2832//2832 2836//2836 2837//2837
f 2834//2834 2838//2838 2839//2839
f 2839//2839 2840//2840 2836//2836
f 2837//2837 2840//2840 2841//2841
f 2838//2838 2844//2844 2839//2839
f 2844//2844 2845//2845 2840//2840
f 2841//2841 2847//2847 2843//2843
f 2845//2845 2846//2846 2841//2841
f 2846//2846 2850//2850 2847//2847
f 2846//2846 2845//2845 2849//2849
f 2851//2851 2852//2852 2845//2845
f 2853//2853 2855//2855 2850//2850
f 2852//2852 2854//2854 2853//2853
f 2852//2852 2856//2856 2857//2857
f 2858//2858 2861//2861 2862//2862
f 2857//2857 2861//2861 2860//2860
f 2864//2864 2861//2861 2857//2857
f 2863//2863 2864//2864 2857//2857
f 2865//2865 2866//2866 2862//2862
f 2869//2869 2865//2865 2864//2864
f 2864//2864 2867//2867 2869//2869
f 2869//2869 2870//2870 2868//2868
f 2879//2879 2878//2878 2874//2874
f 2879//2879 2880//2880 2878//2878
f 2878//2878 2884//2884 2881//2881
f 2884//2884 2887//2887 2885//2885
f 2883//2883 2887//2887 2884//2884
f 2882//2882 2886//2886 2888//2888
f 2887//2887 2889//2889 2885//2885
f 2885//2885 2889//2889 2890//2890
f 2888//2888 2891//2891 2892//2892
f 2889//2889 2893//2893 2890//2890
f 2889//2889 2892//2892 2897//2897
f 2892//2892 2896//2896 2897//2897
f 2893//2893 2897//2897 2898//2898
f 2899//2899 2901//2901 2896//2896
f 2898//2898 2904//2904 2902//2902
f 2900//2900 2901//2901 2904//2904
f 2899//2899 2905//2905 2901//2901
f 2901//2901 2905//2905 2904//2904
f 2903//2903 2909//2909 2905//2905
f 2908//2908 2912//2912 2909//2909
f 2912//2912 2914//2914 2906//2906
f 2911//2911 2917//2917 2912//2912
f 2914//2914 2919//2919 2910//2910
f 2921//2921 2918//2918 2913//2913
f 2916//2916 2923//2923 2921//2921
f 2920//2920 2923//2923 2916//2916
f 2921//2921 2925//2925 2918//2918
f 2926//2926 2927//2927 2923//2923
f 2924//2924 2929//2929 2925//2925
f 2924//2924 2927//2927 2928//2928
f 2928//2928 2927//2927 2931//2931
f 2931//2931 2932//2932 2929//2929
f 2930//2930 2934//2934 2927//2927
f 2931//2931 2935//2935 2932//2932
f 2933//2933 2938//2938 2934//2934
f 2931//2931 2938//2938 2937//2937
f 2937//2937 2939//2939 2935//2935
f 2938//2938 2940//2940 2941//2941
f 2937//2937 2943//2943 2939//2939
f 2941//2941 2942//2942 2937//2937
f 2941//2941 2944//2944 2945//2945
f 2949//2949 2945//2945 2944//2944
f 2947//2947 2952//2952 2948//2948
f 2947//2947 2951//2951 2950//2950
f 2953//2953 2951//2951 2946//2946
f 2957//2957 2958//2958 2954//2954
f 2961//2961 2967//2967 2965//2965
f 2963//2963 2967//2967 2964//2964
f 2962//2962 2969//2969 2963//2963
f 2967//2967 2972//2972 2970//2970
f 2968//2968 2970//2970 2976//2976
f 2972//2972 2977//2977 2973//2973
f 2973//2973 2977//2977 2980//2980
f 2977//2977 2979//2979 2980//2980
f 2978//2978 2981//2981 2983//2983
f 2974//2974 2980//2980 2981//2981
f 2979//2979 2985//2985 2980//2980
f 2982//2982 2988//2988 2984//2984
f 2981//2981 2985//2985 2989//2989
f 2988//2988 2990//2990 2984//2984
f 2990//2990 2991//2991 2989//2989
f 2990//2990 2988//2988 2992//2992
f 2986//2986 2991//2991 2993//2993
f 2991//2991 2992//2992 2995//2995
f 2991//2991 2997//2997 2993//2993
f 2994//2994 3001//3001 2992//2992
f 3000//3000 2998//2998 3003//3003
f 2996//2996 3004//3004 3005//3005
f 2998//2998 3005//3005 3006//3006
f 3003//3003 3006//3006 3007//3007
f 3004//3004 3009//3009 3005//3005
f 3007//3007 3010//3010 3011//3011
f 3006//3006 3013//3013 3010//3010
f 3009//3009 3013//3013 3006//3006
f 3008//3008 3013//3013 3009//3009
f 3011//3011 3014//3014 3015//3015
f 3010//3010 3013//3013 3014//3014
f 3013//3013 3017//3017 3014//3014
f 3016//3016 3017//3017 3013//3013
f 3018//3018 3015//3015 3014//3014
f 3017//3017 3018//3018 3014//3014
f 3017//3017 3016//3016 3019//3019
f 3018//3018 3022//3022 3020//3020
f 3019//3019 3023//3023 3024//3024
f 3024//3024 3025//3025 3018//3018
f 3022//3022 3025//3025 3026//3026
f 3027//3027 3028//3028 3024//3024
f 3029//3029 3026//3026 3025//3025
f 3028//3028 3029//3029 3025//3025
f 3027//3027 3030//3030 3028//3028
f 3033//3033 3034//3034 3029//3029
f 3030//3030 3033//3033 3029//3029
f 3033//3033 3037//3037 3036//3036
f 3043//3043 3042//3042 3040//3040
f 3044//3044 3046//3046 3042//3042
f 3040//3040 3047//3047 3045//3045
f 3047//3047 3048//3048 3045//3045
f 3047//3047 3042//3042 3048//3048
f 3045//3045 3048//3048 3049//3049
f 3042//3042 3051//3051 3048//3048
f 3042//3042 3050//3050 3051//3051
f 3050//3050 3053//3053 3054//3054
f 3051//3051 3058//3058 3052//3052
f 3051//3051 3054//3054 3058//3058
f 3054//3054 3055//3055 3058//3058
f 3053//3053 3055//3055 3054//3054
f 3058//3058 3056//3056 3052//3052
f 3058//3058 3061//3061 3056//3056
f 3055//3055 3061//3061 3058//3058
f 3056//3056 3062//3062 3059//3059
f 3061//3061 3062//3062 3056//3056
f 3061//3061 3060//3060 3064//3064
f 3063//3063 3066//3066 3060//3060
f 3062//3062 3067//3067 3068//3068
f 3064//3064 3066//3066 3067//3067
f 3065//3065 3068//3068 3069//3069
f 3067//3067 3071//3071 3068//3068
f 3067//3067 3066//3066 3071//3071
f 3066//3066 3070//3070 3072//3072
f 3072//3072 3073//3073 3071//3071
f 3073//3073 3074//3074 3069//3069
f 3072//3072 3077//3077 3073//3073
f 3072//3072 3075//3075 3077//3077
f 3073//3073 3077//3077 3078//3078
f 3074//3074 3079//3079 3076//3076
f 3074//3074 3078//3078 3079//3079
f 3078//3078 3083//3083 3081//3081
f 3080//3080 3083//3083 3077//3077
f 3081//3081 3079//3079 3078//3078
f 3081//3081 3083//3083 3084//3084
f 3079//3079 3084//3084 3085//3085
f 3082//3082 3085//3085 3086//3086
f 3083//3083 3087//3087 3088//3088
f 3084//3084 3088//3088 3085//3085
f 3088//3088 3087//3087 3096//3096
f 3086//3086 3090//3090 3092//3092
f 3085//3085 3096//3096 3090//3090
f 3095//3095 3097//3097 3089//3089
f 3093//3093 3098//3098 3099//3099
f 3091//3091 3098//3098 3093//3093
f 3101//3101 3102//3102 3097//3097
f 3101//3101 3100//3100 3104//3104
f 3100//3100 3103//3103 3104//3104
f 3102//3102 3101//3101 3105//3105
f 3103//3103 3107//3107 3104//3104
f 3106//3106 3107//3107 3103//3103
f 3101//3101 3107//3107 3108//3108
f 3105//3105 3109//3109 3110//3110
f 3108//3108 3112//3112 3109//3109
f 3106//3106 3112//3112 3107//3107
f 3109//3109 3114//3114 3110//3110
f 3109//3109 3116//3116 3113//3113
f 3112//3112 3115//3115 3116//3116
f 3113//3113 3119//3119 3114//3114
f 3113//3113 3118//3118 3117//3117
f 3116//3116 3120//3120 3118//3118
f 3117//3117 3122//3122 3119//3119
f 3118//3118 3121//3121 3117//3117
f 3120//3120 3123//3123 3124//3124
f 3122//3122 3121//3121 3127//3127
f 3124//3124 3125//3125 3121//3121
f 3124//3124 3128//3128 3126//3126
f 3134//3134 3131//3131 3130//3130
f 3138//3138 3140//3140 3131//3131
f 3135//3135 3138//3138 3131//3131
f 3142//3142 3144//3144 3140//3140
f 3145//3145 3143//3143 3141//3141
f 3146//3146 3148//3148 3144//3144
f 3149//3149 3147//3147 3145//3145
f 3156//3156 3155//3155 3154//3154
f 3153//3153 3155//3155 3156//3156
f 3150//3150 3155//3155 3157//3157
f 3153//3153 3158//3158 3155//3155
f 3157//3157 3159//3159 3152//3152
f 3158//3158 3161//3161 3157//3157
f 3160//3160 3164//3164 3158//3158
f 3161//3161 3164//3164 3165//3165
f 3164//3164 3163//3163 3168//3168
f 3165//3165 3166//3166 3162//3162
f 3168//3168 3169//3169 3165//3165
f 3169//3169 3170//3170 3166//3166
f 3168//3168 3171//3171 3172//3172
f 3170//3170 3173//3173 3174//3174
f 3170//3170 3169//3169 3173//3173
f 3171//3171 3175//3175 3172//3172
f 3172//3172 3173//3173 3169//3169
f 3172//3172 3176//3176 3173//3173
f 3175//3175 3176//3176 3172//3172
f 3173//3173 3181//3181 3179//3179
f 3175//3175 3181//3181 3176//3176
f 3179//3179 3181//3181 3182//3182
f 3179//3179 3183//3183 3177//3177
f 3182//3182 3183//3183 3179//3179
f 3183//3183 3184//3184 3180//3180
f 3185//3185 3186//3186 3182//3182
f 3183//3183 3187//3187 3184//3184
f 3187//3187 3189//3189 3190//3190
f 3186//3186 3193//3193 3189//3189
f 3186//3186 3191//3191 3193//3193
f 3192//3192 3194//3194 3190//3190
f 3192//3192 3193//3193 3197//3197
f 3196//3196 3198//3198 3194//3194
f 3193//3193 3199//3199 3197//3197
f 3199//3199 3200//3200 3197//3197
f 3200//3200 3201//3201 3196//3196
f 3200//3200 3199//3199 3203//3203
f 3198//3198 3204//3204 3202//3202
f 3203//3203 3205//3205 3201//3201
f 3204//3204 3206//3206 3202//3202
f 3204//3204 3205//3205 3208//3208
f 3205//3205 3207//3207 3208//3208
f 3204//3204 3208//3208 3209//3209
f 3206//3206 3209//3209 3212//3212
f 3207//3207 3210//3210 3208//3208
f 3211//3211 3214//3214 3212//3212
f 3216//3216 3220//3220 3219//3219
f 3216//3216 3218//3218 3221//3221
f 3225//3225 3226//3226 3224//3224
f 3223//3223 3227//3227 3225//3225
f 3222//3222 3226//3226 3228//3228
f 3227//3227 3230//3230 3226//3226
f 3227//3227 3229//3229 3231//3231
f 3235//3235 3236//3236 3234//3234
f 3233//3233 3236//3236 3235//3235
f 3232//3232 3239//3239 3237//3237
f 3234//3234 3236//3236 3239//3239
f 3239//3239 3242//3242 3237//3237
f 3236//3236 3241//3241 3239//3239
f 3239//3239 3245//3245 3243//3243
f 3242//3242 3244//3244 3240//3240
f 3246//3246 3248//3248 3244//3244
f 3246//3246 3247//3247 3250//3250
f 3250//3250 3248//3248 3246//3246
f 3250//3250 3251//3251 3248//3248
f 3247//3247 3253//3253 3254//3254
f 3254//3254 3255//3255 3250//3250
f 3254//3254 3253//3253 3260//3260
f 3255//3255 3260//3260 3257//3257
f 3262//3262 3263//3263 3256//3256
f 3264//3264 3266//3266 3261//3261
f 3262//3262 3267//3267 3263//3263
f 3262//3262 3266//3266 3268//3268
f 3268//3268 3266//3266 3269//3269
f 3265//3265 3270//3270 3271//3271
f 3269//3269 3270//3270 3267//3267
f 3273//3273 3274//3274 3271//3271
f 3273//3273 3277//3277 3274//3274
f 3273//3273 3269//3269 3276//3276
f 3280//3280 3285//3285 3284//3284
f 3281//3281 3283//3283 3286//3286
f 3282//3282 3284//3284 3285//3285
f 3283//3283 3289//3289 3286//3286
f 3287//3287 3288//3288 3284//3284
f 3288//3288 3291//3291 3283//3283
f 3291//3291 3294//3294 3289//3289
f 3288//3288 3295//3295 3293//3293
f 3294//3294 3297//3297 3292//3292
f 3294//3294 3299//3299 3297//3297
f 3296//3296 3301//3301 3299//3299
f 3298//3298 3301//3301 3293//3293
f 3297//3297 3302//3302 3300//3300
f 3299//3299 3302//3302 3297//3297
f 3299//3299 3301//3301 3304//3304
f 3301//3301 3303//3303 3305//3305
f 3305//3305 3307//3307 3304//3304
f 3302//3302 3307//3307 3312//3312
f 3310//3310 3307//3307 3305//3305
f 3309//3309 3314//3314 3306//3306
f 3314//3314 3317//3317 3311//3311
f 3315//3315 3316//3316 3314//3314
f 3318//3318 3315//3315 3309//3309
f 3317//3317 3319//3319 3320//3320
f 3316//3316 3319//3319 3317//3317
f 3315//3315 3319//3319 3316//3316
f 3319//3319 3315//3315 3322//3322
f 3315//3315 3321//3321 3322//3322
f 3321//3321 3323//3323 3322//3322
f 3324//3324 3328//3328 3325//3325
f 3329//3329 3330//3330 3325//3325
f 3332//3332 3325//3325 3328//3328
f 3331//3331 3332//3332 3328//3328
f 3337//3337 3345//3345 3343//3343
f 3339//3339 3344//3344 3346//3346
f 3345//3345 3347//3347 3343//3343
f 3346//3346 3349//3349 3345//3345
f 3349//3349 3350//3350 3347//3347
f 3346//3346 3351//3351 3352//3352
f 3352//3352 3353//3353 3349//3349
f 3351//3351 3354//3354 3352//3352
f 3350//3350 3353//3353 3357//3357
f 3354//3354 3357//3357 3353//3353
f 3354//3354 3359//3359 3357//3357
f 3354//3354 3360//3360 3359//3359
f 3356//3356 3358//3358 3360//3360
f 3357//3357 3361//3361 3362//3362
f 3359//3359 3366//3366 3361//3361
f 3359//3359 3363//3363 3368//3368
f 3365//3365 3368//3368 3363//3363
f 3364//3364 3369//3369 3367//3367
f 3364//3364 3371//3371 3369//3369
f 3366//3366 3372//3372 3371//3371
f 3370//3370 3372//3372 3368//3368
f 3371//3371 3373//3373 3369//3369
f 3372//3372 3375//3375 3371//3371
f 3373//3373 3375//3375 3376//3376
f 3374//3374 3378//3378 3372//3372
f 3375//3375 3378//3378 3379//3379
f 3379//3379 3382//3382 3376//3376
f 3378//3378 3382//3382 3379//3379
f 3378//3378 3381//3381 3386//3386
f 3383//3383 3388//3388 3380//3380
f 3387//3387 3390//3390 3383//3383
f 3385//3385 3391//3391 3389//3389
f 3385//3385 3388//3388 3393//3393
f 3388//3388 3392//3392 3395//3395
f 3391//3391 3396//3396 3394//3394
f 3393//3393 3398//3398 3396//3396
f 3394//3394 3396//3396 3399//3399
f 3396//3396 3402//3402 3401//3401
f 3400//3400 3402//3402 3398//3398
f 3401//3401 3403//3403 3399//3399
f 3401//3401 3407//3407 3405//3405
f 3404//3404 3407//3407 3402//3402
f 3405//3405 3408//3408 3403//3403
f 3407//3407 3409//3409 3405//3405
f 3406//3406 3408//3408 3410//3410
f 3408//3408 3409//3409 3412//3412
f 3411//3411 3413//3413 3409//3409
f 3413//3413 3414//3414 3412//3412
f 3414//3414 3415//3415 3410//3410
f 3413//3413 3416//3416 3417//3417
f 3414//3414 3417//3417 3418//3418
f 3425//3425 3424//3424 3422//3422
f 3426//3426 3429//3429 3424//3424
f 3431//3431 3434//3434 3429//3429
f 3435//3435 3433//3433 3430//3430
f 3432//3432 3434//3434 3438//3438
f 3436//3436 3439//3439 3433//3433
f 3438//3438 3440//3440 3436//3436
f 3439//3439 3441//3441 3437//3437
f 3442//3442 3445//3445 3440//3440
f 3441//3441 3439//3439 3446//3446
f 3439//3439 3445//3445 3446//3446
f 3443//3443 3446//3446 3447//3447
f 3444//3444 3449//3449 3445//3445
f 3449//3449 3450//3450 3446//3446
f 3452//3452 3455//3455 3449//3449
f 3453//3453 3456//3456 3451//3451
f 3456//3456 3458//3458 3454//3454
f 3453//3453 3460//3460 3456//3456
f 3459//3459 3460//3460 3453//3453
f 3457//3457 3462//3462 3459//3459
f 3460//3460 3463//3463 3456//3456
f 3460//3460 3462//3462 3464//3464
f 3463//3463 3467//3467 3461//3461
f 3462//3462 3468//3468 3466//3466
f 3464//3464 3467//3467 3463//3463
f 3464//3464 3466//3466 3469//3469
f 3469//3469 3470//3470 3467//3467
f 3465//3465 3470//3470 3471//3471
f 3466//3466 3473//3473 3469//3469
f 3471//3471 3470//3470 3474//3474
f 3475//3475 3476//3476 3473//3473
f 3470//3470 3477//3477 3474//3474
f 3476//3476 3479//3479 3477//3477
f 3475//3475 3481//3481 3476//3476
f 3480//3480 3482//3482 3475//3475
f 3484//3484 3488//3488 3489//3489
f 3486//3486 3488//3488 3487//3487
f 3486//3486 3490//3490 3491//3491
f 3493//3493 3496//3496 3492//3492
f 3495//3495 3497//3497 3493//3493
f 3500//3500 3502//3502 3498//3498
f 3501//3501 3506//3506 3504//3504
f 3500//3500 3504//3504 3502//3502
f 3505//3505 3507//3507 3508//3508
f 3506//3506 3509//3509 3511//3511
f 3510//3510 3508//3508 3512//3512
f 3507//3507 3514//3514 3508//3508
f 3508//3508 3514//3514 3515//3515
f 3513//3513 3516//3516 3517//3517
f 3514//3514 3518//3518 3515//3515
f 3514//3514 3520//3520 3518//3518
f 3514//3514 3517//3517 3520//3520
f 3520//3520 3521//3521 3518//3518
f 3517//3517 3524//3524 3521//3521
f 3517//3517 3519//3519 3524//3524
f 3521//3521 3522//3522 3518//3518
f 3522//3522 3526//3526 3523//3523
f 3521//3521 3524//3524 3525//3525
f 3527//3527 3525//3525 3524//3524
f 3522//3522 3525//3525 3530//3530
f 3529//3529 3531//3531 3525//3525
f 3530//3530 3532//3532 3528//3528
f 3531//3531 3534//3534 3530//3530
f 3531//3531 3533//3533 3535//3535
f 3533//3533 3537//3537 3535//3535
f 3534//3534 3537//3537 3538//3538
f 3533//3533 3540//3540 3537//3537
f 3538//3538 3539//3539 3532//3532
f 3539//3539 3542//3542 3541//3541
f 3537//3537 3542//3542 3538//3538
f 3541//3541 3543//3543 3536//3536
f 3542//3542 3544//3544 3545//3545
f 3541//3541 3545//3545 3546//3546
f 3546//3546 3547//3547 3543//3543
f 3545//3545 3548//3548 3549//3549
f 3544//3544 3548//3548 3545//3545
f 3549//3549 3550//3550 3546//3546
f 3548//3548 3552//3552 3549//3549
f 3551//3551 3554//3554 3548//3548
f 3550//3550 3555//3555 3553//3553
f 3552//3552 3554//3554 3557//3557
f 3556//3556 3560//3560 3554//3554
f 3558//3558 3561//3561 3555//3555
f 3558//3558 3560//3560 3562//3562
f 3561//3561 3563//3563 3559//3559
f 3560//3560 3564//3564 3565//3565
f 3561//3561 3562//3562 3563//3563
f 3562//3562 3566//3566 3563//3563
f 3565//3565 3567//3567 3568//3568
f 3562//3562 3569//3569 3566//3566
f 3569//3569 3572//3572 3566//3566
f 3569//3569 3570//3570 3571//3571
f 3567//3567 3573//3573 3568//3568
f 3573//3573 3574//3574 3570//3570
f 3571//3571 3576//3576 3572//3572
f 3571//3571 3574//3574 3575//3575
f 3576//3576 3575//3575 3578//3578
f 3579//3579 3581//3581 3574//3574
f 3582//3582 3583//3583 3580//3580
f 3590//3590 3591//3591 3582//3582
f 3590//3590 3589//3589 3592//3592
f 3588//3588 3591//3591 3593//3593
f 3604//3604 3605//3605 3598//3598
f 3607//3607 3604//3604 3598//3598
f 3612//3612 3617//3617 3614//3614
f 3613//3613 3615//3615 3618//3618
f 3617//3617 3620//3620 3614//3614
f 3617//3617 3622//3622 3620//3620
f 3619//3619 3622//3622 3617//3617
f 3615//3615 3621//3621 3619//3619
f 3622//3622 3623//3623 3620//3620
f 3619//3619 3625//3625 3626//3626
f 3621//3621 3625//3625 3619//3619
f 3625//3625 3627//3627 3626//3626
f 3624//3624 3623//3623 3629//3629
f 3627//3627 3629//3629 3623//3623
f 3630//3630 3632//3632 3628//3628
f 3632//3632 3635//3635 3628//3628
f 3629//3629 3635//3635 3633//3633
f 3634//3634 3637//3637 3632//3632
f 3635//3635 3638//3638 3633//3633
f 3637//3637 3640//3640 3635//3635
f 3638//3638 3641//3641 3636//3636
f 3637//3637 3642//3642 3640//3640
f 3638//3638 3643//3643 3641//3641
f 3639//3639 3641//3641 3644//3644
f 3643//3643 3647//3647 3646//3646
f 3646//3646 3648//3648 3644//3644
f 3647//3647 3650//3650 3646//3646
f 3649//3649 3651//3651 3647//3647
f 3651//3651 3654//3654 3650//3650
f 3650//3650 3652//3652 3648//3648
f 3651//3651 3655//3655 3654//3654
f 3655//3655 3656//3656 3652//3652
f 3651//3651 3658//3658 3655//3655
f 3653//3653 3658//3658 3651//3651
f 3656//3656 3659//3659 3660//3660
f 3661//3661 3662//3662 3655//3655
f 3660//3660 3659//3659 3663//3663
f 3662//3662 3665//3665 3659//3659
f 3662//3662 3672//3672 3669//3669
f 3666//3666 3670//3670 3676//3676
f 3671//3671 3673//3673 3668//3668
f 3671//3671 3676//3676 3673//3673
f 3674//3674 3678//3678 3679//3679
f 3673//3673 3676//3676 3678//3678
f 3677//3677 3678//3678 3676//3676
f 3677//3677 3681//3681 3678//3678
f 3680//3680 3681//3681 3677//3677
f 3679//3679 3682//3682 3683//3683
f 3678//3678 3681//3681 3682//3682
f 3683//3683 3682//3682 3685//3685
f 3684//3684 3687//3687 3681//3681
f 3682//3682 3687//3687 3688//3688
f 3685//3685 3688//3688 3689//3689
f 3686//3686 3690//3690 3687//3687
f 3690//3690 3691//3691 3687//3687
f 3689//3689 3688//3688 3692//3692
f 3690//3690 3693//3693 3694//3694
f 3691//3691 3695//3695 3688//3688
f 3692//3692 3696//3696 3697//3697
f 3694//3694 3696//3696 3695//3695
f 3693//3693 3699//3699 3694//3694
f 3699//3699 3700//3700 3696//3696
f 3698//3698 3701//3701 3699//3699
f 3700//3700 3701//3701 3702//3702
f 3701//3701 3698//3698 3703//3703
f 3702//3702 3704//3704 3697//3697
f 3713//3713 3716//3716 3719//3719
f 3723//3723 3728//3728 3721//3721
f 3723//3723 3724//3724 3725//3725
f 3727//3727 3725//3725 3724//3724
f 3725//3725 3732//3732 3733//3733
f 3729//3729 3730//3730 3728//3728
f 3729//3729 3734//3734 3730//3730
f 3730//3730 3734//3734 3735//3735
f 3737//3737 3738//3738 3734//3734
f 3738//3738 3742//3742 3743//3743
f 3742//3742 3744//3744 3743//3743
f 3742//3742 3740//3740 3744//3744
f 3739//3739 3743//3743 3745//3745
f 3746//3746 3752//3752 3749//3749
f 3746//3746 3751//3751 3752//3752
f 3749//3749 3753//3753 3750//3750
f 3750//3750 3753//3753 3754//3754
f 3752//3752 3755//3755 3756//3756
f 3753//3753 3756//3756 3757//3757
f 3757//3757 3758//3758 3754//3754
f 3756//3756 3759//3759 3760//3760
f 3758//3758 3763//3763 3761//3761
f 3757//3757 3760//3760 3763//3763
f 3762//3762 3765//3765 3760//3760
f 3763//3763 3766//3766 3761//3761
f 3763//3763 3765//3765 3768//3768
f 3768//3768 3769//3769 3766//3766
f 3768//3768 3772//3772 3771//3771
f 3765//3765 3770//3770 3772//3772
f 3771//3771 3772//3772 3773//3773
f 3773//3773 3774//3774 3769//3769
f 3770//3770 3775//3775 3772//3772
f 3772//3772 3775//3775 3776//3776
f 3776//3776 3778//3778 3773//3773
f 3776//3776 3775//3775 3782//3782
f 3775//3775 3780//3780 3784//3784
f 3781//3781 3783//3783 3785//3785
f 3777//3777 3785//3785 3786//3786
f 3785//3785 3789//3789 3790//3790
f 3788//3788 3786//3786 3791//3791
f 3790//3790 3793//3793 3786//3786
f 3794//3794 3796//3796 3792//3792
f 3793//3793 3790//3790 3797//3797
f 3790//3790 3796//3796 3798//3798
f 3797//3797 3801//3801 3795//3795
f 3798//3798 3799//3799 3797//3797
f 3798//3798 3802//3802 3803//3803
f 3803//3803 3802//3802 3804//3804
f 3803//3803 3805//3805 3799//3799
f 3802//3802 3806//3806 3804//3804
f 3804//3804 3807//3807 3803//3803
f 3804//3804 3806//3806 3808//3808
f 3805//3805 3807//3807 3809//3809
f 3808//3808 3811//3811 3807//3807
f 3813//3813 3817//3817 3814//3814
f 3818//3818 3816//3816 3815//3815
f 3813//3813 3820//3820 3819//3819
f 3818//3818 3820//3820 3816//3816
f 3819//3819 3821//3821 3817//3817
f 3820//3820 3822//3822 3823//3823
f 3824//3824 3825//3825 3821//3821
f 3826//3826 3827//3827 3822//3822
f 3828//3828 3831//3831 3834//3834
f 3824//3824 3832//3832 3831//3831
f 3829//3829 3832//3832 3830//3830
f 3831//3831 3836//3836 3833//3833
f 3838//3838 3840//3840 3836//3836
f 3844//3844 3843//3843 3845//3845
f 3841//3841 3846//3846 3842//3842
f 3841//3841 3845//3845 3846//3846
f 3847//3847 3849//3849 3843//3843
f 3845//3845 3850//3850 3846//3846
f 3845//3845 3849//3849 3852//3852
f 3849//3849 3851//3851 3853//3853
f 3852//3852 3853//3853 3856//3856
f 3853//3853 3860//3860 3856//3856
f 3853//3853 3858//3858 3860//3860
f 3854//3854 3859//3859 3857//3857
f 3859//3859 3861//3861 3862//3862
f 3862//3862 3863//3863 3857//3857
f 3862//3862 3865//3865 3863//3863
f 3861//3861 3864//3864 3866//3866
f 3861//3861 3865//3865 3862//3862
f 3865//3865 3867//3867 3863//3863
f 3866//3866 3868//3868 3869//3869
f 3865//3865 3872//3872 3870//3870
f 3869//3869 3872//3872 3865//3865
f 3872//3872 3873//3873 3870//3870
f 3872//3872 3874//3874 3873//3873
f 3869//3869 3871//3871 3874//3874
f 3870//3870 3873//3873 3875//3875
f 3873//3873 3877//3877 3875//3875
f 3874//3874 3877//3877 3873//3873
f 3874//3874 3880//3880 3879//3879
f 3876//3876 3878//3878 3880//3880
f 3877//3877 3879//3879 3883//3883
f 3880//3880 3882//3882 3879//3879
f 3879//3879 3882//3882 3884//3884
f 3884//3884 3882//3882 3885//3885
f 3881//3881 3886//3886 3887//3887
f 3885//3885 3886//3886 3883//3883
f 3887//3887 3886//3886 3889//3889
f 3886//3886 3885//3885 3891//3891
f 3885//3885 3890//3890 3892//3892
f 3891//3891 3894//3894 3889//3889
f 3891//3891 3896//3896 3893//3893
f 3890//3890 3896//3896 3892//3892
f 3893//3893 3896//3896 3897//3897
f 3898//3898 3897//3897 3896//3896
f 3896//3896 3895//3895 3898//3898
f 3898//3898 3901//3901 3897//3897
f 3898//3898 3900//3900 3902//3902
f 3902//3902 3905//3905 3901//3901
f 3903//3903 3906//3906 3907//3907
f 3910//3910 3906//3906 3902//3902
f 3908//3908 3910//3910 3902//3902
f 3910//3910 3911//3911 3909//3909
f 3916//3916 3921//3921 3919//3919
f 3919//3919 3922//3922 3917//3917
f 3919//3919 3925//3925 3924//3924
f 3919//3919 3921//3921 3925//3925
f 3921//3921 3923//3923 3925//3925
f 3922//3922 3926//3926 3929//3929
f 3922//3922 3928//3928 3926//3926
f 3925//3925 3928//3928 3924//3924
f 3923//3923 3930//3930 3925//3925
f 3926//3926 3933//3933 3931//3931
f 3928//3928 3933//3933 3926//3926
f 3930//3930 3935//3935 3928//3928
f 3932//3932 3935//3935 3930//3930
f 3933//3933 3935//3935 3936//3936
f 3931//3931 3937//3937 3934//3934
f 3937//3937 3939//3939 3940//3940
f 3939//3939 3944//3944 3942//3942
f 3941//3941 3944//3944 3936//3936
f 3942//3942 3945//3945 3940//3940
f 3942//3942 3948//3948 3945//3945
f 3942//3942 3944//3944 3948//3948
f 3945//3945 3946//3946 3943//3943
f 3945//3945 3948//3948 3949//3949
f 3948//3948 3953//3953 3950//3950
f 3947//3947 3952//3952 3953//3953
f 3950//3950 3954//3954 3951//3951
f 3953//3953 3952//3952 3955//3955
f 3951//3951 3954//3954 3956//3956
f 3952//3952 3957//3957 3955//3955
f 3954//3954 3959//3959 3958//3958
f 3955//3955 3957//3957 3959//3959
f 3956//3956 3960//3960 3961//3961
f 3959//3959 3960//3960 3958//3958
f 3957//3957 3963//3963 3959//3959
f 3963//3963 3965//3965 3960//3960
f 3962//3962 3968//3968 3963//3963
f 3961//3961 3965//3965 3969//3969
f 3964//3964 3973//3973 3974//3974
f 3972//3972 3973//3973 3964//3964
f 3970//3970 3972//3972 3967//3967
f 3973//3973 3972//3972 3976//3976
f 3972//3972 3978//3978 3976//3976
f 3974//3974 3976//3976 3979//3979
f 3977//3977 3979//3979 3980//3980
f 3976//3976 3981//3981 3982//3982
f 3980//3980 3979//3979 3983//3983
f 3982//3982 3985//3985 3979//3979
f 3982//3982 3984//3984 3987//3987
f 3987//3987 3988//3988 3982//3982
f 3988//3988 3987//3987 3989//3989
f 3988//3988 3990//3990 3985//3985
f 3986//3986 3991//3991 3993//3993
f 3993//3993 3994//3994 3989//3989
f 3990//3990 3995//3995 3992//3992
f 3994//3994 3993//3993 3997//3997
f 3993//3993 3996//3996 3997//3997
f 3997//3997 3996//3996 3998//3998
f 3995//3995 3999//3999 4000//4000
f 3998//3998 3999//3999 3994//3994
f 3999//3999 4002//4002 4000//4000
f 3998//3998 4003//4003 4004//4004
f 4004//4004 4005//4005 3999//3999
f 4002//4002 4005//4005 4006//4006
f 4007//4007 4008//4008 4004//4004
f 4005//4005 4010//4010 4009//4009
f 4007//4007 4010//4010 4008//4008
f 4006//4006 4009//4009 4011//4011
f 4010//4010 4012//4012 4013//4013
f 4013//4013 4014//4014 4009//4009
f 4015//4015 4019//4019 4020//4020
f 4017//4017 4022//4022 4019//4019
f 4016//4016 4022//4022 4018//4018
f 4023//4023 4020//4020 4019//4019
f 4019//4019 4026//4026 4023//4023
f 4025//4025 4022//4022 4021//4021
f 4024//4024 4028//4028 4029//4029
f 4030//4030 4031//4031 4027//4027
f 4028//4028 4031//4031 4032//4032
f 4039//4039 4038//4038 4041//4041
f 4041//4041 4043//4043 4035//4035
f 4041//4041 4042//4042 4045//4045
f 4038//4038 4044//4044 4042//4042
f 4042//4042 4046//4046 4045//4045
f 4042//4042 4044//4044 4046//4046
f 4046//4046 4047//4047 4045//4045
f 4043//4043 4047//4047 4048//4048
f 4044//4044 4049//4049 4046//4046
f 4048//4048 4047//4047 4050//4050
f 4046//4046 4050//4050 4047//4047
f 4051//4051 4050//4050 4046//4046
f 4050//4050 4056//4056 4054//4054
f 4052//4052 4057//4057 4055//4055
f 4054//4054 4057//4057 4052//4052
f 4056//4056 4059//4059 4054//4054
f 4058//4058 4061//4061 4056//4056
f 4057//4057 4064//4064 4060//4060
f 4059//4059 4062//4062 4057//4057
f 4059//4059 4061//4061 4066//4066
f 4065//4065 4067//4067 4066//4066
f 4065//4065 4063//4063 4067//4067
f 4062//4062 4066//4066 4068//4068
f 4067//4067 4072//4072 4066//4066
f 4063//4063 4075//4075 4067//4067
f 4069//4069 4076//4076 4074//4074
f 4073//4073 4077//4077 4069//4069
f 4071//4071 4076//4076 4078//4078
f 4073//4073 4080//4080 4077//4077
f 4080//4080 4081//4081 4076//4076
f 4078//4078 4082//4082 4083//4083
f 4080//4080 4082//4082 4081//4081
f 4079//4079 4085//4085 4080//4080
f 4083//4083 4086//4086 4087//4087
f 4082//4082 4089//4089 4086//4086
f 4085//4085 4089//4089 4082//4082
f 4084//4084 4088//4088 4085//4085
f 4089//4089 4088//4088 4092//4092
f 4086//4086 4093//4093 4090//4090
f 4091//4091 4095//4095 4092//4092
f 4086//4086 4095//4095 4096//4096
f 4093//4093 4096//4096 4097//4097
f 4095//4095 4098//4098 4099//4099
f 4099//4099 4100//4100 4096//4096
f 4105//4105 4109//4109 4106//4106
f 4106//4106 4110//4110 4107//4107
f 4112//4112 4115//4115 4113//4113
f 4114//4114 4119//4119 4118//4118
f 4115//4115 4120//4120 4113//4113
f 4121//4121 4123//4123 4119//4119
f 4122//4122 4124//4124 4120//4120
f 4123//4123 4126//4126 4122//4122
f 4121//4121 4125//4125 4123//4123
f 4123//4123 4129//4129 4127//4127
f 4127//4127 4130//4130 4126//4126
f 4130//4130 4131//4131 4128//4128
f 4130//4130 4134//4134 4131//4131
f 4127//4127 4132//4132 4137//4137
f 4139//4139 4141//4141 4136//4136
f 4139//4139 4135//4135 4142//4142
f 4133//4133 4141//4141 4143//4143
f 4135//4135 4144//4144 4142//4142
f 4144//4144 4146//4146 4142//4142
f 4141//4141 4145//4145 4143//4143
f 4142//4142 4147//4147 4141//4141
f 4142//4142 4148//4148 4147//4147
f 4148//4148 4146//4146 4149//4149
f 4147//4147 4150//4150 4145//4145
f 4150//4150 4147//4147 4152//4152
f 4151//4151 4154//4154 4149//4149
f 4154//4154 4155//4155 4147//4147
f 4155//4155 4157//4157 4152//4152
f 4154//4154 4158//4158 4159//4159
f 4168//4168 4166//4166 4163//4163
f 4165//4165 4167//4167 4166//4166
f 4167//4167 4171//4171 4166//4166
f 4172//4172 4173//4173 4163//4163
f 4170//4170 4174//4174 4175//4175
f 4172//4172 4176//4176 4177//4177
f 4177//4177 4180//4180 4174//4174
f 4178//4178 4180//4180 4181//4181
f 4179//4179 4183//4183 4177//4177
f 4180//4180 4183//4183 4184//4184
f 4184//4184 4185//4185 4181//4181
f 4184//4184 4187//4187 4188//4188
f 4189//4189 4190//4190 4188//4188
f 4190//4190 4192//4192 4185//4185
f 4189//4189 4194//4194 4190//4190
f 4189//4189 4197//4197 4196//4196
f 4191//4191 4197//4197 4193//4193
f 4197//4197 4199//4199 4196//4196
f 4195//4195 4199//4199 4197//4197
f 4199//4199 4201//4201 4196//4196
f 4200//4200 4201//4201 4202//4202
f 4199//4199 4204//4204 4201//4201
f 4204//4204 4205//4205 4202//4202
f 4199//4199 4206//4206 4207//4207
f 4204//4204 4208//4208 4205//4205
f 4205//4205 4209//4209 4210//4210
f 4207//4207 4209//4209 4208//4208
f 4212//4212 4215//4215 4209//4209
f 4214//4214 4217//4217 4212//4212
f 4217//4217 4218//4218 4215//4215
f 4217//4217 4214//4214 4219//4219
f 4213//4213 4218//4218 4220//4220
f 4218//4218 4223//4223 4222//4222
f 4221//4221 4223//4223 4219//4219
f 4222//4222 4226//4226 4220//4220
f 4222//4222 4225//4225 4224//4224
f 4221//4221 4225//4225 4223//4223
f 4225//4225 4229//4229 4231//4231
f 4228//4228 4230//4230 4232//4232
f 4231//4231 4234//4234 4230//4230
f 4231//4231 4235//4235 4234//4234
f 4232//4232 4235//4235 4236//4236
f 4249//4249 4250//4250 4247//4247
f 4246//4246 4251//4251 4250//4250
f 4246//4246 4248//4248 4251//4251
f 4250//4250 4251//4251 4252//4252
f 4248//4248 4253//4253 4251//4251
f 4252//4252 4254//4254 4247//4247
f 4248//4248 4255//4255 4253//4253
f 4253//4253 4256//4256 4252//4252
f 4255//4255 4257//4257 4253//4253
f 4256//4256 4260//4260 4258//4258
f 4257//4257 4260//4260 4256//4256
f 4257//4257 4259//4259 4261//4261
f 4260//4260 4263//4263 4258//4258
f 4260//4260 4261//4261 4262//4262
f 4264//4264 4265//4265 4261//4261
f 4265//4265 4266//4266 4262//4262
f 4265//4265 4264//4264 4268//4268
f 4268//4268 4270//4270 4271//4271
f 4266//4266 4272//4272 4269//4269
f 4266//4266 4271//4271 4274//4274
f 4271//4271 4273//4273 4276//4276
f 4272//4272 4277//4277 4278//4278
f 4276//4276 4277//4277 4274//4274
f 4277//4277 4281//4281 4278//4278
f 4279//4279 4281//4281 4282//4282
f 4277//4277 4286//4286 4284//4284
f 4283//4283 4286//4286 4277//4277
f 4282//4282 4289//4289 4285//4285
f 4282//4282 4291//4291 4287//4287
f 4284//4284 4290//4290 4291//4291
f 4290//4290 4288//4288 4292//4292
f 4291//4291 4293//4293 4287//4287
f 4292//4292 4293//4293 4291//4291
f 4293//4293 4294//4294 4287//4287
f 4292//4292 4298//4298 4293//4293
f 4295//4295 4297//4297 4292//4292
f 4298//4298 4299//4299 4294//4294
f 4298//4298 4300//4300 4299//4299
f 4300//4300 4301//4301 4296//4296
f 4298//4298 4302//4302 4303//4303
f 4301//4301 4304//4304 4305//4305
f 4303//4303 4304//4304 4300//4300
f 4303//4303 4306//4306 4307//4307
f 4304//4304 4308//4308 4305//4305
f 4306//4306 4310//4310 4307//4307
f 4310//4310 4311//4311 4304//4304
f 4308//4308 4311//4311 4312//4312
f 4311//4311 4310//4310 4314//4314
f 4313//4313 4315//4315 4310//4310
f 4314//4314 4317//4317 4312//4312
f 4315//4315 4316//4316 4314//4314
f 4315//4315 4318//4318 4319//4319
f 4317//4317 4316//4316 4320//4320
f 4319//4319 4322//4322 4316//4316
f 4321//4321 4323//4323 4319//4319
f 4331//4331 4333//4333 4335//4335
f 4336//4336 4339//4339 4343//4343
f 4338//4338 4342//4342 4339//4339
f 4337//4337 4342//4342 4341//4341
f 4342//4342 4345//4345 4339//4339
f 4344//4344 4346//4346 4348//4348
f 4346//4346 4349//4349 4348//4348
f 4349//4349 4350//4350 4347//4347
f 4345//4345 4350//4350 4351//4351
f 4350//4350 4349//4349 4353//4353
f 4349//4349 4352//4352 4353//4353
f 4351//4351 4350//4350 4354//4354
f 4350//4350 4358//4358 4356//4356
f 4355//4355 4358//4358 4353//4353
f 4358//4358 4361//4361 4363//4363
f 4356//4356 4365//4365 4359//4359
f 4363//4363 4365//4365 4356//4356
f 4360//4360 4368//4368 4362//4362
f 4366//4366 4364//4364 4367//4367
f 4364//4364 4369//4369 4370//4370
f 4367//4367 4372//4372 4368//4368
f 4370//4370 4371//4371 4367//4367
f 4372//4372 4374//4374 4375//4375
f 4370//4370 4374//4374 4371//4371
f 4376//4376 4377//4377 4370//4370
f 4375//4375 4378//4378 4380//4380
f 4374//4374 4379//4379 4378//4378
f 4376//4376 4379//4379 4377//4377
f 4378//4378 4384//4384 4380//4380
f 4381//4381 4382//4382 4379//4379
f 4383//4383 4386//4386 4384//4384
f 4391//4391 4393//4393 4389//4389
f 4391//4391 4392//4392 4394//4394
f 4392//4392 4390//4390 4394//4394
f 4393//4393 4395//4395 4389//4389
f 4394//4394 4396//4396 4399//4399
f 4399//4399 4397//4397 4393//4393
f 4396//4396 4398//4398 4401//4401
f 4399//4399 4401//4401 4402//4402
f 4403//4403 4405//4405 4400//4400
f 4401//4401 4406//4406 4402//4402
f 4400//4400 4405//4405 4407//4407
f 4401//4401 4408//4408 4406//4406
f 4406//4406 4408//4408 4409//4409
f 4407//4407 4405//4405 4410//4410
f 4412//4412 4416//4416 4414//4414
f 4409//4409 4417//4417 4416//4416
f 4411//4411 4417//4417 4409//4409
f 4413//4413 4417//4417 4411//4411
f 4417//4417 4419//4419 4420//4420
f 4420//4420 4421//4421 4416//4416
f 4420//4420 4419//4419 4424//4424
f 4418//4418 4425//4425 4422//4422
f 4421//4421 4425//4425 4418//4418
f 4424//4424 4428//4428 4421//4421
f 4423//4423 4431//4431 4430//4430
f 4430//4430 4432//4432 4427//4427
f 4430//4430 4431//4431 4434//4434
f 4432//4432 4434//4434 4435//4435
f 4433//4433 4437//4437 4431//4431
f 4434//4434 4437//4437 4438//4438
f 4436//4436 4438//4438 4437//4437
f 4435//4435 4439//4439 4440//4440
f 4434//4434 4438//4438 4439//4439
f 4440//4440 4442//4442 4443//4443
f 4439//4439 4438//4438 4442//4442
f 4444//4444 4445//4445 4438//4438
f 4442//4442 4447//4447 4443//4443
f 4442//4442 4449//4449 4446//4446
f 4444//4444 4449//4449 4445//4445
f 4446//4446 4450//4450 4447//4447
f 4449//4449 4451//4451 4452//4452
f 4446//4446 4454//4454 4450//4450
f 4452//4452 4453//4453 4446//4446
f 4459//4459 4457//4457 4456//4456
f 4456//4456 4460//4460 4459//4459
f 4458//4458 4460//4460 4452//4452
f 4463//4463 4464//4464 4461//4461
f 4467//4467 4468//4468 4469//4469
f 4468//4468 4472//4472 4469//4469
f 4471//4471 4474//4474 4468//4468
f 4470//4470 4473//4473 4474//4474
f 4468//4468 4475//4475 4472//4472
f 4475//4475 4476//4476 4472//4472
f 4468//4468 4479//4479 4475//4475
f 4474//4474 4477//4477 4479//4479
f 4475//4475 4480//4480 4476//4476
f 4475//4475 4479//4479 4481//4481
f 4480//4480 4482//4482 4478//4478
f 4480//4480 4481//4481 4484//4484
f 4482//4482 4484//4484 4485//4485
f 4483//4483 4487//4487 4481//4481
f 4484//4484 4487//4487 4488//4488
f 4488//4488 4489//4489 4485//4485
f 4487//4487 4490//4490 4491//4491
f 4488//4488 4493//4493 4489//4489
f 4491//4491 4492//4492 4488//4488
f 4491//4491 4490//4490 4492//4492
f 4493//4493 4492//4492 4495//4495
f 4492//4492 4498//4498 4497//4497
f 4490//4490 4498//4498 4492//4492
f 4495//4495 4497//4497 4499//4499
f 4496//4496 4501//4501 4498//4498
f 4497//4497 4502//4502 4499//4499
f 4497//4497 4505//4505 4504//4504
f 4501//4501 4503//4503 4505//4505
f 4504//4504 4506//4506 4502//4502
f 4506//4506 4504//4504 4508//4508
f 4509//4509 4505//4505 4507//4507
f 4504//4504 4512//4512 4508//4508
f 4504//4504 4510//4510 4511//4511
f 4514//4514 4515//4515 4517//4517
f 4519//4519 4518//4518 4520//4520
f 4514//4514 4520//4520 4521//4521
f 4518//4518 4516//4516 4520//4520
f 4521//4521 4522//4522 4515//4515
f 4520//4520 4523//4523 4524//4524
f 4524//4524 4525//4525 4521//4521
f 4525//4525 4522//4522 4521//4521
f 4526//4526 4527//4527 4522//4522
f 4523//4523 4529//4529 4524//4524
f 4529//4529 4531//4531 4532//4532
f 4527//4527 4533//4533 4530//4530
f 4532//4532 4533//4533 4527//4527
f 4531//4531 4534//4534 4532//4532
f 4530//4530 4533//4533 4535//4535
f 4531//4531 4536//4536 4534//4534
f 4536//4536 4538//4538 4534//4534
f 4534//4534 4539//4539 4533//4533
f 4534//4534 4538//4538 4539//4539
f 4535//4535 4540//4540 4537//4537
f 4535//4535 4542//4542 4540//4540
f 4543//4543 4546//4546 4542//4542
f 4545//4545 4548//4548 4541//4541
f 4544//4544 4550//4550 4547//4547
f 4544//4544 4552//4552 4549//4549
f 4546//4546 4548//4548 4552//4552
f 4551//4551 4552//4552 4548//4548
f 4549//4549 4553//4553 4550//4550
f 4552//4552 4555//4555 4549//4549
f 4552//4552 4554//4554 4556//4556
f 4555//4555 4557//4557 4553//4553
f 4558//4558 4560//4560 4561//4561
f 4556//4556 4560//4560 4557//4557
f 4559//4559 4564//4564 4556//4556
f 4561//4561 4565//4565 4563//4563
f 4564//4564 4566//4566 4560//4560
f 4563//4563 4565//4565 4567//4567
f 4569//4569 4570//4570 4567//4567
f 4566//4566 4571//4571 4572//4572
f 4570//4570 4569//4569 4573//4573
f 4572//4572 4573//4573 4569//4569
f 4571//4571 4574//4574 4572//4572
f 4570//4570 4573//4573 4575//4575
f 4573//4573 4574//4574 4577//4577
f 4574//4574 4576//4576 4577//4577
f 4573//4573 4579//4579 4575//4575
f 4573//4573 4577//4577 4578//4578
f 4577//4577 4580//4580 4581//4581
f 4578//4578 4583//4583 4579//4579
f 4578//4578 4581//4581 4582//4582
f 4582//4582 4585//4585 4583//4583
f 4581//4581 4586//4586 4587//4587
f 4587//4587 4588//4588 4582//4582
f 4587//4587 4586//4586 4589//4589
f 4585//4585 4590//4590 4591//4591
f 4589//4589 4590//4590 4588//4588
f 4599//4599 4604//4604 4600//4600
f 4595//4595 4602//4602 4599//4599
f 4595//4595 4605//4605 4603//4603
f 4606//4606 4604//4604 4602//4602
f 4603//4603 4606//4606 4602//4602
f 4605//4605 4607//4607 4603//4603
f 4611//4611 4612//4612 4610//4610
f 4610//4610 4614//4614 4611//4611
f 4611//4611 4615//4615 4612//4612
f 4613//4613 4617//4617 4614//4614
f 4611//4611 4618//4618 4615//4615
f 4617//4617 4622//4622 4620//4620
f 4616//4616 4619//4619 4622//4622
f 4620//4620 4618//4618 4611//4611
f 4620//4620 4625//4625 4618//4618
f 4625//4625 4624//4624 4627//4627
f 4618//4618 4625//4625 4628//4628
f 4623//4623 4629//4629 4626//4626
f 4628//4628 4629//4629 4623//4623
f 4625//4625 4627//4627 4628//4628
f 4628//4628 4627//4627 4631//4631
f 4627//4627 4630//4630 4633//4633
f 4629//4629 4631//4631 4632//4632
f 4627//4627 4634//4634 4631//4631
f 4633//4633 4634//4634 4627//4627
f 4631//4631 4637//4637 4632//4632
f 4631//4631 4634//4634 4635//4635
f 4634//4634 4638//4638 4639//4639
f 4636//4636 4642//4642 4638//4638
f 4642//4642 4647//4647 4639//4639
f 4641//4641 4643//4643 4645//4645
f 4647//4647 4649//4649 4640//4640
f 4644//4644 4651//4651 4646//4646
f 4644//4644 4650//4650 4652//4652
f 4648//4648 4651//4651 4653//4653
f 4653//4653 4655//4655 4656//4656
f 4652//4652 4655//4655 4651//4651
f 4654//4654 4658//4658 4652//4652
f 4654//4654 4657//4657 4658//4658
f 4655//4655 4659//4659 4656//4656
f 4661//4661 4662//4662 4658//4658
f 4660//4660 4663//4663 4664//4664
f 4659//4659 4662//4662 4663//4663
f 4665//4665 4666//4666 4662//4662
f 4663//4663 4668//4668 4664//4664
f 4663//4663 4666//4666 4667//4667
f 4666//4666 4669//4669 4670//4670
f 4667//4667 4671//4671 4668//4668
f 4670//4670 4673//4673 4667//4667
f 4670//4670 4672//4672 4674//4674
f 4675//4675 4671//4671 4673//4673
f 4674//4674 4675//4675 4673//4673
f 4672//4672 4676//4676 4674//4674
f 4675//4675 4680//4680 4677//4677
f 4675//4675 4682//4682 4679//4679
f 4679//4679 4684//4684 4683//4683
f 4682//4682 4681//4681 4684//4684
f 2692//2692 2694//2694 2689//2689
f 2692//2692 2689//2689 2685//2685
f 2691//2691 2692//2692 2685//2685
f 2688//2688 2687//2687 2690//2690
f 2685//2685 2686//2686 2684//2684
f 2683//2683 2685//2685 2684//2684
f 2684//2684 2686//2686 2682//2682
f 2683//2683 2684//2684 2682//2682
f 2678//2678 2686//2686 2679//2679
f 2681//2681 2682//2682 2678//2678
f 2687//2687 2681//2681 2680//2680
f 2669//2669 2665//2665 2667//2667
f 2668//2668 2669//2669 2667//2667
f 2672//2672 2666//2666 2671//2671
f 2674//2674 2669//2669 2673//2673
f 2672//2672 2671//2671 2675//2675
f 2665//2665 2661//2661 2667//2667
f 2668//2668 2661//2661 2664//2664
f 3833//3833 3837//3837 3834//3834
f 3836//3836 3835//3835 3838//3838
f 3824//3824 3828//3828 3825//3825
f 3829//3829 3827//3827 3826//3826
f 3824//3824 3821//3821 3819//3819
f 3823//3823 3824//3824 3819//3819
f 3814//3814 3811//3811 3813//3813
f 3812//3812 3813//3813 3811//3811
f 3816//3816 3813//3813 3812//3812
f 3712//3712 3714//3714 3710//3710
f 3709//3709 3713//3713 3712//3712
f 3715//3715 3709//3709 3711//3711
f 3708//3708 3710//3710 3706//3706
f 3709//3709 3712//3712 3708//3708
f 3711//3711 3709//3709 3707//3707
f 3702//3702 3706//3706 3704//3704
f 3707//3707 3703//3703 3705//3705
f 4024//4024 4023//4023 4028//4028
f 4017//4017 4015//4015 4014//4014
f 4013//4013 4017//4017 4014//4014
f 4016//4016 4013//4013 4012//4012
f 4243//4243 4241//4241 4239//4239
f 4240//4240 4243//4243 4239//4239
f 4240//4240 4239//4239 4238//4238
f 4237//4237 4240//4240 4238//4238
f 4238//4238 4235//4235 4231//4231
f 4233//4233 4238//4238 4231//4231
f 4224//4224 4228//4228 4226//4226
f 4229//4229 4225//4225 4227//4227
f 4242//4242 4240//4240 4237//4237
f 3608//3608 4687//4687 3609//3609
f 4688//4688 3611//3611 3610//3610
f 3608//3608 3605//3605 3604//3604
f 3607//3607 3608//3608 3604//3604
f 3607//3607 3598//3598 3601//3601
f 3603//3603 3607//3607 3601//3601
f 3601//3601 3598//3598 3595//3595
f 3600//3600 3601//3601 3595//3595
f 3594//3594 3595//3595 3592//3592
f 3587//3587 3582//3582 3581//3581
f 3586//3586 3581//3581 3584//3584
f 3582//3582 3587//3587 3590//3590
f 3589//3589 3587//3587 3586//3586
f 3584//3584 3581//3581 3579//3579
f 593//593 591//591 596//596
f 594//594 592//592 590//590
f 591//591 589//589 581//581
f 588//588 591//591 581//581
f 590//590 588//588 587//587
f 581//581 586//586 582//582
f 587//587 585//585 583//583
f 577//577 574//574 573//573
f 578//578 573//573 576//576
f 578//578 575//575 580//580
f 573//573 574//574 572//572
f 576//576 572//572 571//571
f 407//407 4689//4689 405//405
f 4690//4690 408//408 406//406
f 405//405 400//400 404//404
f 403//403 404//404 400//400
f 406//406 403//403 402//402
f 405//405 404//404 407//407
f 408//408 404//404 403//403
f 397//397 398//398 392//392
f 396//396 397//397 392//392
f 392//392 390//390 386//386
f 391//391 389//389 388//388
f 389//389 386//386 382//382
f 388//388 389//389 382//382
f 3332//3332 3335//3335 3329//3329
f 3328//3328 3324//3324 3323//3323
f 3327//3327 3328//3328 3323//3323
f 3324//3324 3326//3326 3319//3319
f 3323//3323 3324//3324 3319//3319
f 3911//3911 3910//3910 3912//3912
f 3906//3906 3903//3903 3905//3905
f 3901//3901 3903//3903 3899//3899
f 3904//3904 3902//3902 3900//3900
f 3897//3897 3899//3899 3894//3894
f 3900//3900 3898//3898 3895//3895
f 4105//4105 4107//4107 4101//4101
f 4104//4104 4105//4105 4101//4101
f 4108//4108 4109//4109 4104//4104
f 4101//4101 4097//4097 4100//4100
f 4099//4099 4101//4101 4100//4100
f 4103//4103 4104//4104 4099//4099
f 3492//3492 3494//3494 3489//3489
f 3495//3495 3493//3493 3490//3490
f 3488//3488 3491//3491 3493//3493
f 3483//3483 3479//3479 3481//3481
f 3483//3483 3484//3484 3479//3479
f 3486//3486 3483//3483 3482//3482
f 3485//3485 3482//3482 3480//3480
f 4324//4324 4328//4328 4325//4325
f 4331//4331 4324//4324 4327//4327
f 4329//4329 4327//4327 4326//4326
f 4332//4332 4330//4330 4334//4334
f 4324//4324 4320//4320 4322//4322
f 4324//4324 4323//4323 4327//4327
f 4326//4326 4323//4323 4321//4321
f 3146//3146 3144//3144 3142//3142
f 3147//3147 3142//3142 3143//3143
f 3140//3140 3138//3138 3142//3142
f 3143//3143 3138//3138 3139//3139
f 3129//3129 3125//3125 3126//3126
f 3127//3127 3125//3125 3130//3130
f 3135//3135 3137//3137 3141//3141
f 3135//3135 3133//3133 3137//3137
f 107//107 111//111 108//108
f 114//114 107//107 110//110
f 109//109 114//114 110//110
f 101//101 98//98 97//97
f 100//100 101//101 97//97
f 3224//3224 3221//3221 3225//3225
f 3220//3220 3222//3222 3217//3217
f 3211//3211 3217//3217 3214//3214
f 3218//3218 3216//3216 3215//3215
f 3216//3216 3211//3211 3210//3210
f 3215//3215 3216//3216 3210//3210
f 3212//3212 3209//3209 3211//3211
f 4383//4383 4382//4382 4388//4388
f 4600//4600 4596//4596 4599//4599
f 4601//4601 4595//4595 4598//4598
f 4597//4597 4590//4590 4596//4596
f 4595//4595 4590//4590 4589//4589
f 4594//4594 4595//4595 4589//4589
f 2957//2957 2954//2954 2950//2950
f 2956//2956 2957//2957 2950//2950
f 2959//2959 2960//2960 2956//2956
f 2955//2955 2951//2951 2953//2953
f 2947//2947 2948//2948 2942//2942
f 2946//2946 2947//2947 2942//2942
f 3039//3039 3037//3037 3035//3035
f 3037//3037 3033//3033 3030//3030
f 3035//3035 3037//3037 3030//3030
f 2872//2872 2869//2869 2867//2867
f 2860//2860 2855//2855 2854//2854
f 2859//2859 2857//2857 2856//2856
f 4693//4693 1571//1571 1570//1570
f 1571//1571 1572//1572 1567//1567
f 1570//1570 1571//1571 1567//1567
f 1564//1564 1562//1562 1557//1557
f 1561//1561 1564//1564 1557//1557
f 1556//1556 1554//1554 1553//1553
f 1554//1554 1551//1551 1550//1550
f 1553//1553 1554//1554 1550//1550
f 1393//1393 1391//1391 1389//1389
f 1384//1384 1389//1389 1383//1383
f 1381//1381 1379//1379 1378//1378
f 1377//1377 1381//1381 1378//1378
f 1378//1378 1379//1379 1375//1375
f 1377//1377 1378//1378 1375//1375
f 1374//1374 1375//1375 1371//1371
f 4683//4683 4694//4694 4680//4680
f 4695//4695 4684//4684 4681//4681
f 4678//4678 4682//4682 4676//4676
f 4698//4698 1215//1215 1214//1214
f 1213//1213 4698//4698 1214//1214
f 1215//1215 1212//1212 1208//1208
f 1214//1214 1215//1215 1208//1208
f 1191//1191 1192//1192 1189//1189
f 1190//1190 1191//1191 1189//1189
f 1190//1190 1193//1193 1195//1195
f 1196//1196 1194//1194 1191//1191
f 1197//1197 1191//1191 1190//1190
f 2787//2787 2782//2782 2783//2783
f 2786//2786 4699//4699 2784//2784
f 2773//2773 2769//2769 2768//2768
f 3279//3279 3276//3276 3269//3269
f 3273//3273 3271//3271 3270//3270
f 4701//4701 702//702 701//701
f 704//704 4701//4701 701//701
f 698//698 696//696 694//694
f 701//701 694//694 695//695
f 701//701 697//697 700//700
f 702//702 699//699 698//698
f 701//701 700//700 704//704
f 687//687 686//686 690//690
f 686//686 684//684 682//682
f 689//689 682//682 683//683
f 689//689 685//685 688//688
f 682//682 680//680 678//678
f 679//679 682//682 678//678
f 681//681 679//679 676//676
f 168//168 165//165 167//167
f 169//169 167//167 164//164
f 166//166 169//169 164//164
f 304//304 299//299 298//298
f 291//291 295//295 293//293
f 296//296 292//292 294//294
f 292//292 291//291 285//285
f 290//290 292//292 285//285
f 291//291 293//293 289//289
f 294//294 292//292 290//290
f 231//231 233//233 229//229
f 234//234 232//232 230//230
f 228//228 225//225 224//224
f 4461//4461 4459//4459 4463//4463
f 4466//4466 4459//4459 4460//4460
f 4456//4456 4454//4454 4453//4453
f 4452//4452 4456//4456 4453//4453
f 4458//4458 4452//4452 4455//4455
f 1966//1966 1961//1961 1965//1965
f 1968//1968 1961//1961 1964//1964
f 1967//1967 1964//1964 1963//1963
f 1957//1957 1953//1953 1960//1960
f 1959//1959 1960//1960 1953//1953
f 1962//1962 1960//1960 1961//1961
f 1959//1959 1961//1961 1960//1960
f 1963//1963 1959//1959 1958//1958
f 1958//1958 1956//1956 1955//1955
f 1950//1950 1946//1946 1947//1947
f 1951//1951 1954//1954 1946//1946
f 4702//4702 4511//4511 4510//4510
f 4513//4513 4702//4702 4510//4510
f 2411//2411 2405//2405 2404//2404
f 4703//4703 2408//2408 2411//2411
f 2410//2410 4703//4703 2411//2411
f 4156//4156 4160//4160 4157//4157
f 4161//4161 4159//4159 4158//4158
f 4156//4156 4157//4157 4155//4155
f 4154//4154 4156//4156 4155//4155
f 481//481 485//485 483//483
f 488//488 481//481 482//482
f 486//486 482//482 484//484
f 477//477 475//475 473//473
f 474//474 477//477 473//473
f 476//476 480//480 474//474
f 1026//1026 1023//1023 1020//1020
f 1025//1025 1026//1026 1020//1020
f 1014//1014 1018//1018 1015//1015
f 1017//1017 1020//1020 1014//1014
f 1019//1019 1017//1017 1016//1016
f 847//847 844//844 842//842
f 845//845 4704//4704 846//846
f 4706//4706 845//845 844//844
f 4705//4705 844//844 847//847
f 833//833 832//832 836//836
f 832//832 833//833 829//829
f 828//828 832//832 829//829
f 834//834 835//835 828//828
f 2285//2285 2283//2283 2280//2280
f 2034//2034 2029//2029 2028//2028
f 1759//1759 1755//1755 1761//1761
f 1104//1104 1101//1101 1097//1097
f 1100//1100 1104//1104 1097//1097
f 1100//1100 1097//1097 1096//1096
f 1087//1087 1092//1092 1089//1089
f 1093//1093 1091//1091 1090//1090
f 1087//1087 1089//1089 1084//1084
f 1090//1090 1088//1088 1085//1085
f 2187//2187 2182//2182 2181//2181
f 2184//2184 2187//2187 2181//2181
f 2186//2186 2184//2184 2183//2183
f 2179//2179 2173//2173 2176//2176
f 2179//2179 2175//2175 2180//2180
f 2174//2174 2180//2180 2175//2175
f 2169//2169 2166//2166 2167//2167
f 2165//2165 2169//2169 2167//2167
f 2167//2167 2163//2163 2162//2162
f 1283//1283 1279//1279 1285//1285
f 1285//1285 1287//1287 1283//1283
f 1288//1288 1286//1286 1284//1284
f 1456//1456 1457//1457 1460//1460
f 1456//1456 1458//1458 1452//1452
f 1459//1459 1457//1457 1453//1453
f 1838//1838 1836//1836 1835//1835
f 4707//4707 1840//1840 1838//1838
f 1842//1842 4707//4707 1838//1838
f 1834//1834 1831//1831 1830//1830
f 1830//1830 1829//1829 1826//1826
f 1828//1828 1830//1830 1826//1826
f 1645//1645 1641//1641 1642//1642
f 1641//1641 1639//1639 1637//1637
f 1638//1638 1641//1641 1637//1637
f 1640//1640 1642//1642 1638//1638
f 1637//1637 1634//1634 1633//1633
f 1636//1636 1637//1637 1633//1633
f 1640//1640 1636//1636 1635//1635
f 911//911 910//910 913//913
f 916//916 910//910 909//909
f 908//908 906//906 901//901
f 905//905 908//908 901//901
f 903//903 898//898 901//901
f 902//902 898//898 897//897
f 904//904 902//902 897//897
f 764//764 761//761 768//768
f 766//766 761//761 763//763
f 757//757 762//762 758//758
f 763//763 761//761 759//759
f 757//757 758//758 754//754
f 757//757 753//753 760//760
f 759//759 753//753 755//755
f 749//749 754//754 751//751
f 755//755 753//753 752//752
f 749//749 751//751 745//745
f 752//752 750//750 746//746
f 2574//2574 2568//2568 2572//2572
f 2563//2563 2567//2567 2564//2564
f 2566//2566 2569//2569 2563//2563
f 2568//2568 2566//2566 2565//2565
f 2482//2482 2479//2479 2478//2478
f 2483//2483 2482//2482 2485//2485
f 2488//2488 2482//2482 2481//2481
f 2484//2484 2488//2488 2481//2481
f 2480//2480 2481//2481 2477//2477
f 2469//2469 2463//2463 2466//2466
f 2468//2468 2466//2466 2465//2465
f 4708//4708 4712//4712 4709//4709
f 4710//4710 4713//4713 4711//4711
f 4712//4712 4714//4714 4709//4709
f 4713//4713 4716//4716 4717//4717
f 4713//4713 4715//4715 4716//4716
f 4717//4717 4721//4721 4720//4720
f 4719//4719 4721//4721 4716//4716
f 4718//4718 4722//4722 4723//4723
f 4718//4718 4720//4720 4722//4722
f 4721//4721 4722//4722 4720//4720
f 4721//4721 4725//4725 4722//4722
f 4722//4722 4726//4726 4723//4723
f 4725//4725 4724//4724 4729//4729
f 4726//4726 4728//4728 4723//4723
f 4726//4726 4730//4730 4728//4728
f 4727//4727 4730//4730 4726//4726
f 4729//4729 4732//4732 4727//4727
f 4732//4732 4733//4733 4727//4727
f 4731//4731 4735//4735 4732//4732
f 4734//4734 4736//4736 4737//4737
f 4735//4735 4738//4738 4733//4733
f 4736//4736 4740//4740 4739//4739
f 4736//4736 4733//4733 4740//4740
f 4742//4742 4745//4745 4740//4740
f 4744//4744 4749//4749 4742//4742
f 4745//4745 4746//4746 4743//4743
f 4745//4745 4749//4749 4746//4746
f 4749//4749 4752//4752 4746//4746
f 4750//4750 4752//4752 4753//4753
f 4749//4749 4751//4751 4756//4756
f 4752//4752 4758//4758 4753//4753
f 4756//4756 4758//4758 4752//4752
f 4761//4761 4763//4763 4755//4755
f 4757//4757 4765//4765 4759//4759
f 4767//4767 4766//4766 4768//4768
f 4768//4768 4769//4769 4764//4764
f 4765//4765 4769//4769 4770//4770
f 4768//4768 4771//4771 4772//4772
f 4772//4772 4773//4773 4769//4769
f 4770//4770 4773//4773 4774//4774
f 4772//4772 4776//4776 4773//4773
f 4773//4773 4776//4776 4777//4777
f 4777//4777 4778//4778 4774//4774
f 4779//4779 4781//4781 4776//4776
f 4778//4778 4782//4782 4783//4783
f 4781//4781 4782//4782 4780//4780
f 4779//4779 4785//4785 4781//4781
f 4785//4785 4786//4786 4782//4782
f 4785//4785 4784//4784 4787//4787
f 4783//4783 4786//4786 4790//4790
f 4788//4788 4790//4790 4786//4786
f 4787//4787 4788//4788 4786//4786
f 4795//4795 4796//4796 4794//4794
f 4803//4803 4800//4800 4796//4796
f 4802//4802 4803//4803 4796//4796
f 4803//4803 4807//4807 4806//4806
f 4809//4809 4811//4811 4808//4808
f 4812//4812 4815//4815 4813//4813
f 4812//4812 4810//4810 4815//4815
f 4813//4813 4815//4815 4816//4816
f 4809//4809 4817//4817 4814//4814
f 4816//4816 4819//4819 4809//4809
f 4816//4816 4820//4820 4819//4819
f 4820//4820 4823//4823 4819//4819
f 4818//4818 4822//4822 4820//4820
f 4817//4817 4823//4823 4824//4824
f 4822//4822 4826//4826 4823//4823
f 4823//4823 4827//4827 4824//4824
f 4826//4826 4829//4829 4831//4831
f 4828//4828 4830//4830 4832//4832
f 4829//4829 4833//4833 4831//4831
f 4831//4831 4834//4834 4830//4830
f 4831//4831 4833//4833 4836//4836
f 4836//4836 4837//4837 4834//4834
f 4832//4832 4837//4837 4838//4838
f 4837//4837 4839//4839 4838//4838
f 4839//4839 4840//4840 4835//4835
f 4840//4840 4839//4839 4843//4843
f 4842//4842 4846//4846 4839//4839
f 4843//4843 4844//4844 4841//4841
f 4843//4843 4849//4849 4847//4847
f 4846//4846 4845//4845 4849//4849
f 4848//4848 4851//4851 4845//4845
f 4849//4849 4852//4852 4847//4847
f 4851//4851 4854//4854 4849//4849
f 4854//4854 4855//4855 4852//4852
f 4854//4854 4851//4851 4856//4856
f 4855//4855 4857//4857 4850//4850
f 4856//4856 4859//4859 4855//4855
f 4857//4857 4859//4859 4861//4861
f 4858//4858 4863//4863 4860//4860
f 4861//4861 4865//4865 4866//4866
f 4863//4863 4865//4865 4864//4864
f 4873//4873 4877//4877 4879//4879
f 4874//4874 4878//4878 4875//4875
f 4878//4878 4877//4877 4876//4876
f 4877//4877 4881//4881 4879//4879
f 4877//4877 4878//4878 4883//4883
f 4878//4878 4882//4882 4884//4884
f 4883//4883 4885//4885 4881//4881
f 4886//4886 4888//4888 4884//4884
f 4883//4883 4884//4884 4889//4889
f 4889//4889 4887//4887 4885//4885
f 4884//4884 4890//4890 4889//4889
f 4887//4887 4889//4889 4891//4891
f 4889//4889 4893//4893 4891//4891
f 4889//4889 4894//4894 4893//4893
f 4890//4890 4892//4892 4894//4894
f 4891//4891 4895//4895 4898//4898
f 4891//4891 4893//4893 4895//4895
f 4893//4893 4899//4899 4896//4896
f 4895//4895 4900//4900 4897//4897
f 4896//4896 4902//4902 4903//4903
f 4903//4903 4904//4904 4900//4900
f 4901//4901 4911//4911 4902//4902
f 4911//4911 4908//4908 4903//4903
f 4909//4909 4912//4912 4905//4905
f 4912//4912 4915//4915 4910//4910
f 4912//4912 4917//4917 4918//4918
f 4913//4913 4920//4920 4919//4919
f 4919//4919 4921//4921 4916//4916
f 4917//4917 4920//4920 4918//4918
f 4919//4919 4920//4920 4923//4923
f 4923//4923 4920//4920 4926//4926
f 4920//4920 4925//4925 4926//4926
f 4926//4926 4925//4925 4927//4927
f 4924//4924 4928//4928 4929//4929
f 4927//4927 4928//4928 4923//4923
f 4931//4931 4929//4929 4928//4928
f 4928//4928 4927//4927 4931//4931
f 4934//4934 4932//4932 4931//4931
f 4935//4935 4934//4934 4931//4931
f 4934//4934 4939//4939 4936//4936
f 4935//4935 4938//4938 4939//4939
f 4936//4936 4945//4945 4942//4942
f 4944//4944 4945//4945 4939//4939
f 4947//4947 4949//4949 4951//4951
f 4950//4950 4952//4952 4948//4948
f 4950//4950 4951//4951 4952//4952
f 4949//4949 4954//4954 4951//4951
f 4948//4948 4952//4952 4955//4955
f 4952//4952 4957//4957 4958//4958
f 4957//4957 4960//4960 4958//4958
f 4962//4962 4959//4959 4955//4955
f 4961//4961 4962//4962 4955//4955
f 4961//4961 4960//4960 4964//4964
f 4960//4960 4963//4963 4965//4965
f 4962//4962 4964//4964 4966//4966
f 4963//4963 4967//4967 4965//4965
f 4965//4965 4968//4968 4964//4964
f 4966//4966 4968//4968 4969//4969
f 4967//4967 4970//4970 4965//4965
f 4968//4968 4965//4965 4971//4971
f 4965//4965 4970//4970 4971//4971
f 4968//4968 4972//4972 4969//4969
f 4971//4971 4975//4975 4974//4974
f 4973//4973 4975//4975 4971//4971
f 4974//4974 4979//4979 4972//4972
f 4974//4974 4975//4975 4977//4977
f 4973//4973 4981//4981 4975//4975
f 4976//4976 4982//4982 4983//4983
f 4983//4983 4984//4984 4978//4978
f 4983//4983 4988//4988 4984//4984
f 4983//4983 4986//4986 4988//4988
f 4985//4985 4987//4987 4989//4989
f 4988//4988 4991//4991 4987//4987
f 4988//4988 4990//4990 4992//4992
f 4989//4989 4991//4991 4993//4993
f 4991//4991 4996//4996 4995//4995
f 4992//4992 4996//4996 4991//4991
f 4994//4994 4996//4996 4992//4992
f 4993//4993 4997//4997 4998//4998
f 4995//4995 4996//4996 4997//4997
f 5000//5000 4997//4997 4996//4996
f 4999//4999 5000//5000 4996//4996
f 5000//5000 5002//5002 5004//5004
f 5003//5003 5005//5005 5001//5001
f 5004//5004 5006//5006 5008//5008
f 5008//5008 5010//5010 5011//5011
f 5012//5012 5013//5013 5009//5009
f 5018//5018 5020//5020 5021//5021
f 5015//5015 5019//5019 5016//5016
f 5019//5019 5015//5015 5024//5024
f 5021//5021 5022//5022 5015//5015
f 5021//5021 5025//5025 5026//5026
f 5021//5021 5026//5026 5022//5022
f 5025//5025 5023//5023 5027//5027
f 5026//5026 5027//5027 5028//5028
f 5022//5022 5028//5028 5029//5029
f 5027//5027 5034//5034 5028//5028
f 5030//5030 5034//5034 5027//5027
f 5028//5028 5035//5035 5031//5031
f 5033//5033 5034//5034 5030//5030
f 5034//5034 5038//5038 5035//5035
f 5032//5032 5038//5038 5034//5034
f 5035//5035 5040//5040 5036//5036
f 5035//5035 5038//5038 5040//5040
f 5037//5037 5039//5039 5041//5041
f 5040//5040 5044//5044 5039//5039
f 5040//5040 5042//5042 5044//5044
f 5043//5043 5045//5045 5041//5041
f 5044//5044 5047//5047 5043//5043
f 5044//5044 5049//5049 5047//5047
f 5047//5047 5050//5050 5045//5045
f 5050//5050 5054//5054 5048//5048
f 5048//5048 5054//5054 5051//5051
f 5053//5053 5054//5054 5050//5050
f 5051//5051 5054//5054 5056//5056
f 5054//5054 5058//5058 5056//5056
f 5053//5053 5058//5058 5054//5054
f 5053//5053 5057//5057 5059//5059
f 5059//5059 5060//5060 5058//5058
f 5057//5057 5061//5061 5059//5059
f 5061//5061 5066//5066 5060//5060
f 5065//5065 5066//5066 5061//5061
f 5066//5066 5067//5067 5062//5062
f 5067//5067 5068//5068 5064//5064
f 5066//5066 5065//5065 5070//5070
f 5069//5069 5070//5070 5065//5065
f 5067//5067 5070//5070 5071//5071
f 5071//5071 5072//5072 5068//5068
f 5072//5072 5076//5076 5073//5073
f 5071//5071 5075//5075 5072//5072
f 5071//5071 5074//5074 5078//5078
f 5074//5074 5077//5077 5078//5078
f 5076//5076 5079//5079 5080//5080
f 5078//5078 5079//5079 5075//5075
f 5080//5080 5082//5082 5083//5083
f 5078//5078 5082//5082 5079//5079
f 5084//5084 5085//5085 5078//5078
f 5083//5083 5086//5086 5087//5087
f 5082//5082 5085//5085 5086//5086
f 5088//5088 5089//5089 5085//5085
f 5086//5086 5090//5090 5087//5087
f 5090//5090 5094//5094 5095//5095
f 5093//5093 5094//5094 5092//5092
f 5093//5093 5096//5096 5097//5097
f 5097//5097 5098//5098 5094//5094
f 5097//5097 5096//5096 5099//5099
f 5095//5095 5098//5098 5100//5100
f 5107//5107 5108//5108 5106//5106
f 5108//5108 5111//5111 5104//5104
f 5111//5111 5112//5112 5109//5109
f 5108//5108 5114//5114 5111//5111
f 5110//5110 5113//5113 5114//5114
f 5114//5114 5115//5115 5111//5111
f 5114//5114 5113//5113 5116//5116
f 5118//5118 5116//5116 5113//5113
f 5115//5115 5121//5121 5119//5119
f 5116//5116 5121//5121 5115//5115
f 5118//5118 5122//5122 5116//5116
f 5119//5119 5125//5125 5123//5123
f 5122//5122 5125//5125 5121//5121
f 5120//5120 5124//5124 5122//5122
f 5125//5125 5127//5127 5123//5123
f 5124//5124 5128//5128 5129//5129
f 5126//5126 5130//5130 5127//5127
f 5130//5130 5131//5131 5127//5127
f 5130//5130 5133//5133 5131//5131
f 5130//5130 5136//5136 5133//5133
f 5136//5136 5139//5139 5133//5133
f 5136//5136 5138//5138 5141//5141
f 5138//5138 5140//5140 5143//5143
f 5144//5144 5147//5147 5143//5143
f 5141//5141 5147//5147 5145//5145
f 5146//5146 5149//5149 5144//5144
f 5147//5147 5149//5149 5150//5150
f 5151//5151 5150//5150 5153//5153
f 5148//5148 5153//5153 5155//5155
f 5150//5150 5159//5159 5153//5153
f 5150//5150 5157//5157 5159//5159
f 5158//5158 5162//5162 5152//5152
f 5156//5156 5161//5161 5158//5158
f 5158//5158 5164//5164 5162//5162
f 5160//5160 5166//5166 5163//5163
f 5162//5162 5165//5165 5160//5160
f 5162//5162 5167//5167 5169//5169
f 5166//5166 5168//5168 5170//5170
f 5169//5169 5172//5172 5168//5168
f 5169//5169 5171//5171 5173//5173
f 5170//5170 5172//5172 5174//5174
f 5171//5171 5175//5175 5173//5173
f 5174//5174 5172//5172 5176//5176
f 5175//5175 5177//5177 5178//5178
f 5178//5178 5179//5179 5172//5172
f 5178//5178 5177//5177 5181//5181
f 5181//5181 5183//5183 5179//5179
f 5181//5181 5177//5177 5185//5185
f 5177//5177 5184//5184 5185//5185
f 5182//5182 5187//5187 5183//5183
f 5182//5182 5185//5185 5186//5186
f 5185//5185 5188//5188 5189//5189
f 5189//5189 5192//5192 5186//5186
f 5192//5192 5193//5193 5194//5194
f 5198//5198 5202//5202 5199//5199
f 5203//5203 5204//5204 5200//5200
f 5205//5205 5206//5206 5202//5202
f 5207//5207 5204//5204 5203//5203
f 5206//5206 5209//5209 5210//5210
f 5217//5217 5213//5213 5215//5215
f 5213//5213 5219//5219 5220//5220
f 5218//5218 5222//5222 5219//5219
f 5216//5216 5222//5222 5218//5218
f 5214//5214 5222//5222 5216//5216
f 5219//5219 5222//5222 5223//5223
f 5220//5220 5224//5224 5221//5221
f 5222//5222 5226//5226 5223//5223
f 5224//5224 5229//5229 5227//5227
f 5226//5226 5229//5229 5223//5223
f 5231//5231 5229//5229 5226//5226
f 5229//5229 5232//5232 5227//5227
f 5231//5231 5233//5233 5229//5229
f 5232//5232 5234//5234 5230//5230
f 5232//5232 5233//5233 5236//5236
f 5236//5236 5233//5233 5237//5237
f 5235//5235 5237//5237 5233//5233
f 5238//5238 5239//5239 5234//5234
f 5238//5238 5242//5242 5239//5239
f 5242//5242 5245//5245 5243//5243
f 5242//5242 5241//5241 5245//5245
f 5241//5241 5247//5247 5248//5248
f 5244//5244 5247//5247 5241//5241
f 5246//5246 5245//5245 5249//5249
f 5247//5247 5251//5251 5248//5248
f 5245//5245 5251//5251 5252//5252
f 5250//5250 5254//5254 5251//5251
f 5250//5250 5253//5253 5254//5254
f 5251//5251 5254//5254 5257//5257
f 5254//5254 5256//5256 5258//5258
f 5255//5255 5259//5259 5260//5260
f 5261//5261 5262//5262 5258//5258
f 5260//5260 5263//5263 5265//5265
f 5262//5262 5263//5263 5259//5259
f 5262//5262 5266//5266 5269//5269
f 5266//5266 5268//5268 5269//5269
f 5262//5262 5269//5269 5270//5270
f 5267//5267 5270//5270 5271//5271
f 5272//5272 5273//5273 5269//5269
f 5270//5270 5275//5275 5271//5271
f 5270//5270 5277//5277 5274//5274
f 5273//5273 5276//5276 5277//5277
f 5274//5274 5278//5278 5275//5275
f 5277//5277 5280//5280 5274//5274
f 5283//5283 5284//5284 5281//5281
f 5282//5282 5285//5285 5286//5286
f 5288//5288 5285//5285 5284//5284
f 5283//5283 5288//5288 5284//5284
f 5288//5288 5290//5290 5289//5289
f 5286//5286 5290//5290 9514//9514
f 5291//5291 5297//5297 5292//5292
f 5291//5291 5295//5295 5296//5296
f 5293//5293 5295//5295 5294//5294
f 5295//5295 5298//5298 5299//5299
f 5299//5299 5300//5300 5296//5296
f 5300//5300 5303//5303 5301//5301
f 5300//5300 5304//5304 5303//5303
f 5298//5298 5304//5304 5299//5299
f 5298//5298 5302//5302 5304//5304
f 5303//5303 5305//5305 5301//5301
f 5303//5303 5304//5304 5307//5307
f 5302//5302 5306//5306 5309//5309
f 5304//5304 5309//5309 5307//5307
f 5305//5305 5310//5310 5308//5308
f 5307//5307 5310//5310 5305//5305
f 5312//5312 5313//5313 5314//5314
f 5313//5313 5316//5316 5314//5314
f 5311//5311 5316//5316 5313//5313
f 5314//5314 5316//5316 5320//5320
f 5317//5317 5318//5318 5315//5315
f 5320//5320 5321//5321 5317//5317
f 5319//5319 5322//5322 5320//5320
f 5323//5323 5324//5324 5318//5318
f 5322//5322 5323//5323 5321//5321
f 5322//5322 5327//5327 5323//5323
f 5322//5322 5326//5326 5327//5327
f 5323//5323 5327//5327 5328//5328
f 5327//5327 5329//5329 5328//5328
f 5327//5327 5325//5325 5329//5329
f 5324//5324 5328//5328 5330//5330
f 5328//5328 5329//5329 5330//5330
f 5333//5333 5331//5331 5330//5330
f 5329//5329 5333//5333 5330//5330
f 5333//5333 5337//5337 5335//5335
f 5333//5333 5338//5338 5337//5337
f 5333//5333 5334//5334 5338//5338
f 5337//5337 5338//5338 5340//5340
f 5336//5336 5340//5340 5338//5338
f 5337//5337 5346//5346 5342//5342
f 5343//5343 5347//5347 5339//5339
f 5341//5341 5345//5345 5348//5348
f 5343//5343 5349//5349 5347//5347
f 5345//5345 5347//5347 5350//5350
f 5350//5350 5347//5347 5351//5351
f 5347//5347 5349//5349 5351//5351
f 5350//5350 5351//5351 5352//5352
f 5348//5348 5352//5352 5353//5353
f 5351//5351 5354//5354 5356//5356
f 5355//5355 5356//5356 5357//5357
f 5357//5357 5358//5358 5353//5353
f 5359//5359 5360//5360 5356//5356
f 5360//5360 5361//5361 5357//5357
f 5361//5361 5363//5363 5358//5358
f 5361//5361 5360//5360 5362//5362
f 5360//5360 5364//5364 5365//5365
f 5363//5363 5362//5362 5366//5366
f 5365//5365 5367//5367 5368//5368
f 5368//5368 5369//5369 5362//5362
f 5366//5366 5370//5370 5371//5371
f 5368//5368 5370//5370 5369//5369
f 5367//5367 5373//5373 5368//5368
f 5370//5370 5375//5375 5374//5374
f 5372//5372 5375//5375 5373//5373
f 5374//5374 5376//5376 5371//5371
f 5374//5374 5375//5375 5378//5378
f 5378//5378 5379//5379 5376//5376
f 5375//5375 5380//5380 5381//5381
f 5382//5382 5385//5385 5386//5386
f 5384//5384 5385//5385 5378//5378
f 5383//5383 5388//5388 5384//5384
f 5385//5385 5390//5390 5386//5386
f 5385//5385 5392//5392 5389//5389
f 5387//5387 5392//5392 5388//5388
f 5389//5389 5393//5393 5390//5390
f 5391//5391 5395//5395 5392//5392
f 5389//5389 5398//5398 9505//9505
f 5397//5397 9508//9508 5398//5398
f 5400//5400 5404//5404 5405//5405
f 5401//5401 5405//5405 5406//5406
f 5405//5405 5404//5404 5407//5407
f 5406//5406 5408//5408 5402//5402
f 5407//5407 5410//5410 5406//5406
f 5407//5407 5409//5409 5411//5411
f 5410//5410 5413//5413 5408//5408
f 5411//5411 5412//5412 5410//5410
f 5412//5412 5413//5413 5410//5410
f 5414//5414 5416//5416 5411//5411
f 5416//5416 5419//5419 5412//5412
f 5413//5413 5419//5419 5417//5417
f 5417//5417 5420//5420 5415//5415
f 5417//5417 5422//5422 5420//5420
f 5419//5419 5416//5416 5422//5422
f 5421//5421 5423//5423 5416//5416
f 5422//5422 5424//5424 5420//5420
f 5423//5423 5424//5424 5422//5422
f 5423//5423 5426//5426 5427//5427
f 5424//5424 5428//5428 5425//5425
f 5430//5430 5434//5434 5427//5427
f 5434//5434 5431//5431 5424//5424
f 5429//5429 5436//5436 5433//5433
f 5438//5438 5436//5436 5429//5429
f 5436//5436 5442//5442 5441//5441
f 5440//5440 5442//5442 5438//5438
f 5439//5439 5441//5441 5444//5444
f 5441//5441 5443//5443 5447//5447
f 5445//5445 5447//5447 5443//5443
f 5444//5444 5446//5446 5448//5448
f 5447//5447 5449//5449 5451//5451
f 5451//5451 5454//5454 5450//5450
f 5452//5452 5455//5455 5456//5456
f 5451//5451 5455//5455 5454//5454
f 5451//5451 5457//5457 5458//5458
f 5462//5462 5464//5464 5465//5465
f 5467//5467 5473//5473 5469//5469
f 5473//5473 5475//5475 5476//5476
f 5471//5471 5477//5477 5474//5474
f 5476//5476 5477//5477 5470//5470
f 5477//5477 5479//5479 5474//5474
f 5477//5477 5482//5482 5479//5479
f 5477//5477 5478//5478 5482//5482
f 5475//5475 5481//5481 5478//5478
f 5479//5479 5482//5482 5483//5483
f 5478//5478 5481//5481 5482//5482
f 5483//5483 5484//5484 5480//5480
f 5482//5482 5486//5486 5483//5483
f 5481//5481 5486//5486 5482//5482
f 5484//5484 5483//5483 5488//5488
f 5485//5485 5487//5487 5486//5486
f 5488//5488 5490//5490 5484//5484
f 5491//5491 5492//5492 5487//5487
f 5491//5491 5494//5494 5492//5492
f 5491//5491 5489//5489 5494//5494
f 5488//5488 5495//5495 5493//5493
f 5488//5488 5497//5497 5495//5495
f 5494//5494 5497//5497 5492//5492
f 5497//5497 5498//5498 5495//5495
f 5497//5497 5500//5500 5498//5498
f 5494//5494 5496//5496 5500//5500
f 5501//5501 5502//5502 5498//5498
f 5499//5499 5503//5503 5496//5496
f 5500//5500 5503//5503 5504//5504
f 5502//5502 5501//5501 5505//5505
f 5501//5501 5504//5504 5505//5505
f 5506//5506 5507//5507 5503//5503
f 5504//5504 5508//5508 5505//5505
f 5507//5507 5506//5506 5510//5510
f 5505//5505 5511//5511 5509//5509
f 5510//5510 5513//5513 5508//5508
f 5513//5513 5516//5516 5514//5514
f 5511//5511 5518//5518 5521//5521
f 5514//5514 5516//5516 5518//5518
f 5515//5515 5524//5524 5517//5517
f 5515//5515 5522//5522 5526//5526
f 5524//5524 5527//5527 5520//5520
f 5522//5522 5528//5528 5526//5526
f 5526//5526 5529//5529 5524//5524
f 5529//5529 5530//5530 5524//5524
f 5526//5526 5528//5528 5529//5529
f 5527//5527 5530//5530 5532//5532
f 5530//5530 5531//5531 5534//5534
f 5536//5536 5538//5538 5531//5531
f 5535//5535 5540//5540 5539//5539
f 5538//5538 5540//5540 5534//5534
f 5537//5537 5539//5539 5541//5541
f 5542//5542 5543//5543 5540//5540
f 5541//5541 5539//5539 5544//5544
f 5539//5539 5547//5547 5544//5544
f 5543//5543 5546//5546 5539//5539
f 5545//5545 5548//5548 5549//5549
f 5549//5549 5548//5548 5550//5550
f 5546//5546 5551//5551 5547//5547
f 5550//5550 5553//5553 5546//5546
f 5551//5551 5553//5553 5554//5554
f 5550//5550 5555//5555 5556//5556
f 5554//5554 5553//5553 5557//5557
f 5556//5556 5558//5558 5559//5559
f 5558//5558 5561//5561 5559//5559
f 5561//5561 5564//5564 5560//5560
f 5561//5561 5563//5563 5565//5565
f 5564//5564 5566//5566 5562//5562
f 5565//5565 5567//5567 5568//5568
f 5564//5564 5569//5569 5566//5566
f 5570//5570 5568//5568 5567//5567
f 5573//5573 5576//5576 5577//5577
f 5571//5571 5579//5579 5576//5576
f 5574//5574 5579//5579 5575//5575
f 5576//5576 5581//5581 5580//5580
f 5583//5583 5588//5588 5586//5586
f 5584//5584 5587//5587 5582//5582
f 5585//5585 5589//5589 5584//5584
f 5588//5588 5589//5589 5586//5586
f 5584//5584 5592//5592 5587//5587
f 5589//5589 5594//5594 5584//5584
f 5594//5594 5590//5590 5584//5584
f 5589//5589 5593//5593 5594//5594
f 5594//5594 5596//5596 5597//5597
f 5590//5590 5597//5597 5598//5598
f 5596//5596 5599//5599 5597//5597
f 5599//5599 5598//5598 5597//5597
f 5598//5598 5601//5601 5595//5595
f 5598//5598 5603//5603 5600//5600
f 5602//5602 5603//5603 5599//5599
f 5601//5601 5600//5600 5604//5604
f 5603//5603 5605//5605 5607//5607
f 5604//5604 5608//5608 5606//5606
f 5606//5606 5608//5608 5610//5610
f 5607//5607 5611//5611 5609//5609
f 5608//5608 5614//5614 5612//5612
f 5611//5611 5614//5614 5609//5609
f 5614//5614 5615//5615 5612//5612
f 5611//5611 5618//5618 5614//5614
f 5613//5613 5618//5618 5611//5611
f 5615//5615 5616//5616 5612//5612
f 5615//5615 5618//5618 5619//5619
f 5617//5617 5621//5621 5618//5618
f 5620//5620 5623//5623 5617//5617
f 5621//5621 5626//5626 5627//5627
f 5624//5624 5628//5628 5625//5625
f 5627//5627 5626//5626 5629//5629
f 5628//5628 5630//5630 5625//5625
f 5629//5629 5632//5632 5628//5628
f 5630//5630 5633//5633 5634//5634
f 5632//5632 5633//5633 5630//5630
f 5629//5629 5635//5635 5632//5632
f 5635//5635 5636//5636 5632//5632
f 5636//5636 5637//5637 5633//5633
f 5634//5634 5637//5637 5638//5638
f 5637//5637 5641//5641 5640//5640
f 5636//5636 5639//5639 5641//5641
f 5640//5640 5642//5642 5638//5638
f 5647//5647 5646//5646 5640//5640
f 5647//5647 5650//5650 5646//5646
f 5649//5649 5651//5651 5647//5647
f 5653//5653 5650//5650 5651//5651
f 5657//5657 5656//5656 5653//5653
f 5655//5655 5657//5657 5653//5653
f 5657//5657 5660//5660 5656//5656
f 5661//5661 5663//5663 5665//5665
f 5667//5667 5663//5663 5661//5661
f 5667//5667 5669//5669 5663//5663
f 5667//5667 5668//5668 5669//5669
f 5666//5666 5669//5669 5668//5668
f 5669//5669 5670//5670 5663//5663
f 5666//5666 5664//5664 5672//5672
f 5670//5670 5671//5671 5663//5663
f 5671//5671 5674//5674 5675//5675
f 5674//5674 5677//5677 5678//5678
f 5682//5682 5684//5684 5680//5680
f 5682//5682 5689//5689 5686//5686
f 5688//5688 5689//5689 5683//5683
f 5687//5687 5692//5692 5690//5690
f 5689//5689 5692//5692 5686//5686
f 5688//5688 5691//5691 5689//5689
f 5691//5691 5693//5693 5689//5689
f 5692//5692 5693//5693 5694//5694
f 5691//5691 5696//5696 5693//5693
f 5694//5694 5695//5695 5690//5690
f 5694//5694 5697//5697 5695//5695
f 5693//5693 5696//5696 5698//5698
f 5694//5694 5698//5698 5697//5697
f 5698//5698 5701//5701 5697//5697
f 5700//5700 5703//5703 5698//5698
f 5701//5701 5704//5704 5699//5699
f 5704//5704 5706//5706 5708//5708
f 5705//5705 5710//5710 5703//5703
f 5708//5708 5712//5712 5709//5709
f 5710//5710 5716//5716 5706//5706
f 5707//5707 5717//5717 5711//5711
f 5715//5715 5717//5717 5707//5707
f 5715//5715 5718//5718 5717//5717
f 5711//5711 5717//5717 5719//5719
f 5717//5717 5718//5718 5721//5721
f 5718//5718 5720//5720 5721//5721
f 5721//5721 5722//5722 5717//5717
f 5722//5722 5729//5729 5724//5724
f 5721//5721 5726//5726 5722//5722
f 5721//5721 5730//5730 5727//5727
f 5730//5730 5731//5731 5727//5727
f 5726//5726 5731//5731 5732//5732
f 5732//5732 5733//5733 5728//5728
f 5731//5731 5735//5735 5732//5732
f 5734//5734 5735//5735 5731//5731
f 5732//5732 5737//5737 5733//5733
f 5732//5732 5735//5735 5736//5736
f 5736//5736 5735//5735 5741//5741
f 5735//5735 5740//5740 5741//5741
f 5737//5737 5741//5741 5742//5742
f 5742//5742 5743//5743 5739//5739
f 5741//5741 5744//5744 5745//5745
f 5745//5745 5746//5746 5742//5742
f 5746//5746 5747//5747 5743//5743
f 5745//5745 5748//5748 5749//5749
f 5753//5753 5751//5751 5750//5750
f 5754//5754 5753//5753 5750//5750
f 5758//5758 5754//5754 5752//5752
f 5756//5756 5761//5761 5757//5757
f 5762//5762 5755//5755 5758//5758
f 5783//5783 5780//5780 5778//5778
f 5779//5779 5782//5782 5785//5785
f 5784//5784 5785//5785 5786//5786
f 5787//5787 5790//5790 5786//5786
f 5789//5789 5792//5792 5787//5787
f 5788//5788 5793//5793 5791//5791
f 5788//5788 5790//5790 5793//5793
f 5790//5790 5794//5794 5793//5793
f 5792//5792 5794//5794 5790//5790
f 5793//5793 5795//5795 5791//5791
f 5793//5793 5797//5797 5795//5795
f 5795//5795 5797//5797 5798//5798
f 5796//5796 5800//5800 5794//5794
f 5796//5796 5799//5799 5800//5800
f 5799//5799 5802//5802 5800//5800
f 5798//5798 5803//5803 5801//5801
f 5797//5797 5802//5802 5805//5805
f 5797//5797 5806//5806 5803//5803
f 5797//5797 5805//5805 5806//5806
f 5802//5802 5804//5804 5805//5805
f 5805//5805 5808//5808 5806//5806
f 5804//5804 5807//5807 5810//5810
f 5805//5805 5810//5810 5808//5808
f 5806//5806 5811//5811 5809//5809
f 5808//5808 5811//5811 5806//5806
f 5808//5808 5814//5814 5811//5811
f 5810//5810 5814//5814 5808//5808
f 5812//5812 5820//5820 5810//5810
f 5819//5819 5817//5817 5821//5821
f 5817//5817 5815//5815 5822//5822
f 5813//5813 5821//5821 5823//5823
f 5822//5822 5825//5825 5821//5821
f 5823//5823 5826//5826 5827//5827
f 5828//5828 5829//5829 5825//5825
f 5826//5826 5832//5832 5827//5827
f 5826//5826 5829//5829 5830//5830
f 5833//5833 5831//5831 5829//5829
f 5837//5837 5835//5835 5834//5834
f 5831//5831 5837//5837 5834//5834
f 5831//5831 5836//5836 5838//5838
f 5841//5841 5839//5839 5837//5837
f 5837//5837 5844//5844 5841//5841
f 5849//5849 5853//5853 5850//5850
f 5852//5852 5851//5851 5855//5855
f 5849//5849 5855//5855 5853//5853
f 5854//5854 5857//5857 5851//5851
f 5858//5858 5856//5856 5853//5853
f 5856//5856 5861//5861 5859//5859
f 5858//5858 5864//5864 5863//5863
f 5864//5864 5866//5866 5865//5865
f 5864//5864 5862//5862 5866//5866
f 5865//5865 5867//5867 5861//5861
f 5866//5866 5869//5869 5865//5865
f 5869//5869 5872//5872 5865//5865
f 5869//5869 5873//5873 5872//5872
f 5871//5871 5873//5873 5869//5869
f 5870//5870 5874//5874 5875//5875
f 5872//5872 5873//5873 5874//5874
f 5876//5876 5877//5877 5873//5873
f 5877//5877 5876//5876 5879//5879
f 5875//5875 5880//5880 5878//5878
f 5874//5874 5880//5880 5875//5875
f 5877//5877 5882//5882 5874//5874
f 5879//5879 5882//5882 5877//5877
f 5879//5879 5883//5883 5882//5882
f 5880//5880 5883//5883 5884//5884
f 5881//5881 5887//5887 5879//5879
f 5884//5884 5892//5892 5888//5888
f 5883//5883 5887//5887 5892//5892
f 5886//5886 5896//5896 5894//5894
f 5889//5889 5893//5893 5896//5896
f 5894//5894 5897//5897 5891//5891
f 5897//5897 5898//5898 5895//5895
f 5894//5894 5899//5899 5900//5900
f 5897//5897 5900//5900 5901//5901
f 5900//5900 5905//5905 5903//5903
f 5902//5902 5905//5905 5899//5899
f 5901//5901 5906//5906 5904//5904
f 5901//5901 5903//5903 5906//5906
f 5907//5907 5909//5909 5905//5905
f 5903//5903 5909//5909 5910//5910
f 5910//5910 5911//5911 5906//5906
f 5908//5908 5911//5911 5915//5915
f 5910//5910 5916//5916 5912//5912
f 5914//5914 5915//5915 5911//5911
f 5911//5911 5913//5913 5914//5914
f 5914//5914 5918//5918 5915//5915
f 5919//5919 5913//5913 5916//5916
f 5920//5920 5922//5922 5914//5914
f 5917//5917 5920//5920 5914//5914
f 5920//5920 5926//5926 5922//5922
f 5920//5920 5925//5925 5924//5924
f 5923//5923 5925//5925 5921//5921
f 5933//5933 5935//5935 5931//5931
f 5936//5936 5937//5937 5940//5940
f 5939//5939 5941//5941 5942//5942
f 5936//5936 5942//5942 5943//5943
f 5937//5937 5943//5943 5944//5944
f 5942//5942 5945//5945 5946//5946
f 5943//5943 5947//5947 5944//5944
f 5946//5946 5947//5947 5943//5943
f 5946//5946 5950//5950 5949//5949
f 5949//5949 5950//5950 5953//5953
f 5950//5950 5952//5952 5956//5956
f 5953//5953 5957//5957 5954//5954
f 5953//5953 5956//5956 5957//5957
f 5955//5955 5959//5959 5956//5956
f 5954//5954 5957//5957 5958//5958
f 5956//5956 5960//5960 5957//5957
f 5956//5956 5961//5961 5960//5960
f 5958//5958 5960//5960 5962//5962
f 5964//5964 5965//5965 5962//5962
f 5960//5960 5968//5968 5964//5964
f 5964//5964 5969//5969 5965//5965
f 5968//5968 5971//5971 5972//5972
f 5969//5969 5973//5973 5970//5970
f 5969//5969 5972//5972 5973//5973
f 5973//5973 5974//5974 5970//5970
f 5972//5972 5975//5975 5976//5976
f 5976//5976 5977//5977 5973//5973
f 5973//5973 5977//5977 5974//5974
f 5977//5977 5978//5978 5974//5974
f 5974//5974 5978//5978 5979//5979
f 5978//5978 5981//5981 5979//5979
f 5977//5977 5981//5981 5978//5978
f 5980//5980 5982//5982 5983//5983
f 5977//5977 5983//5983 5984//5984
f 5984//5984 5985//5985 5981//5981
f 5984//5984 5983//5983 5988//5988
f 5986//5986 5988//5988 5983//5983
f 5986//5986 5990//5990 5988//5988
f 5987//5987 5990//5990 5991//5991
f 5985//5985 5993//5993 5989//5989
f 5991//5991 5992//5992 5985//5985
f 5990//5990 5996//5996 5991//5991
f 5990//5990 5994//5994 5996//5996
f 5992//5992 5996//5996 5998//5998
f 5998//5998 5996//5996 6000//6000
f 5997//5997 6001//6001 5995//5995
f 6000//6000 6002//6002 5997//5997
f 6002//6002 6004//6004 6001//6001
f 6003//6003 6008//6008 6002//6002
f 6003//6003 6007//6007 6010//6010
f 6008//6008 6006//6006 6004//6004
f 6010//6010 6011//6011 6008//6008
f 6006//6006 6011//6011 6013//6013
f 6013//6013 6017//6017 6015//6015
f 6012//6012 6017//6017 6011//6011
f 6014//6014 6018//6018 6012//6012
f 6015//6015 6019//6019 6020//6020
f 6015//6015 6017//6017 6019//6019
f 6021//6021 6022//6022 6018//6018
f 6019//6019 6024//6024 6020//6020
f 6019//6019 6026//6026 6023//6023
f 6021//6021 6026//6026 6022//6022
f 6023//6023 6028//6028 6024//6024
f 6023//6023 6030//6030 6027//6027
f 6025//6025 6030//6030 6026//6026
f 6027//6027 6032//6032 6031//6031
f 6030//6030 6029//6029 6032//6032
f 6031//6031 6034//6034 6028//6028
f 6032//6032 6033//6033 6031//6031
f 6032//6032 6035//6035 6036//6036
f 6036//6036 6037//6037 6033//6033
f 6035//6035 6038//6038 6036//6036
f 6034//6034 6037//6037 6039//6039
f 6037//6037 6042//6042 6039//6039
f 6044//6044 6041//6041 6038//6038
f 6038//6038 6043//6043 6044//6044
f 6041//6041 6046//6046 6042//6042
f 6045//6045 6049//6049 6046//6046
f 6048//6048 6045//6045 6044//6044
f 6047//6047 6048//6048 6044//6044
f 6051//6051 6052//6052 6049//6049
f 6057//6057 6051//6051 6048//6048
f 6050//6050 6057//6057 6048//6048
f 6059//6059 6061//6061 6058//6058
f 6058//6058 6063//6063 6064//6064
f 6062//6062 6060//6060 6063//6063
f 6064//6064 6066//6066 6059//6059
f 6065//6065 6067//6067 6064//6064
f 6065//6065 6060//6060 6067//6067
f 6066//6066 6068//6068 6059//6059
f 6064//6064 6067//6067 6066//6066
f 6067//6067 6070//6070 6066//6066
f 6067//6067 6069//6069 6072//6072
f 6070//6070 6072//6072 6074//6074
f 6072//6072 6076//6076 6074//6074
f 6072//6072 6073//6073 6078//6078
f 6077//6077 6080//6080 6073//6073
f 6078//6078 6081//6081 6076//6076
f 6080//6080 6082//6082 6078//6078
f 6082//6082 6083//6083 6081//6081
f 6081//6081 6084//6084 6079//6079
f 6083//6083 6084//6084 6081//6081
f 6085//6085 6086//6086 6082//6082
f 6086//6086 6087//6087 6083//6083
f 6084//6084 6087//6087 6088//6088
f 6089//6089 6091//6091 6086//6086
f 6087//6087 6091//6091 6092//6092
f 6088//6088 6092//6092 6093//6093
f 6092//6092 6091//6091 6094//6094
f 6093//6093 6095//6095 6090//6090
f 6097//6097 6099//6099 6101//6101
f 6098//6098 6103//6103 6100//6100
f 6099//6099 6103//6103 6104//6104
f 6105//6105 6111//6111 6109//6109
f 6108//6108 6112//6112 6111//6111
f 6107//6107 6112//6112 6108//6108
f 6106//6106 6110//6110 6107//6107
f 6112//6112 6115//6115 6111//6111
f 6112//6112 6114//6114 6116//6116
f 6111//6111 6115//6115 6113//6113
f 6116//6116 6114//6114 6118//6118
f 6113//6113 6119//6119 6120//6120
f 6113//6113 6117//6117 6119//6119
f 6117//6117 6118//6118 6119//6119
f 6119//6119 6122//6122 6120//6120
f 6118//6118 6121//6121 6124//6124
f 6125//6125 6126//6126 6124//6124
f 6126//6126 6128//6128 6122//6122
f 6129//6129 6131//6131 6127//6127
f 6126//6126 6132//6132 6128//6128
f 6126//6126 6136//6136 6132//6132
f 6131//6131 6136//6136 6126//6126
f 6129//6129 6134//6134 6131//6131
f 6133//6133 6137//6137 6139//6139
f 6133//6133 6138//6138 6130//6130
f 6135//6135 6138//6138 6140//6140
f 6141//6141 6142//6142 6139//6139
f 6142//6142 6143//6143 6138//6138
f 6141//6141 6144//6144 6142//6142
f 6140//6140 6145//6145 6146//6146
f 6143//6143 6144//6144 6145//6145
f 6147//6147 6148//6148 6144//6144
f 6149//6149 6146//6146 6145//6145
f 6145//6145 6150//6150 6149//6149
f 6147//6147 6150//6150 6148//6148
f 6154//6154 6156//6156 6157//6157
f 6160//6160 6158//6158 6153//6153
f 6157//6157 6160//6160 6153//6153
f 6166//6166 6167//6167 6164//6164
f 6171//6171 6172//6172 6170//6170
f 6170//6170 6175//6175 6173//6173
f 6174//6174 6176//6176 6177//6177
f 6172//6172 6178//6178 6175//6175
f 6180//6180 6181//6181 6178//6178
f 6180//6180 6177//6177 6183//6183
f 6177//6177 6182//6182 6184//6184
f 6183//6183 6185//6185 6181//6181
f 6183//6183 6184//6184 6187//6187
f 6184//6184 6189//6189 6187//6187
f 6189//6189 6190//6190 6187//6187
f 6188//6188 6191//6191 6192//6192
f 6185//6185 6194//6194 6191//6191
f 6190//6190 6194//6194 6185//6185
f 6193//6193 6194//6194 6190//6190
f 6192//6192 6195//6195 6196//6196
f 6195//6195 6201//6201 6199//6199
f 6198//6198 6201//6201 6195//6195
f 6197//6197 6203//6203 6198//6198
f 6197//6197 6200//6200 6203//6203
f 6199//6199 6204//6204 6202//6202
f 6199//6199 6201//6201 6204//6204
f 6203//6203 6206//6206 6201//6201
f 6203//6203 6208//6208 6209//6209
f 6204//6204 6206//6206 6207//6207
f 6208//6208 6210//6210 6209//6209
f 6206//6206 6211//6211 6207//6207
f 6206//6206 6210//6210 6211//6211
f 6210//6210 6213//6213 6215//6215
f 6211//6211 6215//6215 6214//6214
f 6216//6216 6218//6218 6212//6212
f 6214//6214 6215//6215 6217//6217
f 6215//6215 6213//6213 6217//6217
f 6219//6219 6217//6217 6213//6213
f 6217//6217 6222//6222 6216//6216
f 6221//6221 6223//6223 6217//6217
f 6222//6222 6224//6224 6220//6220
f 6221//6221 6225//6225 6223//6223
f 6225//6225 6227//6227 6223//6223
f 6229//6229 6231//6231 6224//6224
f 6227//6227 6235//6235 6226//6226
f 6225//6225 6235//6235 6227//6227
f 6232//6232 6236//6236 6234//6234
f 6232//6232 6230//6230 6237//6237
f 6228//6228 6236//6236 6238//6238
f 6236//6236 6237//6237 6240//6240
f 6238//6238 6241//6241 6242//6242
f 6236//6236 6240//6240 6241//6241
f 6243//6243 6244//6244 6240//6240
f 6242//6242 6245//6245 6247//6247
f 6244//6244 6245//6245 6241//6241
f 6248//6248 6249//6249 6244//6244
f 6246//6246 6250//6250 6248//6248
f 6249//6249 6252//6252 6245//6245
f 6249//6249 6250//6250 6251//6251
f 6251//6251 6254//6254 6252//6252
f 6251//6251 6256//6256 6254//6254
f 6251//6251 6250//6250 6256//6256
f 6250//6250 6255//6255 6258//6258
f 6256//6256 6259//6259 6254//6254
f 6256//6256 6258//6258 6260//6260
f 6260//6260 6261//6261 6259//6259
f 6257//6257 6261//6261 6262//6262
f 6260//6260 6263//6263 6264//6264
f 6266//6266 6267//6267 6264//6264
f 6268//6268 6267//6267 6269//6269
f 6269//6269 6270//6270 6273//6273
f 6273//6273 6276//6276 6271//6271
f 6273//6273 6274//6274 6275//6275
f 6274//6274 6277//6277 6278//6278
f 6276//6276 6279//6279 6280//6280
f 6278//6278 6279//6279 6275//6275
f 6281//6281 6278//6278 6277//6277
f 6288//6288 6290//6290 6283//6283
f 6294//6294 6293//6293 6291//6291
f 6294//6294 6295//6295 6299//6299
f 6297//6297 6299//6299 6295//6295
f 6293//6293 6300//6300 6296//6296
f 6300//6300 6302//6302 6296//6296
f 6299//6299 6303//6303 6301//6301
f 6300//6300 6305//6305 6306//6306
f 6301//6301 6303//6303 6305//6305
f 6306//6306 6307//6307 6302//6302
f 6304//6304 6307//6307 6308//6308
f 6307//6307 6306//6306 6310//6310
f 6308//6308 6310//6310 6311//6311
f 6306//6306 6312//6312 6313//6313
f 6310//6310 6316//6316 6311//6311
f 6316//6316 6313//6313 6318//6318
f 6313//6313 6315//6315 6318//6318
f 6314//6314 6320//6320 6319//6319
f 6320//6320 6321//6321 6319//6319
f 6320//6320 6318//6318 6321//6321
f 6319//6319 6322//6322 6317//6317
f 6319//6319 6324//6324 6322//6322
f 6319//6319 6321//6321 6324//6324
f 6322//6322 6324//6324 6325//6325
f 6321//6321 6327//6327 6324//6324
f 6321//6321 6328//6328 6327//6327
f 6321//6321 6326//6326 6328//6328
f 6327//6327 6329//6329 6325//6325
f 6330//6330 6331//6331 6328//6328
f 6327//6327 6333//6333 6329//6329
f 6327//6327 6331//6331 6332//6332
f 6332//6332 6333//6333 6327//6327
f 6332//6332 6335//6335 6333//6333
f 6335//6335 6336//6336 6333//6333
f 6337//6337 6331//6331 6334//6334
f 6343//6343 6345//6345 6340//6340
f 6343//6343 6347//6347 6345//6345
f 6343//6343 6350//6350 6349//6349
f 6349//6349 6351//6351 6347//6347
f 6352//6352 6350//6350 6348//6348
f 6359//6359 6362//6362 6360//6360
f 6358//6358 6363//6363 6361//6361
f 6360//6360 6366//6366 6365//6365
f 6366//6366 6367//6367 6365//6365
f 6365//6365 6368//6368 6363//6363
f 6367//6367 6368//6368 6365//6365
f 6366//6366 6369//6369 6370//6370
f 6367//6367 6371//6371 6368//6368
f 6369//6369 6373//6373 6370//6370
f 6370//6370 6374//6374 6371//6371
f 6375//6375 6372//6372 6371//6371
f 6373//6373 6376//6376 6377//6377
f 6377//6377 6378//6378 6374//6374
f 6377//6377 6381//6381 6378//6378
f 6377//6377 6380//6380 6381//6381
f 6375//6375 6382//6382 6379//6379
f 6383//6383 6384//6384 6380//6380
f 6381//6381 6389//6389 6387//6387
f 6384//6384 6389//6389 6381//6381
f 6386//6386 6389//6389 6384//6384
f 6388//6388 6385//6385 6390//6390
f 6391//6391 6392//6392 6387//6387
f 6385//6385 6393//6393 6390//6390
f 6392//6392 6393//6393 6385//6385
f 6392//6392 6396//6396 6393//6393
f 6391//6391 6400//6400 6402//6402
f 6399//6399 6405//6405 6401//6401
f 6403//6403 6405//6405 6407//6407
f 6407//6407 6408//6408 6403//6403
f 6405//6405 6409//6409 6410//6410
f 6407//6407 6414//6414 6411//6411
f 6409//6409 6414//6414 6410//6410
f 6411//6411 6415//6415 6412//6412
f 6413//6413 6418//6418 6414//6414
f 6411//6411 6418//6418 6419//6419
f 6417//6417 6420//6420 6421//6421
f 6419//6419 6420//6420 6415//6415
f 6419//6419 6422//6422 6423//6423
f 6428//6428 6435//6435 6433//6433
f 6436//6436 6438//6438 6434//6434
f 6439//6439 6433//6433 6435//6435
f 6439//6439 9519//9519 6437//6437
f 6440//6440 9517//9517 6438//6438
f 6445//6445 6446//6446 6447//6447
f 6441//6441 6447//6447 6448//6448
f 6446//6446 6450//6450 6447//6447
f 6444//6444 6450//6450 6446//6446
f 6449//6449 6451//6451 6454//6454
f 6447//6447 6451//6451 6448//6448
f 6447//6447 6455//6455 6453//6453
f 6451//6451 6458//6458 6456//6456
f 6455//6455 6458//6458 6453//6453
f 6452//6452 6457//6457 6455//6455
f 6455//6455 6457//6457 6460//6460
f 6457//6457 6459//6459 6462//6462
f 6460//6460 6462//6462 6463//6463
f 6460//6460 6464//6464 6458//6458
f 6463//6463 6464//6464 6460//6460
f 6461//6461 6464//6464 6465//6465
f 6464//6464 6467//6467 6465//6465
f 6464//6464 6463//6463 6467//6467
f 6466//6466 6469//6469 6463//6463
f 6468//6468 6471//6471 6466//6466
f 6467//6467 6472//6472 6470//6470
f 6467//6467 6469//6469 6472//6472
f 6469//6469 6476//6476 6474//6474
f 6471//6471 6473//6473 6476//6476
f 6474//6474 6477//6477 6472//6472
f 6477//6477 6478//6478 6475//6475
f 6474//6474 6479//6479 6480//6480
f 6477//6477 6480//6480 6481//6481
f 6481//6481 6482//6482 6478//6478
f 6480//6480 6483//6483 6484//6484
f 6481//6481 6485//6485 6482//6482
f 6484//6484 6487//6487 6481//6481
f 6484//6484 6488//6488 6487//6487
f 6486//6486 6488//6488 6483//6483
f 6487//6487 6489//6489 6485//6485
f 6488//6488 6490//6490 6491//6491
f 6486//6486 6490//6490 6488//6488
f 6487//6487 6491//6491 6493//6493
f 6493//6493 6495//6495 6489//6489
f 6490//6490 6499//6499 6491//6491
f 6498//6498 6500//6500 6492//6492
f 6496//6496 6501//6501 6505//6505
f 6503//6503 6506//6506 6500//6500
f 6506//6506 6508//6508 6504//6504
f 6503//6503 6508//6508 6506//6506
f 6509//6509 6508//6508 6503//6503
f 6508//6508 6511//6511 6504//6504
f 6508//6508 6513//6513 6510//6510
f 6509//6509 6512//6512 6513//6513
f 6512//6512 6514//6514 6513//6513
f 6511//6511 6515//6515 6517//6517
f 6514//6514 6515//6515 6510//6510
f 6515//6515 6519//6519 6517//6517
f 6514//6514 6520//6520 6521//6521
f 6520//6520 6516//6516 6522//6522
f 6521//6521 6523//6523 6515//6515
f 6521//6521 6526//6526 6523//6523
f 6522//6522 6525//6525 6521//6521
f 6526//6526 6528//6528 6529//6529
f 6522//6522 6528//6528 6525//6525
f 6522//6522 6530//6530 6531//6531
f 6532//6532 6535//6535 6528//6528
f 6531//6531 6532//6532 6528//6528
f 6536//6536 6533//6533 6531//6531
f 6534//6534 6535//6535 6532//6532
f 6537//6537 6534//6534 6532//6532
f 6534//6534 6539//6539 6535//6535
f 6540//6540 6537//6537 6536//6536
f 6546//6546 6549//6549 6547//6547
f 6548//6548 6549//6549 6552//6552
f 6558//6558 6556//6556 6560//6560
f 6557//6557 6560//6560 6553//6553
f 6560//6560 6562//6562 6553//6553
f 6559//6559 6563//6563 6564//6564
f 6562//6562 6563//6563 6561//6561
f 6562//6562 6565//6565 6566//6566
f 6565//6565 6568//6568 6566//6566
f 6566//6566 6567//6567 6563//6563
f 6568//6568 6567//6567 6566//6566
f 6568//6568 6572//6572 6567//6567
f 6570//6570 6572//6572 6568//6568
f 6567//6567 6572//6572 6575//6575
f 6572//6572 6574//6574 6577//6577
f 6573//6573 6580//6580 6578//6578
f 6577//6577 6582//6582 6575//6575
f 6583//6583 6586//6586 6584//6584
f 6580//6580 6586//6586 6583//6583
f 6582//6582 6586//6586 6580//6580
f 6582//6582 6585//6585 6587//6587
f 6585//6585 6589//6589 6587//6587
f 6584//6584 6588//6588 6590//6590
f 6589//6589 6588//6588 6586//6586
f 6588//6588 6592//6592 6590//6590
f 6589//6589 6594//6594 6588//6588
f 6589//6589 6591//6591 6594//6594
f 6592//6592 6593//6593 6590//6590
f 6588//6588 6594//6594 6595//6595
f 6594//6594 6598//6598 6595//6595
f 6594//6594 6597//6597 6598//6598
f 6595//6595 6599//6599 6596//6596
f 6598//6598 6599//6599 6595//6595
f 6599//6599 6601//6601 6596//6596
f 6597//6597 6602//6602 6598//6598
f 6599//6599 6608//6608 6601//6601
f 6602//6602 6604//6604 6600//6600
f 6604//6604 6606//6606 6599//6599
f 6607//6607 6612//6612 6609//6609
f 6605//6605 6603//6603 6613//6613
f 6613//6613 6611//6611 6615//6615
f 6612//6612 6617//6617 6611//6611
f 6612//6612 6616//6616 6618//6618
f 6617//6617 6619//6619 6615//6615
f 6621//6621 6619//6619 6618//6618
f 6615//6615 6619//6619 6622//6622
f 6620//6620 6622//6622 6623//6623
f 6622//6622 6625//6625 6623//6623
f 6624//6624 6627//6627 6619//6619
f 6622//6622 6627//6627 6628//6628
f 6628//6628 6629//6629 6625//6625
f 6628//6628 6627//6627 6631//6631
f 6627//6627 6630//6630 6632//6632
f 6631//6631 6633//6633 6629//6629
f 6633//6633 6635//6635 6636//6636
f 6632//6632 6635//6635 6631//6631
f 6639//6639 6636//6636 6635//6635
f 6638//6638 6639//6639 6635//6635
f 6639//6639 6644//6644 6640//6640
f 6645//6645 6642//6642 6641//6641
f 6645//6645 6646//6646 6642//6642
f 6643//6643 6649//6649 6644//6644
f 6646//6646 6647//6647 6643//6643
f 6646//6646 6650//6650 6648//6648
f 6650//6650 6652//6652 6648//6648
f 6650//6650 6653//6653 6652//6652
f 6654//6654 6658//6658 6657//6657
f 6659//6659 6660//6660 6662//6662
f 6665//6665 6664//6664 6659//6659
f 6665//6665 6663//6663 6664//6664
f 6663//6663 6666//6666 6664//6664
f 6663//6663 6661//6661 6668//6668
f 6660//6660 6664//6664 6667//6667
f 6664//6664 6669//6669 6667//6667
f 6666//6666 6671//6671 6672//6672
f 6672//6672 6675//6675 6669//6669
f 6677//6677 6678//6678 6675//6675
f 6673//6673 6678//6678 6681//6681
f 6681//6681 6683//6683 6679//6679
f 6680//6680 6684//6684 6682//6682
f 6681//6681 6682//6682 6685//6685
f 6685//6685 6686//6686 6683//6683
f 6685//6685 6688//6688 6686//6686
f 6684//6684 6688//6688 6682//6682
f 6689//6689 6690//6690 6688//6688
f 6688//6688 6690//6690 6691//6691
f 6686//6686 6691//6691 6692//6692
f 6691//6691 6690//6690 6695//6695
f 6687//6687 6693//6693 6695//6695
f 6692//6692 6694//6694 6696//6696
f 6693//6693 6698//6698 6695//6695
f 6694//6694 6698//6698 6699//6699
f 6699//6699 6701//6701 6696//6696
f 6698//6698 6700//6700 6699//6699
f 6698//6698 6702//6702 6703//6703
f 6708//6708 6705//6705 6703//6703
f 6706//6706 6709//6709 6707//6707
f 6710//6710 6705//6705 6708//6708
f 6706//6706 6711//6711 6712//6712
f 6712//6712 6713//6713 6709//6709
f 6714//6714 6715//6715 6710//6710
f 6723//6723 6722//6722 6724//6724
f 6724//6724 6725//6725 6720//6720
f 6721//6721 6727//6727 6722//6722
f 6724//6724 6728//6728 6725//6725
f 6727//6727 6730//6730 6728//6728
f 6727//6727 6726//6726 6730//6730
f 6728//6728 6731//6731 6725//6725
f 6728//6728 6730//6730 6733//6733
f 6730//6730 6732//6732 6734//6734
f 6734//6734 6736//6736 6737//6737
f 6731//6731 6733//6733 6735//6735
f 6733//6733 6737//6737 6738//6738
f 6738//6738 6739//6739 6735//6735
f 6738//6738 6737//6737 6741//6741
f 6737//6737 6740//6740 6741//6741
f 6738//6738 6744//6744 6742//6742
f 6740//6740 6743//6743 6745//6745
f 6742//6742 6748//6748 6746//6746
f 6745//6745 6748//6748 6744//6744
f 6747//6747 6749//6749 6745//6745
f 6746//6746 6748//6748 6750//6750
f 6749//6749 6748//6748 6745//6745
f 6748//6748 6749//6749 6752//6752
f 6749//6749 6754//6754 6752//6752
f 6755//6755 6752//6752 6756//6756
f 6752//6752 6759//6759 6762//6762
f 6757//6757 6759//6759 6754//6754
f 6756//6756 6762//6762 6760//6760
f 6762//6762 6759//6759 6763//6763
f 6758//6758 6764//6764 6766//6766
f 6763//6763 6767//6767 6768//6768
f 6768//6768 6767//6767 6769//6769
f 6767//6767 6765//6765 6770//6770
f 6764//6764 6769//6769 6771//6771
f 6770//6770 6773//6773 6769//6769
f 6773//6773 6774//6774 6771//6771
f 6772//6772 6775//6775 6776//6776
f 6773//6773 6770//6770 6774//6774
f 6776//6776 6777//6777 6770//6770
f 6774//6774 6777//6777 6780//6780
f 6777//6777 6779//6779 6782//6782
f 6781//6781 6783//6783 6779//6779
f 6782//6782 6787//6787 6786//6786
f 6785//6785 6787//6787 6783//6783
f 6786//6786 6789//6789 6784//6784
f 6786//6786 6791//6791 6788//6788
f 6787//6787 6790//6790 6791//6791
f 6785//6785 6790//6790 6787//6787
f 6791//6791 6792//6792 6788//6788
f 6792//6792 6793//6793 6789//6789
f 6790//6790 6794//6794 6791//6791
f 6791//6791 6794//6794 6795//6795
f 6793//6793 6796//6796 6797//6797
f 6795//6795 6796//6796 6792//6792
f 6797//6797 6796//6796 6799//6799
f 6795//6795 6801//6801 6796//6796
f 6800//6800 6802//6802 6795//6795
f 6799//6799 6801//6801 6803//6803
f 6801//6801 6807//6807 6803//6803
f 6801//6801 6806//6806 6805//6805
f 6804//6804 6806//6806 6802//6802
f 6815//6815 6812//6812 6811//6811
f 6814//6814 6815//6815 6811//6811
f 6813//6813 6816//6816 6814//6814
f 6827//6827 6822//6822 6821//6821
f 6821//6821 6824//6824 6827//6827
f 6834//6834 6829//6829 6833//6833
f 6835//6835 6834//6834 6833//6833
f 6830//6830 6832//6832 6835//6835
f 6832//6832 6836//6836 6835//6835
f 6831//6831 6837//6837 6838//6838
f 6836//6836 6841//6841 6837//6837
f 6836//6836 6839//6839 6841//6841
f 6837//6837 6841//6841 6842//6842
f 6841//6841 6843//6843 6842//6842
f 6842//6842 6843//6843 6844//6844
f 6838//6838 6844//6844 6840//6840
f 6841//6841 6845//6845 6843//6843
f 6846//6846 6850//6850 6848//6848
f 6844//6844 6845//6845 6850//6850
f 6849//6849 6851//6851 6845//6845
f 6848//6848 6850//6850 6852//6852
f 6850//6850 6856//6856 6855//6855
f 6852//6852 6855//6855 6857//6857
f 6855//6855 6856//6856 6859//6859
f 6858//6858 6862//6862 6856//6856
f 6860//6860 6862//6862 6858//6858
f 6861//6861 6862//6862 6867//6867
f 6861//6861 6865//6865 6863//6863
f 6861//6861 6867//6867 6865//6865
f 6864//6864 6866//6866 6869//6869
f 6865//6865 6870//6870 6872//6872
f 6867//6867 6870//6870 6865//6865
f 6872//6872 6870//6870 6874//6874
f 6873//6873 6876//6876 6881//6881
f 6880//6880 6877//6877 6868//6868
f 6871//6871 6879//6879 6875//6875
f 6880//6880 6875//6875 6882//6882
f 6875//6875 6879//6879 6884//6884
f 6877//6877 6885//6885 6883//6883
f 6882//6882 6885//6885 6877//6877
f 6883//6883 6885//6885 6886//6886
f 6882//6882 6888//6888 6885//6885
f 6890//6890 6891//6891 6888//6888
f 6887//6887 6889//6889 6893//6893
f 6893//6893 6891//6891 6890//6890
f 6893//6893 6896//6896 6891//6891
f 6892//6892 6897//6897 6898//6898
f 6894//6894 6896//6896 6897//6897
f 6897//6897 6901//6901 6898//6898
f 6897//6897 6896//6896 6900//6900
f 6902//6902 6903//6903 6896//6896
f 6900//6900 6904//6904 6901//6901
f 6900//6900 6903//6903 6906//6906
f 6903//6903 6905//6905 6907//6907
f 6908//6908 6904//6904 6906//6906
f 6907//6907 6908//6908 6906//6906
f 6905//6905 6909//6909 6907//6907
f 6912//6912 6910//6910 6908//6908
f 6909//6909 6912//6912 6908//6908
f 6911//6911 6913//6913 6909//6909
f 6916//6916 6917//6917 6914//6914
f 6918//6918 6919//6919 6915//6915
f 6930//6930 6929//6929 6928//6928
f 6930//6930 6927//6927 6931//6931
f 6929//6929 6932//6932 6926//6926
f 6929//6929 6935//6935 6934//6934
f 6931//6931 6933//6933 6935//6935
f 6932//6932 6934//6934 6936//6936
f 6935//6935 6940//6940 6934//6934
f 6937//6937 6943//6943 6940//6940
f 6937//6937 6939//6939 6943//6943
f 6940//6940 6944//6944 6941//6941
f 6940//6940 6943//6943 6944//6944
f 6944//6944 6945//6945 6941//6941
f 6943//6943 6946//6946 6944//6944
f 6942//6942 6945//6945 6947//6947
f 6947//6947 6949//6949 6951//6951
f 6946//6946 6949//6949 6945//6945
f 6948//6948 6953//6953 6955//6955
f 6952//6952 6957//6957 6954//6954
f 6952//6952 6950//6950 6959//6959
f 6957//6957 6962//6962 6960//6960
f 6957//6957 6959//6959 6962//6962
f 6959//6959 6964//6964 6965//6965
f 6965//6965 6964//6964 6966//6966
f 6964//6964 6963//6963 6966//6966
f 6965//6965 6966//6966 6967//6967
f 6967//6967 6968//6968 6962//6962
f 6968//6968 6967//6967 6970//6970
f 6966//6966 6971//6971 6972//6972
f 6972//6972 6973//6973 6967//6967
f 6974//6974 6977//6977 6975//6975
f 6984//6984 6985//6985 6980//6980
f 6986//6986 6985//6985 6984//6984
f 6980//6980 6985//6985 6987//6987
f 6985//6985 6989//6989 6987//6987
f 6983//6983 6991//6991 6992//6992
f 6983//6983 6988//6988 6991//6991
f 6989//6989 6985//6985 6992//6992
f 6992//6992 6991//6991 6993//6993
f 6989//6989 6994//6994 6990//6990
f 6991//6991 6995//6995 6996//6996
f 6996//6996 6997//6997 6993//6993
f 6995//6995 6999//6999 6996//6996
f 6997//6997 7000//7000 6994//6994
f 6997//6997 7003//7003 7001//7001
f 7001//7001 7004//7004 6998//6998
f 7004//7004 7005//7005 7002//7002
f 7004//7004 7009//7009 7005//7005
f 7001//7001 7008//7008 7009//7009
f 7007//7007 7010//7010 7011//7011
f 7009//7009 7010//7010 7005//7005
f 7008//7008 7013//7013 7009//7009
f 7013//7013 7014//7014 7010//7010
f 7012//7012 7014//7014 7013//7013
f 7010//7010 7015//7015 7011//7011
f 7010//7010 7014//7014 7017//7017
f 7017//7017 7019//7019 7018//7018
f 7014//7014 7016//7016 7019//7019
f 7018//7018 7020//7020 7015//7015
f 7026//7026 7028//7028 7024//7024
f 7026//7026 7027//7027 7030//7030
f 7029//7029 7031//7031 7027//7027
f 7031//7031 7029//7029 7034//7034
f 7030//7030 7032//7032 7028//7028
f 7031//7031 7034//7034 7030//7030
f 7032//7032 7036//7036 7033//7033
f 7035//7035 7039//7039 7038//7038
f 7038//7038 7040//7040 7036//7036
f 7038//7038 7042//7042 7043//7043
f 7039//7039 7041//7041 7042//7042
f 7046//7046 7050//7050 7051//7051
f 7051//7051 7054//7054 7052//7052
f 7052//7052 7054//7054 7055//7055
f 7054//7054 7058//7058 7055//7055
f 7057//7057 7058//7058 7054//7054
f 7058//7058 7059//7059 7055//7055
f 7057//7057 7061//7061 7058//7058
f 7062//7062 7063//7063 7059//7059
f 7062//7062 7066//7066 7065//7065
f 7063//7063 7065//7065 7067//7067
f 7064//7064 7068//7068 7066//7066
f 7066//7066 7069//7069 7065//7065
f 7066//7066 7068//7068 7070//7070
f 7067//7067 7069//7069 7071//7071
f 7069//7069 7075//7075 7071//7071
f 7070//7070 7074//7074 7075//7075
f 7074//7074 7076//7076 7075//7075
f 7071//7071 7077//7077 7073//7073
f 7076//7076 7077//7077 7075//7075
f 7073//7073 7080//7080 7078//7078
f 7076//7076 7080//7080 7077//7077
f 7079//7079 7081//7081 7076//7076
f 7078//7078 7080//7080 7082//7082
f 7080//7080 7081//7081 7084//7084
f 7080//7080 7084//7084 7085//7085
f 7083//7083 7084//7084 7081//7081
f 7083//7083 7086//7086 7084//7084
f 7085//7085 7086//7086 7087//7087
f 7087//7087 7091//7091 7088//7088
f 7087//7087 7086//7086 7090//7090
f 7086//7086 7092//7092 7093//7093
f 7090//7090 7093//7093 7094//7094
f 7093//7093 7095//7095 7094//7094
f 7091//7091 7095//7095 7096//7096
f 7093//7093 7097//7097 7098//7098
f 7098//7098 7099//7099 7095//7095
f 7098//7098 7097//7097 7100//7100
f 7096//7096 7099//7099 7101//7101
f 7111//7111 7110//7110 7107//7107
f 7111//7111 7113//7113 7114//7114
f 7110//7110 7116//7116 7112//7112
f 7114//7114 7115//7115 7110//7110
f 7117//7117 7120//7120 7114//7114
f 7125//7125 7126//7126 7123//7123
f 7133//7133 7134//7134 7129//7129
f 7135//7135 7134//7134 7133//7133
f 7129//7129 7136//7136 7131//7131
f 7129//7129 7134//7134 7136//7136
f 7136//7136 7137//7137 7131//7131
f 7134//7134 7141//7141 7140//7140
f 7132//7132 7139//7139 7141//7141
f 7140//7140 7137//7137 7136//7136
f 7140//7140 7141//7141 7142//7142
f 7142//7142 7145//7145 7137//7137
f 7141//7141 7144//7144 7142//7142
f 7137//7137 7145//7145 7143//7143
f 7146//7146 7150//7150 7145//7145
f 7146//7146 7148//7148 7149//7149
f 7147//7147 7151//7151 7153//7153
f 7150//7150 7149//7149 7151//7151
f 7149//7149 7155//7155 7151//7151
f 7155//7155 7156//7156 7151//7151
f 7154//7154 7157//7157 7158//7158
f 7156//7156 7159//7159 7160//7160
f 7158//7158 7159//7159 7155//7155
f 7161//7161 7162//7162 7158//7158
f 7159//7159 7165//7165 7163//7163
f 7169//7169 7171//7171 7159//7159
f 7162//7162 7167//7167 7169//7169
f 7166//7166 7173//7173 7168//7168
f 7173//7173 7174//7174 7170//7170
f 7166//7166 7175//7175 7177//7177
f 7174//7174 7179//7179 7178//7178
f 7177//7177 7179//7179 7173//7173
f 7176//7176 7178//7178 7180//7180
f 7180//7180 7182//7182 7183//7183
f 7178//7178 7179//7179 7182//7182
f 7184//7184 7185//7185 7179//7179
f 7182//7182 7187//7187 7183//7183
f 7185//7185 7186//7186 7182//7182
f 7188//7188 7189//7189 7185//7185
f 7186//7186 7189//7189 7190//7190
f 7190//7190 7191//7191 7187//7187
f 7189//7189 7192//7192 7193//7193
f 7191//7191 7194//7194 7195//7195
f 7193//7193 7194//7194 7190//7190
f 7193//7193 7196//7196 7197//7197
f 7197//7197 7198//7198 7194//7194
f 7196//7196 7199//7199 7197//7197
f 7198//7198 7200//7200 7195//7195
f 7198//7198 7204//7204 7200//7200
f 7198//7198 7203//7203 7202//7202
f 7199//7199 7205//7205 7203//7203
f 7203//7203 7205//7205 7206//7206
f 7218//7218 7221//7221 7220//7220
f 7215//7215 7221//7221 7219//7219
f 7217//7217 7221//7221 7215//7215
f 7220//7220 7222//7222 7216//7216
f 7223//7223 7225//7225 7221//7221
f 7220//7220 7225//7225 7226//7226
f 7220//7220 7227//7227 7222//7222
f 7226//7226 7227//7227 7220//7220
f 7224//7224 7227//7227 7229//7229
f 7225//7225 7231//7231 7226//7226
f 7227//7227 7231//7231 7232//7232
f 7230//7230 7233//7233 7231//7231
f 7232//7232 7234//7234 7228//7228
f 7230//7230 7235//7235 7236//7236
f 7234//7234 7237//7237 7238//7238
f 7233//7233 7236//7236 7237//7237
f 7235//7235 7241//7241 7236//7236
f 7237//7237 7236//7236 7241//7241
f 7237//7237 7241//7241 7242//7242
f 7240//7240 7243//7243 7244//7244
f 7242//7242 7243//7243 7238//7238
f 7241//7241 7246//7246 7242//7242
f 7241//7241 7245//7245 7246//7246
f 7243//7243 7247//7247 7244//7244
f 7249//7249 7251//7251 7243//7243
f 7247//7247 7251//7251 7252//7252
f 7252//7252 7248//7248 7247//7247
f 7248//7248 7252//7252 7253//7253
f 7251//7251 7257//7257 7252//7252
f 7253//7253 7254//7254 7250//7250
f 7257//7257 7259//7259 7253//7253
f 7259//7259 7261//7261 7253//7253
f 7258//7258 7263//7263 7260//7260
f 7258//7258 7255//7255 7264//7264
f 7255//7255 7262//7262 7264//7264
f 7264//7264 7262//7262 7268//7268
f 7263//7263 7266//7266 7260//7260
f 7263//7263 7268//7268 7265//7265
f 7265//7265 7271//7271 7266//7266
f 7269//7269 7270//7270 7265//7265
f 7268//7268 7272//7272 7269//7269
f 7271//7271 7273//7273 7274//7274
f 7269//7269 7275//7275 7276//7276
f 7274//7274 7273//7273 7277//7277
f 7275//7275 7279//7279 7276//7276
f 7273//7273 7279//7279 7280//7280
f 7277//7277 7280//7280 7281//7281
f 7278//7278 7283//7283 7279//7279
f 7281//7281 7280//7280 7284//7284
f 7282//7282 7286//7286 7283//7283
f 7280//7280 7286//7286 7287//7287
f 7287//7287 7289//7289 7284//7284
f 7287//7287 7286//7286 7288//7288
f 7288//7288 7292//7292 7289//7289
f 7288//7288 7286//7286 7291//7291
f 7286//7286 7293//7293 7294//7294
f 7291//7291 7296//7296 7292//7292
f 7294//7294 7295//7295 7291//7291
f 7294//7294 7297//7297 7298//7298
f 7303//7303 7301//7301 7299//7299
f 7300//7300 7306//7306 7302//7302
f 7300//7300 7305//7305 7304//7304
f 7303//7303 7305//7305 7301//7301
f 7304//7304 7312//7312 7309//7309
f 7311//7311 7312//7312 7308//7308
f 7313//7313 7318//7318 7315//7315
f 7319//7319 7318//7318 7317//7317
f 7319//7319 7320//7320 7318//7318
f 7319//7319 7316//7316 7320//7320
f 7318//7318 7322//7322 7315//7315
f 7318//7318 7320//7320 7321//7321
f 7322//7322 7324//7324 7325//7325
f 7322//7322 7327//7327 7324//7324
f 7320//7320 7327//7327 7321//7321
f 7323//7323 7326//7326 7320//7320
f 7324//7324 7331//7331 7325//7325
f 7326//7326 7328//7328 7327//7327
f 7326//7326 7332//7332 7328//7328
f 7329//7329 7333//7333 7334//7334
f 7328//7328 7333//7333 7329//7329
f 7332//7332 7333//7333 7328//7328
f 7333//7333 7337//7337 7334//7334
f 7336//7336 7338//7338 7340//7340
f 7340//7340 7341//7341 7333//7333
f 7341//7341 7342//7342 7337//7337
f 7340//7340 7343//7343 7341//7341
f 7342//7342 7344//7344 7339//7339
f 7344//7344 7342//7342 7346//7346
f 7342//7342 7348//7348 7346//7346
f 7343//7343 7348//7348 7342//7342
f 7347//7347 7350//7350 7343//7343
f 7348//7348 7350//7350 7351//7351
f 7346//7346 7353//7353 7349//7349
f 7346//7346 7351//7351 7352//7352
f 7352//7352 7356//7356 7353//7353
f 7352//7352 7358//7358 7355//7355
f 7351//7351 7357//7357 7358//7358
f 7360//7360 7361//7361 7358//7358
f 7359//7359 7362//7362 7363//7363
f 7364//7364 7361//7361 7360//7360
f 7363//7363 7366//7366 7367//7367
f 7362//7362 7369//7369 7366//7366
f 7364//7364 7369//7369 7365//7365
f 7366//7366 7370//7370 7367//7367
f 7368//7368 7372//7372 7369//7369
f 7366//7366 7372//7372 7373//7373
f 7375//7375 7376//7376 7372//7372
f 7377//7377 7380//7380 7383//7383
f 7383//7383 7381//7381 7378//7378
f 7380//7380 7382//7382 7385//7385
f 7383//7383 7385//7385 7386//7386
f 7382//7382 7390//7390 7385//7385
f 7385//7385 7388//7388 7386//7386
f 7382//7382 7387//7387 7390//7390
f 7387//7387 7393//7393 7390//7390
f 7390//7390 7393//7393 7388//7388
f 7388//7388 7394//7394 7391//7391
f 7393//7393 7396//7396 7388//7388
f 7393//7393 7398//7398 7396//7396
f 7392//7392 7395//7395 7398//7398
f 7394//7394 7399//7399 7397//7397
f 7399//7399 7403//7403 7401//7401
f 7394//7394 7404//7404 7403//7403
f 7400//7400 7404//7404 7396//7396
f 7401//7401 7407//7407 7405//7405
f 7406//7406 7409//7409 7404//7404
f 7408//7408 7405//7405 7410//7410
f 7412//7412 7416//7416 7410//7410
f 7413//7413 7414//7414 7412//7412
f 7411//7411 7418//7418 7420//7420
f 7421//7421 7422//7422 7415//7415
f 7419//7419 7423//7423 7424//7424
f 7417//7417 7423//7423 7419//7419
f 7423//7423 7427//7427 7424//7424
f 7428//7428 7429//7429 7425//7425
f 7426//7426 7430//7430 7427//7427
f 7426//7426 7429//7429 7433//7433
f 7429//7429 7432//7432 7433//7433
f 7430//7430 7434//7434 7431//7431
f 7433//7433 7435//7435 7436//7436
f 7436//7436 7437//7437 7430//7430
f 7436//7436 7438//7438 7437//7437
f 7436//7436 7435//7435 7439//7439
f 7434//7434 7438//7438 7440//7440
f 7439//7439 7442//7442 7438//7438
f 7439//7439 7441//7441 7443//7443
f 7440//7440 7442//7442 7446//7446
f 7444//7444 7446//7446 7442//7442
f 7442//7442 7445//7445 7444//7444
f 7447//7447 7445//7445 7443//7443
f 7444//7444 7450//7450 7446//7446
f 7444//7444 7449//7449 7448//7448
f 7447//7447 7449//7449 7445//7445
f 7448//7448 7453//7453 7450//7450
f 7448//7448 7455//7455 7452//7452
f 7449//7449 7454//7454 7455//7455
f 7452//7452 7457//7457 7453//7453
f 7455//7455 7456//7456 7452//7452
f 7455//7455 7458//7458 7459//7459
f 7462//7462 7463//7463 7456//7456
f 7456//7456 7465//7465 7462//7462
f 7464//7464 7465//7465 7459//7459
f 7473//7473 7475//7475 7474//7474
f 7469//7469 7474//7474 7476//7476
f 7474//7474 7478//7478 7477//7477
f 7476//7476 7479//7479 7471//7471
f 7479//7479 7477//7477 7481//7481
f 7480//7480 7482//7482 7478//7478
f 7477//7477 7478//7478 7483//7483
f 7478//7478 7482//7482 7483//7483
f 7477//7477 7483//7483 7484//7484
f 7484//7484 7485//7485 7481//7481
f 7483//7483 7487//7487 7484//7484
f 7483//7483 7489//7489 7487//7487
f 7483//7483 7486//7486 7489//7489
f 7489//7489 7490//7490 7487//7487
f 7488//7488 7485//7485 7491//7491
f 7485//7485 7494//7494 7491//7491
f 7490//7490 7494//7494 7485//7485
f 7494//7494 7496//7496 7491//7491
f 7492//7492 7500//7500 7490//7490
f 7497//7497 7501//7501 7499//7499
f 7497//7497 7495//7495 7504//7504
f 7493//7493 7501//7501 7503//7503
f 7497//7497 7504//7504 7505//7505
f 7504//7504 7502//7502 7506//7506
f 7505//7505 7508//7508 7501//7501
f 7506//7506 7507//7507 7505//7505
f 7509//7509 7510//7510 7506//7506
f 7510//7510 7511//7511 7507//7507
f 7508//7508 7511//7511 7512//7512
f 7509//7509 7514//7514 7510//7510
f 7514//7514 7515//7515 7511//7511
f 7513//7513 7516//7516 7514//7514
f 7517//7517 7512//7512 7515//7515
f 7515//7515 7516//7516 7517//7517
f 7517//7517 7521//7521 7518//7518
f 7517//7517 7516//7516 7520//7520
f 7520//7520 7523//7523 7521//7521
f 7528//7528 7532//7532 7531//7531
f 7530//7530 7534//7534 7532//7532
f 7531//7531 7535//7535 7529//7529
f 7531//7531 7537//7537 7535//7535
f 7534//7534 7538//7538 7537//7537
f 7535//7535 7537//7537 7539//7539
f 7537//7537 7543//7543 7541//7541
f 7541//7541 7544//7544 7539//7539
f 7538//7538 7545//7545 7543//7543
f 7544//7544 7546//7546 7542//7542
f 7541//7541 7549//7549 7548//7548
f 7541//7541 7547//7547 7549//7549
f 7548//7548 7546//7546 7544//7544
f 7549//7549 7547//7547 7556//7556
f 7548//7548 7550//7550 7546//7546
f 7548//7548 7556//7556 7553//7553
f 7555//7555 7558//7558 7559//7559
f 7554//7554 7561//7561 7551//7551
f 7554//7554 7560//7560 7561//7561
f 7558//7558 7565//7565 7564//7564
f 7560//7560 7565//7565 7561//7561
f 7564//7564 7567//7567 7566//7566
f 7563//7563 7567//7567 7565//7565
f 7566//7566 7568//7568 7562//7562
f 7566//7566 7567//7567 7571//7571
f 7567//7567 7569//7569 7571//7571
f 7571//7571 7572//7572 7570//7570
f 7571//7571 7569//7569 7573//7573
f 7568//7568 7572//7572 7574//7574
f 7584//7584 7586//7586 7583//7583
f 7587//7587 7585//7585 7589//7589
f 7588//7588 7591//7591 7584//7584
f 7589//7589 7590//7590 7588//7588
f 7590//7590 7596//7596 7593//7593
f 7595//7595 7596//7596 7590//7590
f 7596//7596 7597//7597 7593//7593
f 7596//7596 7599//7599 7600//7600
f 7597//7597 7601//7601 7598//7598
f 7597//7597 7600//7600 7601//7601
f 7601//7601 7602//7602 7598//7598
f 7601//7601 7605//7605 7606//7606
f 7603//7603 7609//7609 7605//7605
f 7606//7606 7609//7609 7610//7610
f 7608//7608 7611//7611 7609//7609
f 7611//7611 7610//7610 7609//7609
f 7607//7607 7612//7612 7613//7613
f 7614//7614 7615//7615 7611//7611
f 7612//7612 7617//7617 7613//7613
f 7611//7611 7616//7616 7612//7612
f 7616//7616 7620//7620 7619//7619
f 7615//7615 7618//7618 7620//7620
f 7619//7619 7621//7621 7617//7617
f 7626//7626 7625//7625 7619//7619
f 7623//7623 7625//7625 9498//9498
f 9499//9499 7626//7626 7624//7624
f 7627//7627 7631//7631 7633//7633
f 7631//7631 7630//7630 7635//7635
f 7630//7630 7634//7634 7636//7636
f 7630//7630 7637//7637 7635//7635
f 7630//7630 7636//7636 7637//7637
f 7633//7633 7635//7635 7638//7638
f 7637//7637 7638//7638 7635//7635
f 7637//7637 7643//7643 7641//7641
f 7639//7639 7643//7643 7636//7636
f 7640//7640 7642//7642 7638//7638
f 7640//7640 7644//7644 7642//7642
f 7640//7640 7641//7641 7646//7646
f 7641//7641 7643//7643 7646//7646
f 7646//7646 7647//7647 7640//7640
f 7644//7644 7647//7647 7648//7648
f 7647//7647 7650//7650 7648//7648
f 7647//7647 7646//7646 7650//7650
f 7649//7649 7651//7651 7646//7646
f 7650//7650 7652//7652 7648//7648
f 7650//7650 7651//7651 7654//7654
f 7650//7650 7655//7655 7652//7652
f 7650//7650 7654//7654 7655//7655
f 7651//7651 7653//7653 7654//7654
f 7654//7654 7653//7653 7657//7657
f 7655//7655 7657//7657 7659//7659
f 7653//7653 7660//7660 7658//7658
f 7658//7658 7662//7662 7657//7657
f 7659//7659 7662//7662 7666//7666
f 7661//7661 7664//7664 7669//7669
f 7670//7670 7672//7672 7667//7667
f 7671//7671 7673//7673 7669//7669
f 7674//7674 7675//7675 7672//7672
f 7673//7673 7676//7676 7678//7678
f 7671//7671 7675//7675 7676//7676
f 7675//7675 7679//7679 7680//7680
f 7679//7679 7682//7682 7681//7681
f 7677//7677 7682//7682 7679//7679
f 7681//7681 7683//7683 7676//7676
f 7681//7681 7686//7686 7683//7683
f 7682//7682 7687//7687 7688//7688
f 7685//7685 7690//7690 7686//7686
f 7688//7688 7689//7689 7685//7685
f 7688//7688 7691//7691 7692//7692
f 7692//7692 7691//7691 7693//7693
f 7690//7690 7694//7694 7695//7695
f 7693//7693 7694//7694 7689//7689
f 7696//7696 7697//7697 7693//7693
f 7698//7698 7703//7703 7699//7699
f 7698//7698 7702//7702 7701//7701
f 7697//7697 7704//7704 7702//7702
f 7705//7705 7703//7703 7701//7701
f 7702//7702 7705//7705 7701//7701
f 7702//7702 7707//7707 7708//7708
f 7712//7712 7710//7710 7708//7708
f 7716//7716 7718//7718 7713//7713
f 7715//7715 7718//7718 7716//7716
f 7713//7713 7721//7721 7719//7719
f 7714//7714 7719//7719 7722//7722
f 7719//7719 7721//7721 7723//7723
f 7722//7722 7724//7724 7720//7720
f 7723//7723 7726//7726 7722//7722
f 7726//7726 7727//7727 7724//7724
f 7729//7729 7730//7730 7726//7726
f 7729//7729 7732//7732 7733//7733
f 7727//7727 7734//7734 7731//7731
f 7732//7732 7736//7736 7733//7733
f 7734//7734 7736//7736 7738//7738
f 7734//7734 7740//7740 7731//7731
f 7738//7738 7740//7740 7734//7734
f 7735//7735 7745//7745 7743//7743
f 7741//7741 7739//7739 7745//7745
f 7745//7745 7739//7739 7746//7746
f 7745//7745 7747//7747 7743//7743
f 7746//7746 7747//7747 7745//7745
f 7744//7744 7748//7748 7749//7749
f 7746//7746 7749//7749 7750//7750
f 7750//7750 7749//7749 7751//7751
f 7749//7749 7748//7748 7751//7751
f 7747//7747 7752//7752 7753//7753
f 7751//7751 7752//7752 7750//7750
f 7755//7755 7753//7753 7752//7752
f 7752//7752 7751//7751 7755//7755
f 7758//7758 7759//7759 7755//7755
f 7765//7765 7766//7766 7762//7762
f 7764//7764 7766//7766 7765//7765
f 7762//7762 7769//7769 7763//7763
f 7766//7766 7767//7767 7762//7762
f 7764//7764 7770//7770 7766//7766
f 7766//7766 7771//7771 7767//7767
f 7766//7766 7772//7772 7771//7771
f 7767//7767 7773//7773 7775//7775
f 7771//7771 7777//7777 7773//7773
f 7776//7776 7774//7774 7779//7779
f 7773//7773 7780//7780 7778//7778
f 7777//7777 7780//7780 7773//7773
f 7779//7779 7781//7781 7777//7777
f 7780//7780 7782//7782 7778//7778
f 7779//7779 7783//7783 7781//7781
f 7780//7780 7787//7787 7785//7785
f 7784//7784 7787//7787 7780//7780
f 7781//7781 7786//7786 7784//7784
f 7787//7787 7789//7789 7785//7785
f 7788//7788 7791//7791 7787//7787
f 7790//7790 7792//7792 7788//7788
f 7790//7790 7794//7794 7792//7792
f 7791//7791 7792//7792 7795//7795
f 7789//7789 7795//7795 7796//7796
f 7794//7794 7795//7795 7792//7792
f 7795//7795 7794//7794 7797//7797
f 7796//7796 7798//7798 7793//7793
f 7796//7796 7797//7797 7800//7800
f 7794//7794 7799//7799 7797//7797
f 7797//7797 7802//7802 7800//7800
f 7799//7799 7802//7802 7797//7797
f 7798//7798 7805//7805 7801//7801
f 7798//7798 7803//7803 7804//7804
f 7802//7802 7803//7803 7800//7800
f 7804//7804 7807//7807 7805//7805
f 7804//7804 7803//7803 7808//7808
f 7806//7806 7808//7808 7803//7803
f 7807//7807 7809//7809 7805//7805
f 7807//7807 7811//7811 7809//7809
f 7808//7808 7812//7812 7814//7814
f 7815//7815 7816//7816 7811//7811
f 7813//7813 7816//7816 7818//7818
f 7816//7816 7821//7821 7818//7818
f 7815//7815 7824//7824 7821//7821
f 7820//7820 7825//7825 7817//7817
f 7820//7820 7823//7823 7827//7827
f 7823//7823 7828//7828 7827//7827
f 7827//7827 7830//7830 7825//7825
f 7828//7828 7832//7832 7827//7827
f 7831//7831 7833//7833 7828//7828
f 7829//7829 7834//7834 7835//7835
f 7831//7831 7837//7837 7833//7833
f 7835//7835 7838//7838 7839//7839
f 7840//7840 7841//7841 7834//7834
f 7841//7841 7842//7842 7838//7838
f 7839//7839 7842//7842 7843//7843
f 7840//7840 7844//7844 7841//7841
f 7842//7842 7845//7845 7843//7843
f 7841//7841 7847//7847 7842//7842
f 7847//7847 7848//7848 7845//7845
f 7841//7841 7849//7849 7850//7850
f 7850//7850 7851//7851 7847//7847
f 7850//7850 7852//7852 7851//7851
f 7850//7850 7849//7849 7853//7853
f 7852//7852 7854//7854 7848//7848
f 7853//7853 7856//7856 7852//7852
f 7853//7853 7855//7855 7857//7857
f 7858//7858 7860//7860 7856//7856
f 7856//7856 7859//7859 7858//7858
f 7861//7861 7859//7859 7857//7857
f 7858//7858 7859//7859 7862//7862
f 7862//7862 7866//7866 7860//7860
f 7862//7862 7865//7865 7864//7864
f 7867//7867 7863//7863 7861//7861
f 7865//7865 7868//7868 7864//7864
f 7867//7867 7869//7869 7865//7865
f 7869//7869 7870//7870 7868//7868
f 7869//7869 7872//7872 7873//7873
f 7878//7878 7882//7882 7879//7879
f 7881//7881 7886//7886 7884//7884
f 7881//7881 7883//7883 7886//7886
f 7884//7884 7886//7886 7889//7889
f 7884//7884 7889//7889 7887//7887
f 7886//7886 7888//7888 7890//7890
f 7891//7891 7892//7892 7887//7887
f 7890//7890 7891//7891 7889//7889
f 7890//7890 7895//7895 7891//7891
f 7893//7893 7895//7895 7890//7890
f 7897//7897 7898//7898 7894//7894
f 7895//7895 7899//7899 7896//7896
f 7896//7896 7900//7900 7897//7897
f 7896//7896 7899//7899 7901//7901
f 7900//7900 7902//7902 7898//7898
f 7901//7901 7902//7902 7900//7900
f 7904//7904 7905//7905 7901//7901
f 7902//7902 7905//7905 7906//7906
f 7903//7903 7909//7909 7904//7904
f 7909//7909 7910//7910 7905//7905
f 7906//7906 7911//7911 7908//7908
f 7910//7910 7913//7913 7906//7906
f 7909//7909 7912//7912 7910//7910
f 7910//7910 7912//7912 7915//7915
f 7911//7911 7918//7918 7916//7916
f 7910//7910 7918//7918 7913//7913
f 7915//7915 7918//7918 7910//7910
f 7919//7919 7914//7914 7916//7916
f 7918//7918 7920//7920 7919//7919
f 7919//7919 7921//7921 7914//7914
f 7920//7920 7923//7923 7919//7919
f 7922//7922 7927//7927 7920//7920
f 7923//7923 7928//7928 7926//7926
f 7925//7925 7928//7928 7923//7923
f 7926//7926 7928//7928 7929//7929
f 7925//7925 7930//7930 7931//7931
f 7929//7929 7932//7932 7933//7933
f 7931//7931 7932//7932 7928//7928
f 7930//7930 7935//7935 7931//7931
f 7933//7933 7936//7936 7937//7937
f 7932//7932 7939//7939 7936//7936
f 7934//7934 7939//7939 7935//7935
f 7936//7936 7940//7940 7937//7937
f 7939//7939 7941//7941 7942//7942
f 7940//7940 7943//7943 7944//7944
f 7949//7949 7952//7952 7948//7948
f 7958//7958 7956//7956 7954//7954
f 7955//7955 7957//7957 7959//7959
f 7959//7959 7957//7957 7962//7962
f 7958//7958 7962//7962 7960//7960
f 7960//7960 7963//7963 7956//7956
f 7962//7962 7964//7964 7960//7960
f 7961//7961 7963//7963 7965//7965
f 7962//7962 7966//7966 7968//7968
f 7968//7968 7969//7969 7964//7964
f 7967//7967 7970//7970 7972//7972
f 7968//7968 7973//7973 7969//7969
f 7973//7973 7974//7974 7969//7969
f 7973//7973 7971//7971 7976//7976
f 7970//7970 7974//7974 7977//7977
f 7976//7976 7980//7980 7974//7974
f 7978//7978 7981//7981 7976//7976
f 7980//7980 7981//7981 7982//7982
f 7977//7977 7982//7982 7983//7983
f 7984//7984 7985//7985 7981//7981
f 7985//7985 7986//7986 7982//7982
f 7986//7986 7987//7987 7983//7983
f 7985//7985 7990//7990 7986//7986
f 7986//7986 7991//7991 7987//7987
f 7986//7986 7990//7990 7993//7993
f 7988//7988 7992//7992 7985//7985
f 7993//7993 7991//7991 7986//7986
f 7990//7990 7994//7994 7993//7993
f 7993//7993 7995//7995 7991//7991
f 7993//7993 7999//7999 7997//7997
f 7992//7992 7999//7999 7994//7994
f 7999//7999 8001//8001 7997//7997
f 7997//7997 8002//8002 7995//7995
f 8000//8000 8002//8002 8003//8003
f 8001//8001 8006//8006 7997//7997
f 8006//8006 8007//8007 8002//8002
f 8007//8007 8006//8006 8008//8008
f 8003//8003 8009//8009 8005//8005
f 8008//8008 8009//8009 8003//8003
f 8006//8006 8010//8010 8011//8011
f 8009//8009 8012//8012 8013//8013
f 8009//8009 8008//8008 8012//8012
f 8010//8010 8014//8014 8011//8011
f 8008//8008 8014//8014 8015//8015
f 8014//8014 8017//8017 8015//8015
f 8013//8013 8018//8018 8016//8016
f 8015//8015 8018//8018 8012//8012
f 8015//8015 8019//8019 8018//8018
f 8017//8017 8022//8022 8019//8019
f 8020//8020 8021//8021 8016//8016
f 8018//8018 8022//8022 8023//8023
f 8023//8023 8024//8024 8020//8020
f 8024//8024 8025//8025 8021//8021
f 8023//8023 8026//8026 8027//8027
f 8025//8025 8024//8024 8028//8028
f 8024//8024 8031//8031 8030//8030
f 8029//8029 8031//8031 8027//8027
f 8030//8030 8033//8033 8028//8028
f 8030//8030 8031//8031 8032//8032
f 8032//8032 8035//8035 8033//8033
f 8040//8040 8041//8041 8032//8032
f 8040//8040 8039//8039 8042//8042
f 8043//8043 8044//8044 8041//8041
f 8041//8041 8046//8046 8043//8043
f 8045//8045 8046//8046 8042//8042
f 8048//8048 8051//8051 8046//8046
f 8056//8056 8057//8057 8059//8059
f 8061//8061 8060//8060 8062//8062
f 8056//8056 8062//8062 8063//8063
f 8058//8058 8062//8062 8060//8060
f 8062//8062 8066//8066 8063//8063
f 8062//8062 8068//8068 8066//8066
f 8062//8062 8065//8065 8068//8068
f 8064//8064 8066//8066 8069//8069
f 8066//8066 8072//8072 8071//8071
f 8068//8068 8070//8070 8072//8072
f 8071//8071 8073//8073 8069//8069
f 8071//8071 8077//8077 8075//8075
f 8074//8074 8077//8077 8072//8072
f 8077//8077 8078//8078 8075//8075
f 8077//8077 8074//8074 8081//8081
f 8074//8074 8080//8080 8081//8081
f 8078//8078 8083//8083 8079//8079
f 8078//8078 8085//8085 8082//8082
f 8081//8081 8085//8085 8078//8078
f 8080//8080 8085//8085 8081//8081
f 8082//8082 8086//8086 8083//8083
f 8082//8082 8089//8089 8091//8091
f 8086//8086 8095//8095 8088//8088
f 8091//8091 8093//8093 8086//8086
f 8096//8096 8094//8094 8099//8099
f 8090//8090 8099//8099 8098//8098
f 8098//8098 8100//8100 8092//8092
f 8100//8100 8103//8103 8105//8105
f 8098//8098 8102//8102 8103//8103
f 8106//8106 8107//8107 8102//8102
f 8103//8103 8107//8107 8108//8108
f 8109//8109 8110//8110 8106//8106
f 8107//8107 8111//8111 8108//8108
f 8108//8108 8111//8111 8112//8112
f 8113//8113 8114//8114 8110//8110
f 8114//8114 8115//8115 8111//8111
f 8114//8114 8113//8113 8116//8116
f 8112//8112 8117//8117 8118//8118
f 8116//8116 8117//8117 8115//8115
f 8120//8120 8118//8118 8117//8117
f 8116//8116 8120//8120 8117//8117
f 8124//8124 8121//8121 8120//8120
f 8120//8120 8123//8123 8124//8124
f 8128//8128 8129//8129 8124//8124
f 8127//8127 8128//8128 8124//8124
f 8139//8139 8140//8140 8138//8138
f 8134//8134 8140//8140 8141//8141
f 8137//8137 8143//8143 8139//8139
f 8139//8139 8143//8143 8140//8140
f 8140//8140 8145//8145 8147//8147
f 8146//8146 8148//8148 8144//8144
f 8147//8147 8148//8148 8146//8146
f 8145//8145 8149//8149 8151//8151
f 8147//8147 8151//8151 8152//8152
f 8148//8148 8152//8152 8153//8153
f 8151//8151 8154//8154 8156//8156
f 8154//8154 8157//8157 8156//8156
f 8155//8155 8158//8158 8153//8153
f 8155//8155 8160//8160 8158//8158
f 8155//8155 8157//8157 8160//8160
f 8158//8158 8160//8160 8161//8161
f 8157//8157 8162//8162 8163//8163
f 8160//8160 8164//8164 8161//8161
f 8163//8163 8162//8162 8165//8165
f 8164//8164 8166//8166 8161//8161
f 8162//8162 8167//8167 8165//8165
f 8165//8165 8168//8168 8164//8164
f 8168//8168 8169//8169 8166//8166
f 8167//8167 8171//8171 8165//8165
f 8168//8168 8171//8171 8172//8172
f 8172//8172 8173//8173 8169//8169
f 8171//8171 8175//8175 8172//8172
f 8171//8171 8170//8170 8175//8175
f 8169//8169 8173//8173 8174//8174
f 8172//8172 8176//8176 8173//8173
f 8172//8172 8178//8178 8176//8176
f 8176//8176 8174//8174 8173//8173
f 8180//8180 8185//8185 8177//8177
f 8180//8180 8182//8182 8185//8185
f 8186//8186 8191//8191 8181//8181
f 8184//8184 8191//8191 8186//8186
f 8187//8187 8190//8190 8193//8193
f 8192//8192 8195//8195 8190//8190
f 8194//8194 8196//8196 8192//8192
f 8195//8195 8197//8197 8193//8193
f 8194//8194 8199//8199 8196//8196
f 8197//8197 8200//8200 8193//8193
f 8198//8198 8200//8200 8201//8201
f 8202//8202 8203//8203 8197//8197
f 8200//8200 8204//8204 8201//8201
f 8200//8200 8203//8203 8206//8206
f 8206//8206 8207//8207 8204//8204
f 8203//8203 8208//8208 8209//8209
f 8207//8207 8210//8210 8211//8211
f 8206//8206 8209//8209 8210//8210
f 8210//8210 8214//8214 8211//8211
f 8210//8210 8209//8209 8216//8216
f 8215//8215 8216//8216 8209//8209
f 8214//8214 8213//8213 8217//8217
f 8216//8216 8219//8219 8213//8213
f 8216//8216 8218//8218 8220//8220
f 8217//8217 8219//8219 8221//8221
f 8219//8219 8224//8224 8221//8221
f 8219//8219 8226//8226 8223//8223
f 8220//8220 8225//8225 8226//8226
f 8223//8223 8228//8228 8227//8227
f 8225//8225 8228//8228 8226//8226
f 8227//8227 8230//8230 8224//8224
f 8227//8227 8232//8232 8229//8229
f 8228//8228 8231//8231 8232//8232
f 8232//8232 8233//8233 8229//8229
f 8232//8232 8231//8231 8234//8234
f 8233//8233 8235//8235 8230//8230
f 8236//8236 8234//8234 8231//8231
f 8233//8233 8239//8239 8235//8235
f 8234//8234 8237//8237 8233//8233
f 8240//8240 8234//8234 8236//8236
f 8237//8237 8242//8242 8239//8239
f 8237//8237 8244//8244 8241//8241
f 8240//8240 8244//8244 8238//8238
f 8249//8249 8252//8252 8251//8251
f 8248//8248 8252//8252 8250//8250
f 8251//8251 8255//8255 8253//8253
f 8248//8248 8255//8255 8252//8252
f 8254//8254 8258//8258 8248//8248
f 8255//8255 8260//8260 8259//8259
f 8255//8255 8258//8258 8260//8260
f 8259//8259 8261//8261 8256//8256
f 8260//8260 8261//8261 8259//8259
f 8256//8256 8261//8261 8262//8262
f 8260//8260 8263//8263 8264//8264
f 8262//8262 8267//8267 8265//8265
f 8266//8266 8268//8268 8264//8264
f 8265//8265 8269//8269 8270//8270
f 8271//8271 8272//8272 8268//8268
f 8269//8269 8272//8272 8273//8273
f 8270//8270 8273//8273 8274//8274
f 8271//8271 8276//8276 8272//8272
f 8275//8275 8278//8278 8276//8276
f 8278//8278 8279//8279 8273//8273
f 8274//8274 8281//8281 8277//8277
f 8279//8279 8280//8280 8274//8274
f 8280//8280 8284//8284 8283//8283
f 8279//8279 8282//8282 8284//8284
f 8283//8283 8285//8285 8281//8281
f 8290//8290 8287//8287 8283//8283
f 8283//8283 8289//8289 8290//8290
f 8299//8299 8298//8298 8297//8297
f 8294//8294 8296//8296 8299//8299
f 8297//8297 8298//8298 8300//8300
f 8298//8298 8305//8305 8300//8300
f 8298//8298 8302//8302 8305//8305
f 8305//8305 8303//8303 8300//8300
f 8305//8305 8307//8307 8303//8303
f 8303//8303 8307//8307 8308//8308
f 8309//8309 8310//8310 8306//8306
f 8307//8307 8311//8311 8308//8308
f 8307//8307 8306//8306 8311//8311
f 8306//8306 8310//8310 8311//8311
f 8309//8309 8313//8313 8310//8310
f 8311//8311 8312//8312 8308//8308
f 8310//8310 8317//8317 8311//8311
f 8310//8310 8313//8313 8314//8314
f 8312//8312 8317//8317 8315//8315
f 8317//8317 8318//8318 8315//8315
f 8317//8317 8321//8321 8320//8320
f 8318//8318 8320//8320 8322//8322
f 8319//8319 8323//8323 8321//8321
f 8320//8320 8325//8325 8322//8322
f 8324//8324 8325//8325 8320//8320
f 8327//8327 8328//8328 8324//8324
f 8328//8328 8329//8329 8325//8325
f 8329//8329 8330//8330 8326//8326
f 8328//8328 8327//8327 8332//8332
f 8332//8332 8333//8333 8329//8329
f 8331//8331 8335//8335 8332//8332
f 8335//8335 8336//8336 8333//8333
f 8334//8334 8338//8338 8331//8331
f 8338//8338 8339//8339 8335//8335
f 8337//8337 8336//8336 8340//8340
f 8339//8339 8342//8342 8336//8336
f 8339//8339 8341//8341 8344//8344
f 8342//8342 8340//8340 8336//8336
f 8340//8340 8345//8345 8343//8343
f 8344//8344 8347//8347 8342//8342
f 8343//8343 8345//8345 8348//8348
f 8348//8348 8345//8345 8349//8349
f 8346//8346 8349//8349 8350//8350
f 8351//8351 8352//8352 8345//8345
f 8352//8352 8353//8353 8349//8349
f 8351//8351 8354//8354 8355//8355
f 8353//8353 8352//8352 8356//8356
f 8352//8352 8358//8358 8359//8359
f 8356//8356 8360//8360 8357//8357
f 8362//8362 8363//8363 8360//8360
f 8359//8359 8364//8364 8365//8365
f 8365//8365 8366//8366 8362//8362
f 8365//8365 8364//8364 8367//8367
f 8366//8366 8369//8369 8363//8363
f 8368//8368 8369//8369 8366//8366
f 8367//8367 8370//8370 8371//8371
f 8368//8368 8371//8371 8372//8372
f 8369//8369 8372//8372 8373//8373
f 8370//8370 8375//8375 8371//8371
f 8375//8375 8376//8376 8372//8372
f 8376//8376 8377//8377 8373//8373
f 8375//8375 8378//8378 8379//8379
f 8376//8376 8381//8381 8377//8377
f 8376//8376 8379//8379 8380//8380
f 8380//8380 8384//8384 8381//8381
f 8380//8380 8386//8386 8383//8383
f 8379//8379 8385//8385 8386//8386
f 8385//8385 8387//8387 8386//8386
f 8384//8384 8388//8388 8389//8389
f 8387//8387 8388//8388 8383//8383
f 8387//8387 8392//8392 8391//8391
f 8392//8392 8398//8398 8393//8393
f 8392//8392 8397//8397 8396//8396
f 8399//8399 8395//8395 8394//8394
f 8401//8401 8403//8403 8397//8397
f 8408//8408 8412//8412 8409//8409
f 8410//8410 8413//8413 8405//8405
f 8413//8413 8415//8415 8411//8411
f 8414//8414 8417//8417 8413//8413
f 8414//8414 8416//8416 8417//8417
f 8415//8415 8413//8413 8418//8418
f 8413//8413 8417//8417 8418//8418
f 8416//8416 8419//8419 8417//8417
f 8416//8416 8421//8421 8422//8422
f 8422//8422 8427//8427 8423//8423
f 8421//8421 8427//8427 8422//8422
f 8424//8424 8430//8430 8425//8425
f 8424//8424 8432//8432 8428//8428
f 8427//8427 8431//8431 8432//8432
f 8431//8431 8429//8429 8433//8433
f 8428//8428 8436//8436 8434//8434
f 8433//8433 8438//8438 8436//8436
f 8436//8436 8439//8439 8434//8434
f 8436//8436 8438//8438 8439//8439
f 8441//8441 8443//8443 8438//8438
f 8439//8439 8443//8443 8445//8445
f 8440//8440 8445//8445 8447//8447
f 8442//8442 8451//8451 8444//8444
f 8442//8442 8453//8453 8450//8450
f 8446//8446 8453//8453 8448//8448
f 8450//8450 8454//8454 8451//8451
f 8450//8450 8453//8453 8456//8456
f 8453//8453 8455//8455 8456//8456
f 8456//8456 8457//8457 8450//8450
f 8454//8454 8458//8458 8459//8459
f 8456//8456 8458//8458 8457//8457
f 8455//8455 8462//8462 8456//8456
f 8455//8455 8460//8460 8462//8462
f 8459//8459 8463//8463 8464//8464
f 8462//8462 8463//8463 8458//8458
f 8461//8461 8464//8464 8466//8466
f 8464//8464 8468//8468 8466//8466
f 8467//8467 8469//8469 8463//8463
f 8466//8466 8468//8468 8472//8472
f 8470//8470 8473//8473 8474//8474
f 8472//8472 8468//8468 8473//8473
f 8475//8475 8476//8476 8468//8468
f 8473//8473 8478//8478 8474//8474
f 8473//8473 8480//8480 8477//8477
f 8475//8475 8480//8480 8476//8476
f 8477//8477 8480//8480 8481//8481
f 8481//8481 8482//8482 8478//8478
f 8480//8480 8483//8483 8484//8484
f 8488//8488 8485//8485 8483//8483
f 8488//8488 8489//8489 8485//8485
f 8488//8488 8490//8490 8489//8489
f 8507//8507 8502//8502 8506//8506
f 8506//8506 8508//8508 8507//8507
f 8508//8508 8510//8510 8507//8507
f 8503//8503 8510//8510 8508//8508
f 8504//8504 8512//8512 8509//8509
f 8507//8507 8513//8513 8514//8514
f 8511//8511 8514//8514 8515//8515
f 8515//8515 8516//8516 8512//8512
f 8514//8514 8518//8518 8515//8515
f 8513//8513 8518//8518 8514//8514
f 8515//8515 8519//8519 8516//8516
f 8515//8515 8518//8518 8522//8522
f 8518//8518 8521//8521 8522//8522
f 8522//8522 8523//8523 8515//8515
f 8522//8522 8526//8526 8523//8523
f 8521//8521 8526//8526 8522//8522
f 8520//8520 8524//8524 8528//8528
f 8528//8528 8529//8529 8525//8525
f 8524//8524 8527//8527 8531//8531
f 8527//8527 8530//8530 8531//8531
f 8528//8528 8531//8531 8532//8532
f 8532//8532 8533//8533 8529//8529
f 8530//8530 8535//8535 8531//8531
f 8532//8532 8535//8535 8536//8536
f 8536//8536 8535//8535 8538//8538
f 8535//8535 8534//8534 8538//8538
f 8537//8537 8539//8539 8533//8533
f 8538//8538 8541//8541 8537//8537
f 8540//8540 8542//8542 8538//8538
f 8539//8539 8541//8541 8543//8543
f 8556//8556 8557//8557 8559//8559
f 8552//8552 8559//8559 8558//8558
f 8555//8555 8559//8559 8557//8557
f 8558//8558 8562//8562 8554//8554
f 8560//8560 8561//8561 8558//8558
f 8559//8559 8563//8563 8560//8560
f 8562//8562 8561//8561 8564//8564
f 8563//8563 8566//8566 8560//8560
f 8566//8566 8564//8564 8560//8560
f 8564//8564 8569//8569 8567//8567
f 8564//8564 8571//8571 8569//8569
f 8566//8566 8572//8572 8571//8571
f 8568//8568 8572//8572 8566//8566
f 8571//8571 8575//8575 8573//8573
f 8572//8572 8575//8575 8571//8571
f 8573//8573 8575//8575 8576//8576
f 8572//8572 8578//8578 8575//8575
f 8579//8579 8576//8576 8575//8575
f 8578//8578 8577//8577 8581//8581
f 8577//8577 8580//8580 8582//8582
f 8579//8579 8581//8581 8583//8583
f 8580//8580 8584//8584 8582//8582
f 8581//8581 8587//8587 8583//8583
f 8582//8582 8587//8587 8581//8581
f 8586//8586 8587//8587 8582//8582
f 8583//8583 8587//8587 8588//8588
f 8586//8586 8589//8589 8590//8590
f 8587//8587 8590//8590 8591//8591
f 8588//8588 8591//8591 8592//8592
f 8592//8592 8597//8597 8596//8596
f 8591//8591 8595//8595 8597//8597
f 8596//8596 8599//8599 8598//8598
f 8595//8595 8599//8599 8597//8597
f 8598//8598 8600//8600 8594//8594
f 8595//8595 8601//8601 8599//8599
f 8599//8599 8602//8602 8598//8598
f 8616//8616 8621//8621 8617//8617
f 8616//8616 8620//8620 8621//8621
f 8619//8619 8624//8624 8620//8620
f 8623//8623 8625//8625 8627//8627
f 8626//8626 8630//8630 8629//8629
f 8626//8626 8628//8628 8630//8630
f 8630//8630 8633//8633 8629//8629
f 8627//8627 8633//8633 8631//8631
f 8634//8634 8635//8635 8633//8633
f 8630//8630 8632//8632 8634//8634
f 8635//8635 8642//8642 8638//8638
f 8637//8637 8641//8641 8643//8643
f 8646//8646 8644//8644 8643//8643
f 8642//8642 8647//8647 8645//8645
f 8642//8642 8650//8650 8649//8649
f 8644//8644 8648//8648 8650//8650
f 8649//8649 8651//8651 8647//8647
f 8655//8655 8657//8657 8656//8656
f 8652//8652 8657//8657 8654//8654
f 8657//8657 8660//8660 8656//8656
f 8657//8657 8664//8664 8665//8665
f 8665//8665 8668//8668 8661//8661
f 8665//8665 8667//8667 8668//8668
f 8668//8668 8671//8671 8661//8661
f 8673//8673 8674//8674 8671//8671
f 8672//8672 8675//8675 8676//8676
f 8673//8673 8670//8670 8674//8674
f 8676//8676 8677//8677 8670//8670
f 8674//8674 8677//8677 8680//8680
f 8677//8677 8679//8679 8682//8682
f 8682//8682 8683//8683 8680//8680
f 8682//8682 8685//8685 8683//8683
f 8686//8686 8688//8688 8679//8679
f 8687//8687 8689//8689 8685//8685
f 8687//8687 8691//8691 8689//8689
f 8688//8688 8693//8693 8691//8691
f 8686//8686 8693//8693 8688//8688
f 8689//8689 8695//8695 8692//8692
f 8691//8691 8694//8694 8689//8689
f 8693//8693 8696//8696 8691//8691
f 8691//8691 8696//8696 8697//8697
f 8695//8695 8698//8698 8699//8699
f 8697//8697 8698//8698 8694//8694
f 8697//8697 8700//8700 8701//8701
f 8706//8706 8713//8713 8708//8708
f 8707//8707 8710//8710 8706//8706
f 8707//8707 8714//8714 8711//8711
f 8712//8712 8716//8716 8713//8713
f 8715//8715 8716//8716 8712//8712
f 8718//8718 8715//8715 8712//8712
f 8721//8721 8722//8722 8719//8719
f 8730//8730 8725//8725 8729//8729
f 8731//8731 8730//8730 8729//8729
f 8726//8726 8728//8728 8731//8731
f 8728//8728 8733//8733 8731//8731
f 8730//8730 8736//8736 8734//8734
f 8728//8728 8735//8735 8733//8733
f 8732//8732 8737//8737 8739//8739
f 8736//8736 8738//8738 8737//8737
f 8738//8738 8748//8748 8741//8741
f 8738//8738 8743//8743 8748//8748
f 8742//8742 8741//8741 8744//8744
f 8741//8741 8748//8748 8746//8746
f 8747//8747 8749//8749 8745//8745
f 8749//8749 8750//8750 8748//8748
f 8746//8746 8750//8750 8751//8751
f 8747//8747 8753//8753 8749//8749
f 8750//8750 8754//8754 8751//8751
f 8750//8750 8753//8753 8756//8756
f 8753//8753 8757//8757 8756//8756
f 8753//8753 8755//8755 8757//8757
f 8754//8754 8758//8758 8759//8759
f 8756//8756 8758//8758 8754//8754
f 8757//8757 8758//8758 8756//8756
f 8757//8757 8760//8760 8761//8761
f 8758//8758 8761//8761 8762//8762
f 8760//8760 8764//8764 8761//8761
f 8761//8761 8764//8764 8765//8765
f 8765//8765 8766//8766 8762//8762
f 8763//8763 8768//8768 8764//8764
f 8768//8768 8769//8769 8765//8765
f 8768//8768 8771//8771 8769//8769
f 8768//8768 8767//8767 8774//8774
f 8771//8771 8775//8775 8766//8766
f 8772//8772 8780//8780 8776//8776
f 8773//8773 8780//8780 8781//8781
f 8778//8778 8779//8779 8770//8770
f 8778//8778 8783//8783 8779//8779
f 8778//8778 8781//8781 8782//8782
f 8781//8781 8785//8785 8782//8782
f 8781//8781 8784//8784 8785//8785
f 8785//8785 8786//8786 8782//8782
f 8785//8785 8784//8784 8787//8787
f 8783//8783 8786//8786 8788//8788
f 8788//8788 8786//8786 8790//8790
f 8786//8786 8792//8792 8790//8790
f 8789//8789 8792//8792 8787//8787
f 8790//8790 8792//8792 8795//8795
f 8795//8795 8796//8796 8793//8793
f 8792//8792 8794//8794 8798//8798
f 8795//8795 8800//8800 8799//8799
f 8797//8797 8800//8800 8798//8798
f 8799//8799 8801//8801 8796//8796
f 8801//8801 8803//8803 8804//8804
f 8800//8800 8803//8803 8799//8799
f 8800//8800 8805//8805 8806//8806
f 8819//8819 8816//8816 8815//8815
f 8818//8818 8819//8819 8815//8815
f 8817//8817 8822//8822 8818//8818
f 8829//8829 8832//8832 8830//8830
f 8827//8827 8830//8830 8833//8833
f 8833//8833 8831//8831 8828//8828
f 8830//8830 8834//8834 8833//8833
f 8833//8833 8835//8835 8831//8831
f 8832//8832 8836//8836 8834//8834
f 8834//8834 8838//8838 8837//8837
f 8834//8834 8836//8836 8838//8838
f 8838//8838 8839//8839 8837//8837
f 8835//8835 8839//8839 8840//8840
f 8838//8838 8843//8843 8839//8839
f 8836//8836 8841//8841 8838//8838
f 8844//8844 8845//8845 8840//8840
f 8845//8845 8847//8847 8842//8842
f 8843//8843 8848//8848 8844//8844
f 8846//8846 8850//8850 8848//8848
f 8845//8845 8851//8851 8849//8849
f 8844//8844 8851//8851 8845//8845
f 8850//8850 8852//8852 8844//8844
f 8851//8851 8855//8855 8853//8853
f 8851//8851 8852//8852 8855//8855
f 8852//8852 8859//8859 8857//8857
f 8857//8857 8860//8860 8855//8855
f 8860//8860 8858//8858 8855//8855
f 8860//8860 8863//8863 8858//8858
f 8857//8857 8861//8861 8860//8860
f 8857//8857 8865//8865 8861//8861
f 8857//8857 8864//8864 8865//8865
f 8865//8865 8864//8864 8866//8866
f 8861//8861 8866//8866 8867//8867
f 8864//8864 8868//8868 8869//8869
f 8866//8866 8869//8869 8870//8870
f 8867//8867 8870//8870 8871//8871
f 8869//8869 8874//8874 8870//8870
f 8868//8868 8874//8874 8869//8869
f 8870//8870 8874//8874 8876//8876
f 8870//8870 8876//8876 8878//8878
f 8874//8874 8872//8872 8876//8876
f 8878//8878 8880//8880 8871//8871
f 8875//8875 8886//8886 8885//8885
f 8881//8881 8884//8884 8886//8886
f 8885//8885 8887//8887 8883//8883
f 8885//8885 8890//8890 8887//8887
f 8889//8889 8890//8890 8885//8885
f 8889//8889 8888//8888 8892//8892
f 8890//8890 8892//8892 8893//8893
f 8891//8891 8894//8894 8888//8888
f 8892//8892 8898//8898 8893//8893
f 8895//8895 8896//8896 8892//8892
f 8895//8895 8899//8899 8900//8900
f 8900//8900 8901//8901 8896//8896
f 8897//8897 8903//8903 8899//8899
f 8900//8900 8903//8903 8904//8904
f 8904//8904 8905//8905 8901//8901
f 8903//8903 8906//8906 8907//8907
f 8907//8907 8908//8908 8904//8904
f 8907//8907 8906//8906 8909//8909
f 8908//8908 8910//8910 8905//8905
f 8911//8911 8913//8913 8909//8909
f 8912//8912 8917//8917 8916//8916
f 8915//8915 8917//8917 8913//8913
f 8916//8916 8918//8918 8914//8914
f 8916//8916 8920//8920 8918//8918
f 8921//8921 8917//8917 8919//8919
f 8922//8922 8923//8923 8916//8916
f 8920//8920 8924//8924 8925//8925
f 8922//8922 8924//8924 8923//8923
f 8926//8926 8922//8922 8921//8921
f 8929//8929 8931//8931 8927//8927
f 8935//8935 8939//8939 8940//8940
f 8938//8938 8943//8943 8939//8939
f 8936//8936 8943//8943 8938//8938
f 8943//8943 8944//8944 8939//8939
f 8944//8944 8946//8946 8940//8940
f 8944//8944 8948//8948 8946//8946
f 8946//8946 8948//8948 8949//8949
f 8947//8947 8951//8951 8945//8945
f 8948//8948 8951//8951 8952//8952
f 8951//8951 8950//8950 8953//8953
f 8952//8952 8954//8954 8949//8949
f 8952//8952 8953//8953 8956//8956
f 8955//8955 8958//8958 8953//8953
f 8955//8955 8957//8957 8960//8960
f 8958//8958 8961//8961 8956//8956
f 8958//8958 8964//8964 8961//8961
f 8963//8963 8964//8964 8958//8958
f 8962//8962 8965//8965 8963//8963
f 8964//8964 8968//8968 8966//8966
f 8965//8965 8970//8970 8964//8964
f 8965//8965 8969//8969 8971//8971
f 8968//8968 8974//8974 8972//8972
f 8970//8970 8971//8971 8974//8974
f 8971//8971 8973//8973 8975//8975
f 8974//8974 8977//8977 8972//8972
f 8974//8974 8975//8975 8976//8976
f 8978//8978 8979//8979 8975//8975
f 8979//8979 8980//8980 8976//8976
f 8977//8977 8980//8980 8981//8981
f 8981//8981 8983//8983 8985//8985
f 8986//8986 8989//8989 8987//8987
f 8988//8988 8989//8989 8990//8990
f 8990//8990 8993//8993 8994//8994
f 9000//9000 9002//9002 8998//8998
f 9001//9001 9004//9004 9000//9000
f 9003//9003 9004//9004 8999//8999
f 9000//9000 9005//9005 9002//9002
f 9004//9004 9008//9008 9005//9005
f 9007//9007 9006//9006 9010//9010
f 9009//9009 9015//9015 9014//9014
f 9015//9015 9016//9016 9014//9014
f 9015//9015 9013//9013 9019//9019
f 9014//9014 9017//9017 9012//9012
f 9016//9016 9017//9017 9014//9014
f 9017//9017 9020//9020 9018//9018
f 9019//9019 9021//9021 9016//9016
f 9020//9020 9022//9022 9018//9018
f 9020//9020 9027//9027 9025//9025
f 9021//9021 9023//9023 9027//9027
f 9024//9024 9026//9026 9022//9022
f 9024//9024 9028//9028 9026//9026
f 9029//9029 9032//9032 9025//9025
f 9028//9028 9037//9037 9033//9033
f 9025//9025 9032//9032 9037//9037
f 9031//9031 9040//9040 9039//9039
f 9034//9034 9038//9038 9040//9040
f 9036//9036 9039//9039 9041//9041
f 9039//9039 9043//9043 9041//9041
f 9040//9040 9042//9042 9044//9044
f 9043//9043 9045//9045 9041//9041
f 9043//9043 9048//9048 9045//9045
f 9044//9044 9050//9050 9047//9047
f 9046//9046 9050//9050 9044//9044
f 9047//9047 9050//9050 9051//9051
f 9051//9051 9052//9052 9048//9048
f 9050//9050 9054//9054 9051//9051
f 9050//9050 9053//9053 9055//9055
f 9052//9052 9056//9056 9057//9057
f 9055//9055 9056//9056 9054//9054
f 9055//9055 9058//9058 9059//9059
f 9060//9060 9062//9062 9057//9057
f 9061//9061 9063//9063 9064//9064
f 9060//9060 9066//9066 9062//9062
f 9060//9060 9064//9064 9065//9065
f 9068//9068 9066//9066 9065//9065
f 9064//9064 9068//9068 9065//9065
f 9071//9071 9069//9069 9068//9068
f 9064//9064 9071//9071 9068//9068
f 9064//9064 9074//9074 9072//9072
f 9075//9075 9076//9076 9073//9073
f 9079//9079 9080//9080 9083//9083
f 9080//9080 9086//9086 9085//9085
f 9084//9084 9086//9086 9082//9082
f 9085//9085 9087//9087 9083//9083
f 9086//9086 9090//9090 9085//9085
f 9086//9086 9088//9088 9090//9090
f 9085//9085 9090//9090 9092//9092
f 9091//9091 9093//9093 9089//9089
f 9091//9091 9095//9095 9093//9093
f 9094//9094 9097//9097 9092//9092
f 9097//9097 9098//9098 9095//9095
f 9096//9096 9093//9093 9099//9099
f 9098//9098 9101//9101 9093//9093
f 9098//9098 9100//9100 9103//9103
f 9099//9099 9101//9101 9104//9104
f 9103//9103 9106//9106 9101//9101
f 9104//9104 9109//9109 9107//9107
f 9108//9108 9110//9110 9106//9106
f 9107//9107 9109//9109 9111//9111
f 9109//9109 9113//9113 9111//9111
f 9112//9112 9114//9114 9110//9110
f 9113//9113 9115//9115 9111//9111
f 9114//9114 9117//9117 9113//9113
f 9114//9114 9116//9116 9118//9118
f 9117//9117 9120//9120 9115//9115
f 9122//9122 9119//9119 9117//9117
f 9121//9121 9122//9122 9116//9116
f 9120//9120 9119//9119 9123//9123
f 9121//9121 9125//9125 9122//9122
f 9126//9126 9127//9127 9119//9119
f 9133//9133 9136//9136 9132//9132
f 9132//9132 9136//9136 9137//9137
f 9137//9137 9140//9140 9138//9138
f 9135//9135 9141//9141 9139//9139
f 9138//9138 9141//9141 9134//9134
f 9141//9141 9138//9138 9144//9144
f 9142//9142 9144//9144 9146//9146
f 9146//9146 9147//9147 9142//9142
f 9144//9144 9150//9150 9146//9146
f 9145//9145 9148//9148 9150//9150
f 9150//9150 9153//9153 9146//9146
f 9153//9153 9150//9150 9154//9154
f 9150//9150 9152//9152 9154//9154
f 9153//9153 9154//9154 9155//9155
f 9155//9155 9160//9160 9162//9162
f 9155//9155 9159//9159 9160//9160
f 9159//9159 9163//9163 9164//9164
f 9164//9164 9165//9165 9160//9160
f 9165//9165 9164//9164 9171//9171
f 9164//9164 9169//9169 9171//9171
f 9170//9170 9175//9175 9176//9176
f 9168//9168 9175//9175 9170//9170
f 9177//9177 9178//9178 9168//9168
f 9175//9175 9180//9180 9176//9176
f 9175//9175 9178//9178 9179//9179
f 9179//9179 9183//9183 9180//9180
f 9181//9181 9182//9182 9178//9178
f 9179//9179 9182//9182 9185//9185
f 9185//9185 9186//9186 9183//9183
f 9184//9184 9188//9188 9182//9182
f 9185//9185 9189//9189 9186//9186
f 9185//9185 9192//9192 9191//9191
f 9188//9188 9190//9190 9192//9192
f 9192//9192 9193//9193 9191//9191
f 9192//9192 9190//9190 9194//9194
f 9189//9189 9193//9193 9195//9195
f 9194//9194 9196//9196 9197//9197
f 9197//9197 9198//9198 9193//9193
f 9198//9198 9200//9200 9199//9199
f 9205//9205 9208//9208 9207//9207
f 9207//9207 9212//9212 9209//9209
f 9207//9207 9214//9214 9211//9211
f 9213//9213 9208//9208 9210//9210
f 9211//9211 9217//9217 9212//9212
f 9211//9211 9216//9216 9215//9215
f 9218//9218 9214//9214 9213//9213
f 9220//9220 9222//9222 9216//9216
f 9226//9226 9227//9227 9228//9228
f 9224//9224 9227//9227 9226//9226
f 9227//9227 9232//9232 9233//9233
f 9229//9229 9233//9233 9234//9234
f 9234//9234 9236//9236 9231//9231
f 9233//9233 9235//9235 9234//9234
f 9237//9237 9240//9240 9235//9235
f 9239//9239 9241//9241 9237//9237
f 9240//9240 9243//9243 9245//9245
f 9239//9239 9243//9243 9241//9241
f 9244//9244 9246//9246 9242//9242
f 9243//9243 9247//9247 9245//9245
f 9244//9244 9245//9245 9248//9248
f 9245//9245 9250//9250 9248//9248
f 9245//9245 9251//9251 9250//9250
f 9247//9247 9249//9249 9251//9251
f 9250//9250 9254//9254 9252//9252
f 9251//9251 9253//9253 9258//9258
f 9254//9254 9257//9257 9252//9252
f 9258//9258 9259//9259 9257//9257
f 9256//9256 9259//9259 9258//9258
f 9255//9255 9262//9262 9260//9260
f 9259//9259 9261//9261 9264//9264
f 9265//9265 9266//9266 9260//9260
f 9263//9263 9266//9266 9267//9267
f 9265//9265 9268//9268 9270//9270
f 9267//9267 9266//9266 9271//9271
f 9267//9267 9272//9272 9269//9269
f 9271//9271 9272//9272 9267//9267
f 9270//9270 9273//9273 9266//9266
f 9273//9273 9274//9274 9266//9266
f 9274//9274 9275//9275 9271//9271
f 9272//9272 9278//9278 9276//9276
f 9272//9272 9275//9275 9278//9278
f 9275//9275 9277//9277 9280//9280
f 9277//9277 9279//9279 9283//9283
f 9278//9278 9281//9281 9282//9282
f 9278//9278 9280//9280 9281//9281
f 9282//9282 9281//9281 9284//9284
f 9283//9283 9286//9286 9280//9280
f 9285//9285 9286//9286 9283//9283
f 9285//9285 9288//9288 9286//9286
f 9287//9287 9289//9289 9284//9284
f 9287//9287 9288//9288 9291//9291
f 9289//9289 9291//9291 9292//9292
f 9288//9288 9293//9293 9294//9294
f 9291//9291 9294//9294 9295//9295
f 9295//9295 9296//9296 9292//9292
f 9294//9294 9297//9297 9298//9298
f 9295//9295 9299//9299 9296//9296
f 9296//9296 9299//9299 9300//9300
f 9299//9299 9298//9298 9302//9302
f 9301//9301 9303//9303 9298//9298
f 9300//9300 9302//9302 9304//9304
f 9302//9302 9307//9307 9306//9306
f 9305//9305 9307//9307 9303//9303
f 9309//9309 9306//9306 9307//9307
f 9307//9307 9305//9305 9309//9309
f 9309//9309 9311//9311 9312//9312
f 9312//9312 9314//9314 9313//9313
f 9311//9311 9315//9315 9312//9312
f 9310//9310 9314//9314 9316//9316
f 9316//9316 9314//9314 9318//9318
f 9317//9317 9320//9320 9315//9315
f 9323//9323 9324//9324 9320//9320
f 9325//9325 9322//9322 9321//9321
f 9328//9328 9325//9325 9324//9324
f 9323//9323 9328//9328 9324//9324
f 9329//9329 9331//9331 9326//9326
f 9330//9330 9329//9329 9328//9328
f 9327//9327 9330//9330 9328//9328
f 9340//9340 9343//9343 9339//9339
f 9337//9337 9343//9343 9344//9344
f 9343//9343 9347//9347 9344//9344
f 9342//9342 9346//9346 9343//9343
f 9344//9344 9345//9345 9341//9341
f 9343//9343 9346//9346 9348//9348
f 9348//9348 9346//9346 9350//9350
f 9347//9347 9349//9349 9345//9345
f 9348//9348 9350//9350 9351//9351
f 9347//9347 9352//9352 9349//9349
f 9351//9351 9352//9352 9347//9347
f 9350//9350 9353//9353 9351//9351
f 9353//9353 9358//9358 9352//9352
f 9355//9355 9357//9357 9359//9359
f 9354//9354 9358//9358 9356//9356
f 9358//9358 9361//9361 9360//9360
f 9357//9357 9361//9361 9359//9359
f 9356//9356 9360//9360 9362//9362
f 9360//9360 9361//9361 9364//9364
f 9364//9364 9365//9365 9362//9362
f 9361//9361 9367//9367 9364//9364
f 9363//9363 9367//9367 9361//9361
f 9364//9364 9367//9367 9368//9368
f 9368//9368 9370//9370 9365//9365
f 9366//9366 9374//9374 9367//9367
f 9373//9373 9376//9376 9377//9377
f 9373//9373 9371//9371 9376//9376
f 9369//9369 9376//9376 9371//9371
f 9378//9378 9380//9380 9369//9369
f 9376//9376 9380//9380 9381//9381
f 9377//9377 9382//9382 9379//9379
f 9381//9381 9382//9382 9376//9376
f 9382//9382 9383//9383 9379//9379
f 9385//9385 9386//9386 9381//9381
f 9383//9383 9388//9388 9384//9384
f 9383//9383 9386//9386 9387//9387
f 9388//9388 9390//9390 9391//9391
f 9386//9386 9390//9390 9387//9387
f 9386//9386 9392//9392 9393//9393
f 9391//9391 9394//9394 9395//9395
f 9390//9390 9397//9397 9394//9394
f 9392//9392 9397//9397 9393//9393
f 9398//9398 9395//9395 9394//9394
f 9394//9394 9399//9399 9398//9398
f 9396//9396 9399//9399 9397//9397
f 9401//9401 9404//9404 9399//9399
f 9417//9417 9410//9410 9416//9416
f 9416//9416 9418//9418 9417//9417
f 9412//9412 9417//9417 9419//9419
f 9417//9417 9421//9421 9422//9422
f 9419//9419 9425//9425 9423//9423
f 9421//9421 9425//9425 9422//9422
f 9420//9420 9423//9423 9426//9426
f 9425//9425 9428//9428 9423//9423
f 9424//9424 9431//9431 9429//9429
f 9426//9426 9428//9428 9431//9431
f 9430//9430 9432//9432 9428//9428
f 9429//9429 9433//9433 9434//9434
f 9432//9432 9433//9433 9431//9431
f 9436//9436 9437//9437 9434//9434
f 9432//9432 9440//9440 9436//9436
f 9437//9437 9444//9444 9441//9441
f 9442//9442 9449//9449 9448//9448
f 9445//9445 9449//9449 9442//9442
f 9448//9448 9452//9452 9450//9450
f 9449//9449 9452//9452 9448//9448
f 9450//9450 9452//9452 9453//9453
f 9449//9449 9454//9454 9455//9455
f 9455//9455 9456//9456 9452//9452
f 9454//9454 9457//9457 9455//9455
f 9454//9454 9458//9458 9457//9457
f 9456//9456 9458//9458 9459//9459
f 9453//9453 9459//9459 9460//9460
f 9454//9454 9462//9462 9458//9458
f 9460//9460 9463//9463 9464//9464
f 9459//9459 9462//9462 9463//9463
f 9466//9466 9470//9470 9467//9467
f 9469//9469 9471//9471 9472//9472
f 9472//9472 9473//9473 9466//9466
f 9480//9480 9481//9481 9476//9476
f 9479//9479 9482//9482 9483//9483
f 8612//8612 8611//8611 8615//8615
f 8615//8615 8610//8610 8614//8614
f 8608//8608 8609//8609 8605//8605
f 8611//8611 8608//8608 8607//8607
f 8611//8611 8606//8606 8610//8610
f 8608//8608 8605//8605 8604//8604
f 8603//8603 8601//8601 8606//8606
f 8604//8604 8600//8600 8602//8602
f 8603//8603 8602//8602 8599//8599
f 8601//8601 8603//8603 8599//8599
f 4869//4869 4868//4868 4872//4872
f 4871//4871 4868//4868 4867//4867
f 4868//4868 4865//4865 4863//4863
f 4806//4806 9484//9484 4804//4804
f 4807//4807 4803//4803 4802//4802
f 4801//4801 4799//4799 4798//4798
f 4792//4792 4791//4791 4798//4798
f 4794//4794 4797//4797 4793//4793
f 4792//4792 4794//4794 4793//4793
f 4792//4792 4788//4788 4789//4789
f 4793//4793 4790//4790 4788//4788
f 4792//4792 4793//4793 4788//4788
f 8826//8826 8819//8819 8822//8822
f 8814//8814 8813//8813 8817//8817
f 8815//8815 8816//8816 8811//8811
f 8814//8814 8815//8815 8811//8811
f 8810//8810 8812//8812 8808//8808
f 8809//8809 8810//8810 8808//8808
f 8811//8811 8812//8812 8810//8810
f 8809//8809 8811//8811 8810//8810
f 8808//8808 8804//8804 8803//8803
f 8807//8807 8808//8808 8803//8803
f 8807//8807 8805//8805 8813//8813
f 8819//8819 8823//8823 8820//8820
f 8400//8400 8396//8396 8402//8402
f 8397//8397 8399//8399 8401//8401
f 8389//8389 8388//8388 8391//8391
f 8387//8387 8391//8391 8388//8388
f 8394//8394 8387//8387 8390//8390
f 8498//8498 8494//8494 8500//8500
f 8501//8501 8494//8494 8497//8497
f 8501//8501 8496//8496 8499//8499
f 8495//8495 8491//8491 8494//8494
f 8490//8490 8494//8494 8491//8491
f 8496//8496 8490//8490 8493//8493
f 8491//8491 8487//8487 8486//8486
f 8490//8490 8491//8491 8486//8486
f 8493//8493 8490//8490 8488//8488
f 8486//8486 8487//8487 8481//8481
f 8485//8485 8486//8486 8481//8481
f 7709//7709 7706//7706 7705//7705
f 7708//7708 7709//7709 7705//7705
f 7698//7698 7695//7695 7694//7694
f 7697//7697 7698//7698 7694//7694
f 9329//9329 9333//9333 9331//9331
f 9330//9330 9335//9335 9329//9329
f 9334//9334 9330//9330 9332//9332
f 9326//9326 9325//9325 9329//9329
f 9321//9321 9318//9318 9314//9314
f 8934//8934 8928//8928 8930//8930
f 8931//8931 8934//8934 8930//8930
f 8931//8931 8929//8929 8933//8933
f 8924//8924 8928//8928 8925//8925
f 8927//8927 8930//8930 8924//8924
f 8929//8929 8927//8927 8926//8926
f 8912//8912 8910//8910 8908//8908
f 8909//8909 8912//8912 8908//8908
f 8915//8915 8913//8913 8911//8911
f 8049//8049 8043//8043 8052//8052
f 8055//8055 8052//8052 8051//8051
f 8050//8050 8055//8055 8051//8051
f 8032//8032 8037//8037 8040//8040
f 8039//8039 8037//8037 8036//8036
f 8041//8041 8044//8044 8038//8038
f 8045//8045 8042//8042 8039//8039
f 8037//8037 8032//8032 8031//8031
f 8036//8036 8037//8037 8031//8031
f 7874//7874 7871//7871 7870//7870
f 7877//7877 7870//7870 7873//7873
f 7877//7877 7872//7872 7876//7876
f 8133//8133 8128//8128 8127//8127
f 8132//8132 8127//8127 8130//8130
f 8126//8126 8127//8127 8123//8123
f 8122//8122 8123//8123 8116//8116
f 5209//5209 5206//5206 5205//5205
f 5212//5212 5205//5205 5208//5208
f 9486//9486 5209//5209 5212//5212
f 5211//5211 9486//9486 5212//5212
f 5205//5205 5202//5202 5198//5198
f 5204//5204 5205//5205 5198//5198
f 5204//5204 5198//5198 5201//5201
f 5199//5199 5194//5194 5198//5198
f 5197//5197 5198//5198 5194//5194
f 5200//5200 5197//5197 5196//5196
f 5193//5193 5191//5191 5196//5196
f 5186//5186 5190//5190 5187//5187
f 5191//5191 5189//5189 5188//5188
f 9409//9409 9406//9406 9404//9404
f 9406//9406 9488//9488 9407//9407
f 9489//9489 9409//9409 9408//9408
f 9405//9405 9402//9402 9398//9398
f 9404//9404 9405//9405 9398//9398
f 9406//9406 9402//9402 9405//9405
f 9404//9404 9406//9406 9405//9405
f 4944//4944 4939//4939 4941//4941
f 4935//4935 4931//4931 4927//4927
f 4933//4933 4935//4935 4927//4927
f 9073//9073 9071//9071 9075//9075
f 9078//9078 9071//9071 9072//9072
f 9060//9060 9057//9057 9056//9056
f 9061//9061 9056//9056 9059//9059
f 9058//9058 9061//9061 9059//9059
f 8724//8724 8715//8715 8718//8718
f 8713//8713 8710//8710 8712//8712
f 8706//8706 8704//8704 8702//8702
f 8707//8707 8702//8702 8703//8703
f 8705//8705 8707//8707 8703//8703
f 8702//8702 8699//8699 8698//8698
f 8703//8703 8698//8698 8701//8701
f 8700//8700 8703//8703 8701//8701
f 9476//9476 9478//9478 9480//9480
f 9477//9477 9472//9472 9475//9475
f 9478//9478 9476//9476 9473//9473
f 9472//9472 9478//9478 9473//9473
f 9477//9477 9479//9479 9472//9472
f 9475//9475 9472//9472 9471//9471
f 9466//9466 9462//9462 9469//9469
f 9468//9468 9462//9462 9465//9465
f 5009//5009 5007//5007 5012//5012
f 5010//5010 5008//5008 5006//5006
f 5007//5007 5005//5005 5003//5003
f 5004//5004 5007//5007 5003//5003
f 5001//5001 4997//4997 5003//5003
f 9219//9219 9215//9215 9221//9221
f 9206//9206 9204//9204 9210//9210
f 9200//9200 9202//9202 9204//9204
f 9205//9205 9203//9203 9199//9199
f 9200//9200 9205//9205 9199//9199
f 9204//9204 9206//9206 9200//9200
f 9173//9173 9167//9167 9165//9165
f 7951//7951 7953//7953 7949//7949
f 7947//7947 7946//7946 7949//7949
f 7948//7948 7950//7950 7944//7944
f 7949//7949 7945//7945 7951//7951
f 7943//7943 7942//7942 7946//7946
f 9490//9490 5100//5100 5102//5102
f 5103//5103 9490//9490 5102//5102
f 9492//9492 5103//5103 5101//5101
f 5102//5102 5100//5100 5098//5098
f 5103//5103 5098//5098 5099//5099
f 5101//5101 5103//5103 5099//5099
f 5086//5086 5089//5089 5093//5093
f 5091//5091 5093//5093 5089//5089
f 7758//7758 7755//7755 7751//7751
f 7757//7757 7758//7758 7751//7751
f 7761//7761 7758//7758 7757//7757
f 8997//8997 8992//8992 8996//8996
f 8988//8988 8985//8985 8983//8983
f 8987//8987 8988//8988 8983//8983
f 8987//8987 8983//8983 8984//8984
f 8979//8979 8983//8983 8980//8980
f 8990//8990 8991//8991 8985//8985
f 8992//8992 8989//8989 8986//8986
f 8548//8548 8545//8545 8542//8542
f 8547//8547 8548//8548 8542//8542
f 8545//8545 8549//8549 8546//8546
f 8550//8550 8548//8548 8547//8547
f 8545//8545 8543//8543 8541//8541
f 5777//5777 5771//5771 5774//5774
f 5773//5773 5777//5777 5774//5774
f 5768//5768 5771//5771 5772//5772
f 5770//5770 5771//5771 5767//5767
f 5770//5770 5773//5773 5774//5774
f 5768//5768 5763//5763 5767//5767
f 5766//5766 5767//5767 5763//5763
f 5769//5769 5766//5766 5765//5765
f 5764//5764 5760//5760 5763//5763
f 5766//5766 5760//5760 5759//5759
f 5765//5765 5759//5759 5762//5762
f 5760//5760 5761//5761 5756//5756
f 5756//5756 5757//5757 5753//5753
f 5754//5754 5750//5750 5749//5749
f 5750//5750 5751//5751 5746//5746
f 5749//5749 5750//5750 5746//5746
f 6657//6657 9494//9494 6655//6655
f 9495//9495 6658//6658 6656//6656
f 6655//6655 6651//6651 6654//6654
f 6653//6653 6654//6654 6651//6651
f 6658//6658 6654//6654 6653//6653
f 6656//6656 6658//6658 6653//6653
f 6649//6649 6647//6647 6651//6651
f 6642//6642 6639//6639 6638//6638
f 6641//6641 6642//6642 6638//6638
f 6643//6643 6644//6644 6639//6639
f 6638//6638 6635//6635 6632//6632
f 9496//9496 8290//8290 8289//8289
f 8292//8292 9496//9496 8289//8289
f 8289//8289 8286//8286 8288//8288
f 6289//6289 6284//6284 6286//6286
f 6286//6286 6280//6280 6279//6279
f 6283//6283 6286//6286 6279//6279
f 6285//6285 6283//6283 6281//6281
f 6270//6270 6266//6266 6272//6272
f 6274//6274 6273//6273 6270//6270
f 6264//6264 6263//6263 6266//6266
f 6268//6268 6265//6265 6261//6261
f 6267//6267 6268//6268 6261//6261
f 6920//6920 6922//6922 6917//6917
f 6925//6925 6920//6920 6921//6921
f 6925//6925 6918//6918 6923//6923
f 6917//6917 6916//6916 6920//6920
f 6916//6916 6914//6914 6912//6912
f 6913//6913 6916//6916 6912//6912
f 7128//7128 7122//7122 7120//7120
f 7121//7121 7118//7118 7115//7115
f 7120//7120 7121//7121 7115//7115
f 7122//7122 7123//7123 7121//7121
f 7120//7120 7122//7122 7121//7121
f 7111//7111 7107//7107 7106//7106
f 7109//7109 7111//7111 7106//7106
f 7108//7108 7103//7103 7107//7107
f 7106//7106 7107//7107 7103//7103
f 7103//7103 7101//7101 7099//7099
f 7100//7100 7103//7103 7099//7099
f 7582//7582 7576//7576 7579//7579
f 7581//7581 7579//7579 7578//7578
f 7576//7576 7574//7574 7572//7572
f 7573//7573 7576//7576 7572//7572
f 7575//7575 7579//7579 7573//7573
f 9498//9498 7625//7625 9497//9497
f 9500//9500 7625//7625 7626//7626
f 9499//9499 9500//9500 7626//7626
f 7624//7624 7620//7620 7622//7622
f 6051//6051 6054//6054 6052//6052
f 6057//6057 6056//6056 6051//6051
f 6055//6055 6057//6057 6053//6053
f 6049//6049 6045//6045 6051//6051
f 5962//5962 5960//5960 5964//5964
f 6827//6827 6825//6825 6822//6822
f 6826//6826 6824//6824 6823//6823
f 6828//6828 6827//6827 6824//6824
f 6819//6819 6815//6815 6821//6821
f 6816//6816 6821//6821 6815//6815
f 6809//6809 6805//6805 6811//6811
f 6814//6814 6811//6811 6806//6806
f 6810//6810 6814//6814 6806//6806
f 5571//5571 5573//5573 5569//5569
f 5574//5574 5572//5572 5570//5570
f 5571//5571 5569//5569 5564//5564
f 5572//5572 5564//5564 5568//5568
f 5560//5560 5557//5557 5553//5553
f 5559//5559 5560//5560 5553//5553
f 6544//6544 6543//6543 6546//6546
f 6548//6548 6545//6545 6541//6541
f 6547//6547 6548//6548 6541//6541
f 6538//6538 6540//6540 6543//6543
f 6541//6541 6539//6539 6534//6534
f 6537//6537 6532//6532 6533//6533
f 6536//6536 6531//6531 6530//6530
f 9501//9501 5658//5658 5660//5660
f 5657//5657 9501//9501 5660//5660
f 9504//9504 5659//5659 9503//9503
f 5656//5656 5658//5658 5654//5654
f 5657//5657 5655//5655 5659//5659
f 5653//5653 5649//5649 5655//5655
f 5646//5646 5648//5648 5644//5644
f 5649//5649 5647//5647 5645//5645
f 5640//5640 5644//5644 5642//5642
f 5647//5647 5640//5640 5641//5641
f 5645//5645 5641//5641 5643//5643
f 5389//5389 5396//5396 5393//5393
f 5397//5397 5395//5395 5394//5394
f 5384//5384 5380//5380 5383//5383
f 7309//7309 9510//9510 7310//7310
f 9512//9512 7309//7309 7312//7312
f 7311//7311 9512//9512 7312//7312
f 7311//7311 7308//7308 7307//7307
f 7303//7303 7298//7298 7297//7297
f 7300//7300 7302//7302 7295//7295
f 7299//7299 7300//7300 7295//7295
f 9513//9513 9514//9514 5290//5290
f 9516//9516 9513//9513 5290//5290
f 5289//5289 5286//5286 5285//5285
f 5281//5281 5280//5280 5277//5277
f 5279//5279 5281//5281 5277//5277
f 5280//5280 5282//5282 5278//5278
f 5283//5283 5281//5281 5279//5279
f 5459//5459 5456//5456 5455//5455
f 5458//5458 5459//5459 5455//5455
f 5457//5457 5462//5462 5458//5458
f 5448//5448 5446//5446 5450//5450
f 6438//6438 6436//6436 6440//6440
f 9519//9519 6440//6440 6436//6436
f 6436//6436 6434//6434 6432//6432
f 6433//6433 6436//6436 6432//6432
f 6428//6428 6431//6431 6435//6435
f 6432//6432 6430//6430 6429//6429
f 6428//6428 6432//6432 6429//6429
f 6427//6427 6428//6428 6425//6425
f 6429//6429 6426//6426 6424//6424
f 6428//6428 6429//6429 6424//6424
f 6424//6424 6421//6421 6420//6420
f 6423//6423 6424//6424 6420//6420
f 5841//5841 5845//5845 5842//5842
f 5848//5848 5841//5841 5844//5844
f 5846//5846 5844//5844 5843//5843
f 5840//5840 5844//5844 5838//5838
f 7467//7467 7462//7462 7466//7466
f 7468//7468 7465//7465 7464//7464
f 7464//7464 7459//7459 7461//7461
f 7208//7208 7202//7202 7207//7207
f 7209//7209 7206//7206 7205//7205
f 7211//7211 7207//7207 7210//7210
f 7213//7213 7207//7207 7206//7206
f 7212//7212 7206//7206 7209//7209
f 6718//6718 6713//6713 6712//6712
f 6719//6719 6712//6712 6715//6715
f 6719//6719 6714//6714 6717//6717
f 6715//6715 6712//6712 6711//6711
f 6711//6711 6706//6706 6705//6705
f 6706//6706 6707//6707 6704//6704
f 6705//6705 6706//6706 6704//6704
f 6700//6700 6707//6707 6701//6701
f 6703//6703 6704//6704 6700//6700
f 6708//6708 6703//6703 6702//6702
f 6356//6356 6351//6351 6349//6349
f 6353//6353 6356//6356 6349//6349
f 6357//6357 6352//6352 6355//6355
f 6350//6350 6343//6343 6344//6344
f 6343//6343 6340//6340 6339//6339
f 6342//6342 6343//6343 6339//6339
f 6341//6341 6338//6338 6337//6337
f 6339//6339 6336//6336 6335//6335
f 6338//6338 6339//6339 6335//6335
f 5932//5932 5930//5930 5934//5934
f 5925//5925 5927//5927 5929//5929
f 5930//5930 5928//5928 5924//5924
f 5925//5925 5930//5930 5924//5924
f 5917//5917 5919//5919 5923//5923
f 6169//6169 6160//6160 6163//6163
f 6162//6162 6163//6163 6157//6157
f 6159//6159 6157//6157 6156//6156
f 6153//6153 6151//6151 6149//6149
f 6154//6154 6149//6149 6150//6150
f 6152//6152 6154//6154 6150//6150
f 7355//7355 7359//7359 7356//7356
f 7360//7360 7358//7358 7357//7357
f 7525//7525 7526//7526 7520//7520
f 7525//7525 7520//7520 7516//7516
f 7522//7522 7525//7525 7516//7516
f 6093//6093 6097//6097 6095//6095
f 6094//6094 6099//6099 6093//6093
f 6098//6098 6094//6094 6096//6096
f 9521//9521 9520//9520 7019//7019
f 7023//7023 9521//9521 7019//7019
f 6979//6979 6974//6974 6972//6972
f 6974//6974 6975//6975 6973//6973
f 6972//6972 6974//6974 6973//6973
f 1//1 7//7 5//5
f 2//2 10//10 7//7
f 2//2 4//4 6//6
f 7//7 8//8 5//5
f 10//10 6//6 9//9
f 10//10 11//11 7//7
f 7//7 12//12 8//8
f 7//7 11//11 12//12
f 11//11 9//9 15//15
f 11//11 16//16 12//12
f 13//13 12//12 18//18
f 12//12 16//16 18//18
f 15//15 17//17 16//16
f 16//16 17//17 18//18
f 14//14 20//20 17//17
f 19//19 13//13 18//18
f 18//18 17//17 22//22
f 22//22 20//20 25//25
f 23//23 28//28 24//24
f 22//22 29//29 28//28
f 26//26 28//28 30//30
f 29//29 31//31 30//30
f 27//27 33//33 31//31
f 30//30 34//34 32//32
f 31//31 37//37 34//34
f 35//35 34//34 38//38
f 38//38 37//37 40//40
f 40//40 36//36 42//42
f 36//36 39//39 42//42
f 38//38 40//40 43//43
f 42//42 46//46 43//43
f 45//45 44//44 48//48
f 43//43 52//52 48//48
f 52//52 46//46 54//54
f 49//49 56//56 53//53
f 51//51 57//57 55//55
f 51//51 53//53 59//59
f 57//57 59//59 63//63
f 59//59 56//56 63//63
f 56//56 62//62 63//63
f 61//61 60//60 64//64
f 62//62 67//67 63//63
f 64//64 63//63 68//68
f 67//67 69//69 68//68
f 64//64 68//68 70//70
f 68//68 69//69 70//70
f 69//69 65//65 73//73
f 70//70 69//69 74//74
f 74//74 73//73 76//76
f 70//70 77//77 75//75
f 77//77 74//74 78//78
f 76//76 81//81 80//80
f 78//78 74//74 80//80
f 81//81 79//79 83//83
f 80//80 84//84 82//82
f 81//81 83//83 86//86
f 81//81 87//87 84//84
f 85//85 84//84 88//88
f 86//86 90//90 87//87
f 89//89 88//88 91//91
f 88//88 87//87 92//92
f 89//89 91//91 93//93
f 91//91 92//92 94//94
f 90//90 96//96 94//94
f 93//93 97//97 98//98
f 94//94 96//96 99//99
f 94//94 100//100 97//97
f 101//101 105//105 98//98
f 99//99 106//106 102//102
f 102//102 104//104 103//103
f 106//106 104//104 102//102
f 103//103 107//107 108//108
f 104//104 110//110 107//107
f 109//109 110//110 104//104
f 117//117 118//118 115//115
f 120//120 121//121 117//117
f 121//121 116//116 119//119
f 117//117 121//121 122//122
f 117//117 123//123 118//118
f 122//122 125//125 127//127
f 124//124 128//128 126//126
f 123//123 127//127 131//131
f 128//128 129//129 126//126
f 128//128 131//131 129//129
f 131//131 127//127 132//132
f 127//127 130//130 132//132
f 129//129 131//131 133//133
f 132//132 134//134 133//133
f 130//130 137//137 134//134
f 135//135 134//134 140//140
f 136//136 139//139 137//137
f 140//140 144//144 142//142
f 144//144 139//139 146//146
f 142//142 144//144 147//147
f 144//144 146//146 147//147
f 148//148 147//147 150//150
f 150//150 146//146 151//151
f 151//151 149//149 153//153
f 152//152 150//150 154//154
f 153//153 156//156 151//151
f 154//154 151//151 157//157
f 155//155 158//158 159//159
f 157//157 156//156 160//160
f 154//154 162//162 158//158
f 154//154 160//160 162//162
f 159//159 163//163 161//161
f 158//158 164//164 163//163
f 162//162 166//166 164//164
f 165//165 163//163 167//167
f 168//168 170//170 171//171
f 173//173 170//170 168//168
f 169//169 166//166 172//172
f 170//170 174//174 171//171
f 175//175 174//174 170//170
f 174//174 176//176 177//177
f 179//179 176//176 174//174
f 172//172 178//178 179//179
f 177//177 176//176 180//180
f 179//179 183//183 180//180
f 179//179 178//178 182//182
f 188//188 189//189 186//186
f 189//189 185//185 190//190
f 187//187 193//193 190//190
f 186//186 195//195 191//191
f 186//186 194//194 196//196
f 191//191 195//195 197//197
f 196//196 192//192 198//198
f 195//195 196//196 199//199
f 197//197 195//195 202//202
f 202//202 204//204 200//200
f 200//200 204//204 206//206
f 202//202 203//203 204//204
f 203//203 201//201 208//208
f 204//204 203//203 210//210
f 204//204 212//212 205//205
f 207//207 213//213 216//216
f 207//207 217//217 214//214
f 215//215 219//219 216//216
f 216//216 219//219 220//220
f 218//218 217//217 221//221
f 219//219 223//223 220//220
f 221//221 220//220 224//224
f 223//223 227//227 224//224
f 222//222 226//226 227//227
f 228//228 231//231 229//229
f 228//228 227//227 232//232
f 238//238 237//237 241//241
f 237//237 240//240 241//241
f 239//239 238//238 242//242
f 241//241 240//240 244//244
f 242//242 245//245 243//243
f 241//241 244//244 247//247
f 241//241 248//248 245//245
f 245//245 249//249 246//246
f 249//249 252//252 250//250
f 248//248 247//247 251//251
f 249//249 253//253 252//252
f 251//251 255//255 253//253
f 250//250 256//256 254//254
f 250//250 252//252 257//257
f 252//252 253//253 257//257
f 256//256 257//257 258//258
f 256//256 259//259 254//254
f 258//258 255//255 261//261
f 258//258 264//264 259//259
f 261//261 263//263 264//264
f 259//259 265//265 262//262
f 264//264 268//268 267//267
f 263//263 266//266 268//268
f 267//267 268//268 271//271
f 268//268 266//266 270//270
f 271//271 268//268 275//275
f 270//270 274//274 275//275
f 271//271 275//275 272//272
f 272//272 276//276 277//277
f 272//272 275//275 276//276
f 274//274 278//278 275//275
f 276//276 275//275 279//279
f 279//279 278//278 281//281
f 279//279 282//282 276//276
f 280//280 276//276 283//283
f 281//281 285//285 282//282
f 281//281 284//284 285//285
f 283//283 282//282 286//286
f 285//285 284//284 287//287
f 282//282 288//288 289//289
f 287//287 290//290 285//285
f 288//288 291//291 289//289
f 291//291 297//297 295//295
f 292//292 298//298 297//297
f 296//296 298//298 292//292
f 295//295 297//297 299//299
f 296//296 301//301 298//298
f 305//305 304//304 306//306
f 307//307 309//309 310//310
f 312//312 308//308 311//311
f 309//309 314//314 310//310
f 313//313 311//311 316//316
f 313//313 317//317 314//314
f 313//313 316//316 319//319
f 317//317 313//313 319//319
f 318//318 315//315 320//320
f 317//317 321//321 320//320
f 319//319 323//323 321//321
f 320//320 324//324 322//322
f 324//324 321//321 326//326
f 326//326 323//323 329//329
f 323//323 325//325 328//328
f 327//327 326//326 330//330
f 329//329 334//334 330//330
f 328//328 332//332 333//333
f 330//330 334//334 335//335
f 335//335 334//334 336//336
f 334//334 333//333 336//336
f 336//336 331//331 338//338
f 337//337 335//335 339//339
f 339//339 336//336 342//342
f 336//336 338//338 341//341
f 340//340 339//339 343//343
f 339//339 345//345 343//343
f 342//342 341//341 344//344
f 345//345 342//342 346//346
f 345//345 349//349 347//347
f 346//346 344//344 348//348
f 347//347 350//350 352//352
f 349//349 354//354 350//350
f 349//349 346//346 353//353
f 350//350 354//354 355//355
f 353//353 351//351 357//357
f 356//356 350//350 358//358
f 350//350 355//355 360//360
f 360//360 361//361 358//358
f 357//357 359//359 363//363
f 362//362 361//361 365//365
f 365//365 364//364 369//369
f 363//363 367//367 369//369
f 365//365 370//370 366//366
f 370//370 365//365 371//371
f 369//369 374//374 371//371
f 370//370 371//371 372//372
f 374//374 375//375 371//371
f 371//371 375//375 376//376
f 375//375 374//374 378//378
f 374//374 373//373 377//377
f 376//376 375//375 379//379
f 378//378 377//377 380//380
f 379//379 375//375 381//381
f 378//378 382//382 381//381
f 379//379 381//381 383//383
f 380//380 385//385 382//382
f 385//385 388//388 382//382
f 383//383 386//386 387//387
f 389//389 391//391 395//395
f 393//393 395//395 399//399
f 400//400 401//401 398//398
f 399//399 402//402 396//396
f 400//400 396//396 403//403
f 413//413 414//414 411//411
f 414//414 410//410 416//416
f 411//411 414//414 417//417
f 411//411 420//420 418//418
f 417//417 419//419 424//424
f 418//418 420//420 422//422
f 420//420 421//421 422//422
f 424//424 419//419 423//423
f 417//417 424//424 421//421
f 424//424 423//423 429//429
f 422//422 425//425 428//428
f 422//422 421//421 427//427
f 421//421 424//424 429//429
f 425//425 427//427 430//430
f 429//429 433//433 430//430
f 430//430 436//436 431//431
f 431//431 436//436 434//434
f 436//436 433//433 438//438
f 437//437 434//434 439//439
f 434//434 436//436 439//439
f 438//438 440//440 436//436
f 439//439 436//436 440//440
f 438//438 442//442 440//440
f 439//439 440//440 443//443
f 439//439 444//444 441//441
f 440//440 442//442 443//443
f 441//441 444//444 445//445
f 442//442 446//446 443//443
f 444//444 443//443 448//448
f 445//445 444//444 449//449
f 444//444 453//453 449//449
f 447//447 450//450 455//455
f 454//454 457//457 455//455
f 456//456 447//447 458//458
f 458//458 455//455 459//459
f 457//457 461//461 459//459
f 460//460 458//458 462//462
f 459//459 463//463 462//462
f 461//461 465//465 463//463
f 464//464 462//462 466//466
f 465//465 467//467 468//468
f 462//462 469//469 466//466
f 468//468 472//472 469//469
f 468//468 467//467 471//471
f 470//470 469//469 473//473
f 472//472 474//474 473//473
f 472//472 471//471 476//476
f 480//480 476//476 479//479
f 481//481 483//483 478//478
f 480//480 482//482 481//481
f 479//479 484//484 482//482
f 490//490 494//494 489//489
f 489//489 495//495 491//491
f 489//489 494//494 497//497
f 492//492 496//496 494//494
f 493//493 495//495 498//498
f 497//497 494//494 500//500
f 495//495 497//497 498//498
f 500//500 503//503 501//501
f 498//498 501//501 504//504
f 501//501 506//506 504//504
f 501//501 503//503 506//506
f 503//503 505//505 508//508
f 506//506 503//503 509//509
f 503//503 508//508 509//509
f 510//510 509//509 512//512
f 508//508 511//511 513//513
f 510//510 512//512 514//514
f 512//512 516//516 514//514
f 513//513 517//517 516//516
f 513//513 511//511 515//515
f 516//516 517//517 520//520
f 514//514 516//516 518//518
f 518//518 516//516 521//521
f 521//521 520//520 524//524
f 524//524 523//523 525//525
f 521//521 524//524 526//526
f 521//521 526//526 527//527
f 522//522 528//528 525//525
f 525//525 530//530 526//526
f 526//526 531//531 527//527
f 527//527 532//532 535//535
f 531//531 534//534 532//532
f 531//531 530//530 536//536
f 534//534 538//538 532//532
f 534//534 536//536 538//538
f 541//541 533//533 544//544
f 540//540 545//545 537//537
f 543//543 547//547 545//545
f 543//543 539//539 547//547
f 546//546 537//537 548//548
f 537//537 545//545 548//548
f 547//547 549//549 545//545
f 545//545 549//549 548//548
f 546//546 548//548 550//550
f 547//547 551//551 549//549
f 550//550 548//548 552//552
f 549//549 554//554 552//552
f 550//550 552//552 557//557
f 554//554 556//556 557//557
f 550//550 558//558 555//555
f 558//558 557//557 561//561
f 561//561 556//556 563//563
f 561//561 566//566 559//559
f 559//559 566//566 564//564
f 563//563 567//567 566//566
f 564//564 566//566 568//568
f 567//567 565//565 570//570
f 567//567 571//571 568//568
f 569//569 568//568 572//572
f 570//570 575//575 571//571
f 577//577 581//581 582//582
f 578//578 584//584 581//581
f 578//578 580//580 583//583
f 584//584 585//585 581//581
f 583//583 585//585 584//584
f 581//581 585//585 588//588
f 588//588 592//592 591//591
f 591//591 592//592 595//595
f 602//602 598//598 600//600
f 597//597 601//601 599//599
f 599//599 603//603 604//604
f 601//601 606//606 603//603
f 601//601 602//602 606//606
f 602//602 600//600 605//605
f 604//604 603//603 607//607
f 606//606 610//610 609//609
f 607//607 609//609 611//611
f 610//610 614//614 613//613
f 613//613 616//616 611//611
f 615//615 612//612 618//618
f 618//618 621//621 623//623
f 616//616 624//624 620//620
f 624//624 625//625 620//620
f 620//620 625//625 622//622
f 625//625 624//624 626//626
f 625//625 629//629 627//627
f 629//629 626//626 631//631
f 631//631 626//626 633//633
f 626//626 628//628 633//633
f 628//628 630//630 633//633
f 633//633 630//630 635//635
f 635//635 632//632 637//637
f 634//634 638//638 636//636
f 638//638 635//635 642//642
f 635//635 637//637 640//640
f 639//639 638//638 644//644
f 638//638 642//642 644//644
f 642//642 640//640 648//648
f 639//639 644//644 646//646
f 641//641 651//651 649//649
f 647//647 645//645 650//650
f 649//649 652//652 653//653
f 649//649 651//651 652//652
f 650//650 654//654 655//655
f 652//652 647//647 655//655
f 653//653 652//652 656//656
f 655//655 654//654 658//658
f 656//656 655//655 659//659
f 658//658 661//661 659//659
f 659//659 664//664 662//662
f 660//660 662//662 665//665
f 663//663 660//660 666//666
f 665//665 664//664 669//669
f 666//666 665//665 670//670
f 669//669 667//667 672//672
f 670//670 674//674 671//671
f 673//673 672//672 676//676
f 673//673 677//677 674//674
f 675//675 674//674 678//678
f 677//677 679//679 678//678
f 676//676 679//679 677//677
f 681//681 685//685 683//683
f 690//690 689//689 691//691
f 693//693 691//691 689//689
f 690//690 694//694 696//696
f 690//690 691//691 695//695
f 697//697 695//695 691//691
f 709//709 707//707 705//705
f 710//710 706//706 708//708
f 709//709 711//711 707//707
f 711//711 712//712 707//707
f 711//711 710//710 713//713
f 710//710 708//708 713//713
f 707//707 712//712 714//714
f 713//713 708//708 715//715
f 713//713 715//715 716//716
f 714//714 712//712 717//717
f 715//715 719//719 716//716
f 715//715 718//718 719//719
f 716//716 722//722 720//720
f 719//719 718//718 721//721
f 719//719 723//723 722//722
f 719//719 721//721 725//725
f 724//724 722//722 726//726
f 724//724 726//726 727//727
f 726//726 723//723 729//729
f 723//723 725//725 728//728
f 729//729 723//723 728//728
f 727//727 726//726 731//731
f 728//728 733//733 730//730
f 733//733 735//735 730//730
f 731//731 736//736 732//732
f 734//734 732//732 736//736
f 730//730 739//739 736//736
f 739//739 735//735 738//738
f 739//739 738//738 741//741
f 736//736 742//742 740//740
f 736//736 739//739 744//744
f 741//741 747//747 744//744
f 741//741 743//743 746//746
f 744//744 748//748 745//745
f 748//748 749//749 745//745
f 748//748 747//747 750//750
f 750//750 753//753 749//749
f 752//752 753//753 750//750
f 757//757 764//764 762//762
f 761//761 764//764 757//757
f 765//765 764//764 767//767
f 772//772 771//771 774//774
f 769//769 775//775 770//770
f 769//769 772//772 775//775
f 775//775 772//772 777//777
f 771//771 776//776 774//774
f 777//777 779//779 778//778
f 778//778 779//779 782//782
f 774//774 781//781 779//779
f 781//781 785//785 783//783
f 780//780 786//786 784//784
f 780//780 782//782 786//786
f 785//785 788//788 783//783
f 783//783 788//788 786//786
f 784//784 789//789 787//787
f 788//788 791//791 786//786
f 791//791 794//794 792//792
f 790//790 796//796 793//793
f 790//790 789//789 796//796
f 792//792 794//794 795//795
f 796//796 795//795 798//798
f 794//794 800//800 798//798
f 799//799 802//802 804//804
f 797//797 798//798 808//808
f 801//801 807//807 810//810
f 803//803 811//811 809//809
f 805//805 809//809 812//812
f 809//809 813//813 812//812
f 810//810 812//812 814//814
f 813//813 816//816 814//814
f 813//813 811//811 816//816
f 815//815 810//810 817//817
f 816//816 819//819 814//814
f 817//817 822//822 818//818
f 814//814 819//819 821//821
f 818//818 823//823 820//820
f 823//823 824//824 825//825
f 822//822 821//821 826//826
f 822//822 827//827 824//824
f 827//827 828//828 824//824
f 825//825 824//824 829//829
f 828//828 826//826 831//831
f 829//829 833//833 830//830
f 831//831 834//834 828//828
f 836//836 837//837 833//833
f 834//834 838//838 835//835
f 835//835 839//839 836//836
f 840//840 841//841 837//837
f 839//839 838//838 842//842
f 840//840 843//843 841//841
f 840//840 839//839 844//844
f 843//843 845//845 846//846
f 853//853 849//849 848//848
f 854//854 850//850 852//852
f 849//849 855//855 851//851
f 859//859 853//853 860//860
f 857//857 861//861 862//862
f 857//857 859//859 861//861
f 860//860 863//863 864//864
f 862//862 861//861 865//865
f 864//864 863//863 867//867
f 864//864 868//868 865//865
f 866//866 865//865 869//869
f 867//867 872//872 868//868
f 869//869 868//868 873//873
f 873//873 872//872 874//874
f 872//872 870//870 874//874
f 873//873 877//877 875//875
f 874//874 870//870 876//876
f 877//877 874//874 878//878
f 875//875 879//879 881//881
f 875//875 877//877 885//885
f 877//877 878//878 883//883
f 878//878 876//876 883//883
f 882//882 887//887 884//884
f 880//880 890//890 887//887
f 880//880 886//886 889//889
f 890//890 893//893 887//887
f 891//891 887//887 894//894
f 893//893 896//896 894//894
f 891//891 898//898 895//895
f 898//898 899//899 895//895
f 896//896 900//900 897//897
f 902//902 905//905 901//901
f 905//905 904//904 907//907
f 905//905 909//909 908//908
f 916//916 912//912 915//915
f 921//921 919//919 924//924
f 924//924 923//923 925//925
f 921//921 924//924 928//928
f 923//923 922//922 927//927
f 925//925 930//930 928//928
f 927//927 932//932 930//930
f 931//931 929//929 933//933
f 933//933 930//930 935//935
f 932//932 936//936 935//935
f 935//935 936//936 939//939
f 937//937 935//935 940//940
f 934//934 938//938 939//939
f 939//939 944//944 942//942
f 938//938 941//941 944//944
f 943//943 940//940 945//945
f 940//940 942//942 947//947
f 942//942 944//944 947//947
f 947//947 950//950 948//948
f 947//947 944//944 951//951
f 944//944 946//946 951//951
f 952//952 957//957 955//955
f 954//954 956//956 959//959
f 957//957 959//959 958//958
f 959//959 956//956 961//961
f 959//959 963//963 958//958
f 962//962 960//960 964//964
f 960//960 958//958 964//964
f 962//962 964//964 967//967
f 964//964 965//965 973//973
f 965//965 963//963 971//971
f 966//966 974//974 968//968
f 966//966 972//972 974//974
f 972//972 977//977 974//974
f 972//972 970//970 977//977
f 977//977 976//976 979//979
f 978//978 974//974 980//980
f 977//977 983//983 980//980
f 983//983 979//979 982//982
f 983//983 984//984 980//980
f 981//981 980//980 986//986
f 982//982 987//987 985//985
f 988//988 984//984 989//989
f 985//985 987//987 989//989
f 987//987 991//991 989//989
f 990//990 988//988 992//992
f 989//989 993//993 992//992
f 991//991 995//995 993//993
f 995//995 998//998 993//993
f 993//993 999//999 996//996
f 996//996 999//999 1000//1000
f 998//998 997//997 1002//1002
f 998//998 1003//1003 1000//1000
f 1002//1002 1006//1006 1003//1003
f 1004//1004 1009//1009 1005//1005
f 1006//1006 1010//1010 1007//1007
f 1004//1004 1008//1008 1009//1009
f 1007//1007 1010//1010 1012//1012
f 1007//1007 1013//1013 1008//1008
f 1008//1008 1014//1014 1011//1011
f 1013//1013 1017//1017 1014//1014
f 1016//1016 1017//1017 1013//1013
f 1021//1021 1022//1022 1020//1020
f 1019//1019 1022//1022 1021//1021
f 1027//1027 1031//1031 1029//1029
f 1031//1031 1032//1032 1034//1034
f 1029//1029 1036//1036 1033//1033
f 1034//1034 1038//1038 1035//1035
f 1035//1035 1038//1038 1036//1036
f 1039//1039 1038//1038 1043//1043
f 1038//1038 1034//1034 1041//1041
f 1043//1043 1044//1044 1039//1039
f 1040//1040 1039//1039 1044//1044
f 1044//1044 1043//1043 1046//1046
f 1040//1040 1047//1047 1045//1045
f 1047//1047 1048//1048 1045//1045
f 1047//1047 1044//1044 1050//1050
f 1046//1046 1049//1049 1050//1050
f 1047//1047 1051//1051 1048//1048
f 1047//1047 1050//1050 1051//1051
f 1051//1051 1050//1050 1053//1053
f 1049//1049 1052//1052 1055//1055
f 1051//1051 1053//1053 1056//1056
f 1053//1053 1058//1058 1056//1056
f 1056//1056 1061//1061 1059//1059
f 1058//1058 1060//1060 1063//1063
f 1062//1062 1059//1059 1064//1064
f 1059//1059 1061//1061 1065//1065
f 1061//1061 1058//1058 1065//1065
f 1064//1064 1066//1066 1062//1062
f 1065//1065 1068//1068 1066//1066
f 1068//1068 1063//1063 1069//1069
f 1066//1066 1068//1068 1070//1070
f 1067//1067 1072//1072 1069//1069
f 1069//1069 1073//1073 1070//1070
f 1071//1071 1070//1070 1074//1074
f 1073//1073 1072//1072 1076//1076
f 1075//1075 1074//1074 1078//1078
f 1077//1077 1081//1081 1074//1074
f 1076//1076 1079//1079 1081//1081
f 1078//1078 1074//1074 1082//1082
f 1078//1078 1083//1083 1080//1080
f 1081//1081 1085//1085 1082//1082
f 1083//1083 1082//1082 1086//1086
f 1083//1083 1087//1087 1084//1084
f 1083//1083 1086//1086 1088//1088
f 1088//1088 1091//1091 1087//1087
f 1093//1093 1096//1096 1097//1097
f 1104//1104 1100//1100 1103//1103
f 1105//1105 1107//1107 1108//1108
f 1107//1107 1110//1110 1111//1111
f 1111//1111 1106//1106 1113//1113
f 1106//1106 1109//1109 1113//1113
f 1108//1108 1114//1114 1112//1112
f 1111//1111 1116//1116 1108//1108
f 1111//1111 1113//1113 1116//1116
f 1116//1116 1113//1113 1120//1120
f 1115//1115 1119//1119 1120//1120
f 1118//1118 1117//1117 1122//1122
f 1121//1121 1125//1125 1122//1122
f 1121//1121 1124//1124 1125//1125
f 1124//1124 1127//1127 1125//1125
f 1126//1126 1122//1122 1128//1128
f 1127//1127 1130//1130 1125//1125
f 1126//1126 1133//1133 1131//1131
f 1130//1130 1132//1132 1134//1134
f 1131//1131 1133//1133 1135//1135
f 1132//1132 1137//1137 1134//1134
f 1136//1136 1135//1135 1138//1138
f 1135//1135 1134//1134 1141//1141
f 1141//1141 1137//1137 1140//1140
f 1142//1142 1138//1138 1144//1144
f 1140//1140 1143//1143 1145//1145
f 1144//1144 1145//1145 1146//1146
f 1143//1143 1149//1149 1145//1145
f 1142//1142 1144//1144 1147//1147
f 1144//1144 1146//1146 1147//1147
f 1145//1145 1149//1149 1146//1146
f 1149//1149 1143//1143 1148//1148
f 1147//1147 1146//1146 1150//1150
f 1149//1149 1152//1152 1150//1150
f 1149//1149 1148//1148 1152//1152
f 1148//1148 1154//1154 1152//1152
f 1153//1153 1150//1150 1155//1155
f 1154//1154 1159//1159 1156//1156
f 1155//1155 1156//1156 1164//1164
f 1157//1157 1155//1155 1161//1161
f 1160//1160 1165//1165 1166//1166
f 1163//1163 1168//1168 1165//1165
f 1163//1163 1158//1158 1167//1167
f 1158//1158 1162//1162 1167//1167
f 1168//1168 1167//1167 1170//1170
f 1165//1165 1168//1168 1171//1171
f 1169//1169 1165//1165 1172//1172
f 1170//1170 1177//1177 1171//1171
f 1171//1171 1174//1174 1172//1172
f 1174//1174 1177//1177 1179//1179
f 1177//1177 1181//1181 1179//1179
f 1180//1180 1175//1175 1182//1182
f 1178//1178 1180//1180 1183//1183
f 1182//1182 1185//1185 1183//1183
f 1186//1186 1184//1184 1188//1188
f 1187//1187 1185//1185 1189//1189
f 1189//1189 1192//1192 1187//1187
f 1188//1188 1193//1193 1190//1190
f 1196//1196 1198//1198 1194//1194
f 1196//1196 1197//1197 1199//1199
f 1199//1199 1195//1195 1201//1201
f 1200//1200 1198//1198 1202//1202
f 1199//1199 1203//1203 1202//1202
f 1201//1201 1203//1203 1199//1199
f 1200//1200 1202//1202 1204//1204
f 1203//1203 1207//1207 1204//1204
f 1201//1201 1206//1206 1207//1207
f 1205//1205 1204//1204 1208//1208
f 1208//1208 1207//1207 1211//1211
f 1206//1206 1210//1210 1211//1211
f 1208//1208 1211//1211 1214//1214
f 1213//1213 1214//1214 1211//1211
f 1217//1217 1219//1219 1216//1216
f 1216//1216 1221//1221 1217//1217
f 1221//1221 1224//1224 1222//1222
f 1221//1221 1220//1220 1225//1225
f 1225//1225 1218//1218 1223//1223
f 1224//1224 1225//1225 1228//1228
f 1230//1230 1234//1234 1228//1228
f 1230//1230 1232//1232 1234//1234
f 1231//1231 1228//1228 1235//1235
f 1228//1228 1234//1234 1235//1235
f 1231//1231 1235//1235 1236//1236
f 1235//1235 1234//1234 1238//1238
f 1235//1235 1239//1239 1236//1236
f 1239//1239 1242//1242 1240//1240
f 1239//1239 1238//1238 1244//1244
f 1244//1244 1241//1241 1245//1245
f 1245//1245 1243//1243 1248//1248
f 1246//1246 1245//1245 1255//1255
f 1245//1245 1250//1250 1255//1255
f 1247//1247 1246//1246 1255//1255
f 1250//1250 1248//1248 1253//1253
f 1256//1256 1258//1258 1252//1252
f 1249//1249 1260//1260 1257//1257
f 1258//1258 1262//1262 1259//1259
f 1258//1258 1261//1261 1262//1262
f 1259//1259 1263//1263 1260//1260
f 1260//1260 1263//1263 1267//1267
f 1262//1262 1268//1268 1267//1267
f 1261//1261 1266//1266 1268//1268
f 1264//1264 1267//1267 1269//1269
f 1267//1267 1268//1268 1270//1270
f 1268//1268 1265//1265 1270//1270
f 1265//1265 1272//1272 1270//1270
f 1269//1269 1273//1273 1271//1271
f 1269//1269 1270//1270 1274//1274
f 1274//1274 1275//1275 1273//1273
f 1275//1275 1272//1272 1278//1278
f 1277//1277 1273//1273 1276//1276
f 1279//1279 1280//1280 1277//1277
f 1276//1276 1275//1275 1282//1282
f 1278//1278 1281//1281 1282//1282
f 1279//1279 1283//1283 1280//1280
f 1281//1281 1284//1284 1282//1282
f 1282//1282 1286//1286 1285//1285
f 1294//1294 1290//1290 1292//1292
f 1293//1293 1295//1295 1289//1289
f 1293//1293 1294//1294 1295//1295
f 1289//1289 1296//1296 1291//1291
f 1295//1295 1292//1292 1298//1298
f 1295//1295 1299//1299 1296//1296
f 1296//1296 1302//1302 1300//1300
f 1301//1301 1304//1304 1306//1306
f 1303//1303 1302//1302 1307//1307
f 1305//1305 1303//1303 1308//1308
f 1303//1303 1307//1307 1310//1310
f 1306//1306 1309//1309 1307//1307
f 1307//1307 1312//1312 1310//1310
f 1310//1310 1313//1313 1308//1308
f 1311//1311 1308//1308 1314//1314
f 1313//1313 1316//1316 1314//1314
f 1313//1313 1312//1312 1317//1317
f 1313//1313 1317//1317 1316//1316
f 1315//1315 1319//1319 1317//1317
f 1318//1318 1314//1314 1320//1320
f 1320//1320 1316//1316 1324//1324
f 1319//1319 1322//1322 1316//1316
f 1321//1321 1325//1325 1323//1323
f 1321//1321 1320//1320 1325//1325
f 1325//1325 1320//1320 1327//1327
f 1328//1328 1330//1330 1331//1331
f 1332//1332 1333//1333 1325//1325
f 1330//1330 1325//1325 1333//1333
f 1331//1331 1330//1330 1334//1334
f 1330//1330 1333//1333 1336//1336
f 1336//1336 1332//1332 1338//1338
f 1337//1337 1334//1334 1343//1343
f 1336//1336 1338//1338 1341//1341
f 1335//1335 1345//1345 1342//1342
f 1342//1342 1346//1346 1347//1347
f 1345//1345 1349//1349 1346//1346
f 1340//1340 1344//1344 1348//1348
f 1346//1346 1350//1350 1351//1351
f 1349//1349 1348//1348 1352//1352
f 1350//1350 1349//1349 1353//1353
f 1353//1353 1352//1352 1355//1355
f 1350//1350 1356//1356 1354//1354
f 1355//1355 1358//1358 1353//1353
f 1353//1353 1359//1359 1356//1356
f 1357//1357 1356//1356 1360//1360
f 1359//1359 1361//1361 1360//1360
f 1359//1359 1358//1358 1361//1361
f 1358//1358 1363//1363 1361//1361
f 1362//1362 1364//1364 1365//1365
f 1360//1360 1367//1367 1364//1364
f 1361//1361 1363//1363 1366//1366
f 1367//1367 1366//1366 1369//1369
f 1367//1367 1370//1370 1364//1364
f 1364//1364 1371//1371 1368//1368
f 1370//1370 1374//1374 1371//1371
f 1373//1373 1374//1374 1370//1370
f 1375//1375 1374//1374 1376//1376
f 1375//1375 1379//1379 1372//1372
f 1373//1373 1380//1380 1376//1376
f 1381//1381 1383//1383 1385//1385
f 1381//1381 1382//1382 1384//1384
f 1386//1386 1384//1384 1382//1382
f 1384//1384 1390//1390 1389//1389
f 1388//1388 1390//1390 1384//1384
f 1388//1388 1392//1392 1390//1390
f 1398//1398 1394//1394 1401//1401
f 1401//1401 1394//1394 1400//1400
f 1400//1400 1399//1399 1404//1404
f 1403//1403 1401//1401 1405//1405
f 1404//1404 1409//1409 1407//1407
f 1402//1402 1407//1407 1405//1405
f 1409//1409 1404//1404 1406//1406
f 1405//1405 1410//1410 1408//1408
f 1407//1407 1412//1412 1410//1410
f 1407//1407 1409//1409 1412//1412
f 1410//1410 1412//1412 1415//1415
f 1414//1414 1416//1416 1412//1412
f 1414//1414 1418//1418 1416//1416
f 1415//1415 1419//1419 1420//1420
f 1417//1417 1420//1420 1421//1421
f 1418//1418 1422//1422 1419//1419
f 1419//1419 1423//1423 1420//1420
f 1419//1419 1422//1422 1423//1423
f 1420//1420 1424//1424 1421//1421
f 1423//1423 1422//1422 1426//1426
f 1423//1423 1426//1426 1430//1430
f 1429//1429 1424//1424 1427//1427
f 1427//1427 1423//1423 1431//1431
f 1431//1431 1430//1430 1432//1432
f 1431//1431 1435//1435 1433//1433
f 1432//1432 1428//1428 1434//1434
f 1434//1434 1438//1438 1432//1432
f 1436//1436 1435//1435 1439//1439
f 1439//1439 1446//1446 1442//1442
f 1439//1439 1441//1441 1444//1444
f 1442//1442 1447//1447 1443//1443
f 1443//1443 1447//1447 1448//1448
f 1443//1443 1449//1449 1450//1450
f 1451//1451 1453//1453 1448//1448
f 1449//1449 1448//1448 1454//1454
f 1449//1449 1455//1455 1452//1452
f 1454//1454 1455//1455 1449//1449
f 1455//1455 1456//1456 1452//1452
f 1457//1457 1456//1456 1455//1455
f 1459//1459 1463//1463 1460//1460
f 1462//1462 1461//1461 1465//1465
f 1468//1468 1470//1470 1471//1471
f 1472//1472 1469//1469 1474//1474
f 1471//1471 1472//1472 1476//1476
f 1471//1471 1477//1477 1473//1473
f 1475//1475 1473//1473 1478//1478
f 1475//1475 1478//1478 1479//1479
f 1477//1477 1481//1481 1478//1478
f 1477//1477 1476//1476 1481//1481
f 1479//1479 1478//1478 1482//1482
f 1481//1481 1484//1484 1478//1478
f 1482//1482 1478//1478 1487//1487
f 1482//1482 1485//1485 1483//1483
f 1487//1487 1484//1484 1488//1488
f 1484//1484 1486//1486 1488//1488
f 1485//1485 1489//1489 1491//1491
f 1488//1488 1486//1486 1492//1492
f 1488//1488 1492//1492 1493//1493
f 1492//1492 1495//1495 1496//1496
f 1493//1493 1497//1497 1494//1494
f 1493//1493 1496//1496 1497//1497
f 1496//1496 1500//1500 1497//1497
f 1500//1500 1495//1495 1499//1499
f 1497//1497 1503//1503 1498//1498
f 1499//1499 1502//1502 1500//1500
f 1501//1501 1498//1498 1504//1504
f 1503//1503 1502//1502 1510//1510
f 1502//1502 1505//1505 1508//1508
f 1509//1509 1507//1507 1512//1512
f 1507//1507 1514//1514 1512//1512
f 1511//1511 1510//1510 1513//1513
f 1514//1514 1517//1517 1515//1515
f 1514//1514 1511//1511 1519//1519
f 1513//1513 1516//1516 1519//1519
f 1518//1518 1515//1515 1520//1520
f 1520//1520 1517//1517 1523//1523
f 1521//1521 1525//1525 1522//1522
f 1522//1522 1525//1525 1523//1523
f 1526//1526 1523//1523 1528//1528
f 1526//1526 1531//1531 1532//1532
f 1526//1526 1528//1528 1534//1534
f 1528//1528 1530//1530 1534//1534
f 1530//1530 1533//1533 1534//1534
f 1531//1531 1534//1534 1537//1537
f 1536//1536 1540//1540 1537//1537
f 1531//1531 1537//1537 1538//1538
f 1537//1537 1541//1541 1542//1542
f 1541//1541 1540//1540 1544//1544
f 1540//1540 1539//1539 1543//1543
f 1545//1545 1544//1544 1546//1546
f 1542//1542 1545//1545 1547//1547
f 1546//1546 1543//1543 1548//1548
f 1547//1547 1545//1545 1549//1549
f 1546//1546 1550//1550 1549//1549
f 1548//1548 1553//1553 1550//1550
f 1549//1549 1551//1551 1552//1552
f 1551//1551 1557//1557 1559//1559
f 1554//1554 1558//1558 1557//1557
f 1554//1554 1556//1556 1560//1560
f 1557//1557 1562//1562 1559//1559
f 1558//1558 1561//1561 1557//1557
f 1560//1560 1563//1563 1561//1561
f 1561//1561 1563//1563 1566//1566
f 1567//1567 1568//1568 1565//1565
f 1566//1566 1569//1569 1561//1561
f 1569//1569 1573//1573 1570//1570
f 1578//1578 1576//1576 1574//1574
f 1579//1579 1575//1575 1577//1577
f 1578//1578 1580//1580 1576//1576
f 1578//1578 1579//1579 1581//1581
f 1581//1581 1584//1584 1580//1580
f 1581//1581 1577//1577 1586//1586
f 1580//1580 1584//1584 1582//1582
f 1584//1584 1581//1581 1586//1586
f 1586//1586 1591//1591 1584//1584
f 1585//1585 1582//1582 1589//1589
f 1582//1582 1584//1584 1589//1589
f 1586//1586 1588//1588 1591//1591
f 1591//1591 1592//1592 1589//1589
f 1588//1588 1595//1595 1592//1592
f 1588//1588 1590//1590 1594//1594
f 1592//1592 1596//1596 1597//1597
f 1596//1596 1595//1595 1599//1599
f 1596//1596 1602//1602 1600//1600
f 1599//1599 1598//1598 1601//1601
f 1602//1602 1604//1604 1609//1609
f 1604//1604 1607//1607 1609//1609
f 1605//1605 1600//1600 1611//1611
f 1608//1608 1606//1606 1614//1614
f 1612//1612 1610//1610 1616//1616
f 1612//1612 1616//1616 1617//1617
f 1618//1618 1614//1614 1620//1620
f 1616//1616 1619//1619 1617//1617
f 1620//1620 1617//1617 1621//1621
f 1618//1618 1620//1620 1622//1622
f 1618//1618 1622//1622 1623//1623
f 1619//1619 1625//1625 1621//1621
f 1621//1621 1625//1625 1622//1622
f 1623//1623 1622//1622 1628//1628
f 1622//1622 1625//1625 1628//1628
f 1623//1623 1629//1629 1626//1626
f 1628//1628 1630//1630 1629//1629
f 1630//1630 1627//1627 1632//1632
f 1631//1631 1629//1629 1633//1633
f 1630//1630 1636//1636 1633//1633
f 1630//1630 1632//1632 1635//1635
f 1641//1641 1643//1643 1639//1639
f 1640//1640 1644//1644 1642//1642
f 1649//1649 1650//1650 1646//1646
f 1646//1646 1651//1651 1647//1647
f 1650//1650 1648//1648 1655//1655
f 1648//1648 1652//1652 1655//1655
f 1650//1650 1656//1656 1653//1653
f 1654//1654 1651//1651 1653//1653
f 1656//1656 1655//1655 1658//1658
f 1653//1653 1661//1661 1659//1659
f 1659//1659 1661//1661 1664//1664
f 1661//1661 1665//1665 1664//1664
f 1665//1665 1663//1663 1667//1667
f 1664//1664 1668//1668 1666//1666
f 1665//1665 1667//1667 1670//1670
f 1665//1665 1671//1671 1672//1672
f 1665//1665 1670//1670 1671//1671
f 1669//1669 1673//1673 1670//1670
f 1673//1673 1677//1677 1674//1674
f 1671//1671 1678//1678 1675//1675
f 1679//1679 1676//1676 1681//1681
f 1678//1678 1679//1679 1682//1682
f 1678//1678 1685//1685 1683//1683
f 1678//1678 1682//1682 1685//1685
f 1681//1681 1684//1684 1682//1682
f 1683//1683 1685//1685 1686//1686
f 1682//1682 1687//1687 1686//1686
f 1683//1683 1686//1686 1688//1688
f 1684//1684 1689//1689 1687//1687
f 1688//1688 1690//1690 1691//1691
f 1688//1688 1693//1693 1690//1690
f 1686//1686 1687//1687 1692//1692
f 1687//1687 1689//1689 1692//1692
f 1691//1691 1690//1690 1694//1694
f 1694//1694 1693//1693 1695//1695
f 1694//1694 1695//1695 1698//1698
f 1692//1692 1697//1697 1695//1695
f 1694//1694 1700//1700 1696//1696
f 1700//1700 1698//1698 1706//1706
f 1698//1698 1697//1697 1704//1704
f 1703//1703 1709//1709 1705//1705
f 1703//1703 1708//1708 1709//1709
f 1703//1703 1701//1701 1708//1708
f 1707//1707 1705//1705 1710//1710
f 1707//1707 1710//1710 1711//1711
f 1709//1709 1713//1713 1710//1710
f 1709//1709 1708//1708 1713//1713
f 1711//1711 1710//1710 1714//1714
f 1713//1713 1716//1716 1714//1714
f 1711//1711 1714//1714 1717//1717
f 1714//1714 1718//1718 1717//1717
f 1715//1715 1717//1717 1719//1719
f 1717//1717 1721//1721 1719//1719
f 1718//1718 1716//1716 1720//1720
f 1718//1718 1725//1725 1721//1721
f 1722//1722 1721//1721 1726//1726
f 1726//1726 1725//1725 1728//1728
f 1722//1722 1729//1729 1727//1727
f 1726//1726 1730//1730 1729//1729
f 1727//1727 1729//1729 1731//1731
f 1730//1730 1728//1728 1733//1733
f 1730//1730 1734//1734 1731//1731
f 1734//1734 1735//1735 1731//1731
f 1735//1735 1733//1733 1737//1737
f 1736//1736 1731//1731 1738//1738
f 1735//1735 1739//1739 1738//1738
f 1737//1737 1741//1741 1739//1739
f 1741//1741 1743//1743 1739//1739
f 1738//1738 1744//1744 1742//1742
f 1738//1738 1739//1739 1745//1745
f 1742//1742 1744//1744 1746//1746
f 1745//1745 1749//1749 1746//1746
f 1745//1745 1743//1743 1748//1748
f 1747//1747 1746//1746 1750//1750
f 1749//1749 1753//1753 1750//1750
f 1752//1752 1753//1753 1749//1749
f 1750//1750 1757//1757 1751//1751
f 1753//1753 1754//1754 1750//1750
f 1758//1758 1754//1754 1753//1753
f 1750//1750 1754//1754 1756//1756
f 1761//1761 1756//1756 1762//1762
f 1764//1764 1769//1769 1766//1766
f 1765//1765 1770//1770 1768//1768
f 1766//1766 1773//1773 1770//1770
f 1766//1766 1769//1769 1772//1772
f 1770//1770 1773//1773 1771//1771
f 1775//1775 1778//1778 1776//1776
f 1776//1776 1783//1783 1779//1779
f 1776//1776 1778//1778 1781//1781
f 1779//1779 1784//1784 1780//1780
f 1782//1782 1780//1780 1785//1785
f 1780//1780 1784//1784 1785//1785
f 1783//1783 1787//1787 1788//1788
f 1788//1788 1787//1787 1789//1789
f 1789//1789 1791//1791 1793//1793
f 1785//1785 1794//1794 1790//1790
f 1792//1792 1790//1790 1795//1795
f 1789//1789 1793//1793 1794//1794
f 1794//1794 1801//1801 1799//1799
f 1798//1798 1800//1800 1803//1803
f 1802//1802 1801//1801 1804//1804
f 1805//1805 1803//1803 1808//1808
f 1806//1806 1805//1805 1809//1809
f 1806//1806 1810//1810 1811//1811
f 1808//1808 1807//1807 1812//1812
f 1809//1809 1813//1813 1810//1810
f 1811//1811 1810//1810 1813//1813
f 1809//1809 1816//1816 1813//1813
f 1809//1809 1812//1812 1815//1815
f 1814//1814 1813//1813 1817//1817
f 1815//1815 1819//1819 1816//1816
f 1817//1817 1816//1816 1820//1820
f 1818//1818 1817//1817 1821//1821
f 1821//1821 1820//1820 1824//1824
f 1819//1819 1823//1823 1824//1824
f 1821//1821 1825//1825 1822//1822
f 1821//1821 1824//1824 1826//1826
f 1826//1826 1823//1823 1828//1828
f 1825//1825 1829//1829 1827//1827
f 1829//1829 1831//1831 1832//1832
f 1830//1830 1828//1828 1833//1833
f 1832//1832 1831//1831 1835//1835
f 1833//1833 1837//1837 1834//1834
f 1839//1839 1842//1842 1838//1838
f 1849//1849 1846//1846 1848//1848
f 1849//1849 1844//1844 1846//1846
f 1843//1843 1850//1850 1845//1845
f 1848//1848 1846//1846 1852//1852
f 1850//1850 1848//1848 1853//1853
f 1852//1852 1855//1855 1853//1853
f 1853//1853 1859//1859 1856//1856
f 1856//1856 1860//1860 1857//1857
f 1856//1856 1859//1859 1860//1860
f 1859//1859 1863//1863 1860//1860
f 1859//1859 1858//1858 1862//1862
f 1859//1859 1862//1862 1863//1863
f 1861//1861 1860//1860 1865//1865
f 1864//1864 1862//1862 1868//1868
f 1862//1862 1867//1867 1868//1868
f 1864//1864 1868//1868 1865//1865
f 1865//1865 1869//1869 1870//1870
f 1867//1867 1871//1871 1868//1868
f 1869//1869 1874//1874 1872//1872
f 1869//1869 1868//1868 1874//1874
f 1874//1874 1871//1871 1876//1876
f 1874//1874 1878//1878 1877//1877
f 1872//1872 1877//1877 1875//1875
f 1875//1875 1877//1877 1879//1879
f 1877//1877 1878//1878 1881//1881
f 1876//1876 1880//1880 1881//1881
f 1879//1879 1877//1877 1882//1882
f 1881//1881 1880//1880 1884//1884
f 1883//1883 1882//1882 1885//1885
f 1882//1882 1881//1881 1887//1887
f 1885//1885 1889//1889 1888//1888
f 1887//1887 1891//1891 1892//1892
f 1888//1888 1893//1893 1890//1890
f 1888//1888 1889//1889 1893//1893
f 1892//1892 1891//1891 1896//1896
f 1892//1892 1898//1898 1894//1894
f 1895//1895 1894//1894 1899//1899
f 1897//1897 1895//1895 1900//1900
f 1895//1895 1899//1899 1900//1900
f 1899//1899 1898//1898 1902//1902
f 1901//1901 1905//1905 1903//1903
f 1901//1901 1900//1900 1906//1906
f 1906//1906 1904//1904 1908//1908
f 1905//1905 1906//1906 1911//1911
f 1908//1908 1910//1910 1906//1906
f 1911//1911 1906//1906 1913//1913
f 1909//1909 1914//1914 1912//1912
f 1909//1909 1911//1911 1916//1916
f 1916//1916 1913//1913 1918//1918
f 1916//1916 1917//1917 1914//1914
f 1916//1916 1918//1918 1917//1917
f 1918//1918 1915//1915 1920//1920
f 1917//1917 1921//1921 1919//1919
f 1918//1918 1923//1923 1921//1921
f 1923//1923 1918//1918 1920//1920
f 1920//1920 1925//1925 1923//1923
f 1923//1923 1926//1926 1921//1921
f 1926//1926 1928//1928 1927//1927
f 1928//1928 1925//1925 1930//1930
f 1929//1929 1927//1927 1931//1931
f 1929//1929 1931//1931 1932//1932
f 1931//1931 1928//1928 1935//1935
f 1930//1930 1934//1934 1935//1935
f 1932//1932 1936//1936 1937//1937
f 1934//1934 1938//1938 1935//1935
f 1936//1936 1935//1935 1939//1939
f 1936//1936 1940//1940 1941//1941
f 1939//1939 1938//1938 1942//1942
f 1939//1939 1943//1943 1940//1940
f 1943//1943 1942//1942 1945//1945
f 1944//1944 1940//1940 1946//1946
f 1946//1946 1948//1948 1944//1944
f 1946//1946 1943//1943 1947//1947
f 1945//1945 1949//1949 1947//1947
f 1946//1946 1954//1954 1948//1948
f 1949//1949 1955//1955 1950//1950
f 1951//1951 1950//1950 1952//1952
f 1952//1952 1956//1956 1953//1953
f 1955//1955 1956//1956 1952//1952
f 1953//1953 1956//1956 1959//1959
f 1971//1971 1972//1972 1969//1969
f 1973//1973 1970//1970 1975//1975
f 1973//1973 1975//1975 1972//1972
f 1969//1969 1972//1972 1976//1976
f 1974//1974 1976//1976 1979//1979
f 1975//1975 1978//1978 1972//1972
f 1976//1976 1972//1972 1980//1980
f 1979//1979 1981//1981 1977//1977
f 1977//1977 1981//1981 1982//1982
f 1980//1980 1978//1978 1983//1983
f 1980//1980 1983//1983 1984//1984
f 1984//1984 1983//1983 1987//1987
f 1983//1983 1986//1986 1987//1987
f 1985//1985 1984//1984 1988//1988
f 1985//1985 1988//1988 1992//1992
f 1987//1987 1991//1991 1992//1992
f 1989//1989 1993//1993 1994//1994
f 1992//1992 1991//1991 1995//1995
f 1992//1992 1997//1997 1993//1993
f 1994//1994 1993//1993 1999//1999
f 1993//1993 1997//1997 2002//2002
f 2000//2000 2003//2003 2006//2006
f 2003//2003 2005//2005 2006//2006
f 2004//2004 2000//2000 2007//2007
f 2005//2005 2010//2010 2006//2006
f 2005//2005 2009//2009 2010//2010
f 2010//2010 2012//2012 2007//2007
f 2011//2011 2008//2008 2013//2013
f 2007//2007 2016//2016 2013//2013
f 2012//2012 2015//2015 2016//2016
f 2014//2014 2013//2013 2017//2017
f 2017//2017 2016//2016 2020//2020
f 2015//2015 2019//2019 2020//2020
f 2017//2017 2021//2021 2022//2022
f 2017//2017 2020//2020 2024//2024
f 2019//2019 2023//2023 2024//2024
f 2022//2022 2021//2021 2025//2025
f 2024//2024 2028//2028 2025//2025
f 2024//2024 2023//2023 2027//2027
f 2027//2027 2031//2031 2028//2028
f 2034//2034 2031//2031 2033//2033
f 2038//2038 2039//2039 2037//2037
f 2035//2035 2037//2037 2040//2040
f 2036//2036 2042//2042 2039//2039
f 2040//2040 2039//2039 2044//2044
f 2043//2043 2047//2047 2045//2045
f 2044//2044 2048//2048 2047//2047
f 2049//2049 2051//2051 2052//2052
f 2048//2048 2054//2054 2051//2051
f 2052//2052 2055//2055 2056//2056
f 2052//2052 2058//2058 2055//2055
f 2052//2052 2051//2051 2058//2058
f 2051//2051 2054//2054 2057//2057
f 2056//2056 2055//2055 2059//2059
f 2058//2058 2057//2057 2061//2061
f 2059//2059 2058//2058 2063//2063
f 2060//2060 2059//2059 2065//2065
f 2064//2064 2062//2062 2070//2070
f 2068//2068 2073//2073 2070//2070
f 2072//2072 2075//2075 2073//2073
f 2074//2074 2070//2070 2077//2077
f 2075//2075 2079//2079 2076//2076
f 2077//2077 2076//2076 2082//2082
f 2079//2079 2081//2081 2082//2082
f 2080//2080 2077//2077 2083//2083
f 2083//2083 2084//2084 2085//2085
f 2082//2082 2081//2081 2086//2086
f 2084//2084 2087//2087 2088//2088
f 2084//2084 2082//2082 2090//2090
f 2082//2082 2086//2086 2089//2089
f 2087//2087 2091//2091 2092//2092
f 2090//2090 2089//2089 2093//2093
f 2090//2090 2094//2094 2091//2091
f 2092//2092 2091//2091 2095//2095
f 2094//2094 2093//2093 2097//2097
f 2095//2095 2098//2098 2099//2099
f 2095//2095 2094//2094 2101//2101
f 2097//2097 2100//2100 2101//2101
f 2106//2106 2102//2102 2103//2103
f 2103//2103 2102//2102 2108//2108
f 2105//2105 2107//2107 2109//2109
f 2104//2104 2111//2111 2109//2109
f 2108//2108 2112//2112 2113//2113
f 2109//2109 2116//2116 2112//2112
f 2113//2113 2117//2117 2120//2120
f 2120//2120 2116//2116 2121//2121
f 2118//2118 2120//2120 2122//2122
f 2121//2121 2119//2119 2124//2124
f 2122//2122 2121//2121 2125//2125
f 2121//2121 2124//2124 2125//2125
f 2125//2125 2128//2128 2126//2126
f 2127//2127 2123//2123 2129//2129
f 2127//2127 2129//2129 2131//2131
f 2130//2130 2128//2128 2133//2133
f 2131//2131 2130//2130 2135//2135
f 2131//2131 2135//2135 2139//2139
f 2135//2135 2138//2138 2139//2139
f 2136//2136 2139//2139 2142//2142
f 2138//2138 2141//2141 2139//2139
f 2136//2136 2143//2143 2140//2140
f 2142//2142 2139//2139 2141//2141
f 2141//2141 2145//2145 2142//2142
f 2143//2143 2146//2146 2144//2144
f 2143//2143 2147//2147 2146//2146
f 2147//2147 2148//2148 2146//2146
f 2144//2144 2146//2146 2149//2149
f 2146//2146 2148//2148 2149//2149
f 2148//2148 2145//2145 2151//2151
f 2148//2148 2152//2152 2149//2149
f 2148//2148 2154//2154 2152//2152
f 2153//2153 2149//2149 2155//2155
f 2152//2152 2156//2156 2155//2155
f 2156//2156 2154//2154 2158//2158
f 2157//2157 2155//2155 2159//2159
f 2158//2158 2161//2161 2156//2156
f 2159//2159 2156//2156 2162//2162
f 2159//2159 2163//2163 2160//2160
f 2161//2161 2165//2165 2162//2162
f 2166//2166 2168//2168 2164//2164
f 2169//2169 2165//2165 2171//2171
f 2168//2168 2172//2172 2170//2170
f 2169//2169 2175//2175 2172//2172
f 2169//2169 2171//2171 2174//2174
f 2177//2177 2179//2179 2181//2181
f 2184//2184 2181//2181 2179//2179
f 2178//2178 2183//2183 2184//2184
f 2191//2191 2193//2193 2189//2189
f 2192//2192 2190//2190 2196//2196
f 2190//2190 2194//2194 2196//2196
f 2193//2193 2195//2195 2198//2198
f 2195//2195 2200//2200 2198//2198
f 2196//2196 2194//2194 2199//2199
f 2196//2196 2199//2199 2197//2197
f 2201//2201 2204//2204 2206//2206
f 2200//2200 2208//2208 2204//2204
f 2203//2203 2202//2202 2207//2207
f 2204//2204 2211//2211 2209//2209
f 2208//2208 2212//2212 2211//2211
f 2209//2209 2211//2211 2213//2213
f 2212//2212 2210//2210 2214//2214
f 2212//2212 2214//2214 2217//2217
f 2218//2218 2212//2212 2220//2220
f 2220//2220 2217//2217 2221//2221
f 2220//2220 2222//2222 2223//2223
f 2221//2221 2225//2225 2222//2222
f 2221//2221 2219//2219 2225//2225
f 2225//2225 2228//2228 2222//2222
f 2226//2226 2222//2222 2229//2229
f 2226//2226 2229//2229 2230//2230
f 2228//2228 2227//2227 2231//2231
f 2228//2228 2231//2231 2232//2232
f 2231//2231 2234//2234 2232//2232
f 2229//2229 2232//2232 2235//2235
f 2235//2235 2232//2232 2234//2234
f 2233//2233 2230//2230 2236//2236
f 2235//2235 2240//2240 2236//2236
f 2234//2234 2243//2243 2240//2240
f 2242//2242 2244//2244 2245//2245
f 2242//2242 2237//2237 2244//2244
f 2241//2241 2246//2246 2247//2247
f 2247//2247 2246//2246 2248//2248
f 2245//2245 2244//2244 2249//2249
f 2246//2246 2250//2250 2248//2248
f 2249//2249 2248//2248 2250//2250
f 2245//2245 2249//2249 2251//2251
f 2250//2250 2246//2246 2253//2253
f 2252//2252 2251//2251 2254//2254
f 2250//2250 2256//2256 2254//2254
f 2250//2250 2253//2253 2257//2257
f 2256//2256 2257//2257 2260//2260
f 2254//2254 2256//2256 2258//2258
f 2259//2259 2254//2254 2261//2261
f 2261//2261 2262//2262 2259//2259
f 2261//2261 2258//2258 2263//2263
f 2263//2263 2260//2260 2265//2265
f 2264//2264 2262//2262 2266//2266
f 2263//2263 2265//2265 2268//2268
f 2263//2263 2269//2269 2266//2266
f 2267//2267 2266//2266 2270//2270
f 2269//2269 2271//2271 2270//2270
f 2271//2271 2268//2268 2273//2273
f 2271//2271 2274//2274 2270//2270
f 2273//2273 2276//2276 2274//2274
f 2275//2275 2270//2270 2277//2277
f 2277//2277 2274//2274 2278//2278
f 2277//2277 2278//2278 2281//2281
f 2278//2278 2276//2276 2280//2280
f 2277//2277 2282//2282 2279//2279
f 2281//2281 2283//2283 2282//2282
f 2282//2282 2283//2283 2286//2286
f 2285//2285 2286//2286 2283//2283
f 2284//2284 2282//2282 2287//2287
f 2286//2286 2288//2288 2287//2287
f 2285//2285 2288//2288 2286//2286
f 2285//2285 2290//2290 2288//2288
f 2287//2287 2288//2288 2291//2291
f 2289//2289 2287//2287 2292//2292
f 2290//2290 2294//2294 2291//2291
f 2295//2295 2298//2298 2297//2297
f 2297//2297 2299//2299 2302//2302
f 2296//2296 2301//2301 2302//2302
f 2300//2300 2303//2303 2306//2306
f 2297//2297 2305//2305 2303//2303
f 2302//2302 2307//2307 2305//2305
f 2305//2305 2308//2308 2303//2303
f 2308//2308 2307//2307 2309//2309
f 2307//2307 2304//2304 2309//2309
f 2303//2303 2308//2308 2310//2310
f 2314//2314 2310//2310 2316//2316
f 2312//2312 2317//2317 2313//2313
f 2312//2312 2315//2315 2317//2317
f 2317//2317 2315//2315 2319//2319
f 2318//2318 2316//2316 2320//2320
f 2317//2317 2319//2319 2321//2321
f 2322//2322 2319//2319 2324//2324
f 2321//2321 2327//2327 2325//2325
f 2321//2321 2322//2322 2327//2327
f 2324//2324 2329//2329 2327//2327
f 2329//2329 2326//2326 2332//2332
f 2331//2331 2325//2325 2333//2333
f 2330//2330 2335//2335 2333//2333
f 2331//2331 2333//2333 2336//2336
f 2331//2331 2337//2337 2334//2334
f 2334//2334 2337//2337 2338//2338
f 2335//2335 2340//2340 2336//2336
f 2338//2338 2336//2336 2341//2341
f 2340//2340 2343//2343 2341//2341
f 2340//2340 2339//2339 2343//2343
f 2338//2338 2345//2345 2342//2342
f 2345//2345 2341//2341 2351//2351
f 2343//2343 2349//2349 2351//2351
f 2346//2346 2353//2353 2348//2348
f 2352//2352 2350//2350 2354//2354
f 2348//2348 2355//2355 2354//2354
f 2353//2353 2356//2356 2355//2355
f 2354//2354 2359//2359 2357//2357
f 2354//2354 2356//2356 2360//2360
f 2356//2356 2353//2353 2358//2358
f 2357//2357 2359//2359 2361//2361
f 2359//2359 2360//2360 2363//2363
f 2360//2360 2358//2358 2362//2362
f 2361//2361 2359//2359 2364//2364
f 2359//2359 2363//2363 2364//2364
f 2364//2364 2363//2363 2367//2367
f 2362//2362 2368//2368 2367//2367
f 2365//2365 2367//2367 2370//2370
f 2368//2368 2372//2372 2370//2370
f 2369//2369 2366//2366 2371//2371
f 2369//2369 2373//2373 2372//2372
f 2372//2372 2374//2374 2370//2370
f 2373//2373 2371//2371 2376//2376
f 2373//2373 2377//2377 2374//2374
f 2374//2374 2378//2378 2375//2375
f 2375//2375 2378//2378 2379//2379
f 2377//2377 2376//2376 2381//2381
f 2377//2377 2382//2382 2379//2379
f 2381//2381 2384//2384 2382//2382
f 2383//2383 2379//2379 2385//2385
f 2385//2385 2382//2382 2386//2386
f 2385//2385 2386//2386 2387//2387
f 2385//2385 2388//2388 2389//2389
f 2387//2387 2384//2384 2390//2390
f 2387//2387 2391//2391 2388//2388
f 2388//2388 2392//2392 2393//2393
f 2391//2391 2390//2390 2394//2394
f 2392//2392 2395//2395 2393//2393
f 2391//2391 2398//2398 2395//2395
f 2391//2391 2394//2394 2397//2397
f 2395//2395 2402//2402 2396//2396
f 2398//2398 2399//2399 2395//2395
f 2403//2403 2399//2399 2398//2398
f 2399//2399 2400//2400 2395//2395
f 2400//2400 2404//2404 2401//2401
f 2401//2401 2406//2406 2402//2402
f 2401//2401 2405//2405 2406//2406
f 2405//2405 2408//2408 2409//2409
f 2407//2407 2410//2410 2411//2411
f 2414//2414 2415//2415 2418//2418
f 2414//2414 2419//2419 2416//2416
f 2418//2418 2417//2417 2421//2421
f 2419//2419 2418//2418 2424//2424
f 2421//2421 2423//2423 2424//2424
f 2419//2419 2425//2425 2422//2422
f 2424//2424 2423//2423 2430//2430
f 2426//2426 2429//2429 2430//2430
f 2430//2430 2428//2428 2433//2433
f 2432//2432 2427//2427 2434//2434
f 2427//2427 2431//2431 2435//2435
f 2431//2431 2433//2433 2435//2435
f 2434//2434 2436//2436 2432//2432
f 2434//2434 2435//2435 2438//2438
f 2434//2434 2438//2438 2436//2436
f 2438//2438 2433//2433 2440//2440
f 2436//2436 2441//2441 2443//2443
f 2437//2437 2445//2445 2440//2440
f 2441//2441 2439//2439 2447//2447
f 2439//2439 2440//2440 2447//2447
f 2446//2446 2449//2449 2450//2450
f 2444//2444 2442//2442 2452//2452
f 2442//2442 2448//2448 2451//2451
f 2452//2452 2453//2453 2449//2449
f 2450//2450 2449//2449 2454//2454
f 2453//2453 2451//2451 2456//2456
f 2454//2454 2453//2453 2457//2457
f 2456//2456 2459//2459 2457//2457
f 2454//2454 2460//2460 2458//2458
f 2459//2459 2462//2462 2457//2457
f 2461//2461 2460//2460 2463//2463
f 2460//2460 2457//2457 2466//2466
f 2462//2462 2465//2465 2466//2466
f 2463//2463 2470//2470 2471//2471
f 2469//2469 2473//2473 2470//2470
f 2469//2469 2468//2468 2472//2472
f 2471//2471 2470//2470 2474//2474
f 2473//2473 2477//2477 2474//2474
f 2473//2473 2472//2472 2476//2476
f 2478//2478 2479//2479 2475//2475
f 2476//2476 2480//2480 2477//2477
f 2481//2481 2480//2480 2484//2484
f 2488//2488 2484//2484 2487//2487
f 2492//2492 2494//2494 2491//2491
f 2491//2491 2495//2495 2489//2489
f 2498//2498 2495//2495 2499//2499
f 2498//2498 2500//2500 2496//2496
f 2499//2499 2497//2497 2502//2502
f 2499//2499 2504//2504 2500//2500
f 2500//2500 2504//2504 2503//2503
f 2502//2502 2506//2506 2504//2504
f 2504//2504 2507//2507 2503//2503
f 2505//2505 2503//2503 2508//2508
f 2507//2507 2511//2511 2508//2508
f 2506//2506 2510//2510 2511//2511
f 2508//2508 2512//2512 2509//2509
f 2510//2510 2514//2514 2515//2515
f 2512//2512 2515//2515 2516//2516
f 2515//2515 2518//2518 2516//2516
f 2513//2513 2519//2519 2517//2517
f 2519//2519 2516//2516 2522//2522
f 2518//2518 2521//2521 2522//2522
f 2519//2519 2523//2523 2520//2520
f 2523//2523 2522//2522 2526//2526
f 2522//2522 2521//2521 2525//2525
f 2526//2526 2529//2529 2523//2523
f 2528//2528 2529//2529 2526//2526
f 2527//2527 2523//2523 2530//2530
f 2536//2536 2532//2532 2531//2531
f 2536//2536 2535//2535 2538//2538
f 2538//2538 2533//2533 2541//2541
f 2539//2539 2542//2542 2543//2543
f 2541//2541 2545//2545 2542//2542
f 2542//2542 2547//2547 2543//2543
f 2544//2544 2543//2543 2546//2546
f 2547//2547 2551//2551 2548//2548
f 2548//2548 2549//2549 2544//2544
f 2551//2551 2545//2545 2550//2550
f 2548//2548 2552//2552 2549//2549
f 2548//2548 2551//2551 2554//2554
f 2554//2554 2550//2550 2555//2555
f 2554//2554 2555//2555 2556//2556
f 2555//2555 2553//2553 2558//2558
f 2556//2556 2555//2555 2559//2559
f 2557//2557 2556//2556 2560//2560
f 2558//2558 2562//2562 2559//2559
f 2560//2560 2563//2563 2561//2561
f 2559//2559 2566//2566 2563//2563
f 2559//2559 2562//2562 2565//2565
f 2566//2566 2570//2570 2569//2569
f 2568//2568 2570//2570 2566//2566
f 2571//2571 2569//2569 2573//2573
f 2579//2579 2575//2575 2581//2581
f 2575//2575 2578//2578 2581//2581
f 2581//2581 2577//2577 2582//2582
f 2582//2582 2580//2580 2584//2584
f 2583//2583 2581//2581 2585//2585
f 2582//2582 2586//2586 2585//2585
f 2583//2583 2585//2585 2587//2587
f 2586//2586 2584//2584 2588//2588
f 2585//2585 2589//2589 2587//2587
f 2585//2585 2586//2586 2589//2589
f 2589//2589 2586//2586 2590//2590
f 2586//2586 2588//2588 2590//2590
f 2590//2590 2588//2588 2592//2592
f 2591//2591 2589//2589 2593//2593
f 2589//2589 2590//2590 2594//2594
f 2592//2592 2596//2596 2594//2594
f 2595//2595 2593//2593 2597//2597
f 2594//2594 2598//2598 2597//2597
f 2598//2598 2596//2596 2600//2600
f 2599//2599 2601//2601 2602//2602
f 2598//2598 2600//2600 2603//2603
f 2597//2597 2598//2598 2603//2603
f 2597//2597 2604//2604 2601//2601
f 2597//2597 2603//2603 2604//2604
f 2601//2601 2607//2607 2605//2605
f 2604//2604 2603//2603 2606//2606
f 2605//2605 2607//2607 2611//2611
f 2607//2607 2604//2604 2610//2610
f 2606//2606 2609//2609 2610//2610
f 2609//2609 2613//2613 2610//2610
f 2611//2611 2614//2614 2612//2612
f 2610//2610 2616//2616 2614//2614
f 2614//2614 2617//2617 2612//2612
f 2617//2617 2616//2616 2619//2619
f 2612//2612 2620//2620 2618//2618
f 2620//2620 2621//2621 2624//2624
f 2621//2621 2619//2619 2623//2623
f 2620//2620 2626//2626 2622//2622
f 2622//2622 2628//2628 2630//2630
f 2624//2624 2623//2623 2632//2632
f 2627//2627 2625//2625 2633//2633
f 2631//2631 2629//2629 2634//2634
f 2633//2633 2635//2635 2636//2636
f 2634//2634 2629//2629 2638//2638
f 2635//2635 2634//2634 2638//2638
f 2635//2635 2638//2638 2639//2639
f 2637//2637 2641//2641 2638//2638
f 2640//2640 2636//2636 2642//2642
f 2642//2642 2639//2639 2643//2643
f 2639//2639 2641//2641 2643//2643
f 2640//2640 2642//2642 2644//2644
f 2646//2646 2648//2648 2643//2643
f 2644//2644 2649//2649 2647//2647
f 2649//2649 2643//2643 2650//2650
f 2650//2650 2648//2648 2652//2652
f 2650//2650 2652//2652 2654//2654
f 2649//2649 2655//2655 2653//2653
f 2650//2650 2656//2656 2655//2655
f 2653//2653 2655//2655 2657//2657
f 2656//2656 2658//2658 2657//2657
f 2658//2658 2654//2654 2660//2660
f 2659//2659 2657//2657 2661//2661
f 2658//2658 2664//2664 2661//2661
f 2658//2658 2660//2660 2663//2663
f 2661//2661 2665//2665 2662//2662
f 2663//2663 2666//2666 2664//2664
f 2673//2673 2676//2676 2677//2677
f 2673//2673 2678//2678 2679//2679
f 2677//2677 2675//2675 2680//2680
f 2677//2677 2681//2681 2678//2678
f 2685//2685 2688//2688 2691//2691
f 2690//2690 2691//2691 2688//2688
f 2692//2692 2691//2691 2693//2693
f 2701//2701 2700//2700 2703//2703
f 2696//2696 2701//2701 2704//2704
f 2700//2700 2698//2698 2703//2703
f 2705//2705 2704//2704 2706//2706
f 2704//2704 2703//2703 2706//2706
f 2706//2706 2703//2703 2710//2710
f 2710//2710 2703//2703 2708//2708
f 2707//2707 2712//2712 2713//2713
f 2711//2711 2710//2710 2714//2714
f 2712//2712 2711//2711 2715//2715
f 2712//2712 2718//2718 2716//2716
f 2715//2715 2719//2719 2720//2720
f 2719//2719 2717//2717 2722//2722
f 2720//2720 2719//2719 2723//2723
f 2720//2720 2724//2724 2721//2721
f 2723//2723 2722//2722 2726//2726
f 2724//2724 2727//2727 2725//2725
f 2724//2724 2723//2723 2728//2728
f 2727//2727 2731//2731 2729//2729
f 2728//2728 2730//2730 2733//2733
f 2731//2731 2728//2728 2734//2734
f 2732//2732 2731//2731 2735//2735
f 2734//2734 2741//2741 2735//2735
f 2734//2734 2733//2733 2739//2739
f 2740//2740 2738//2738 2743//2743
f 2736//2736 2745//2745 2743//2743
f 2745//2745 2751//2751 2748//2748
f 2745//2745 2747//2747 2750//2750
f 2748//2748 2752//2752 2749//2749
f 2748//2748 2751//2751 2754//2754
f 2750//2750 2753//2753 2754//2754
f 2755//2755 2754//2754 2758//2758
f 2754//2754 2753//2753 2757//2757
f 2756//2756 2755//2755 2759//2759
f 2758//2758 2762//2762 2759//2759
f 2758//2758 2761//2761 2762//2762
f 2758//2758 2757//2757 2761//2761
f 2759//2759 2762//2762 2763//2763
f 2763//2763 2762//2762 2766//2766
f 2765//2765 2767//2767 2766//2766
f 2768//2768 2769//2769 2763//2763
f 2767//2767 2771//2771 2768//2768
f 2770//2770 2771//2771 2767//2767
f 2768//2768 2771//2771 2772//2772
f 2773//2773 2774//2774 2775//2775
f 2778//2778 2780//2780 2775//2775
f 2777//2777 2779//2779 2778//2778
f 2781//2781 2779//2779 2777//2777
f 2782//2782 2784//2784 2780//2780
f 2779//2779 2783//2783 2782//2782
f 2781//2781 2785//2785 2783//2783
f 2782//2782 2786//2786 2784//2784
f 2793//2793 2794//2794 2792//2792
f 2793//2793 2789//2789 2794//2794
f 2792//2792 2795//2795 2790//2790
f 2792//2792 2794//2794 2795//2795
f 2794//2794 2798//2798 2795//2795
f 2794//2794 2791//2791 2797//2797
f 2796//2796 2795//2795 2799//2799
f 2798//2798 2800//2800 2799//2799
f 2800//2800 2797//2797 2802//2802
f 2800//2800 2805//2805 2799//2799
f 2800//2800 2804//2804 2805//2805
f 2800//2800 2802//2802 2804//2804
f 2803//2803 2801//2801 2806//2806
f 2806//2806 2805//2805 2810//2810
f 2804//2804 2807//2807 2809//2809
f 2811//2811 2810//2810 2812//2812
f 2810//2810 2809//2809 2812//2812
f 2809//2809 2814//2814 2812//2812
f 2813//2813 2811//2811 2815//2815
f 2811//2811 2812//2812 2817//2817
f 2815//2815 2811//2811 2818//2818
f 2815//2815 2819//2819 2816//2816
f 2817//2817 2820//2820 2818//2818
f 2819//2819 2815//2815 2821//2821
f 2818//2818 2823//2823 2815//2815
f 2823//2823 2820//2820 2825//2825
f 2820//2820 2822//2822 2825//2825
f 2821//2821 2826//2826 2824//2824
f 2821//2821 2823//2823 2827//2827
f 2827//2827 2825//2825 2829//2829
f 2827//2827 2830//2830 2826//2826
f 2828//2828 2826//2826 2831//2831
f 2831//2831 2834//2834 2828//2828
f 2831//2831 2830//2830 2834//2834
f 2830//2830 2829//2829 2833//2833
f 2832//2832 2828//2828 2835//2835
f 2835//2835 2836//2836 2832//2832
f 2834//2834 2839//2839 2836//2836
f 2834//2834 2833//2833 2838//2838
f 2837//2837 2836//2836 2840//2840
f 2839//2839 2844//2844 2840//2840
f 2838//2838 2842//2842 2844//2844
f 2841//2841 2840//2840 2845//2845
f 2841//2841 2846//2846 2847//2847
f 2844//2844 2848//2848 2845//2845
f 2846//2846 2849//2849 2850//2850
f 2848//2848 2851//2851 2845//2845
f 2849//2849 2845//2845 2852//2852
f 2853//2853 2854//2854 2855//2855
f 2852//2852 2851//2851 2856//2856
f 2852//2852 2857//2857 2854//2854
f 2858//2858 2860//2860 2861//2861
f 2859//2859 2863//2863 2857//2857
f 2862//2862 2861//2861 2865//2865
f 2864//2864 2865//2865 2861//2861
f 2863//2863 2867//2867 2864//2864
f 2865//2865 2868//2868 2866//2866
f 2869//2869 2868//2868 2865//2865
f 2866//2866 2868//2868 2870//2870
f 2878//2878 2876//2876 2874//2874
f 2880//2880 2875//2875 2877//2877
f 2876//2876 2878//2878 2881//2881
f 2878//2878 2880//2880 2883//2883
f 2880//2880 2877//2877 2883//2883
f 2877//2877 2882//2882 2883//2883
f 2884//2884 2878//2878 2883//2883
f 2881//2881 2884//2884 2885//2885
f 2883//2883 2882//2882 2887//2887
f 2887//2887 2882//2882 2888//2888
f 2887//2887 2888//2888 2889//2889
f 2888//2888 2886//2886 2891//2891
f 2888//2888 2892//2892 2889//2889
f 2890//2890 2893//2893 2895//2895
f 2889//2889 2897//2897 2893//2893
f 2892//2892 2891//2891 2896//2896
f 2897//2897 2900//2900 2898//2898
f 2897//2897 2896//2896 2900//2900
f 2896//2896 2894//2894 2899//2899
f 2896//2896 2901//2901 2900//2900
f 2898//2898 2900//2900 2904//2904
f 2899//2899 2903//2903 2905//2905
f 2904//2904 2906//2906 2902//2902
f 2902//2902 2906//2906 2907//2907
f 2904//2904 2905//2905 2909//2909
f 2903//2903 2908//2908 2909//2909
f 2904//2904 2909//2909 2906//2906
f 2906//2906 2910//2910 2907//2907
f 2906//2906 2909//2909 2912//2912
f 2906//2906 2914//2914 2910//2910
f 2912//2912 2908//2908 2911//2911
f 2914//2914 2912//2912 2917//2917
f 2910//2910 2919//2919 2915//2915
f 2914//2914 2917//2917 2922//2922
f 2921//2921 2924//2924 2925//2925
f 2921//2921 2923//2923 2924//2924
f 2923//2923 2920//2920 2926//2926
f 2924//2924 2923//2923 2927//2927
f 2924//2924 2928//2928 2929//2929
f 2926//2926 2930//2930 2927//2927
f 2928//2928 2931//2931 2929//2929
f 2931//2931 2927//2927 2934//2934
f 2930//2930 2933//2933 2934//2934
f 2931//2931 2934//2934 2938//2938
f 2933//2933 2936//2936 2938//2938
f 2931//2931 2937//2937 2935//2935
f 2938//2938 2941//2941 2937//2937
f 2938//2938 2936//2936 2940//2940
f 2937//2937 2942//2942 2943//2943
f 2941//2941 2945//2945 2942//2942
f 2941//2941 2940//2940 2944//2944
f 2942//2942 2948//2948 2943//2943
f 2945//2945 2946//2946 2942//2942
f 2949//2949 2946//2946 2945//2945
f 2949//2949 2953//2953 2946//2946
f 2947//2947 2950//2950 2952//2952
f 2947//2947 2946//2946 2951//2951
f 2955//2955 2959//2959 2956//2956
f 2961//2961 2964//2964 2967//2967
f 2963//2963 2969//2969 2967//2967
f 2962//2962 2966//2966 2969//2969
f 2967//2967 2970//2970 2965//2965
f 2965//2965 2970//2970 2968//2968
f 2967//2967 2969//2969 2972//2972
f 2969//2969 2977//2977 2972//2972
f 2970//2970 2972//2972 2973//2973
f 2970//2970 2973//2973 2974//2974
f 2977//2977 2971//2971 2975//2975
f 2975//2975 2979//2979 2977//2977
f 2973//2973 2980//2980 2974//2974
f 2978//2978 2974//2974 2981//2981
f 2979//2979 2984//2984 2985//2985
f 2981//2981 2980//2980 2985//2985
f 2981//2981 2989//2989 2987//2987
f 2989//2989 2985//2985 2990//2990
f 2985//2985 2984//2984 2990//2990
f 2989//2989 2991//2991 2986//2986
f 2990//2990 2992//2992 2991//2991
f 2988//2988 2994//2994 2992//2992
f 2991//2991 2995//2995 2997//2997
f 2992//2992 3001//3001 2995//2995
f 2994//2994 2999//2999 3001//3001
f 2996//2996 3005//3005 2998//2998
f 2996//2996 3002//3002 3004//3004
f 2998//2998 3006//3006 3003//3003
f 3005//3005 3009//3009 3006//3006
f 3004//3004 3008//3008 3009//3009
f 3007//3007 3006//3006 3010//3010
f 3008//3008 3012//3012 3013//3013
f 3011//3011 3010//3010 3014//3014
f 3012//3012 3016//3016 3013//3013
f 3017//3017 3019//3019 3018//3018
f 3019//3019 3024//3024 3018//3018
f 3019//3019 3021//3021 3023//3023
f 3018//3018 3025//3025 3022//3022
f 3024//3024 3023//3023 3027//3027
f 3024//3024 3028//3028 3025//3025
f 3029//3029 3031//3031 3026//3026
f 3028//3028 3030//3030 3029//3029
f 3027//3027 3032//3032 3030//3030
f 3033//3033 3036//3036 3034//3034
f 3044//3044 3041//3041 3046//3046
f 3043//3043 3044//3044 3042//3042
f 3040//3040 3042//3042 3047//3047
f 3042//3042 3046//3046 3050//3050
f 3049//3049 3048//3048 3052//3052
f 3052//3052 3048//3048 3051//3051
f 3051//3051 3050//3050 3054//3054
f 3053//3053 3057//3057 3055//3055
f 3057//3057 3060//3060 3055//3055
f 3055//3055 3060//3060 3061//3061
f 3061//3061 3064//3064 3062//3062
f 3060//3060 3066//3066 3064//3064
f 3062//3062 3064//3064 3067//3067
f 3062//3062 3068//3068 3065//3065
f 3068//3068 3071//3071 3069//3069
f 3071//3071 3066//3066 3072//3072
f 3069//3069 3071//3071 3073//3073
f 3072//3072 3070//3070 3075//3075
f 3073//3073 3078//3078 3074//3074
f 3078//3078 3077//3077 3083//3083
f 3079//3079 3081//3081 3084//3084
f 3079//3079 3085//3085 3082//3082
f 3084//3084 3083//3083 3088//3088
f 3085//3085 3088//3088 3096//3096
f 3086//3086 3085//3085 3090//3090
f 3087//3087 3094//3094 3096//3096
f 3095//3095 3093//3093 3099//3099
f 3098//3098 3100//3100 3099//3099
f 3097//3097 3095//3095 3101//3101
f 3095//3095 3099//3099 3101//3101
f 3099//3099 3100//3100 3101//3101
f 3100//3100 3098//3098 3103//3103
f 3101//3101 3104//3104 3107//3107
f 3105//3105 3101//3101 3108//3108
f 3105//3105 3108//3108 3109//3109
f 3108//3108 3107//3107 3112//3112
f 3106//3106 3111//3111 3112//3112
f 3109//3109 3113//3113 3114//3114
f 3109//3109 3112//3112 3116//3116
f 3112//3112 3111//3111 3115//3115
f 3113//3113 3117//3117 3119//3119
f 3113//3113 3116//3116 3118//3118
f 3116//3116 3115//3115 3120//3120
f 3117//3117 3121//3121 3122//3122
f 3118//3118 3120//3120 3124//3124
f 3118//3118 3124//3124 3121//3121
f 3124//3124 3123//3123 3128//3128
f 3127//3127 3121//3121 3125//3125
f 3124//3124 3126//3126 3125//3125
f 3130//3130 3132//3132 3127//3127
f 3128//3128 3133//3133 3129//3129
f 3130//3130 3131//3131 3132//3132
f 3131//3131 3134//3134 3135//3135
f 3133//3133 3135//3135 3134//3134
f 3135//3135 3139//3139 3138//3138
f 3141//3141 3139//3139 3135//3135
f 3154//3154 3155//3155 3150//3150
f 3156//3156 3151//3151 3153//3153
f 3150//3150 3157//3157 3152//3152
f 3157//3157 3155//3155 3158//3158
f 3153//3153 3160//3160 3158//3158
f 3159//3159 3157//3157 3161//3161
f 3159//3159 3161//3161 3162//3162
f 3158//3158 3164//3164 3161//3161
f 3160//3160 3163//3163 3164//3164
f 3162//3162 3161//3161 3165//3165
f 3165//3165 3164//3164 3168//3168
f 3168//3168 3163//3163 3167//3167
f 3166//3166 3165//3165 3169//3169
f 3169//3169 3168//3168 3172//3172
f 3168//3168 3167//3167 3171//3171
f 3174//3174 3173//3173 3179//3179
f 3173//3173 3176//3176 3181//3181
f 3175//3175 3178//3178 3181//3181
f 3177//3177 3174//3174 3179//3179
f 3180//3180 3177//3177 3183//3183
f 3181//3181 3185//3185 3182//3182
f 3183//3183 3182//3182 3186//3186
f 3183//3183 3186//3186 3189//3189
f 3185//3185 3188//3188 3186//3186
f 3187//3187 3183//3183 3189//3189
f 3188//3188 3191//3191 3186//3186
f 3190//3190 3189//3189 3192//3192
f 3189//3189 3193//3193 3192//3192
f 3193//3193 3191//3191 3195//3195
f 3192//3192 3196//3196 3194//3194
f 3192//3192 3197//3197 3196//3196
f 3193//3193 3195//3195 3199//3199
f 3197//3197 3200//3200 3196//3196
f 3198//3198 3196//3196 3201//3201
f 3200//3200 3203//3203 3201//3201
f 3198//3198 3201//3201 3204//3204
f 3201//3201 3205//3205 3204//3204
f 3205//3205 3203//3203 3207//3207
f 3206//3206 3204//3204 3209//3209
f 3209//3209 3208//3208 3210//3210
f 3207//3207 3213//3213 3210//3210
f 3210//3210 3213//3213 3215//3215
f 3217//3217 3219//3219 3220//3220
f 3216//3216 3221//3221 3220//3220
f 3222//3222 3224//3224 3226//3226
f 3225//3225 3227//3227 3226//3226
f 3227//3227 3223//3223 3229//3229
f 3228//3228 3226//3226 3230//3230
f 3227//3227 3231//3231 3230//3230
f 3232//3232 3234//3234 3239//3239
f 3233//3233 3238//3238 3236//3236
f 3238//3238 3241//3241 3236//3236
f 3237//3237 3242//3242 3240//3240
f 3239//3239 3243//3243 3242//3242
f 3239//3239 3241//3241 3245//3245
f 3243//3243 3246//3246 3242//3242
f 3244//3244 3242//3242 3246//3246
f 3243//3243 3247//3247 3246//3246
f 3243//3243 3245//3245 3247//3247
f 3245//3245 3249//3249 3247//3247
f 3250//3250 3247//3247 3254//3254
f 3247//3247 3249//3249 3253//3253
f 3251//3251 3250//3250 3255//3255
f 3255//3255 3257//3257 3251//3251
f 3255//3255 3254//3254 3260//3260
f 3259//3259 3252//3252 3261//3261
f 3252//3252 3258//3258 3261//3261
f 3259//3259 3262//3262 3256//3256
f 3259//3259 3261//3261 3262//3262
f 3258//3258 3264//3264 3261//3261
f 3262//3262 3261//3261 3266//3266
f 3263//3263 3267//3267 3265//3265
f 3262//3262 3268//3268 3267//3267
f 3268//3268 3269//3269 3267//3267
f 3265//3265 3267//3267 3270//3270
f 3266//3266 3272//3272 3269//3269
f 3269//3269 3272//3272 3275//3275
f 3273//3273 3276//3276 3277//3277
f 3275//3275 3278//3278 3269//3269
f 3283//3283 3281//3281 3280//3280
f 3280//3280 3284//3284 3283//3283
f 3282//3282 3287//3287 3284//3284
f 3283//3283 3284//3284 3288//3288
f 3287//3287 3290//3290 3288//3288
f 3283//3283 3291//3291 3289//3289
f 3288//3288 3293//3293 3291//3291
f 3288//3288 3290//3290 3295//3295
f 3291//3291 3296//3296 3294//3294
f 3291//3291 3293//3293 3296//3296
f 3294//3294 3296//3296 3299//3299
f 3296//3296 3293//3293 3301//3301
f 3299//3299 3304//3304 3302//3302
f 3304//3304 3301//3301 3305//3305
f 3302//3302 3304//3304 3307//3307
f 3303//3303 3310//3310 3305//3305
f 3302//3302 3312//3312 3308//3308
f 3306//3306 3314//3314 3311//3311
f 3309//3309 3315//3315 3314//3314
f 3314//3314 3316//3316 3317//3317
f 3309//3309 3313//3313 3318//3318
f 3315//3315 3318//3318 3321//3321
f 3319//3319 3326//3326 3320//3320
f 3319//3319 3322//3322 3323//3323
f 3321//3321 3327//3327 3323//3323
f 3324//3324 3325//3325 3326//3326
f 3325//3325 3330//3330 3326//3326
f 3327//3327 3331//3331 3328//3328
f 3332//3332 3329//3329 3325//3325
f 3329//3329 3333//3333 3330//3330
f 3331//3331 3334//3334 3332//3332
f 3337//3337 3338//3338 3341//3341
f 3342//3342 3339//3339 3340//3340
f 3337//3337 3343//3343 3338//3338
f 3337//3337 3340//3340 3346//3346
f 3340//3340 3339//3339 3346//3346
f 3345//3345 3337//3337 3346//3346
f 3346//3346 3344//3344 3348//3348
f 3345//3345 3349//3349 3347//3347
f 3346//3346 3348//3348 3351//3351
f 3349//3349 3346//3346 3352//3352
f 3350//3350 3349//3349 3353//3353
f 3352//3352 3354//3354 3353//3353
f 3351//3351 3356//3356 3354//3354
f 3350//3350 3357//3357 3355//3355
f 3354//3354 3356//3356 3360//3360
f 3357//3357 3359//3359 3361//3361
f 3358//3358 3363//3363 3360//3360
f 3360//3360 3363//3363 3359//3359
f 3362//3362 3361//3361 3364//3364
f 3361//3361 3366//3366 3364//3364
f 3359//3359 3368//3368 3366//3366
f 3364//3364 3366//3366 3371//3371
f 3366//3366 3368//3368 3372//3372
f 3372//3372 3370//3370 3374//3374
f 3373//3373 3371//3371 3375//3375
f 3372//3372 3378//3378 3375//3375
f 3374//3374 3377//3377 3378//3378
f 3376//3376 3375//3375 3379//3379
f 3378//3378 3377//3377 3381//3381
f 3378//3378 3386//3386 3382//3382
f 3381//3381 3377//3377 3384//3384
f 3385//3385 3380//3380 3388//3388
f 3383//3383 3390//3390 3388//3388
f 3385//3385 3393//3393 3391//3391
f 3390//3390 3392//3392 3388//3388
f 3393//3393 3388//3388 3395//3395
f 3391//3391 3393//3393 3396//3396
f 3393//3393 3395//3395 3398//3398
f 3394//3394 3399//3399 3397//3397
f 3399//3399 3396//3396 3401//3401
f 3396//3396 3398//3398 3402//3402
f 3402//3402 3400//3400 3404//3404
f 3403//3403 3401//3401 3405//3405
f 3401//3401 3402//3402 3407//3407
f 3403//3403 3408//3408 3406//3406
f 3408//3408 3405//3405 3409//3409
f 3407//3407 3411//3411 3409//3409
f 3410//3410 3408//3408 3412//3412
f 3412//3412 3409//3409 3413//3413
f 3412//3412 3414//3414 3410//3410
f 3413//3413 3411//3411 3416//3416
f 3414//3414 3413//3413 3417//3417
f 3415//3415 3414//3414 3418//3418
f 3425//3425 3426//3426 3424//3424
f 3424//3424 3427//3427 3422//3422
f 3422//3422 3427//3427 3428//3428
f 3426//3426 3423//3423 3429//3429
f 3428//3428 3427//3427 3430//3430
f 3427//3427 3424//3424 3432//3432
f 3424//3424 3429//3429 3432//3432
f 3430//3430 3427//3427 3432//3432
f 3429//3429 3434//3434 3432//3432
f 3430//3430 3432//3432 3435//3435
f 3432//3432 3436//3436 3435//3435
f 3432//3432 3438//3438 3436//3436
f 3435//3435 3436//3436 3433//3433
f 3437//3437 3433//3433 3439//3439
f 3436//3436 3440//3440 3439//3439
f 3438//3438 3442//3442 3440//3440
f 3440//3440 3445//3445 3439//3439
f 3442//3442 3444//3444 3445//3445
f 3443//3443 3441//3441 3446//3446
f 3446//3446 3445//3445 3449//3449
f 3444//3444 3448//3448 3449//3449
f 3447//3447 3446//3446 3450//3450
f 3447//3447 3450//3450 3451//3451
f 3448//3448 3452//3452 3449//3449
f 3450//3450 3449//3449 3453//3453
f 3449//3449 3455//3455 3453//3453
f 3450//3450 3453//3453 3451//3451
f 3451//3451 3456//3456 3454//3454
f 3453//3453 3455//3455 3459//3459
f 3460//3460 3459//3459 3462//3462
f 3456//3456 3463//3463 3461//3461
f 3460//3460 3464//3464 3463//3463
f 3464//3464 3462//3462 3466//3466
f 3464//3464 3469//3469 3467//3467
f 3465//3465 3467//3467 3470//3470
f 3469//3469 3473//3473 3470//3470
f 3466//3466 3472//3472 3473//3473
f 3472//3472 3475//3475 3473//3473
f 3470//3470 3473//3473 3476//3476
f 3470//3470 3476//3476 3477//3477
f 3478//3478 3480//3480 3475//3475
f 3479//3479 3476//3476 3481//3481
f 3481//3481 3475//3475 3482//3482
f 3484//3484 3487//3487 3488//3488
f 3486//3486 3491//3491 3488//3488
f 3486//3486 3485//3485 3490//3490
f 3489//3489 3488//3488 3492//3492
f 3493//3493 3492//3492 3488//3488
f 3494//3494 3492//3492 3496//3496
f 3493//3493 3497//3497 3496//3496
f 3501//3501 3499//3499 3506//3506
f 3501//3501 3504//3504 3500//3500
f 3499//3499 3503//3503 3506//3506
f 3504//3504 3507//3507 3502//3502
f 3505//3505 3502//3502 3507//3507
f 3504//3504 3511//3511 3507//3507
f 3504//3504 3506//3506 3511//3511
f 3511//3511 3513//3513 3507//3507
f 3507//3507 3513//3513 3514//3514
f 3508//3508 3515//3515 3512//3512
f 3514//3514 3513//3513 3517//3517
f 3516//3516 3519//3519 3517//3517
f 3520//3520 3517//3517 3521//3521
f 3518//3518 3522//3522 3523//3523
f 3522//3522 3521//3521 3525//3525
f 3522//3522 3530//3530 3526//3526
f 3525//3525 3527//3527 3529//3529
f 3528//3528 3526//3526 3530//3530
f 3530//3530 3525//3525 3531//3531
f 3531//3531 3535//3535 3534//3534
f 3531//3531 3529//3529 3533//3533
f 3530//3530 3534//3534 3532//3532
f 3534//3534 3535//3535 3537//3537
f 3534//3534 3538//3538 3532//3532
f 3536//3536 3539//3539 3541//3541
f 3539//3539 3538//3538 3542//3542
f 3542//3542 3537//3537 3544//3544
f 3542//3542 3545//3545 3541//3541
f 3543//3543 3541//3541 3546//3546
f 3545//3545 3549//3549 3546//3546
f 3547//3547 3546//3546 3550//3550
f 3550//3550 3549//3549 3552//3552
f 3548//3548 3554//3554 3552//3552
f 3552//3552 3557//3557 3550//3550
f 3550//3550 3557//3557 3555//3555
f 3557//3557 3554//3554 3558//3558
f 3558//3558 3554//3554 3560//3560
f 3555//3555 3557//3557 3558//3558
f 3555//3555 3561//3561 3559//3559
f 3558//3558 3562//3562 3561//3561
f 3562//3562 3560//3560 3565//3565
f 3565//3565 3564//3564 3567//3567
f 3562//3562 3565//3565 3568//3568
f 3562//3562 3568//3568 3569//3569
f 3568//3568 3570//3570 3569//3569
f 3569//3569 3571//3571 3572//3572
f 3570//3570 3568//3568 3573//3573
f 3570//3570 3574//3574 3571//3571
f 3571//3571 3575//3575 3576//3576
f 3573//3573 3577//3577 3574//3574
f 3577//3577 3579//3579 3574//3574
f 3575//3575 3574//3574 3580//3580
f 3575//3575 3580//3580 3578//3578
f 3580//3580 3574//3574 3581//3581
f 3581//3581 3582//3582 3580//3580
f 3588//3588 3582//3582 3591//3591
f 3590//3590 3592//3592 3591//3591
f 3592//3592 3589//3589 3594//3594
f 3596//3596 3591//3591 3598//3598
f 3595//3595 3598//3598 3591//3591
f 3612//3612 3616//3616 3617//3617
f 3616//3616 3618//3618 3617//3617
f 3618//3618 3619//3619 3617//3617
f 3618//3618 3615//3615 3619//3619
f 3620//3620 3623//3623 3624//3624
f 3622//3622 3619//3619 3626//3626
f 3622//3622 3626//3626 3623//3623
f 3626//3626 3627//3627 3623//3623
f 3625//3625 3628//3628 3627//3627
f 3625//3625 3630//3630 3628//3628
f 3629//3629 3633//3633 3631//3631
f 3629//3629 3627//3627 3635//3635
f 3627//3627 3628//3628 3635//3635
f 3632//3632 3637//3637 3635//3635
f 3636//3636 3633//3633 3638//3638
f 3638//3638 3635//3635 3640//3640
f 3638//3638 3640//3640 3643//3643
f 3643//3643 3640//3640 3645//3645
f 3641//3641 3646//3646 3644//3644
f 3641//3641 3643//3643 3646//3646
f 3643//3643 3645//3645 3647//3647
f 3647//3647 3645//3645 3649//3649
f 3646//3646 3650//3650 3648//3648
f 3647//3647 3651//3651 3650//3650
f 3650//3650 3654//3654 3652//3652
f 3649//3649 3653//3653 3651//3651
f 3652//3652 3654//3654 3655//3655
f 3653//3653 3657//3657 3658//3658
f 3656//3656 3655//3655 3659//3659
f 3657//3657 3661//3661 3658//3658
f 3658//3658 3661//3661 3655//3655
f 3659//3659 3655//3655 3662//3662
f 3662//3662 3661//3661 3664//3664
f 3663//3663 3659//3659 3665//3665
f 3665//3665 3662//3662 3669//3669
f 3662//3662 3664//3664 3672//3672
f 3664//3664 3667//3667 3672//3672
f 3666//3666 3676//3676 3671//3671
f 3668//3668 3673//3673 3674//3674
f 3676//3676 3670//3670 3675//3675
f 3676//3676 3675//3675 3677//3677
f 3674//3674 3673//3673 3678//3678
f 3675//3675 3680//3680 3677//3677
f 3679//3679 3678//3678 3682//3682
f 3680//3680 3684//3684 3681//3681
f 3682//3682 3681//3681 3687//3687
f 3684//3684 3686//3686 3687//3687
f 3682//3682 3688//3688 3685//3685
f 3688//3688 3687//3687 3691//3691
f 3690//3690 3694//3694 3691//3691
f 3688//3688 3695//3695 3692//3692
f 3691//3691 3694//3694 3695//3695
f 3692//3692 3695//3695 3696//3696
f 3694//3694 3699//3699 3696//3696
f 3693//3693 3698//3698 3699//3699
f 3697//3697 3696//3696 3700//3700
f 3699//3699 3701//3701 3700//3700
f 3700//3700 3702//3702 3697//3697
f 3701//3701 3703//3703 3702//3702
f 3703//3703 3698//3698 3705//3705
f 3709//3709 3716//3716 3713//3713
f 3715//3715 3716//3716 3709//3709
f 3714//3714 3713//3713 3719//3719
f 3724//3724 3722//3722 3727//3727
f 3723//3723 3725//3725 3728//3728
f 3721//3721 3728//3728 3726//3726
f 3725//3725 3729//3729 3728//3728
f 3726//3726 3728//3728 3730//3730
f 3725//3725 3733//3733 3729//3729
f 3725//3725 3727//3727 3732//3732
f 3729//3729 3733//3733 3734//3734
f 3733//3733 3737//3737 3734//3734
f 3733//3733 3736//3736 3737//3737
f 3733//3733 3731//3731 3736//3736
f 3735//3735 3734//3734 3738//3738
f 3735//3735 3738//3738 3739//3739
f 3737//3737 3742//3742 3738//3738
f 3735//3735 3739//3739 3741//3741
f 3736//3736 3742//3742 3737//3737
f 3739//3739 3738//3738 3743//3743
f 3740//3740 3746//3746 3744//3744
f 3743//3743 3747//3747 3745//3745
f 3743//3743 3744//3744 3747//3747
f 3747//3747 3744//3744 3749//3749
f 3744//3744 3746//3746 3749//3749
f 3747//3747 3749//3749 3750//3750
f 3746//3746 3748//3748 3751//3751
f 3749//3749 3752//3752 3753//3753
f 3751//3751 3755//3755 3752//3752
f 3753//3753 3752//3752 3756//3756
f 3753//3753 3757//3757 3754//3754
f 3757//3757 3756//3756 3760//3760
f 3756//3756 3755//3755 3759//3759
f 3758//3758 3757//3757 3763//3763
f 3759//3759 3762//3762 3760//3760
f 3760//3760 3765//3765 3763//3763
f 3761//3761 3766//3766 3764//3764
f 3763//3763 3768//3768 3766//3766
f 3768//3768 3771//3771 3769//3769
f 3768//3768 3765//3765 3772//3772
f 3765//3765 3767//3767 3770//3770
f 3769//3769 3771//3771 3773//3773
f 3773//3773 3772//3772 3776//3776
f 3773//3773 3778//3778 3774//3774
f 3776//3776 3782//3782 3778//3778
f 3782//3782 3775//3775 3784//3784
f 3781//3781 3785//3785 3777//3777
f 3783//3783 3779//3779 3787//3787
f 3783//3783 3789//3789 3785//3785
f 3783//3783 3787//3787 3789//3789
f 3785//3785 3790//3790 3786//3786
f 3789//3789 3792//3792 3790//3790
f 3791//3791 3786//3786 3793//3793
f 3792//3792 3796//3796 3790//3790
f 3793//3793 3797//3797 3795//3795
f 3797//3797 3790//3790 3798//3798
f 3797//3797 3799//3799 3801//3801
f 3798//3798 3803//3803 3799//3799
f 3798//3798 3796//3796 3802//3802
f 3802//3802 3800//3800 3806//3806
f 3803//3803 3807//3807 3805//3805
f 3804//3804 3808//3808 3807//3807
f 3808//3808 3806//3806 3810//3810
f 3809//3809 3807//3807 3811//3811
f 3811//3811 3814//3814 3809//3809
f 3810//3810 3815//3815 3808//3808
f 3813//3813 3819//3819 3817//3817
f 3813//3813 3816//3816 3820//3820
f 3819//3819 3820//3820 3823//3823
f 3820//3820 3818//3818 3822//3822
f 3828//3828 3824//3824 3831//3831
f 3824//3824 3830//3830 3832//3832
f 3829//3829 3835//3835 3832//3832
f 3831//3831 3833//3833 3834//3834
f 3831//3831 3832//3832 3836//3836
f 3835//3835 3836//3836 3832//3832
f 3839//3839 3836//3836 3840//3840
f 3841//3841 3844//3844 3845//3845
f 3845//3845 3843//3843 3849//3849
f 3846//3846 3850//3850 3848//3848
f 3845//3845 3852//3852 3850//3850
f 3852//3852 3849//3849 3853//3853
f 3853//3853 3851//3851 3855//3855
f 3850//3850 3856//3856 3854//3854
f 3850//3850 3852//3852 3856//3856
f 3854//3854 3856//3856 3859//3859
f 3856//3856 3860//3860 3859//3859
f 3853//3853 3855//3855 3858//3858
f 3860//3860 3861//3861 3859//3859
f 3860//3860 3858//3858 3861//3861
f 3857//3857 3859//3859 3862//3862
f 3858//3858 3864//3864 3861//3861
f 3861//3861 3866//3866 3865//3865
f 3866//3866 3864//3864 3868//3868
f 3866//3866 3869//3869 3865//3865
f 3867//3867 3865//3865 3870//3870
f 3868//3868 3871//3871 3869//3869
f 3872//3872 3869//3869 3874//3874
f 3871//3871 3876//3876 3874//3874
f 3874//3874 3879//3879 3877//3877
f 3874//3874 3876//3876 3880//3880
f 3877//3877 3883//3883 3881//3881
f 3880//3880 3878//3878 3882//3882
f 3883//3883 3879//3879 3884//3884
f 3884//3884 3885//3885 3883//3883
f 3881//3881 3883//3883 3886//3886
f 3885//3885 3882//3882 3888//3888
f 3888//3888 3890//3890 3885//3885
f 3889//3889 3886//3886 3891//3891
f 3885//3885 3892//3892 3891//3891
f 3891//3891 3893//3893 3894//3894
f 3891//3891 3892//3892 3896//3896
f 3890//3890 3895//3895 3896//3896
f 3893//3893 3897//3897 3894//3894
f 3897//3897 3901//3901 3899//3899
f 3898//3898 3902//3902 3901//3901
f 3903//3903 3901//3901 3905//3905
f 3904//3904 3908//3908 3902//3902
f 3906//3906 3909//3909 3907//3907
f 3910//3910 3909//3909 3906//3906
f 3909//3909 3911//3911 3907//3907
f 3913//3913 3917//3917 3914//3914
f 3913//3913 3919//3919 3917//3917
f 3913//3913 3916//3916 3919//3919
f 3916//3916 3915//3915 3921//3921
f 3915//3915 3918//3918 3921//3921
f 3917//3917 3922//3922 3920//3920
f 3919//3919 3924//3924 3922//3922
f 3922//3922 3924//3924 3928//3928
f 3925//3925 3930//3930 3928//3928
f 3928//3928 3935//3935 3933//3933
f 3930//3930 3927//3927 3932//3932
f 3931//3931 3933//3933 3936//3936
f 3931//3931 3939//3939 3937//3937
f 3931//3931 3936//3936 3939//3939
f 3935//3935 3938//3938 3936//3936
f 3938//3938 3941//3941 3936//3936
f 3939//3939 3942//3942 3940//3940
f 3939//3939 3936//3936 3944//3944
f 3940//3940 3945//3945 3943//3943
f 3948//3948 3944//3944 3947//3947
f 3945//3945 3949//3949 3946//3946
f 3948//3948 3950//3950 3949//3949
f 3946//3946 3949//3949 3951//3951
f 3949//3949 3950//3950 3951//3951
f 3948//3948 3947//3947 3953//3953
f 3950//3950 3953//3953 3954//3954
f 3954//3954 3953//3953 3955//3955
f 3954//3954 3958//3958 3956//3956
f 3954//3954 3955//3955 3959//3959
f 3956//3956 3958//3958 3960//3960
f 3959//3959 3963//3963 3960//3960
f 3957//3957 3962//3962 3963//3963
f 3961//3961 3960//3960 3965//3965
f 3963//3963 3968//3968 3965//3965
f 3962//3962 3971//3971 3968//3968
f 3967//3967 3972//3972 3964//3964
f 3970//3970 3975//3975 3972//3972
f 3970//3970 3966//3966 3975//3975
f 3973//3973 3976//3976 3974//3974
f 3972//3972 3975//3975 3978//3978
f 3977//3977 3974//3974 3979//3979
f 3978//3978 3981//3981 3976//3976
f 3979//3979 3976//3976 3982//3982
f 3981//3981 3984//3984 3982//3982
f 3983//3983 3979//3979 3985//3985
f 3982//3982 3988//3988 3985//3985
f 3987//3987 3984//3984 3986//3986
f 3989//3989 3987//3987 3986//3986
f 3988//3988 3989//3989 3990//3990
f 3989//3989 3986//3986 3993//3993
f 3989//3989 3994//3994 3990//3990
f 3990//3990 3994//3994 3995//3995
f 3994//3994 3997//3997 3998//3998
f 3995//3995 3994//3994 3999//3999
f 3998//3998 3996//3996 4001//4001
f 3999//3999 3998//3998 4004//4004
f 3998//3998 4001//4001 4003//4003
f 4002//4002 3999//3999 4005//4005
f 4004//4004 4003//4003 4007//4007
f 4005//4005 4004//4004 4008//4008
f 4006//4006 4005//4005 4009//4009
f 4005//4005 4008//4008 4010//4010
f 4007//4007 4012//4012 4010//4010
f 4009//4009 4010//4010 4013//4013
f 4009//4009 4014//4014 4011//4011
f 4015//4015 4017//4017 4019//4019
f 4017//4017 4018//4018 4022//4022
f 4016//4016 4021//4021 4022//4022
f 4023//4023 4024//4024 4020//4020
f 4019//4019 4022//4022 4026//4026
f 4025//4025 4026//4026 4022//4022
f 4026//4026 4027//4027 4023//4023
f 4025//4025 4027//4027 4026//4026
f 4025//4025 4030//4030 4027//4027
f 4028//4028 4027//4027 4031//4031
f 4029//4029 4028//4028 4032//4032
f 4035//4035 4037//4037 4033//4033
f 4033//4033 4039//4039 4035//4035
f 4039//4039 4040//4040 4038//4038
f 4040//4040 4034//4034 4038//4038
f 4035//4035 4039//4039 4041//4041
f 4041//4041 4038//4038 4042//4042
f 4038//4038 4036//4036 4044//4044
f 4041//4041 4045//4045 4043//4043
f 4043//4043 4045//4045 4047//4047
f 4049//4049 4051//4051 4046//4046
f 4048//4048 4050//4050 4052//4052
f 4051//4051 4049//4049 4053//4053
f 4053//4053 4056//4056 4051//4051
f 4052//4052 4050//4050 4054//4054
f 4050//4050 4051//4051 4056//4056
f 4057//4057 4054//4054 4059//4059
f 4056//4056 4061//4061 4059//4059
f 4057//4057 4062//4062 4064//4064
f 4059//4059 4066//4066 4062//4062
f 4061//4061 4065//4065 4066//4066
f 4066//4066 4072//4072 4068//4068
f 4067//4067 4075//4075 4072//4072
f 4063//4063 4070//4070 4075//4075
f 4071//4071 4074//4074 4076//4076
f 4069//4069 4077//4077 4076//4076
f 4077//4077 4080//4080 4076//4076
f 4073//4073 4079//4079 4080//4080
f 4078//4078 4076//4076 4081//4081
f 4078//4078 4081//4081 4082//4082
f 4080//4080 4085//4085 4082//4082
f 4079//4079 4084//4084 4085//4085
f 4083//4083 4082//4082 4086//4086
f 4085//4085 4088//4088 4089//4089
f 4086//4086 4090//4090 4087//4087
f 4089//4089 4092//4092 4086//4086
f 4088//4088 4091//4091 4092//4092
f 4086//4086 4092//4092 4095//4095
f 4091//4091 4094//4094 4095//4095
f 4086//4086 4096//4096 4093//4093
f 4095//4095 4099//4099 4096//4096
f 4095//4095 4094//4094 4098//4098
f 4097//4097 4096//4096 4100//4100
f 4101//4101 4102//4102 4097//4097
f 4098//4098 4103//4103 4099//4099
f 4101//4101 4107//4107 4102//4102
f 4103//4103 4108//4108 4104//4104
f 4105//4105 4106//4106 4107//4107
f 4109//4109 4108//4108 4111//4111
f 4117//4117 4112//4112 4113//4113
f 4112//4112 4116//4116 4115//4115
f 4116//4116 4118//4118 4115//4115
f 4115//4115 4118//4118 4119//4119
f 4115//4115 4122//4122 4120//4120
f 4115//4115 4119//4119 4122//4122
f 4119//4119 4114//4114 4121//4121
f 4122//4122 4119//4119 4123//4123
f 4122//4122 4126//4126 4124//4124
f 4124//4124 4126//4126 4128//4128
f 4126//4126 4123//4123 4127//4127
f 4123//4123 4125//4125 4129//4129
f 4126//4126 4130//4130 4128//4128
f 4127//4127 4129//4129 4132//4132
f 4130//4130 4137//4137 4134//4134
f 4130//4130 4127//4127 4137//4137
f 4131//4131 4134//4134 4138//4138
f 4137//4137 4132//4132 4140//4140
f 4136//4136 4141//4141 4133//4133
f 4141//4141 4139//4139 4142//4142
f 4141//4141 4147//4147 4145//4145
f 4142//4142 4146//4146 4148//4148
f 4147//4147 4148//4148 4149//4149
f 4149//4149 4146//4146 4151//4151
f 4149//4149 4154//4154 4147//4147
f 4151//4151 4153//4153 4154//4154
f 4152//4152 4147//4147 4155//4155
f 4153//4153 4158//4158 4154//4154
f 4156//4156 4154//4154 4159//4159
f 4168//4168 4165//4165 4166//4166
f 4167//4167 4169//4169 4171//4171
f 4169//4169 4164//4164 4171//4171
f 4166//4166 4172//4172 4163//4163
f 4166//4166 4171//4171 4172//4172
f 4170//4170 4163//4163 4173//4173
f 4170//4170 4173//4173 4174//4174
f 4173//4173 4172//4172 4174//4174
f 4174//4174 4172//4172 4177//4177
f 4172//4172 4171//4171 4176//4176
f 4176//4176 4179//4179 4177//4177
f 4178//4178 4175//4175 4180//4180
f 4175//4175 4174//4174 4180//4180
f 4180//4180 4177//4177 4183//4183
f 4179//4179 4182//4182 4183//4183
f 4181//4181 4180//4180 4184//4184
f 4184//4184 4183//4183 4187//4187
f 4183//4183 4182//4182 4187//4187
f 4182//4182 4186//4186 4187//4187
f 4185//4185 4184//4184 4188//4188
f 4188//4188 4187//4187 4189//4189
f 4188//4188 4190//4190 4185//4185
f 4187//4187 4186//4186 4189//4189
f 4186//4186 4193//4193 4189//4189
f 4189//4189 4196//4196 4194//4194
f 4189//4189 4193//4193 4197//4197
f 4191//4191 4195//4195 4197//4197
f 4198//4198 4194//4194 4200//4200
f 4194//4194 4196//4196 4200//4200
f 4196//4196 4201//4201 4200//4200
f 4200//4200 4202//4202 4198//4198
f 4201//4201 4204//4204 4202//4202
f 4204//4204 4199//4199 4207//4207
f 4199//4199 4203//4203 4206//4206
f 4208//4208 4204//4204 4207//4207
f 4205//4205 4208//4208 4209//4209
f 4207//4207 4212//4212 4209//4209
f 4207//4207 4211//4211 4212//4212
f 4207//4207 4206//4206 4211//4211
f 4211//4211 4214//4214 4212//4212
f 4210//4210 4209//4209 4215//4215
f 4212//4212 4217//4217 4215//4215
f 4214//4214 4211//4211 4216//4216
f 4215//4215 4218//4218 4213//4213
f 4217//4217 4219//4219 4218//4218
f 4214//4214 4221//4221 4219//4219
f 4220//4220 4218//4218 4222//4222
f 4218//4218 4219//4219 4223//4223
f 4222//4222 4224//4224 4226//4226
f 4222//4222 4223//4223 4225//4225
f 4221//4221 4227//4227 4225//4225
f 4228//4228 4224//4224 4230//4230
f 4225//4225 4230//4230 4224//4224
f 4225//4225 4231//4231 4230//4230
f 4231//4231 4229//4229 4233//4233
f 4232//4232 4230//4230 4234//4234
f 4232//4232 4234//4234 4235//4235
f 4233//4233 4237//4237 4238//4238
f 4235//4235 4239//4239 4236//4236
f 4238//4238 4239//4239 4235//4235
f 4245//4245 4249//4249 4247//4247
f 4247//4247 4250//4250 4252//4252
f 4252//4252 4251//4251 4253//4253
f 4254//4254 4252//4252 4256//4256
f 4253//4253 4257//4257 4256//4256
f 4254//4254 4256//4256 4258//4258
f 4255//4255 4259//4259 4257//4257
f 4257//4257 4261//4261 4260//4260
f 4260//4260 4262//4262 4263//4263
f 4259//4259 4264//4264 4261//4261
f 4262//4262 4261//4261 4265//4265
f 4262//4262 4266//4266 4263//4263
f 4265//4265 4268//4268 4266//4266
f 4264//4264 4270//4270 4268//4268
f 4264//4264 4267//4267 4270//4270
f 4266//4266 4268//4268 4271//4271
f 4266//4266 4274//4274 4272//4272
f 4270//4270 4273//4273 4271//4271
f 4274//4274 4271//4271 4276//4276
f 4272//4272 4274//4274 4277//4277
f 4272//4272 4278//4278 4275//4275
f 4275//4275 4278//4278 4279//4279
f 4278//4278 4281//4281 4279//4279
f 4277//4277 4276//4276 4280//4280
f 4277//4277 4280//4280 4283//4283
f 4281//4281 4277//4277 4284//4284
f 4281//4281 4284//4284 4282//4282
f 4284//4284 4286//4286 4290//4290
f 4282//4282 4287//4287 4289//4289
f 4282//4282 4284//4284 4291//4291
f 4291//4291 4290//4290 4292//4292
f 4292//4292 4288//4288 4295//4295
f 4294//4294 4293//4293 4298//4298
f 4292//4292 4297//4297 4298//4298
f 4294//4294 4299//4299 4296//4296
f 4299//4299 4300//4300 4296//4296
f 4298//4298 4303//4303 4300//4300
f 4298//4298 4297//4297 4302//4302
f 4301//4301 4300//4300 4304//4304
f 4303//4303 4307//4307 4304//4304
f 4303//4303 4302//4302 4306//4306
f 4304//4304 4307//4307 4310//4310
f 4306//4306 4309//4309 4310//4310
f 4308//4308 4304//4304 4311//4311
f 4309//4309 4313//4313 4310//4310
f 4312//4312 4311//4311 4314//4314
f 4314//4314 4310//4310 4315//4315
f 4315//4315 4313//4313 4318//4318
f 4314//4314 4316//4316 4317//4317
f 4315//4315 4319//4319 4316//4316
f 4319//4319 4318//4318 4321//4321
f 4320//4320 4316//4316 4322//4322
f 4319//4319 4323//4323 4322//4322
f 4331//4331 4335//4335 4334//4334
f 4336//4336 4338//4338 4339//4339
f 4338//4338 4341//4341 4342//4342
f 4337//4337 4344//4344 4342//4342
f 4342//4342 4347//4347 4345//4345
f 4342//4342 4348//4348 4347//4347
f 4342//4342 4344//4344 4348//4348
f 4344//4344 4340//4340 4346//4346
f 4348//4348 4349//4349 4347//4347
f 4345//4345 4347//4347 4350//4350
f 4346//4346 4352//4352 4349//4349
f 4353//4353 4352//4352 4355//4355
f 4354//4354 4350//4350 4356//4356
f 4350//4350 4353//4353 4358//4358
f 4358//4358 4355//4355 4361//4361
f 4361//4361 4355//4355 4357//4357
f 4358//4358 4363//4363 4356//4356
f 4360//4360 4367//4367 4368//4368
f 4360//4360 4366//4366 4367//4367
f 4367//4367 4364//4364 4370//4370
f 4367//4367 4371//4371 4372//4372
f 4370//4370 4369//4369 4373//4373
f 4372//4372 4371//4371 4374//4374
f 4373//4373 4376//4376 4370//4370
f 4370//4370 4377//4377 4374//4374
f 4375//4375 4374//4374 4378//4378
f 4374//4374 4377//4377 4379//4379
f 4376//4376 4381//4381 4379//4379
f 4378//4378 4379//4379 4382//4382
f 4381//4381 4385//4385 4382//4382
f 4378//4378 4383//4383 4384//4384
f 4382//4382 4383//4383 4378//4378
f 4382//4382 4385//4385 4387//4387
f 4391//4391 4394//4394 4393//4393
f 4390//4390 4396//4396 4394//4394
f 4393//4393 4397//4397 4395//4395
f 4394//4394 4399//4399 4393//4393
f 4399//4399 4396//4396 4401//4401
f 4397//4397 4402//4402 4403//4403
f 4397//4397 4399//4399 4402//4402
f 4398//4398 4404//4404 4401//4401
f 4403//4403 4402//4402 4405//4405
f 4402//4402 4406//4406 4405//4405
f 4406//4406 4409//4409 4405//4405
f 4408//4408 4411//4411 4409//4409
f 4405//4405 4412//4412 4410//4410
f 4405//4405 4409//4409 4412//4412
f 4412//4412 4409//4409 4416//4416
f 4413//4413 4415//4415 4417//4417
f 4414//4414 4416//4416 4418//4418
f 4417//4417 4415//4415 4419//4419
f 4417//4417 4420//4420 4416//4416
f 4416//4416 4421//4421 4418//4418
f 4421//4421 4420//4420 4424//4424
f 4421//4421 4428//4428 4425//4425
f 4423//4423 4430//4430 4427//4427
f 4423//4423 4426//4426 4431//4431
f 4431//4431 4426//4426 4433//4433
f 4426//4426 4429//4429 4433//4433
f 4432//4432 4430//4430 4434//4434
f 4431//4431 4437//4437 4434//4434
f 4433//4433 4436//4436 4437//4437
f 4435//4435 4434//4434 4439//4439
f 4436//4436 4441//4441 4438//4438
f 4440//4440 4439//4439 4442//4442
f 4441//4441 4444//4444 4438//4438
f 4442//4442 4438//4438 4445//4445
f 4442//4442 4446//4446 4447//4447
f 4442//4442 4445//4445 4449//4449
f 4444//4444 4448//4448 4449//4449
f 4446//4446 4449//4449 4452//4452
f 4449//4449 4448//4448 4451//4451
f 4446//4446 4453//4453 4454//4454
f 4452//4452 4451//4451 4455//4455
f 4459//4459 4461//4461 4457//4457
f 4456//4456 4452//4452 4460//4460
f 4458//4458 4462//4462 4460//4460
f 4466//4466 4462//4462 4465//4465
f 4467//4467 4471//4471 4468//4468
f 4471//4471 4470//4470 4474//4474
f 4468//4468 4474//4474 4479//4479
f 4473//4473 4477//4477 4474//4474
f 4476//4476 4480//4480 4478//4478
f 4475//4475 4481//4481 4480//4480
f 4481//4481 4479//4479 4483//4483
f 4480//4480 4484//4484 4482//4482
f 4481//4481 4487//4487 4484//4484
f 4483//4483 4486//4486 4487//4487
f 4484//4484 4488//4488 4485//4485
f 4487//4487 4491//4491 4488//4488
f 4487//4487 4486//4486 4490//4490
f 4488//4488 4492//4492 4493//4493
f 4494//4494 4496//4496 4490//4490
f 4495//4495 4492//4492 4497//4497
f 4490//4490 4496//4496 4498//4498
f 4497//4497 4498//4498 4501//4501
f 4496//4496 4500//4500 4501//4501
f 4500//4500 4503//4503 4501//4501
f 4497//4497 4504//4504 4502//4502
f 4497//4497 4501//4501 4505//4505
f 4505//4505 4503//4503 4507//4507
f 4505//4505 4510//4510 4504//4504
f 4509//4509 4510//4510 4505//4505
f 4504//4504 4511//4511 4512//4512
f 4509//4509 4513//4513 4510//4510
f 4519//4519 4520//4520 4514//4514
f 4515//4515 4514//4514 4521//4521
f 4520//4520 4524//4524 4521//4521
f 4520//4520 4516//4516 4523//4523
f 4525//4525 4526//4526 4522//4522
f 4526//4526 4525//4525 4529//4529
f 4525//4525 4524//4524 4529//4529
f 4523//4523 4528//4528 4529//4529
f 4526//4526 4532//4532 4527//4527
f 4526//4526 4529//4529 4532//4532
f 4529//4529 4528//4528 4531//4531
f 4532//4532 4534//4534 4533//4533
f 4533//4533 4539//4539 4535//4535
f 4535//4535 4539//4539 4542//4542
f 4539//4539 4538//4538 4543//4543
f 4538//4538 4541//4541 4543//4543
f 4542//4542 4539//4539 4543//4543
f 4540//4540 4542//4542 4544//4544
f 4542//4542 4546//4546 4544//4544
f 4543//4543 4541//4541 4546//4546
f 4541//4541 4548//4548 4546//4546
f 4544//4544 4549//4549 4550//4550
f 4544//4544 4546//4546 4552//4552
f 4549//4549 4555//4555 4553//4553
f 4552//4552 4556//4556 4555//4555
f 4552//4552 4551//4551 4554//4554
f 4553//4553 4557//4557 4558//4558
f 4555//4555 4556//4556 4557//4557
f 4556//4556 4554//4554 4559//4559
f 4558//4558 4557//4557 4560//4560
f 4556//4556 4564//4564 4560//4560
f 4559//4559 4562//4562 4564//4564
f 4561//4561 4560//4560 4565//4565
f 4560//4560 4566//4566 4565//4565
f 4566//4566 4564//4564 4568//4568
f 4567//4567 4565//4565 4569//4569
f 4565//4565 4566//4566 4569//4569
f 4568//4568 4571//4571 4566//4566
f 4569//4569 4566//4566 4572//4572
f 4572//4572 4574//4574 4573//4573
f 4571//4571 4576//4576 4574//4574
f 4573//4573 4578//4578 4579//4579
f 4576//4576 4580//4580 4577//4577
f 4578//4578 4577//4577 4581//4581
f 4578//4578 4582//4582 4583//4583
f 4581//4581 4580//4580 4584//4584
f 4581//4581 4584//4584 4586//4586
f 4581//4581 4587//4587 4582//4582
f 4582//4582 4588//4588 4585//4585
f 4587//4587 4589//4589 4588//4588
f 4585//4585 4588//4588 4590//4590
f 4589//4589 4586//4586 4592//4592
f 4590//4590 4593//4593 4591//4591
f 4592//4592 4594//4594 4589//4589
f 4599//4599 4602//4602 4604//4604
f 4595//4595 4603//4603 4602//4602
f 4595//4595 4601//4601 4605//4605
f 4606//4606 4608//4608 4604//4604
f 4603//4603 4607//4607 4606//4606
f 4605//4605 4609//4609 4607//4607
f 4611//4611 4614//4614 4617//4617
f 4613//4613 4616//4616 4617//4617
f 4617//4617 4620//4620 4611//4611
f 4617//4617 4616//4616 4622//4622
f 4618//4618 4623//4623 4621//4621
f 4620//4620 4622//4622 4625//4625
f 4622//4622 4624//4624 4625//4625
f 4623//4623 4618//4618 4628//4628
f 4628//4628 4631//4631 4629//4629
f 4631//4631 4635//4635 4637//4637
f 4633//4633 4638//4638 4634//4634
f 4635//4635 4634//4634 4639//4639
f 4635//4635 4640//4640 4641//4641
f 4635//4635 4639//4639 4640//4640
f 4639//4639 4638//4638 4642//4642
f 4640//4640 4639//4639 4647//4647
f 4641//4641 4640//4640 4643//4643
f 4640//4640 4649//4649 4643//4643
f 4648//4648 4646//4646 4651//4651
f 4644//4644 4652//4652 4651//4651
f 4652//4652 4650//4650 4654//4654
f 4653//4653 4651//4651 4655//4655
f 4652//4652 4658//4658 4655//4655
f 4656//4656 4659//4659 4660//4660
f 4655//4655 4658//4658 4659//4659
f 4658//4658 4657//4657 4661//4661
f 4659//4659 4658//4658 4662//4662
f 4660//4660 4659//4659 4663//4663
f 4661//4661 4665//4665 4662//4662
f 4663//4663 4662//4662 4666//4666
f 4663//4663 4667//4667 4668//4668
f 4666//4666 4665//4665 4669//4669
f 4666//4666 4670//4670 4667//4667
f 4670//4670 4669//4669 4672//4672
f 4671//4671 4667//4667 4673//4673
f 4670//4670 4674//4674 4673//4673
f 4675//4675 4677//4677 4671//4671
f 4674//4674 4676//4676 4675//4675
f 4672//4672 4678//4678 4676//4676
f 4675//4675 4679//4679 4680//4680
f 4678//4678 4681//4681 4682//4682
f 4679//4679 4683//4683 4680//4680
f 4679//4679 4682//4682 4684//4684
f 2690//2690 2695//2695 2693//2693
f 2685//2685 2689//2689 2686//2686
f 2683//2683 2688//2688 2685//2685
f 2687//2687 2688//2688 2683//2683
f 2681//2681 2683//2683 2682//2682
f 2687//2687 2683//2683 2681//2681
f 2678//2678 2682//2682 2686//2686
f 2669//2669 2670//2670 2665//2665
f 2668//2668 2672//2672 2669//2669
f 2672//2672 2668//2668 2666//2666
f 2674//2674 2670//2670 2669//2669
f 2672//2672 2673//2673 2669//2669
f 2672//2672 2676//2676 2673//2673
f 2676//2676 2672//2672 2675//2675
f 2668//2668 2667//2667 2661//2661
f 2668//2668 2664//2664 2666//2666
f 3833//3833 3839//3839 3837//3837
f 3836//3836 3839//3839 3833//3833
f 3827//3827 3830//3830 3824//3824
f 3829//3829 3830//3830 3827//3827
f 3823//3823 3827//3827 3824//3824
f 3827//3827 3823//3823 3822//3822
f 3816//3816 3812//3812 3815//3815
f 3808//3808 3812//3812 3811//3811
f 3815//3815 3812//3812 3808//3808
f 3712//3712 3713//3713 3714//3714
f 3703//3703 3709//3709 3708//3708
f 3707//3707 3709//3709 3703//3703
f 3708//3708 3712//3712 3710//3710
f 3716//3716 3720//3720 3719//3719
f 3720//3720 3716//3716 3715//3715
f 3719//3719 3717//3717 3714//3714
f 3715//3715 3718//3718 3720//3720
f 3702//3702 3708//3708 3706//3706
f 3708//3708 3702//3702 3703//3703
f 3418//3418 4685//4685 3419//3419
f 3421//3421 4685//4685 3418//3418
f 3419//3419 3415//3415 3418//3418
f 3416//3416 3420//3420 3417//3417
f 3417//3417 3421//3421 3418//3418
f 3420//3420 3421//3421 3417//3417
f 4027//4027 4028//4028 4023//4023
f 4013//4013 4018//4018 4017//4017
f 4016//4016 4018//4018 4013//4013
f 4014//4014 4015//4015 4011//4011
f 4240//4240 4244//4244 4243//4243
f 4242//4242 4244//4244 4240//4240
f 4239//4239 4241//4241 4236//4236
f 3608//3608 4686//4686 4687//4687
f 3611//3611 4686//4686 3608//3608
f 3607//3607 3611//3611 3608//3608
f 3610//3610 3611//3611 3607//3607
f 3608//3608 3609//3609 3605//3605
f 3606//3606 3610//3610 3607//3607
f 3598//3598 3605//3605 3602//3602
f 3603//3603 3606//3606 3607//3607
f 3598//3598 3602//3602 3599//3599
f 3600//3600 3603//3603 3601//3601
f 3598//3598 3599//3599 3596//3596
f 3597//3597 3600//3600 3595//3595
f 3592//3592 3595//3595 3591//3591
f 3596//3596 3593//3593 3591//3591
f 3594//3594 3597//3597 3595//3595
f 3585//3585 3583//3583 3582//3582
f 3586//3586 3587//3587 3581//3581
f 3588//3588 3585//3585 3582//3582
f 3589//3589 3590//3590 3587//3587
f 3583//3583 3578//3578 3580//3580
f 595//595 596//596 591//591
f 591//591 593//593 589//589
f 581//581 589//589 586//586
f 578//578 577//577 573//573
f 578//578 576//576 575//575
f 577//577 579//579 574//574
f 576//576 573//573 572//572
f 576//576 571//571 575//575
f 405//405 401//401 400//400
f 408//408 407//407 404//404
f 406//406 408//408 403//403
f 392//392 386//386 389//389
f 390//390 387//387 386//386
f 3329//3329 3335//3335 3333//3333
f 3332//3332 3336//3336 3335//3335
f 3334//3334 3336//3336 3332//3332
f 3911//3911 4691//4691 3907//3907
f 3908//3908 4692//4692 3912//3912
f 3908//3908 3912//3912 3910//3910
f 3906//3906 3905//3905 3902//3902
f 4104//4104 4109//4109 4105//4105
f 4099//4099 4104//4104 4101//4101
f 3490//3490 3493//3493 3491//3491
f 3483//3483 3487//3487 3484//3484
f 3486//3486 3487//3487 3483//3483
f 3483//3483 3481//3481 3482//3482
f 3485//3485 3486//3486 3482//3482
f 4324//4324 4330//4330 4328//4328
f 4331//4331 4330//4330 4324//4324
f 4329//4329 4331//4331 4327//4327
f 4332//4332 4328//4328 4330//4330
f 4331//4331 4334//4334 4330//4330
f 4329//4329 4333//4333 4331//4331
f 4324//4324 4325//4325 4320//4320
f 4324//4324 4322//4322 4323//4323
f 4326//4326 4327//4327 4323//4323
f 3147//3147 3146//3146 3142//3142
f 3147//3147 3143//3143 3145//3145
f 3143//3143 3142//3142 3138//3138
f 3141//3141 3143//3143 3139//3139
f 3129//3129 3134//3134 3130//3130
f 3134//3134 3129//3129 3133//3133
f 3129//3129 3126//3126 3128//3128
f 3129//3129 3130//3130 3125//3125
f 3131//3131 3140//3140 3136//3136
f 3136//3136 3132//3132 3131//3131
f 107//107 113//113 111//111
f 114//114 113//113 107//107
f 109//109 112//112 114//114
f 100//100 102//102 101//101
f 99//99 102//102 100//100
f 3220//3220 3224//3224 3222//3222
f 3224//3224 3220//3220 3221//3221
f 3223//3223 3225//3225 3221//3221
f 3218//3218 3223//3223 3221//3221
f 3211//3211 3219//3219 3217//3217
f 3216//3216 3219//3219 3211//3211
f 3210//3210 3211//3211 3209//3209
f 4387//4387 4388//4388 4382//4382
f 4600//4600 4597//4597 4596//4596
f 4595//4595 4599//4599 4596//4596
f 4597//4597 4593//4593 4590//4590
f 4595//4595 4596//4596 4590//4590
f 4594//4594 4598//4598 4595//4595
f 2956//2956 2960//2960 2957//2957
f 2954//2954 2952//2952 2950//2950
f 2951//2951 2956//2956 2950//2950
f 2955//2955 2956//2956 2951//2951
f 3038//3038 3034//3034 3036//3036
f 3029//3029 3034//3034 3031//3031
f 3032//3032 3035//3035 3030//3030
f 3020//3020 3015//3015 3018//3018
f 3016//3016 3021//3021 3019//3019
f 2870//2870 2871//2871 2866//2866
f 2869//2869 2873//2873 2870//2870
f 2872//2872 2873//2873 2869//2869
f 2860//2860 2858//2858 2855//2855
f 2860//2860 2854//2854 2857//2857
f 2849//2849 2853//2853 2850//2850
f 2853//2853 2849//2849 2852//2852
f 1573//1573 4693//4693 1570//1570
f 1561//1561 1570//1570 1567//1567
f 1569//1569 1570//1570 1561//1561
f 1551//1551 1555//1555 1552//1552
f 1390//1390 1393//1393 1389//1389
f 1383//1383 1389//1389 1387//1387
f 1377//1377 1382//1382 1381//1381
f 1380//1380 1382//1382 1377//1377
f 1376//1376 1377//1377 1375//1375
f 1380//1380 1377//1377 1376//1376
f 1371//1371 1375//1375 1372//1372
f 4676//4676 4682//4682 4675//4675
f 1215//1215 4696//4696 1212//1212
f 1213//1213 4697//4697 4698//4698
f 1191//1191 1194//1194 1192//1192
f 1197//1197 1196//1196 1191//1191
f 1197//1197 1190//1190 1195//1195
f 1186//1186 1190//1190 1189//1189
f 1188//1188 1190//1190 1186//1186
f 2787//2787 2783//2783 2785//2785
f 2785//2785 4700//4700 2787//2787
f 2772//2772 2777//2777 2774//2774
f 2776//2776 2777//2777 2772//2772
f 2772//2772 2773//2773 2768//2768
f 2773//2773 2775//2775 2769//2769
f 2770//2770 2776//2776 2772//2772
f 3278//3278 3279//3279 3269//3269
f 3269//3269 3273//3273 3270//3270
f 698//698 699//699 696//696
f 701//701 698//698 694//694
f 701//701 695//695 697//697
f 702//702 703//703 699//699
f 701//701 702//702 698//698
f 689//689 690//690 686//686
f 686//686 687//687 684//684
f 689//689 686//686 682//682
f 689//689 683//683 685//685
f 679//679 683//683 682//682
f 683//683 679//679 681//681
f 678//678 680//680 675//675
f 169//169 168//168 167//167
f 299//299 305//305 302//302
f 304//304 305//305 299//299
f 301//301 304//304 298//298
f 228//228 229//229 225//225
f 227//227 228//228 224//224
f 226//226 230//230 227//227
f 4466//4466 4463//4463 4459//4459
f 4462//4462 4466//4466 4460//4460
f 4456//4456 4457//4457 4454//4454
f 1966//1966 1962//1962 1961//1961
f 1968//1968 1965//1965 1961//1961
f 1967//1967 1968//1968 1964//1964
f 1962//1962 1957//1957 1960//1960
f 1959//1959 1964//1964 1961//1961
f 1963//1963 1964//1964 1959//1959
f 1957//1957 1954//1954 1953//1953
f 1949//1949 1950//1950 1947//1947
f 1950//1950 1951//1951 1946//1946
f 2411//2411 2404//2404 2407//2407
f 4156//4156 4162//4162 4160//4160
f 4159//4159 4162//4162 4156//4156
f 481//481 487//487 485//485
f 488//488 487//487 481//481
f 486//486 488//488 482//482
f 474//474 480//480 477//477
f 1022//1022 1025//1025 1020//1020
f 1024//1024 1025//1025 1022//1022
f 1014//1014 1020//1020 1018//1018
f 1017//1017 1021//1021 1020//1020
f 1019//1019 1021//1021 1017//1017
f 1003//1003 1007//1007 1004//1004
f 1006//1006 1007//1007 1003//1003
f 846//846 841//841 843//843
f 4705//4705 4706//4706 844//844
f 835//835 836//836 832//832
f 828//828 835//835 832//832
f 2282//2282 2284//2284 2279//2279
f 2031//2031 2034//2034 2028//2028
f 1759//1759 1757//1757 1755//1755
f 1756//1756 1761//1761 1755//1755
f 1758//1758 1760//1760 1756//1756
f 1098//1098 1099//1099 1095//1095
f 1098//1098 1101//1101 1099//1099
f 1097//1097 1101//1101 1098//1098
f 1094//1094 1098//1098 1095//1095
f 1098//1098 1094//1094 1097//1097
f 1087//1087 1094//1094 1092//1092
f 1094//1094 1087//1087 1091//1091
f 2187//2187 2185//2185 2182//2182
f 2184//2184 2188//2188 2187//2187
f 2186//2186 2188//2188 2184//2184
f 2179//2179 2177//2177 2173//2173
f 2179//2179 2176//2176 2175//2175
f 2174//2174 2178//2178 2180//2180
f 2172//2172 2176//2176 2173//2173
f 2175//2175 2176//2176 2172//2172
f 2163//2163 2166//2166 2164//2164
f 2167//2167 2166//2166 2163//2163
f 2165//2165 2167//2167 2162//2162
f 1282//1282 1285//1285 1279//1279
f 1465//1465 1466//1466 1462//1462
f 1463//1463 1467//1467 1464//1464
f 1459//1459 1460//1460 1457//1457
f 1456//1456 1461//1461 1458//1458
f 1461//1461 1456//1456 1460//1460
f 1838//1838 1835//1835 1834//1834
f 1838//1838 1840//1840 1836//1836
f 1837//1837 1841//1841 1839//1839
f 1833//1833 1834//1834 1830//1830
f 1644//1644 1645//1645 1642//1642
f 1638//1638 1642//1642 1641//1641
f 1637//1637 1639//1639 1634//1634
f 1636//1636 1638//1638 1637//1637
f 1640//1640 1638//1638 1636//1636
f 916//916 913//913 910//910
f 912//912 916//916 909//909
f 910//910 911//911 906//906
f 907//907 912//912 909//909
f 902//902 901//901 898//898
f 898//898 903//903 899//899
f 900//900 904//904 897//897
f 764//764 765//765 762//762
f 766//766 768//768 761//761
f 756//756 757//757 754//754
f 757//757 756//756 753//753
f 759//759 760//760 753//753
f 749//749 756//756 754//754
f 753//753 756//756 749//749
f 2569//2569 2571//2571 2567//2567
f 2570//2570 2574//2574 2569//2569
f 2574//2574 2570//2570 2568//2568
f 2563//2563 2569//2569 2567//2567
f 2481//2481 2482//2482 2478//2478
f 2488//2488 2485//2485 2482//2482
f 2477//2477 2481//2481 2478//2478
f 2467//2467 2464//2464 2463//2463
f 2468//2468 2469//2469 2466//2466
f 4708//4708 4711//4711 4712//4712
f 4711//4711 4713//4713 4712//4712
f 4710//4710 4715//4715 4713//4713
f 4712//4712 4713//4713 4717//4717
f 4714//4714 4712//4712 4717//4717
f 4714//4714 4717//4717 4718//4718
f 4716//4716 4715//4715 4719//4719
f 4717//4717 4720//4720 4718//4718
f 4717//4717 4716//4716 4721//4721
f 4721//4721 4719//4719 4724//4724
f 4721//4721 4724//4724 4725//4725
f 4722//4722 4727//4727 4726//4726
f 4722//4722 4729//4729 4727//4727
f 4722//4722 4725//4725 4729//4729
f 4729//4729 4731//4731 4732//4732
f 4727//4727 4733//4733 4730//4730
f 4732//4732 4735//4735 4733//4733
f 4734//4734 4730//4730 4736//4736
f 4730//4730 4733//4733 4736//4736
f 4736//4736 4739//4739 4737//4737
f 4737//4737 4739//4739 4741//4741
f 4740//4740 4733//4733 4742//4742
f 4733//4733 4738//4738 4742//4742
f 4739//4739 4743//4743 4741//4741
f 4739//4739 4740//4740 4743//4743
f 4740//4740 4745//4745 4743//4743
f 4742//4742 4749//4749 4745//4745
f 4743//4743 4746//4746 4747//4747
f 4749//4749 4744//4744 4748//4748
f 4747//4747 4746//4746 4750//4750
f 4746//4746 4752//4752 4750//4750
f 4749//4749 4748//4748 4751//4751
f 4749//4749 4756//4756 4752//4752
f 4751//4751 4754//4754 4756//4756
f 4754//4754 4762//4762 4756//4756
f 4760//4760 4753//4753 4758//4758
f 4755//4755 4763//4763 4757//4757
f 4757//4757 4764//4764 4765//4765
f 4757//4757 4763//4763 4764//4764
f 4761//4761 4767//4767 4763//4763
f 4761//4761 4766//4766 4767//4767
f 4764//4764 4763//4763 4767//4767
f 4767//4767 4768//4768 4764//4764
f 4765//4765 4764//4764 4769//4769
f 4768//4768 4766//4766 4771//4771
f 4769//4769 4768//4768 4772//4772
f 4770//4770 4769//4769 4773//4773
f 4772//4772 4771//4771 4775//4775
f 4774//4774 4773//4773 4777//4777
f 4772//4772 4775//4775 4776//4776
f 4775//4775 4779//4779 4776//4776
f 4777//4777 4780//4780 4778//4778
f 4777//4777 4776//4776 4780//4780
f 4776//4776 4781//4781 4780//4780
f 4778//4778 4780//4780 4782//4782
f 4781//4781 4785//4785 4782//4782
f 4779//4779 4784//4784 4785//4785
f 4782//4782 4786//4786 4783//4783
f 4785//4785 4787//4787 4786//4786
f 4787//4787 4784//4784 4791//4791
f 4787//4787 4789//4789 4788//4788
f 4791//4791 4789//4789 4787//4787
f 4794//4794 4796//4796 4797//4797
f 4795//4795 4799//4799 4796//4796
f 4798//4798 4799//4799 4795//4795
f 4803//4803 4804//4804 4800//4800
f 4801//4801 4805//4805 4802//4802
f 4803//4803 4806//4806 4804//4804
f 4808//4808 4813//4813 4809//4809
f 4809//4809 4813//4813 4816//4816
f 4809//4809 4819//4819 4817//4817
f 4816//4816 4815//4815 4820//4820
f 4815//4815 4818//4818 4820//4820
f 4819//4819 4823//4823 4817//4817
f 4820//4820 4822//4822 4823//4823
f 4821//4821 4817//4817 4824//4824
f 4822//4822 4825//4825 4826//4826
f 4827//4827 4828//4828 4824//4824
f 4823//4823 4826//4826 4827//4827
f 4826//4826 4825//4825 4829//4829
f 4827//4827 4826//4826 4830//4830
f 4827//4827 4830//4830 4828//4828
f 4830//4830 4826//4826 4831//4831
f 4830//4830 4834//4834 4832//4832
f 4831//4831 4836//4836 4834//4834
f 4834//4834 4837//4837 4832//4832
f 4832//4832 4838//4838 4835//4835
f 4838//4838 4839//4839 4835//4835
f 4835//4835 4840//4840 4841//4841
f 4839//4839 4837//4837 4842//4842
f 4837//4837 4836//4836 4842//4842
f 4841//4841 4840//4840 4843//4843
f 4839//4839 4846//4846 4843//4843
f 4846//4846 4842//4842 4845//4845
f 4843//4843 4847//4847 4844//4844
f 4843//4843 4846//4846 4849//4849
f 4849//4849 4845//4845 4851//4851
f 4849//4849 4854//4854 4852//4852
f 4851//4851 4848//4848 4853//4853
f 4852//4852 4855//4855 4850//4850
f 4854//4854 4856//4856 4855//4855
f 4856//4856 4851//4851 4858//4858
f 4857//4857 4855//4855 4859//4859
f 4856//4856 4860//4860 4859//4859
f 4858//4858 4860//4860 4856//4856
f 4860//4860 4863//4863 4859//4859
f 4858//4858 4862//4862 4863//4863
f 4861//4861 4864//4864 4865//4865
f 4862//4862 4867//4867 4863//4863
f 4873//4873 4876//4876 4877//4877
f 4876//4876 4875//4875 4878//4878
f 4874//4874 4880//4880 4878//4878
f 4877//4877 4883//4883 4881//4881
f 4878//4878 4880//4880 4882//4882
f 4878//4878 4884//4884 4883//4883
f 4884//4884 4882//4882 4886//4886
f 4885//4885 4883//4883 4889//4889
f 4884//4884 4888//4888 4890//4890
f 4888//4888 4892//4892 4890//4890
f 4889//4889 4890//4890 4894//4894
f 4894//4894 4892//4892 4899//4899
f 4893//4893 4896//4896 4895//4895
f 4893//4893 4894//4894 4899//4899
f 4896//4896 4899//4899 4902//4902
f 4899//4899 4901//4901 4902//4902
f 4895//4895 4903//4903 4900//4900
f 4895//4895 4896//4896 4903//4903
f 4903//4903 4908//4908 4904//4904
f 4903//4903 4902//4902 4911//4911
f 4901//4901 4906//4906 4911//4911
f 4905//4905 4912//4912 4910//4910
f 4907//4907 4910//4910 4913//4913
f 4909//4909 4914//4914 4912//4912
f 4913//4913 4910//4910 4915//4915
f 4912//4912 4914//4914 4917//4917
f 4915//4915 4918//4918 4913//4913
f 4915//4915 4912//4912 4918//4918
f 4916//4916 4913//4913 4919//4919
f 4913//4913 4918//4918 4920//4920
f 4917//4917 4922//4922 4920//4920
f 4921//4921 4919//4919 4923//4923
f 4921//4921 4923//4923 4924//4924
f 4920//4920 4922//4922 4925//4925
f 4926//4926 4927//4927 4923//4923
f 4924//4924 4923//4923 4928//4928
f 4927//4927 4925//4925 4930//4930
f 4931//4931 4932//4932 4929//4929
f 4930//4930 4933//4933 4927//4927
f 4934//4934 4937//4937 4932//4932
f 4935//4935 4933//4933 4938//4938
f 4934//4934 4936//4936 4937//4937
f 4934//4934 4935//4935 4939//4939
f 4936//4936 4942//4942 4943//4943
f 4936//4936 4939//4939 4945//4945
f 4950//4950 4948//4948 4946//4946
f 4951//4951 4954//4954 4952//4952
f 4948//4948 4955//4955 4953//4953
f 4953//4953 4955//4955 4956//4956
f 4952//4952 4958//4958 4955//4955
f 4952//4952 4954//4954 4957//4957
f 4956//4956 4955//4955 4959//4959
f 4955//4955 4958//4958 4961//4961
f 4958//4958 4960//4960 4961//4961
f 4962//4962 4961//4961 4964//4964
f 4964//4964 4960//4960 4965//4965
f 4966//4966 4964//4964 4968//4968
f 4971//4971 4970//4970 4973//4973
f 4972//4972 4968//4968 4974//4974
f 4968//4968 4971//4971 4974//4974
f 4974//4974 4977//4977 4979//4979
f 4978//4978 4976//4976 4983//4983
f 4980//4980 4978//4978 4984//4984
f 4980//4980 4984//4984 4985//4985
f 4982//4982 4986//4986 4983//4983
f 4985//4985 4984//4984 4987//4987
f 4984//4984 4988//4988 4987//4987
f 4988//4988 4986//4986 4990//4990
f 4989//4989 4987//4987 4991//4991
f 4988//4988 4992//4992 4991//4991
f 4990//4990 4994//4994 4992//4992
f 4993//4993 4991//4991 4995//4995
f 4993//4993 4995//4995 4997//4997
f 4994//4994 4999//4999 4996//4996
f 4997//4997 5001//5001 4998//4998
f 4999//4999 5002//5002 5000//5000
f 5000//5000 5004//5004 5003//5003
f 5004//5004 5002//5002 5006//5006
f 5004//5004 5008//5008 5007//5007
f 5008//5008 5011//5011 5007//5007
f 5011//5011 5010//5010 5014//5014
f 5018//5018 5017//5017 5020//5020
f 5015//5015 5018//5018 5021//5021
f 5020//5020 5025//5025 5021//5021
f 5024//5024 5015//5015 5022//5022
f 5026//5026 5025//5025 5027//5027
f 5022//5022 5026//5026 5028//5028
f 5023//5023 5030//5030 5027//5027
f 5029//5029 5028//5028 5031//5031
f 5028//5028 5034//5034 5035//5035
f 5035//5035 5036//5036 5031//5031
f 5031//5031 5036//5036 5037//5037
f 5036//5036 5039//5039 5037//5037
f 5039//5039 5036//5036 5040//5040
f 5038//5038 5042//5042 5040//5040
f 5039//5039 5043//5043 5041//5041
f 5039//5039 5044//5044 5043//5043
f 5042//5042 5046//5046 5044//5044
f 5043//5043 5047//5047 5045//5045
f 5044//5044 5046//5046 5049//5049
f 5045//5045 5050//5050 5048//5048
f 5047//5047 5052//5052 5050//5050
f 5047//5047 5049//5049 5052//5052
f 5052//5052 5053//5053 5050//5050
f 5052//5052 5057//5057 5053//5053
f 5053//5053 5059//5059 5058//5058
f 5058//5058 5060//5060 5055//5055
f 5059//5059 5061//5061 5060//5060
f 5055//5055 5060//5060 5062//5062
f 5057//5057 5063//5063 5061//5061
f 5063//5063 5065//5065 5061//5061
f 5062//5062 5060//5060 5066//5066
f 5062//5062 5067//5067 5064//5064
f 5067//5067 5066//5066 5070//5070
f 5068//5068 5067//5067 5071//5071
f 5068//5068 5072//5072 5073//5073
f 5071//5071 5070//5070 5074//5074
f 5070//5070 5069//5069 5074//5074
f 5072//5072 5075//5075 5076//5076
f 5071//5071 5078//5078 5075//5075
f 5076//5076 5075//5075 5079//5079
f 5078//5078 5077//5077 5081//5081
f 5080//5080 5079//5079 5082//5082
f 5078//5078 5081//5081 5084//5084
f 5082//5082 5078//5078 5085//5085
f 5083//5083 5082//5082 5086//5086
f 5084//5084 5088//5088 5085//5085
f 5086//5086 5085//5085 5089//5089
f 5088//5088 5091//5091 5089//5089
f 5086//5086 5092//5092 5090//5090
f 5093//5093 5092//5092 5086//5086
f 5090//5090 5092//5092 5094//5094
f 5093//5093 5097//5097 5094//5094
f 5093//5093 5091//5091 5096//5096
f 5095//5095 5094//5094 5098//5098
f 5097//5097 5099//5099 5098//5098
f 5096//5096 5101//5101 5099//5099
f 5106//5106 5108//5108 5104//5104
f 5107//5107 5110//5110 5108//5108
f 5107//5107 5105//5105 5110//5110
f 5104//5104 5111//5111 5109//5109
f 5108//5108 5110//5110 5114//5114
f 5112//5112 5111//5111 5115//5115
f 5114//5114 5116//5116 5115//5115
f 5112//5112 5115//5115 5117//5117
f 5117//5117 5115//5115 5119//5119
f 5116//5116 5122//5122 5121//5121
f 5118//5118 5120//5120 5122//5122
f 5119//5119 5121//5121 5125//5125
f 5122//5122 5126//5126 5125//5125
f 5122//5122 5124//5124 5126//5126
f 5125//5125 5126//5126 5127//5127
f 5126//5126 5124//5124 5129//5129
f 5126//5126 5129//5129 5130//5130
f 5128//5128 5132//5132 5129//5129
f 5131//5131 5133//5133 5134//5134
f 5130//5130 5129//5129 5136//5136
f 5129//5129 5132//5132 5136//5136
f 5132//5132 5135//5135 5136//5136
f 5133//5133 5137//5137 5134//5134
f 5133//5133 5139//5139 5137//5137
f 5136//5136 5135//5135 5138//5138
f 5139//5139 5136//5136 5141//5141
f 5141//5141 5138//5138 5143//5143
f 5143//5143 5140//5140 5144//5144
f 5140//5140 5142//5142 5144//5144
f 5143//5143 5147//5147 5141//5141
f 5144//5144 5142//5142 5146//5146
f 5144//5144 5149//5149 5147//5147
f 5147//5147 5150//5150 5145//5145
f 5145//5145 5151//5151 5148//5148
f 5145//5145 5150//5150 5151//5151
f 5148//5148 5151//5151 5153//5153
f 5150//5150 5149//5149 5157//5157
f 5154//5154 5152//5152 5160//5160
f 5152//5152 5162//5162 5160//5160
f 5158//5158 5161//5161 5164//5164
f 5160//5160 5165//5165 5166//5166
f 5162//5162 5164//5164 5167//5167
f 5162//5162 5168//5168 5165//5165
f 5168//5168 5162//5162 5169//5169
f 5166//5166 5165//5165 5168//5168
f 5169//5169 5167//5167 5171//5171
f 5168//5168 5172//5172 5170//5170
f 5169//5169 5173//5173 5172//5172
f 5172//5172 5173//5173 5178//5178
f 5173//5173 5175//5175 5178//5178
f 5172//5172 5179//5179 5176//5176
f 5179//5179 5178//5178 5181//5181
f 5181//5181 5182//5182 5183//5183
f 5181//5181 5185//5185 5182//5182
f 5177//5177 5180//5180 5184//5184
f 5182//5182 5186//5186 5187//5187
f 5185//5185 5184//5184 5188//5188
f 5185//5185 5189//5189 5186//5186
f 5190//5190 5186//5186 5192//5192
f 5189//5189 5193//5193 5192//5192
f 5191//5191 5193//5193 5189//5189
f 5192//5192 5194//5194 5195//5195
f 5204//5204 5208//5208 5205//5205
f 5207//5207 5208//5208 5204//5204
f 5207//5207 5211//5211 5212//5212
f 5217//5217 5218//5218 5213//5213
f 5213//5213 5218//5218 5219//5219
f 5213//5213 5220//5220 5221//5221
f 5220//5220 5219//5219 5223//5223
f 5220//5220 5223//5223 5224//5224
f 5226//5226 5222//5222 5228//5228
f 5222//5222 5225//5225 5228//5228
f 5224//5224 5223//5223 5229//5229
f 5226//5226 5228//5228 5231//5231
f 5227//5227 5232//5232 5230//5230
f 5229//5229 5233//5233 5232//5232
f 5232//5232 5236//5236 5234//5234
f 5231//5231 5235//5235 5233//5233
f 5237//5237 5238//5238 5236//5236
f 5234//5234 5236//5236 5238//5238
f 5237//5237 5235//5235 5240//5240
f 5237//5237 5241//5241 5238//5238
f 5237//5237 5240//5240 5241//5241
f 5242//5242 5243//5243 5239//5239
f 5238//5238 5241//5241 5242//5242
f 5241//5241 5240//5240 5244//5244
f 5243//5243 5245//5245 5246//5246
f 5245//5245 5241//5241 5248//5248
f 5248//5248 5251//5251 5245//5245
f 5247//5247 5250//5250 5251//5251
f 5249//5249 5245//5245 5252//5252
f 5252//5252 5251//5251 5255//5255
f 5251//5251 5257//5257 5255//5255
f 5254//5254 5253//5253 5256//5256
f 5257//5257 5254//5254 5258//5258
f 5255//5255 5257//5257 5259//5259
f 5257//5257 5258//5258 5259//5259
f 5258//5258 5256//5256 5261//5261
f 5258//5258 5262//5262 5259//5259
f 5260//5260 5259//5259 5263//5263
f 5261//5261 5266//5266 5262//5262
f 5263//5263 5262//5262 5267//5267
f 5266//5266 5264//5264 5268//5268
f 5267//5267 5262//5262 5270//5270
f 5268//5268 5272//5272 5269//5269
f 5270//5270 5269//5269 5273//5273
f 5270//5270 5274//5274 5275//5275
f 5270//5270 5273//5273 5277//5277
f 5273//5273 5272//5272 5276//5276
f 5276//5276 5279//5279 5277//5277
f 5274//5274 5280//5280 5278//5278
f 5281//5281 5284//5284 5280//5280
f 5283//5283 5287//5287 5288//5288
f 5289//5289 5290//5290 5286//5286
f 5288//5288 5287//5287 9515//9515
f 5291//5291 5294//5294 5295//5295
f 5291//5291 5296//5296 5297//5297
f 5293//5293 5298//5298 5295//5295
f 5295//5295 5299//5299 5296//5296
f 5296//5296 5300//5300 5297//5297
f 5297//5297 5300//5300 5301//5301
f 5300//5300 5299//5299 5304//5304
f 5303//5303 5307//5307 5305//5305
f 5304//5304 5302//5302 5309//5309
f 5307//5307 5312//5312 5310//5310
f 5307//5307 5309//5309 5312//5312
f 5309//5309 5313//5313 5312//5312
f 5309//5309 5311//5311 5313//5313
f 5310//5310 5312//5312 5314//5314
f 5310//5310 5317//5317 5315//5315
f 5310//5310 5314//5314 5317//5317
f 5317//5317 5314//5314 5320//5320
f 5320//5320 5316//5316 5319//5319
f 5317//5317 5321//5321 5318//5318
f 5320//5320 5322//5322 5321//5321
f 5321//5321 5323//5323 5318//5318
f 5322//5322 5319//5319 5326//5326
f 5324//5324 5323//5323 5328//5328
f 5324//5324 5330//5330 5331//5331
f 5325//5325 5332//5332 5329//5329
f 5329//5329 5332//5332 5334//5334
f 5329//5329 5334//5334 5333//5333
f 5331//5331 5333//5333 5335//5335
f 5334//5334 5332//5332 5336//5336
f 5338//5338 5334//5334 5336//5336
f 5335//5335 5337//5337 5342//5342
f 5337//5337 5340//5340 5346//5346
f 5336//5336 5344//5344 5340//5340
f 5339//5339 5347//5347 5345//5345
f 5345//5345 5350//5350 5348//5348
f 5348//5348 5350//5350 5352//5352
f 5349//5349 5354//5354 5351//5351
f 5352//5352 5351//5351 5355//5355
f 5353//5353 5352//5352 5355//5355
f 5351//5351 5356//5356 5355//5355
f 5355//5355 5357//5357 5353//5353
f 5356//5356 5354//5354 5359//5359
f 5356//5356 5360//5360 5357//5357
f 5357//5357 5361//5361 5358//5358
f 5361//5361 5362//5362 5363//5363
f 5360//5360 5359//5359 5364//5364
f 5360//5360 5365//5365 5362//5362
f 5365//5365 5368//5368 5362//5362
f 5365//5365 5364//5364 5367//5367
f 5366//5366 5362//5362 5369//5369
f 5366//5366 5369//5369 5370//5370
f 5368//5368 5373//5373 5370//5370
f 5367//5367 5372//5372 5373//5373
f 5371//5371 5370//5370 5374//5374
f 5370//5370 5373//5373 5375//5375
f 5372//5372 5377//5377 5375//5375
f 5374//5374 5378//5378 5376//5376
f 5375//5375 5381//5381 5378//5378
f 5375//5375 5377//5377 5380//5380
f 5382//5382 5378//5378 5385//5385
f 5384//5384 5388//5388 5385//5385
f 5383//5383 5387//5387 5388//5388
f 5385//5385 5389//5389 5390//5390
f 5385//5385 5388//5388 5392//5392
f 5387//5387 5391//5391 5392//5392
f 5389//5389 5392//5392 5395//5395
f 5391//5391 5394//5394 5395//5395
f 5396//5396 5389//5389 9505//9505
f 5398//5398 9508//9508 9505//9505
f 5401//5401 5403//5403 5399//5399
f 5401//5401 5406//5406 5403//5403
f 5406//5406 5405//5405 5407//5407
f 5407//5407 5404//5404 5409//5409
f 5406//5406 5410//5410 5408//5408
f 5407//5407 5411//5411 5410//5410
f 5411//5411 5409//5409 5414//5414
f 5411//5411 5416//5416 5412//5412
f 5413//5413 5412//5412 5419//5419
f 5416//5416 5414//5414 5418//5418
f 5417//5417 5419//5419 5422//5422
f 5422//5422 5416//5416 5423//5423
f 5420//5420 5424//5424 5425//5425
f 5423//5423 5427//5427 5424//5424
f 5423//5423 5421//5421 5426//5426
f 5426//5426 5430//5430 5427//5427
f 5424//5424 5431//5431 5428//5428
f 5424//5424 5427//5427 5434//5434
f 5432//5432 5438//5438 5429//5429
f 5432//5432 5435//5435 5437//5437
f 5432//5432 5440//5440 5438//5438
f 5432//5432 5437//5437 5440//5440
f 5439//5439 5436//5436 5441//5441
f 5436//5436 5438//5438 5442//5442
f 5442//5442 5443//5443 5441//5441
f 5442//5442 5440//5440 5443//5443
f 5440//5440 5445//5445 5443//5443
f 5444//5444 5441//5441 5446//5446
f 5441//5441 5447//5447 5446//5446
f 5445//5445 5449//5449 5447//5447
f 5447//5447 5451//5451 5450//5450
f 5450//5450 5454//5454 5452//5452
f 5452//5452 5454//5454 5455//5455
f 5451//5451 5458//5458 5455//5455
f 5451//5451 5453//5453 5457//5457
f 5459//5459 5462//5462 5465//5465
f 5468//5468 5470//5470 5466//5466
f 5468//5468 5469//5469 5470//5470
f 5466//5466 5470//5470 5471//5471
f 5470//5470 5469//5469 5473//5473
f 5467//5467 5472//5472 5473//5473
f 5473//5473 5476//5476 5470//5470
f 5473//5473 5472//5472 5475//5475
f 5471//5471 5470//5470 5477//5477
f 5476//5476 5478//5478 5477//5477
f 5476//5476 5475//5475 5478//5478
f 5474//5474 5479//5479 5480//5480
f 5479//5479 5483//5483 5480//5480
f 5481//5481 5485//5485 5486//5486
f 5483//5483 5486//5486 5487//5487
f 5483//5483 5487//5487 5488//5488
f 5485//5485 5491//5491 5487//5487
f 5488//5488 5487//5487 5492//5492
f 5488//5488 5492//5492 5497//5497
f 5497//5497 5494//5494 5500//5500
f 5498//5498 5500//5500 5501//5501
f 5500//5500 5496//5496 5503//5503
f 5501//5501 5500//5500 5504//5504
f 5503//5503 5507//5507 5504//5504
f 5504//5504 5507//5507 5508//5508
f 5507//5507 5510//5510 5508//5508
f 5505//5505 5508//5508 5511//5511
f 5508//5508 5513//5513 5511//5511
f 5511//5511 5513//5513 5514//5514
f 5513//5513 5510//5510 5516//5516
f 5510//5510 5512//5512 5516//5516
f 5511//5511 5514//5514 5518//5518
f 5516//5516 5512//5512 5523//5523
f 5515//5515 5526//5526 5524//5524
f 5522//5522 5519//5519 5525//5525
f 5524//5524 5530//5530 5527//5527
f 5528//5528 5531//5531 5529//5529
f 5529//5529 5531//5531 5530//5530
f 5531//5531 5528//5528 5533//5533
f 5532//5532 5530//5530 5534//5534
f 5534//5534 5535//5535 5532//5532
f 5531//5531 5533//5533 5536//5536
f 5531//5531 5538//5538 5534//5534
f 5537//5537 5535//5535 5539//5539
f 5535//5535 5534//5534 5540//5540
f 5538//5538 5542//5542 5540//5540
f 5540//5540 5543//5543 5539//5539
f 5542//5542 5545//5545 5543//5543
f 5539//5539 5546//5546 5547//5547
f 5543//5543 5549//5549 5546//5546
f 5543//5543 5545//5545 5549//5549
f 5549//5549 5550//5550 5546//5546
f 5550//5550 5548//5548 5552//5552
f 5551//5551 5546//5546 5553//5553
f 5550//5550 5556//5556 5553//5553
f 5550//5550 5552//5552 5555//5555
f 5556//5556 5559//5559 5553//5553
f 5556//5556 5555//5555 5558//5558
f 5560//5560 5559//5559 5561//5561
f 5560//5560 5562//5562 5557//5557
f 5558//5558 5563//5563 5561//5561
f 5560//5560 5564//5564 5562//5562
f 5561//5561 5565//5565 5564//5564
f 5565//5565 5568//5568 5564//5564
f 5565//5565 5563//5563 5567//5567
f 5573//5573 5571//5571 5576//5576
f 5571//5571 5575//5575 5579//5579
f 5574//5574 5578//5578 5579//5579
f 5577//5577 5576//5576 5580//5580
f 5582//5582 5585//5585 5584//5584
f 5585//5585 5586//5586 5589//5589
f 5584//5584 5590//5590 5592//5592
f 5589//5589 5588//5588 5593//5593
f 5594//5594 5593//5593 5596//5596
f 5593//5593 5591//5591 5596//5596
f 5594//5594 5597//5597 5590//5590
f 5595//5595 5590//5590 5598//5598
f 5598//5598 5600//5600 5601//5601
f 5596//5596 5602//5602 5599//5599
f 5598//5598 5599//5599 5603//5603
f 5603//5603 5602//5602 5605//5605
f 5603//5603 5607//5607 5600//5600
f 5600//5600 5608//5608 5604//5604
f 5607//5607 5609//5609 5600//5600
f 5608//5608 5600//5600 5609//5609
f 5610//5610 5608//5608 5612//5612
f 5608//5608 5609//5609 5614//5614
f 5615//5615 5614//5614 5618//5618
f 5618//5618 5613//5613 5617//5617
f 5615//5615 5619//5619 5616//5616
f 5619//5619 5618//5618 5621//5621
f 5617//5617 5623//5623 5621//5621
f 5619//5619 5624//5624 5622//5622
f 5619//5619 5621//5621 5624//5624
f 5622//5622 5624//5624 5625//5625
f 5624//5624 5621//5621 5627//5627
f 5621//5621 5623//5623 5626//5626
f 5624//5624 5627//5627 5628//5628
f 5627//5627 5629//5629 5628//5628
f 5628//5628 5632//5632 5630//5630
f 5629//5629 5626//5626 5631//5631
f 5629//5629 5631//5631 5635//5635
f 5632//5632 5636//5636 5633//5633
f 5634//5634 5633//5633 5637//5637
f 5635//5635 5639//5639 5636//5636
f 5637//5637 5640//5640 5638//5638
f 5637//5637 5636//5636 5641//5641
f 5639//5639 5643//5643 5641//5641
f 5640//5640 5646//5646 5644//5644
f 5648//5648 5646//5646 5650//5650
f 5647//5647 5651//5651 5650//5650
f 5650//5650 5652//5652 5648//5648
f 5653//5653 5652//5652 5650//5650
f 5649//5649 5653//5653 5651//5651
f 5654//5654 5652//5652 5656//5656
f 5653//5653 5656//5656 5652//5652
f 5658//5658 5656//5656 5660//5660
f 5668//5668 5662//5662 5666//5666
f 5669//5669 5666//5666 5672//5672
f 5669//5669 5673//5673 5670//5670
f 5669//5669 5672//5672 5673//5673
f 5670//5670 5674//5674 5671//5671
f 5670//5670 5673//5673 5674//5674
f 5673//5673 5677//5677 5674//5674
f 5672//5672 5676//5676 5673//5673
f 5673//5673 5676//5676 5677//5677
f 5675//5675 5674//5674 5678//5678
f 5676//5676 5679//5679 5677//5677
f 5675//5675 5678//5678 5680//5680
f 5677//5677 5679//5679 5678//5678
f 5676//5676 5681//5681 5679//5679
f 5680//5680 5678//5678 5682//5682
f 5682//5682 5678//5678 5683//5683
f 5678//5678 5679//5679 5683//5683
f 5679//5679 5681//5681 5683//5683
f 5681//5681 5685//5685 5683//5683
f 5682//5682 5686//5686 5684//5684
f 5684//5684 5686//5686 5687//5687
f 5682//5682 5683//5683 5689//5689
f 5685//5685 5688//5688 5683//5683
f 5687//5687 5686//5686 5692//5692
f 5689//5689 5693//5693 5692//5692
f 5692//5692 5694//5694 5690//5690
f 5693//5693 5698//5698 5694//5694
f 5695//5695 5697//5697 5699//5699
f 5697//5697 5701//5701 5699//5699
f 5698//5698 5696//5696 5700//5700
f 5698//5698 5703//5703 5701//5701
f 5702//5702 5699//5699 5704//5704
f 5704//5704 5701//5701 5706//5706
f 5701//5701 5703//5703 5706//5706
f 5704//5704 5708//5708 5709//5709
f 5706//5706 5703//5703 5710//5710
f 5706//5706 5716//5716 5708//5708
f 5710//5710 5714//5714 5716//5716
f 5715//5715 5713//5713 5718//5718
f 5713//5713 5720//5720 5718//5718
f 5719//5719 5717//5717 5722//5722
f 5720//5720 5725//5725 5721//5721
f 5720//5720 5723//5723 5725//5725
f 5722//5722 5726//5726 5729//5729
f 5721//5721 5727//5727 5726//5726
f 5721//5721 5725//5725 5730//5730
f 5726//5726 5727//5727 5731//5731
f 5728//5728 5726//5726 5732//5732
f 5731//5731 5730//5730 5734//5734
f 5732//5732 5736//5736 5737//5737
f 5734//5734 5738//5738 5735//5735
f 5736//5736 5741//5741 5737//5737
f 5735//5735 5738//5738 5740//5740
f 5737//5737 5742//5742 5739//5739
f 5741//5741 5740//5740 5744//5744
f 5741//5741 5745//5745 5742//5742
f 5742//5742 5746//5746 5743//5743
f 5745//5745 5744//5744 5748//5748
f 5745//5745 5749//5749 5746//5746
f 5746//5746 5751//5751 5747//5747
f 5748//5748 5752//5752 5749//5749
f 5753//5753 5757//5757 5751//5751
f 5753//5753 5754//5754 5755//5755
f 5758//5758 5755//5755 5754//5754
f 5756//5756 5755//5755 5759//5759
f 5762//5762 5759//5759 5755//5755
f 5783//5783 5784//5784 5780//5780
f 5784//5784 5779//5779 5785//5785
f 5780//5780 5784//5784 5786//5786
f 5786//5786 5785//5785 5787//5787
f 5785//5785 5781//5781 5787//5787
f 5780//5780 5786//5786 5788//5788
f 5781//5781 5789//5789 5787//5787
f 5786//5786 5790//5790 5788//5788
f 5787//5787 5792//5792 5790//5790
f 5794//5794 5792//5792 5796//5796
f 5794//5794 5797//5797 5793//5793
f 5794//5794 5800//5800 5797//5797
f 5800//5800 5802//5802 5797//5797
f 5798//5798 5797//5797 5803//5803
f 5804//5804 5810//5810 5805//5805
f 5811//5811 5814//5814 5816//5816
f 5810//5810 5820//5820 5814//5814
f 5812//5812 5818//5818 5820//5820
f 5819//5819 5821//5821 5813//5813
f 5817//5817 5822//5822 5821//5821
f 5822//5822 5815//5815 5824//5824
f 5823//5823 5821//5821 5825//5825
f 5823//5823 5825//5825 5826//5826
f 5824//5824 5828//5828 5822//5822
f 5822//5822 5828//5828 5825//5825
f 5826//5826 5825//5825 5829//5829
f 5828//5828 5833//5833 5829//5829
f 5832//5832 5826//5826 5830//5830
f 5830//5830 5829//5829 5831//5831
f 5830//5830 5834//5834 5832//5832
f 5831//5831 5834//5834 5830//5830
f 5831//5831 5838//5838 5837//5837
f 5837//5837 5839//5839 5835//5835
f 5838//5838 5836//5836 5840//5840
f 5841//5841 5842//5842 5839//5839
f 5840//5840 5843//5843 5844//5844
f 5849//5849 5852//5852 5855//5855
f 5851//5851 5857//5857 5855//5855
f 5855//5855 5858//5858 5853//5853
f 5855//5855 5860//5860 5858//5858
f 5855//5855 5857//5857 5860//5860
f 5856//5856 5863//5863 5861//5861
f 5856//5856 5858//5858 5863//5863
f 5858//5858 5860//5860 5864//5864
f 5860//5860 5862//5862 5864//5864
f 5863//5863 5865//5865 5861//5861
f 5863//5863 5864//5864 5865//5865
f 5866//5866 5862//5862 5869//5869
f 5869//5869 5862//5862 5868//5868
f 5867//5867 5865//5865 5872//5872
f 5868//5868 5871//5871 5869//5869
f 5870//5870 5867//5867 5872//5872
f 5870//5870 5872//5872 5874//5874
f 5871//5871 5876//5876 5873//5873
f 5874//5874 5873//5873 5877//5877
f 5874//5874 5882//5882 5880//5880
f 5882//5882 5883//5883 5880//5880
f 5883//5883 5879//5879 5887//5887
f 5881//5881 5885//5885 5887//5887
f 5884//5884 5883//5883 5892//5892
f 5887//5887 5885//5885 5890//5890
f 5886//5886 5894//5894 5891//5891
f 5886//5886 5889//5889 5896//5896
f 5891//5891 5897//5897 5895//5895
f 5894//5894 5896//5896 5899//5899
f 5897//5897 5894//5894 5900//5900
f 5897//5897 5901//5901 5898//5898
f 5901//5901 5900//5900 5903//5903
f 5900//5900 5899//5899 5905//5905
f 5903//5903 5905//5905 5909//5909
f 5903//5903 5910//5910 5906//5906
f 5906//5906 5911//5911 5908//5908
f 5910//5910 5909//5909 5916//5916
f 5910//5910 5912//5912 5911//5911
f 5914//5914 5913//5913 5917//5917
f 5919//5919 5917//5917 5913//5913
f 5917//5917 5921//5921 5920//5920
f 5923//5923 5921//5921 5917//5917
f 5920//5920 5924//5924 5926//5926
f 5920//5920 5921//5921 5925//5925
f 5923//5923 5927//5927 5925//5925
f 5934//5934 5931//5931 5935//5935
f 5939//5939 5942//5942 5936//5936
f 5937//5937 5936//5936 5943//5943
f 5941//5941 5938//5938 5942//5942
f 5942//5942 5938//5938 5945//5945
f 5942//5942 5946//5946 5943//5943
f 5946//5946 5949//5949 5947//5947
f 5946//5946 5945//5945 5950//5950
f 5945//5945 5948//5948 5950//5950
f 5947//5947 5949//5949 5953//5953
f 5948//5948 5952//5952 5950//5950
f 5951//5951 5947//5947 5953//5953
f 5951//5951 5953//5953 5954//5954
f 5950//5950 5956//5956 5953//5953
f 5952//5952 5955//5955 5956//5956
f 5957//5957 5960//5960 5958//5958
f 5956//5956 5959//5959 5961//5961
f 5959//5959 5963//5963 5961//5961
f 5960//5960 5961//5961 5968//5968
f 5961//5961 5966//5966 5968//5968
f 5964//5964 5968//5968 5969//5969
f 5967//5967 5965//5965 5970//5970
f 5965//5965 5969//5969 5970//5970
f 5969//5969 5968//5968 5972//5972
f 5973//5973 5972//5972 5976//5976
f 5972//5972 5971//5971 5975//5975
f 5976//5976 5980//5980 5977//5977
f 5976//5976 5975//5975 5980//5980
f 5977//5977 5980//5980 5983//5983
f 5977//5977 5984//5984 5981//5981
f 5984//5984 5987//5987 5985//5985
f 5984//5984 5988//5988 5987//5987
f 5983//5983 5982//5982 5986//5986
f 5988//5988 5990//5990 5987//5987
f 5985//5985 5987//5987 5991//5991
f 5985//5985 5992//5992 5993//5993
f 5991//5991 5996//5996 5992//5992
f 5992//5992 5997//5997 5993//5993
f 5993//5993 5997//5997 5995//5995
f 5997//5997 5992//5992 5998//5998
f 5997//5997 5998//5998 6000//6000
f 5995//5995 6001//6001 5999//5999
f 5997//5997 6002//6002 6001//6001
f 6000//6000 6003//6003 6002//6002
f 6001//6001 6004//6004 5999//5999
f 6003//6003 6000//6000 6005//6005
f 6002//6002 6008//6008 6004//6004
f 6003//6003 6010//6010 6008//6008
f 6003//6003 6005//6005 6007//6007
f 6008//6008 6011//6011 6006//6006
f 6010//6010 6012//6012 6011//6011
f 6009//6009 6006//6006 6013//6013
f 6010//6010 6014//6014 6012//6012
f 6013//6013 6011//6011 6017//6017
f 6012//6012 6018//6018 6017//6017
f 6014//6014 6016//6016 6018//6018
f 6016//6016 6021//6021 6018//6018
f 6017//6017 6018//6018 6019//6019
f 6019//6019 6018//6018 6022//6022
f 6019//6019 6023//6023 6024//6024
f 6019//6019 6022//6022 6026//6026
f 6021//6021 6025//6025 6026//6026
f 6023//6023 6027//6027 6028//6028
f 6023//6023 6026//6026 6030//6030
f 6025//6025 6029//6029 6030//6030
f 6027//6027 6031//6031 6028//6028
f 6027//6027 6030//6030 6032//6032
f 6031//6031 6033//6033 6034//6034
f 6032//6032 6036//6036 6033//6033
f 6032//6032 6029//6029 6035//6035
f 6034//6034 6033//6033 6037//6037
f 6036//6036 6038//6038 6037//6037
f 6035//6035 6040//6040 6038//6038
f 6037//6037 6041//6041 6042//6042
f 6038//6038 6041//6041 6037//6037
f 6038//6038 6040//6040 6043//6043
f 6041//6041 6045//6045 6046//6046
f 6044//6044 6045//6045 6041//6041
f 6044//6044 6043//6043 6047//6047
f 6047//6047 6050//6050 6048//6048
f 6050//6050 6053//6053 6057//6057
f 6058//6058 6064//6064 6059//6059
f 6064//6064 6063//6063 6065//6065
f 6063//6063 6060//6060 6065//6065
f 6067//6067 6060//6060 6069//6069
f 6066//6066 6070//6070 6068//6068
f 6070//6070 6067//6067 6072//6072
f 6069//6069 6073//6073 6072//6072
f 6069//6069 6071//6071 6073//6073
f 6071//6071 6075//6075 6073//6073
f 6073//6073 6075//6075 6077//6077
f 6072//6072 6078//6078 6076//6076
f 6078//6078 6073//6073 6080//6080
f 6079//6079 6076//6076 6081//6081
f 6078//6078 6082//6082 6081//6081
f 6082//6082 6080//6080 6085//6085
f 6082//6082 6086//6086 6083//6083
f 6084//6084 6083//6083 6087//6087
f 6085//6085 6089//6089 6086//6086
f 6086//6086 6091//6091 6087//6087
f 6087//6087 6092//6092 6088//6088
f 6088//6088 6093//6093 6090//6090
f 6093//6093 6092//6092 6094//6094
f 6094//6094 6091//6091 6096//6096
f 6099//6099 6100//6100 6103//6103
f 6098//6098 6102//6102 6103//6103
f 6101//6101 6099//6099 6104//6104
f 6105//6105 6108//6108 6111//6111
f 6107//6107 6110//6110 6112//6112
f 6109//6109 6111//6111 6113//6113
f 6112//6112 6110//6110 6114//6114
f 6115//6115 6112//6112 6116//6116
f 6115//6115 6117//6117 6113//6113
f 6115//6115 6116//6116 6117//6117
f 6117//6117 6116//6116 6118//6118
f 6118//6118 6114//6114 6121//6121
f 6118//6118 6124//6124 6119//6119
f 6122//6122 6119//6119 6124//6124
f 6121//6121 6125//6125 6124//6124
f 6125//6125 6121//6121 6123//6123
f 6124//6124 6126//6126 6122//6122
f 6125//6125 6127//6127 6126//6126
f 6125//6125 6123//6123 6127//6127
f 6123//6123 6129//6129 6127//6127
f 6126//6126 6127//6127 6131//6131
f 6130//6130 6138//6138 6135//6135
f 6133//6133 6139//6139 6138//6138
f 6137//6137 6141//6141 6139//6139
f 6139//6139 6142//6142 6138//6138
f 6138//6138 6143//6143 6140//6140
f 6143//6143 6142//6142 6144//6144
f 6140//6140 6143//6143 6145//6145
f 6141//6141 6147//6147 6144//6144
f 6144//6144 6148//6148 6145//6145
f 6149//6149 6151//6151 6146//6146
f 6145//6145 6148//6148 6150//6150
f 6147//6147 6152//6152 6150//6150
f 6154//6154 6157//6157 6153//6153
f 6160//6160 6161//6161 6158//6158
f 6157//6157 6159//6159 6162//6162
f 6169//6169 6165//6165 6168//6168
f 6171//6171 6174//6174 6172//6172
f 6170//6170 6172//6172 6175//6175
f 6174//6174 6177//6177 6172//6172
f 6172//6172 6177//6177 6180//6180
f 6178//6178 6172//6172 6180//6180
f 6176//6176 6179//6179 6177//6177
f 6180//6180 6183//6183 6181//6181
f 6177//6177 6179//6179 6182//6182
f 6183//6183 6177//6177 6184//6184
f 6184//6184 6182//6182 6186//6186
f 6183//6183 6187//6187 6185//6185
f 6184//6184 6186//6186 6189//6189
f 6187//6187 6190//6190 6185//6185
f 6188//6188 6185//6185 6191//6191
f 6189//6189 6193//6193 6190//6190
f 6191//6191 6195//6195 6192//6192
f 6191//6191 6194//6194 6195//6195
f 6194//6194 6193//6193 6197//6197
f 6194//6194 6198//6198 6195//6195
f 6194//6194 6197//6197 6198//6198
f 6196//6196 6195//6195 6199//6199
f 6198//6198 6203//6203 6201//6201
f 6201//6201 6206//6206 6204//6204
f 6203//6203 6209//6209 6206//6206
f 6203//6203 6205//6205 6208//6208
f 6209//6209 6210//6210 6206//6206
f 6207//6207 6211//6211 6212//6212
f 6210//6210 6208//6208 6213//6213
f 6212//6212 6211//6211 6214//6214
f 6210//6210 6215//6215 6211//6211
f 6214//6214 6216//6216 6212//6212
f 6214//6214 6217//6217 6216//6216
f 6217//6217 6219//6219 6221//6221
f 6220//6220 6218//6218 6222//6222
f 6218//6218 6216//6216 6222//6222
f 6222//6222 6217//6217 6223//6223
f 6224//6224 6222//6222 6226//6226
f 6222//6222 6223//6223 6226//6226
f 6223//6223 6227//6227 6226//6226
f 6226//6226 6229//6229 6224//6224
f 6226//6226 6235//6235 6229//6229
f 6225//6225 6233//6233 6235//6235
f 6228//6228 6234//6234 6236//6236
f 6232//6232 6237//6237 6236//6236
f 6230//6230 6239//6239 6237//6237
f 6237//6237 6239//6239 6240//6240
f 6238//6238 6236//6236 6241//6241
f 6239//6239 6243//6243 6240//6240
f 6241//6241 6240//6240 6244//6244
f 6242//6242 6241//6241 6245//6245
f 6244//6244 6243//6243 6248//6248
f 6244//6244 6249//6249 6245//6245
f 6249//6249 6248//6248 6250//6250
f 6249//6249 6251//6251 6252//6252
f 6246//6246 6253//6253 6250//6250
f 6253//6253 6255//6255 6250//6250
f 6256//6256 6250//6250 6258//6258
f 6254//6254 6259//6259 6257//6257
f 6256//6256 6260//6260 6259//6259
f 6257//6257 6259//6259 6261//6261
f 6260//6260 6258//6258 6263//6263
f 6260//6260 6264//6264 6261//6261
f 6264//6264 6267//6267 6261//6261
f 6268//6268 6269//6269 6265//6265
f 6269//6269 6273//6273 6271//6271
f 6273//6273 6275//6275 6276//6276
f 6274//6274 6272//6272 6277//6277
f 6275//6275 6274//6274 6278//6278
f 6276//6276 6275//6275 6279//6279
f 6282//6282 6283//6283 6279//6279
f 6281//6281 6283//6283 6282//6282
f 6289//6289 6283//6283 6290//6290
f 6294//6294 6299//6299 6293//6293
f 6295//6295 6292//6292 6297//6297
f 6291//6291 6293//6293 6296//6296
f 6293//6293 6301//6301 6300//6300
f 6293//6293 6299//6299 6301//6301
f 6298//6298 6296//6296 6302//6302
f 6301//6301 6305//6305 6300//6300
f 6302//6302 6300//6300 6306//6306
f 6307//6307 6304//6304 6302//6302
f 6305//6305 6309//6309 6306//6306
f 6307//6307 6310//6310 6308//6308
f 6306//6306 6313//6313 6310//6310
f 6306//6306 6309//6309 6312//6312
f 6310//6310 6313//6313 6316//6316
f 6312//6312 6315//6315 6313//6313
f 6311//6311 6316//6316 6314//6314
f 6314//6314 6319//6319 6317//6317
f 6314//6314 6316//6316 6320//6320
f 6316//6316 6318//6318 6320//6320
f 6318//6318 6323//6323 6321//6321
f 6321//6321 6323//6323 6326//6326
f 6324//6324 6327//6327 6325//6325
f 6326//6326 6330//6330 6328//6328
f 6327//6327 6328//6328 6331//6331
f 6331//6331 6330//6330 6334//6334
f 6332//6332 6331//6331 6335//6335
f 6331//6331 6338//6338 6335//6335
f 6337//6337 6338//6338 6331//6331
f 6341//6341 6346//6346 6344//6344
f 6346//6346 6348//6348 6344//6344
f 6343//6343 6349//6349 6347//6347
f 6350//6350 6353//6353 6349//6349
f 6352//6352 6353//6353 6350//6350
f 6359//6359 6360//6360 6358//6358
f 6358//6358 6365//6365 6363//6363
f 6358//6358 6360//6360 6365//6365
f 6362//6362 6364//6364 6360//6360
f 6360//6360 6364//6364 6366//6366
f 6366//6366 6364//6364 6369//6369
f 6366//6366 6370//6370 6367//6367
f 6368//6368 6371//6371 6372//6372
f 6367//6367 6370//6370 6371//6371
f 6370//6370 6373//6373 6374//6374
f 6371//6371 6374//6374 6375//6375
f 6374//6374 6373//6373 6377//6377
f 6375//6375 6374//6374 6378//6378
f 6378//6378 6382//6382 6375//6375
f 6378//6378 6381//6381 6382//6382
f 6377//6377 6376//6376 6380//6380
f 6380//6380 6384//6384 6381//6381
f 6383//6383 6386//6386 6384//6384
f 6385//6385 6382//6382 6387//6387
f 6382//6382 6381//6381 6387//6387
f 6387//6387 6389//6389 6391//6391
f 6385//6385 6387//6387 6392//6392
f 6393//6393 6396//6396 6398//6398
f 6392//6392 6402//6402 6396//6396
f 6392//6392 6391//6391 6402//6402
f 6391//6391 6394//6394 6400//6400
f 6401//6401 6403//6403 6395//6395
f 6401//6401 6405//6405 6403//6403
f 6399//6399 6406//6406 6405//6405
f 6399//6399 6397//6397 6406//6406
f 6397//6397 6404//6404 6406//6406
f 6405//6405 6410//6410 6407//6407
f 6405//6405 6406//6406 6409//6409
f 6406//6406 6404//6404 6409//6409
f 6408//6408 6411//6411 6412//6412
f 6408//6408 6407//6407 6411//6411
f 6407//6407 6410//6410 6414//6414
f 6409//6409 6413//6413 6414//6414
f 6411//6411 6414//6414 6418//6418
f 6413//6413 6416//6416 6418//6418
f 6411//6411 6419//6419 6415//6415
f 6417//6417 6415//6415 6420//6420
f 6419//6419 6423//6423 6420//6420
f 6419//6419 6418//6418 6422//6422
f 6424//6424 6426//6426 6421//6421
f 6422//6422 6427//6427 6423//6423
f 6432//6432 6428//6428 6433//6433
f 6433//6433 6437//6437 6436//6436
f 6439//6439 6437//6437 6433//6433
f 6436//6436 6437//6437 9519//9519
f 6439//6439 9518//9518 9519//9519
f 6446//6446 6442//6442 6444//6444
f 6441//6441 6445//6445 6447//6447
f 6441//6441 6448//6448 6443//6443
f 6443//6443 6448//6448 6449//6449
f 6449//6449 6448//6448 6451//6451
f 6451//6451 6447//6447 6453//6453
f 6447//6447 6450//6450 6455//6455
f 6451//6451 6453//6453 6458//6458
f 6458//6458 6455//6455 6460//6460
f 6460//6460 6457//6457 6462//6462
f 6458//6458 6464//6464 6461//6461
f 6462//6462 6466//6466 6463//6463
f 6467//6467 6463//6463 6469//6469
f 6469//6469 6466//6466 6471//6471
f 6469//6469 6474//6474 6472//6472
f 6469//6469 6471//6471 6476//6476
f 6472//6472 6477//6477 6475//6475
f 6477//6477 6474//6474 6480//6480
f 6474//6474 6476//6476 6479//6479
f 6477//6477 6481//6481 6478//6478
f 6479//6479 6483//6483 6480//6480
f 6480//6480 6484//6484 6481//6481
f 6481//6481 6487//6487 6485//6485
f 6484//6484 6483//6483 6488//6488
f 6487//6487 6488//6488 6491//6491
f 6489//6489 6487//6487 6493//6493
f 6491//6491 6499//6499 6493//6493
f 6490//6490 6497//6497 6499//6499
f 6496//6496 6494//6494 6502//6502
f 6500//6500 6498//6498 6503//6503
f 6498//6498 6496//6496 6503//6503
f 6503//6503 6496//6496 6505//6505
f 6505//6505 6501//6501 6507//6507
f 6505//6505 6509//6509 6503//6503
f 6508//6508 6510//6510 6511//6511
f 6508//6508 6509//6509 6513//6513
f 6509//6509 6505//6505 6512//6512
f 6510//6510 6513//6513 6514//6514
f 6511//6511 6510//6510 6515//6515
f 6512//6512 6518//6518 6514//6514
f 6514//6514 6518//6518 6520//6520
f 6514//6514 6521//6521 6515//6515
f 6521//6521 6520//6520 6522//6522
f 6522//6522 6516//6516 6524//6524
f 6521//6521 6525//6525 6526//6526
f 6522//6522 6524//6524 6527//6527
f 6526//6526 6525//6525 6528//6528
f 6522//6522 6527//6527 6530//6530
f 6522//6522 6531//6531 6528//6528
f 6531//6531 6533//6533 6532//6532
f 6534//6534 6537//6537 6538//6538
f 6540//6540 6538//6538 6537//6537
f 6541//6541 6538//6538 6544//6544
f 6543//6543 6544//6544 6538//6538
f 6541//6541 6544//6544 6547//6547
f 6546//6546 6547//6547 6544//6544
f 6548//6548 6550//6550 6545//6545
f 6547//6547 6549//6549 6548//6548
f 6546//6546 6551//6551 6549//6549
f 6548//6548 6552//6552 6550//6550
f 6558//6558 6554//6554 6556//6556
f 6558//6558 6560//6560 6557//6557
f 6553//6553 6561//6561 6555//6555
f 6555//6555 6561//6561 6559//6559
f 6553//6553 6562//6562 6561//6561
f 6559//6559 6561//6561 6563//6563
f 6562//6562 6566//6566 6563//6563
f 6562//6562 6560//6560 6565//6565
f 6563//6563 6567//6567 6564//6564
f 6564//6564 6567//6567 6569//6569
f 6565//6565 6570//6570 6568//6568
f 6571//6571 6569//6569 6573//6573
f 6567//6567 6575//6575 6569//6569
f 6573//6573 6569//6569 6575//6575
f 6572//6572 6577//6577 6575//6575
f 6576//6576 6573//6573 6578//6578
f 6573//6573 6575//6575 6580//6580
f 6575//6575 6582//6582 6580//6580
f 6577//6577 6579//6579 6582//6582
f 6580//6580 6583//6583 6578//6578
f 6578//6578 6583//6583 6581//6581
f 6581//6581 6583//6583 6584//6584
f 6582//6582 6587//6587 6586//6586
f 6586//6586 6588//6588 6584//6584
f 6586//6586 6587//6587 6589//6589
f 6585//6585 6591//6591 6589//6589
f 6588//6588 6595//6595 6592//6592
f 6593//6593 6592//6592 6596//6596
f 6592//6592 6595//6595 6596//6596
f 6599//6599 6598//6598 6600//6600
f 6600//6600 6598//6598 6602//6602
f 6600//6600 6604//6604 6599//6599
f 6602//6602 6610//6610 6604//6604
f 6599//6599 6606//6606 6608//6608
f 6603//6603 6609//6609 6612//6612
f 6603//6603 6612//6612 6611//6611
f 6612//6612 6607//6607 6614//6614
f 6603//6603 6611//6611 6613//6613
f 6612//6612 6614//6614 6616//6616
f 6611//6611 6617//6617 6615//6615
f 6612//6612 6618//6618 6617//6617
f 6616//6616 6621//6621 6618//6618
f 6617//6617 6618//6618 6619//6619
f 6620//6620 6615//6615 6622//6622
f 6619//6619 6621//6621 6624//6624
f 6622//6622 6619//6619 6627//6627
f 6624//6624 6626//6626 6627//6627
f 6622//6622 6628//6628 6625//6625
f 6627//6627 6626//6626 6630//6630
f 6628//6628 6631//6631 6629//6629
f 6627//6627 6632//6632 6631//6631
f 6632//6632 6630//6630 6634//6634
f 6633//6633 6631//6631 6635//6635
f 6632//6632 6634//6634 6637//6637
f 6639//6639 6640//6640 6636//6636
f 6637//6637 6641//6641 6638//6638
f 6643//6643 6642//6642 6646//6646
f 6646//6646 6645//6645 6650//6650
f 6643//6643 6647//6647 6649//6649
f 6646//6646 6648//6648 6647//6647
f 6648//6648 6652//6652 6651//6651
f 6651//6651 6655//6655 6649//6649
f 6652//6652 6653//6653 6651//6651
f 6650//6650 6656//6656 6653//6653
f 6654//6654 6657//6657 6655//6655
f 6659//6659 6664//6664 6660//6660
f 6663//6663 6668//6668 6666//6666
f 6667//6667 6669//6669 6670//6670
f 6666//6666 6669//6669 6664//6664
f 6666//6666 6668//6668 6671//6671
f 6666//6666 6672//6672 6669//6669
f 6670//6670 6669//6669 6673//6673
f 6671//6671 6674//6674 6672//6672
f 6669//6669 6675//6675 6673//6673
f 6672//6672 6677//6677 6675//6675
f 6672//6672 6674//6674 6677//6677
f 6676//6676 6673//6673 6679//6679
f 6673//6673 6675//6675 6678//6678
f 6677//6677 6680//6680 6678//6678
f 6679//6679 6673//6673 6681//6681
f 6681//6681 6678//6678 6682//6682
f 6678//6678 6680//6680 6682//6682
f 6681//6681 6685//6685 6683//6683
f 6685//6685 6682//6682 6688//6688
f 6684//6684 6689//6689 6688//6688
f 6684//6684 6687//6687 6689//6689
f 6688//6688 6691//6691 6686//6686
f 6690//6690 6689//6689 6687//6687
f 6691//6691 6694//6694 6692//6692
f 6691//6691 6695//6695 6694//6694
f 6690//6690 6687//6687 6695//6695
f 6694//6694 6695//6695 6698//6698
f 6693//6693 6697//6697 6698//6698
f 6694//6694 6699//6699 6696//6696
f 6699//6699 6700//6700 6701//6701
f 6698//6698 6697//6697 6702//6702
f 6698//6698 6703//6703 6700//6700
f 6704//6704 6703//6703 6705//6705
f 6706//6706 6712//6712 6709//6709
f 6720//6720 6723//6723 6724//6724
f 6724//6724 6722//6722 6727//6727
f 6721//6721 6726//6726 6727//6727
f 6724//6724 6727//6727 6728//6728
f 6729//6729 6725//6725 6731//6731
f 6728//6728 6733//6733 6731//6731
f 6733//6733 6730//6730 6734//6734
f 6734//6734 6732//6732 6736//6736
f 6734//6734 6737//6737 6733//6733
f 6735//6735 6733//6733 6738//6738
f 6737//6737 6736//6736 6740//6740
f 6739//6739 6738//6738 6742//6742
f 6738//6738 6741//6741 6744//6744
f 6741//6741 6745//6745 6744//6744
f 6741//6741 6740//6740 6745//6745
f 6742//6742 6744//6744 6748//6748
f 6745//6745 6743//6743 6747//6747
f 6747//6747 6751//6751 6749//6749
f 6748//6748 6752//6752 6750//6750
f 6749//6749 6751//6751 6754//6754
f 6750//6750 6755//6755 6753//6753
f 6750//6750 6752//6752 6755//6755
f 6753//6753 6755//6755 6756//6756
f 6752//6752 6754//6754 6759//6759
f 6756//6756 6752//6752 6762//6762
f 6759//6759 6757//6757 6761//6761
f 6762//6762 6763//6763 6760//6760
f 6758//6758 6760//6760 6764//6764
f 6760//6760 6763//6763 6764//6764
f 6759//6759 6767//6767 6763//6763
f 6764//6764 6763//6763 6768//6768
f 6764//6764 6768//6768 6769//6769
f 6767//6767 6770//6770 6769//6769
f 6765//6765 6772//6772 6770//6770
f 6771//6771 6769//6769 6773//6773
f 6770//6770 6772//6772 6776//6776
f 6774//6774 6770//6770 6777//6777
f 6776//6776 6775//6775 6779//6779
f 6778//6778 6774//6774 6780//6780
f 6776//6776 6779//6779 6777//6777
f 6780//6780 6777//6777 6782//6782
f 6782//6782 6779//6779 6783//6783
f 6781//6781 6785//6785 6783//6783
f 6780//6780 6786//6786 6784//6784
f 6780//6780 6782//6782 6786//6786
f 6782//6782 6783//6783 6787//6787
f 6786//6786 6788//6788 6789//6789
f 6786//6786 6787//6787 6791//6791
f 6788//6788 6792//6792 6789//6789
f 6791//6791 6795//6795 6792//6792
f 6793//6793 6792//6792 6796//6796
f 6795//6795 6794//6794 6798//6798
f 6798//6798 6800//6800 6795//6795
f 6799//6799 6796//6796 6801//6801
f 6795//6795 6802//6802 6801//6801
f 6800//6800 6804//6804 6802//6802
f 6801//6801 6805//6805 6807//6807
f 6801//6801 6802//6802 6806//6806
f 6804//6804 6808//6808 6806//6806
f 6815//6815 6817//6817 6812//6812
f 6814//6814 6816//6816 6815//6815
f 6813//6813 6818//6818 6816//6816
f 6815//6815 6819//6819 6817//6817
f 6818//6818 6820//6820 6816//6816
f 6821//6821 6822//6822 6819//6819
f 6820//6820 6823//6823 6824//6824
f 6829//6829 6834//6834 6831//6831
f 6834//6834 6835//6835 6836//6836
f 6834//6834 6837//6837 6831//6831
f 6834//6834 6836//6836 6837//6837
f 6836//6836 6832//6832 6839//6839
f 6837//6837 6842//6842 6838//6838
f 6838//6838 6842//6842 6844//6844
f 6840//6840 6844//6844 6846//6846
f 6843//6843 6845//6845 6844//6844
f 6845//6845 6841//6841 6847//6847
f 6847//6847 6849//6849 6845//6845
f 6846//6846 6844//6844 6850//6850
f 6850//6850 6845//6845 6851//6851
f 6849//6849 6854//6854 6851//6851
f 6850//6850 6855//6855 6852//6852
f 6850//6850 6851//6851 6856//6856
f 6851//6851 6853//6853 6856//6856
f 6856//6856 6853//6853 6858//6858
f 6857//6857 6855//6855 6859//6859
f 6859//6859 6856//6856 6861//6861
f 6856//6856 6862//6862 6861//6861
f 6859//6859 6861//6861 6863//6863
f 6862//6862 6860//6860 6864//6864
f 6867//6867 6862//6862 6864//6864
f 6864//6864 6869//6869 6867//6867
f 6867//6867 6869//6869 6870//6870
f 6869//6869 6866//6866 6873//6873
f 6869//6869 6878//6878 6870//6870
f 6869//6869 6873//6873 6881//6881
f 6880//6880 6882//6882 6877//6877
f 6882//6882 6875//6875 6884//6884
f 6882//6882 6884//6884 6887//6887
f 6886//6886 6885//6885 6888//6888
f 6882//6882 6890//6890 6888//6888
f 6882//6882 6887//6887 6890//6890
f 6887//6887 6893//6893 6890//6890
f 6888//6888 6891//6891 6894//6894
f 6889//6889 6895//6895 6893//6893
f 6894//6894 6891//6891 6896//6896
f 6892//6892 6894//6894 6897//6897
f 6893//6893 6899//6899 6896//6896
f 6897//6897 6900//6900 6901//6901
f 6899//6899 6902//6902 6896//6896
f 6900//6900 6896//6896 6903//6903
f 6903//6903 6902//6902 6905//6905
f 6900//6900 6906//6906 6904//6904
f 6903//6903 6907//6907 6906//6906
f 6908//6908 6910//6910 6904//6904
f 6907//6907 6909//6909 6908//6908
f 6905//6905 6911//6911 6909//6909
f 6912//6912 6914//6914 6910//6910
f 6909//6909 6913//6913 6912//6912
f 6911//6911 6915//6915 6913//6913
f 6919//6919 6921//6921 6920//6920
f 6918//6918 6921//6921 6919//6919
f 6926//6926 6928//6928 6929//6929
f 6930//6930 6931//6931 6929//6929
f 6927//6927 6933//6933 6931//6931
f 6929//6929 6934//6934 6932//6932
f 6929//6929 6931//6931 6935//6935
f 6933//6933 6937//6937 6935//6935
f 6936//6936 6934//6934 6938//6938
f 6934//6934 6940//6940 6938//6938
f 6935//6935 6937//6937 6940//6940
f 6940//6940 6941//6941 6938//6938
f 6938//6938 6941//6941 6942//6942
f 6941//6941 6945//6945 6942//6942
f 6944//6944 6946//6946 6945//6945
f 6946//6946 6943//6943 6948//6948
f 6947//6947 6945//6945 6949//6949
f 6946//6946 6955//6955 6949//6949
f 6946//6946 6948//6948 6955//6955
f 6952//6952 6959//6959 6957//6957
f 6950//6950 6956//6956 6958//6958
f 6950//6950 6961//6961 6959//6959
f 6950//6950 6958//6958 6961//6961
f 6959//6959 6961//6961 6964//6964
f 6961//6961 6963//6963 6964//6964
f 6962//6962 6959//6959 6965//6965
f 6965//6965 6967//6967 6962//6962
f 6966//6966 6963//6963 6969//6969
f 6966//6966 6972//6972 6967//6967
f 6966//6966 6969//6969 6971//6971
f 6970//6970 6967//6967 6973//6973
f 6973//6973 6975//6975 6970//6970
f 6971//6971 6976//6976 6972//6972
f 6979//6979 6976//6976 6978//6978
f 6986//6986 6983//6983 6985//6985
f 6986//6986 6981//6981 6983//6983
f 6980//6980 6987//6987 6982//6982
f 6985//6985 6983//6983 6992//6992
f 6987//6987 6989//6989 6990//6990
f 6989//6989 6992//6992 6993//6993
f 6989//6989 6993//6993 6994//6994
f 6993//6993 6991//6991 6996//6996
f 6994//6994 6993//6993 6997//6997
f 6996//6996 6999//6999 6997//6997
f 6994//6994 7000//7000 6998//6998
f 6997//6997 7001//7001 7000//7000
f 7000//7000 7001//7001 6998//6998
f 6997//6997 6999//6999 7003//7003
f 7002//7002 6998//6998 7004//7004
f 7001//7001 7003//7003 7006//7006
f 7004//7004 7001//7001 7009//7009
f 7001//7001 7006//7006 7008//7008
f 7007//7007 7005//7005 7010//7010
f 7009//7009 7013//7013 7010//7010
f 7008//7008 7012//7012 7013//7013
f 7014//7014 7012//7012 7016//7016
f 7010//7010 7017//7017 7015//7015
f 7017//7017 7018//7018 7015//7015
f 7017//7017 7014//7014 7019//7019
f 7019//7019 7016//7016 7021//7021
f 7018//7018 7022//7022 7020//7020
f 7021//7021 7023//7023 7019//7019
f 7025//7025 7029//7029 7027//7027
f 7026//7026 7030//7030 7028//7028
f 7030//7030 7027//7027 7031//7031
f 7028//7028 7032//7032 7033//7033
f 7034//7034 7035//7035 7030//7030
f 7030//7030 7035//7035 7032//7032
f 7032//7032 7038//7038 7036//7036
f 7032//7032 7035//7035 7038//7038
f 7035//7035 7034//7034 7039//7039
f 7034//7034 7037//7037 7039//7039
f 7038//7038 7043//7043 7040//7040
f 7038//7038 7039//7039 7042//7042
f 7039//7039 7037//7037 7041//7041
f 7041//7041 7045//7045 7042//7042
f 7040//7040 7043//7043 7047//7047
f 7043//7043 7042//7042 7046//7046
f 7042//7042 7045//7045 7046//7046
f 7044//7044 7040//7040 7047//7047
f 7047//7047 7043//7043 7046//7046
f 7045//7045 7050//7050 7046//7046
f 7045//7045 7048//7048 7050//7050
f 7046//7046 7052//7052 7047//7047
f 7049//7049 7047//7047 7052//7052
f 7052//7052 7046//7046 7051//7051
f 7051//7051 7050//7050 7054//7054
f 7050//7050 7057//7057 7054//7054
f 7050//7050 7056//7056 7057//7057
f 7050//7050 7053//7053 7056//7056
f 7057//7057 7056//7056 7060//7060
f 7059//7059 7058//7058 7062//7062
f 7058//7058 7061//7061 7062//7062
f 7057//7057 7060//7060 7061//7061
f 7060//7060 7064//7064 7061//7061
f 7063//7063 7062//7062 7065//7065
f 7062//7062 7061//7061 7066//7066
f 7061//7061 7064//7064 7066//7066
f 7065//7065 7069//7069 7067//7067
f 7066//7066 7070//7070 7069//7069
f 7068//7068 7072//7072 7070//7070
f 7069//7069 7070//7070 7075//7075
f 7070//7070 7072//7072 7074//7074
f 7071//7071 7075//7075 7077//7077
f 7074//7074 7079//7079 7076//7076
f 7073//7073 7077//7077 7080//7080
f 7080//7080 7076//7076 7081//7081
f 7081//7081 7079//7079 7083//7083
f 7080//7080 7085//7085 7082//7082
f 7085//7085 7084//7084 7086//7086
f 7082//7082 7085//7085 7087//7087
f 7082//7082 7087//7087 7088//7088
f 7083//7083 7089//7089 7086//7086
f 7087//7087 7090//7090 7091//7091
f 7089//7089 7092//7092 7086//7086
f 7090//7090 7086//7086 7093//7093
f 7090//7090 7094//7094 7091//7091
f 7094//7094 7095//7095 7091//7091
f 7093//7093 7098//7098 7095//7095
f 7093//7093 7092//7092 7097//7097
f 7096//7096 7095//7095 7099//7099
f 7098//7098 7100//7100 7099//7099
f 7100//7100 7097//7097 7102//7102
f 7103//7103 7104//7104 7101//7101
f 7102//7102 7105//7105 7100//7100
f 7103//7103 7108//7108 7104//7104
f 7105//7105 7109//7109 7106//7106
f 7107//7107 7110//7110 7108//7108
f 7111//7111 7114//7114 7110//7110
f 7110//7110 7115//7115 7116//7116
f 7114//7114 7113//7113 7117//7117
f 7115//7115 7118//7118 7116//7116
f 7114//7114 7120//7120 7115//7115
f 7117//7117 7119//7119 7120//7120
f 7121//7121 7123//7123 7118//7118
f 7119//7119 7124//7124 7120//7120
f 7128//7128 7124//7124 7127//7127
f 7130//7130 7132//7132 7135//7135
f 7135//7135 7132//7132 7134//7134
f 7134//7134 7140//7140 7136//7136
f 7134//7134 7132//7132 7141//7141
f 7140//7140 7142//7142 7137//7137
f 7141//7141 7138//7138 7144//7144
f 7145//7145 7142//7142 7146//7146
f 7142//7142 7144//7144 7146//7146
f 7145//7145 7150//7150 7143//7143
f 7146//7146 7149//7149 7150//7150
f 7146//7146 7144//7144 7148//7148
f 7147//7147 7143//7143 7150//7150
f 7147//7147 7150//7150 7151//7151
f 7148//7148 7154//7154 7149//7149
f 7149//7149 7154//7154 7155//7155
f 7154//7154 7158//7158 7155//7155
f 7154//7154 7152//7152 7157//7157
f 7156//7156 7155//7155 7159//7159
f 7158//7158 7157//7157 7161//7161
f 7159//7159 7158//7158 7162//7162
f 7159//7159 7163//7163 7160//7160
f 7161//7161 7164//7164 7162//7162
f 7162//7162 7169//7169 7159//7159
f 7164//7164 7167//7167 7162//7162
f 7159//7159 7171//7171 7165//7165
f 7168//7168 7173//7173 7170//7170
f 7173//7173 7166//7166 7177//7177
f 7166//7166 7172//7172 7175//7175
f 7176//7176 7174//7174 7178//7178
f 7174//7174 7173//7173 7179//7179
f 7177//7177 7181//7181 7179//7179
f 7180//7180 7178//7178 7182//7182
f 7181//7181 7184//7184 7179//7179
f 7179//7179 7185//7185 7182//7182
f 7182//7182 7186//7186 7187//7187
f 7184//7184 7188//7188 7185//7185
f 7186//7186 7185//7185 7189//7189
f 7186//7186 7190//7190 7187//7187
f 7189//7189 7188//7188 7192//7192
f 7189//7189 7193//7193 7190//7190
f 7191//7191 7190//7190 7194//7194
f 7193//7193 7197//7197 7194//7194
f 7193//7193 7192//7192 7196//7196
f 7195//7195 7194//7194 7198//7198
f 7197//7197 7199//7199 7198//7198
f 7196//7196 7201//7201 7199//7199
f 7198//7198 7202//7202 7204//7204
f 7198//7198 7199//7199 7203//7203
f 7199//7199 7201//7201 7205//7205
f 7203//7203 7206//7206 7202//7202
f 7214//7214 7218//7218 7216//7216
f 7216//7216 7218//7218 7220//7220
f 7218//7218 7219//7219 7221//7221
f 7221//7221 7217//7217 7223//7223
f 7220//7220 7221//7221 7225//7225
f 7222//7222 7227//7227 7224//7224
f 7226//7226 7231//7231 7227//7227
f 7225//7225 7230//7230 7231//7231
f 7229//7229 7227//7227 7232//7232
f 7232//7232 7231//7231 7233//7233
f 7232//7232 7233//7233 7234//7234
f 7233//7233 7230//7230 7236//7236
f 7234//7234 7233//7233 7237//7237
f 7235//7235 7239//7239 7241//7241
f 7238//7238 7237//7237 7242//7242
f 7240//7240 7238//7238 7243//7243
f 7242//7242 7246//7246 7243//7243
f 7244//7244 7247//7247 7248//7248
f 7245//7245 7249//7249 7246//7246
f 7243//7243 7246//7246 7249//7249
f 7243//7243 7251//7251 7247//7247
f 7250//7250 7248//7248 7253//7253
f 7253//7253 7252//7252 7257//7257
f 7251//7251 7256//7256 7257//7257
f 7257//7257 7256//7256 7259//7259
f 7254//7254 7253//7253 7261//7261
f 7258//7258 7264//7264 7263//7263
f 7263//7263 7265//7265 7266//7266
f 7263//7263 7264//7264 7268//7268
f 7262//7262 7267//7267 7268//7268
f 7268//7268 7269//7269 7265//7265
f 7265//7265 7270//7270 7271//7271
f 7268//7268 7267//7267 7272//7272
f 7269//7269 7273//7273 7270//7270
f 7271//7271 7270//7270 7273//7273
f 7269//7269 7276//7276 7273//7273
f 7269//7269 7272//7272 7275//7275
f 7276//7276 7279//7279 7273//7273
f 7275//7275 7278//7278 7279//7279
f 7277//7277 7273//7273 7280//7280
f 7280//7280 7279//7279 7283//7283
f 7278//7278 7282//7282 7283//7283
f 7280//7280 7283//7283 7286//7286
f 7282//7282 7285//7285 7286//7286
f 7284//7284 7280//7280 7287//7287
f 7287//7287 7288//7288 7289//7289
f 7285//7285 7290//7290 7286//7286
f 7288//7288 7291//7291 7292//7292
f 7286//7286 7290//7290 7293//7293
f 7291//7291 7286//7286 7294//7294
f 7291//7291 7295//7295 7296//7296
f 7294//7294 7293//7293 7297//7297
f 7294//7294 7298//7298 7295//7295
f 7300//7300 7299//7299 7301//7301
f 7300//7300 7304//7304 7306//7306
f 7300//7300 7301//7301 7305//7305
f 7303//7303 7307//7307 7305//7305
f 7305//7305 7308//7308 7304//7304
f 7307//7307 7308//7308 7305//7305
f 7304//7304 7309//7309 7310//7310
f 7304//7304 7308//7308 7312//7312
f 7313//7313 7317//7317 7318//7318
f 7319//7319 7314//7314 7316//7316
f 7318//7318 7321//7321 7322//7322
f 7316//7316 7323//7323 7320//7320
f 7322//7322 7321//7321 7327//7327
f 7320//7320 7326//7326 7327//7327
f 7324//7324 7327//7327 7331//7331
f 7331//7331 7327//7327 7329//7329
f 7327//7327 7328//7328 7329//7329
f 7332//7332 7336//7336 7333//7333
f 7332//7332 7335//7335 7336//7336
f 7332//7332 7330//7330 7335//7335
f 7333//7333 7336//7336 7340//7340
f 7336//7336 7335//7335 7338//7338
f 7333//7333 7341//7341 7337//7337
f 7339//7339 7337//7337 7342//7342
f 7341//7341 7343//7343 7342//7342
f 7343//7343 7340//7340 7345//7345
f 7345//7345 7347//7347 7343//7343
f 7343//7343 7350//7350 7348//7348
f 7348//7348 7351//7351 7346//7346
f 7346//7346 7352//7352 7353//7353
f 7350//7350 7354//7354 7351//7351
f 7352//7352 7355//7355 7356//7356
f 7352//7352 7351//7351 7358//7358
f 7351//7351 7354//7354 7357//7357
f 7358//7358 7361//7361 7355//7355
f 7361//7361 7365//7365 7362//7362
f 7364//7364 7365//7365 7361//7361
f 7363//7363 7362//7362 7366//7366
f 7362//7362 7365//7365 7369//7369
f 7364//7364 7368//7368 7369//7369
f 7366//7366 7369//7369 7372//7372
f 7368//7368 7371//7371 7372//7372
f 7370//7370 7366//7366 7373//7373
f 7373//7373 7372//7372 7376//7376
f 7380//7380 7379//7379 7382//7382
f 7377//7377 7383//7383 7378//7378
f 7383//7383 7380//7380 7385//7385
f 7382//7382 7384//7384 7387//7387
f 7385//7385 7390//7390 7388//7388
f 7387//7387 7392//7392 7393//7393
f 7387//7387 7389//7389 7392//7392
f 7388//7388 7396//7396 7394//7394
f 7393//7393 7392//7392 7398//7398
f 7398//7398 7400//7400 7396//7396
f 7399//7399 7394//7394 7403//7403
f 7394//7394 7396//7396 7404//7404
f 7400//7400 7402//7402 7404//7404
f 7401//7401 7403//7403 7407//7407
f 7403//7403 7404//7404 7407//7407
f 7402//7402 7406//7406 7404//7404
f 7407//7407 7404//7404 7409//7409
f 7407//7407 7413//7413 7405//7405
f 7409//7409 7411//7411 7407//7407
f 7405//7405 7412//7412 7410//7410
f 7405//7405 7413//7413 7412//7412
f 7413//7413 7407//7407 7411//7411
f 7412//7412 7414//7414 7416//7416
f 7413//7413 7420//7420 7414//7414
f 7413//7413 7411//7411 7420//7420
f 7417//7417 7415//7415 7422//7422
f 7417//7417 7422//7422 7423//7423
f 7422//7422 7421//7421 7425//7425
f 7422//7422 7426//7426 7423//7423
f 7422//7422 7425//7425 7426//7426
f 7423//7423 7426//7426 7427//7427
f 7426//7426 7425//7425 7429//7429
f 7427//7427 7430//7430 7431//7431
f 7426//7426 7433//7433 7430//7430
f 7429//7429 7428//7428 7432//7432
f 7433//7433 7432//7432 7435//7435
f 7433//7433 7436//7436 7430//7430
f 7430//7430 7437//7437 7434//7434
f 7437//7437 7438//7438 7434//7434
f 7436//7436 7439//7439 7438//7438
f 7439//7439 7435//7435 7441//7441
f 7440//7440 7438//7438 7442//7442
f 7439//7439 7443//7443 7442//7442
f 7441//7441 7447//7447 7443//7443
f 7442//7442 7443//7443 7445//7445
f 7444//7444 7448//7448 7450//7450
f 7444//7444 7445//7445 7449//7449
f 7447//7447 7451//7451 7449//7449
f 7448//7448 7452//7452 7453//7453
f 7448//7448 7449//7449 7455//7455
f 7449//7449 7451//7451 7454//7454
f 7455//7455 7454//7454 7458//7458
f 7452//7452 7456//7456 7457//7457
f 7455//7455 7459//7459 7456//7456
f 7456//7456 7459//7459 7465//7465
f 7473//7473 7474//7474 7469//7469
f 7475//7475 7472//7472 7474//7474
f 7475//7475 7470//7470 7472//7472
f 7469//7469 7476//7476 7471//7471
f 7474//7474 7477//7477 7476//7476
f 7474//7474 7472//7472 7478//7478
f 7476//7476 7477//7477 7479//7479
f 7478//7478 7472//7472 7480//7480
f 7477//7477 7484//7484 7481//7481
f 7482//7482 7486//7486 7483//7483
f 7484//7484 7487//7487 7485//7485
f 7487//7487 7490//7490 7485//7485
f 7490//7490 7489//7489 7492//7492
f 7494//7494 7490//7490 7500//7500
f 7492//7492 7498//7498 7500//7500
f 7493//7493 7499//7499 7501//7501
f 7497//7497 7505//7505 7501//7501
f 7505//7505 7504//7504 7506//7506
f 7505//7505 7507//7507 7508//7508
f 7506//7506 7502//7502 7509//7509
f 7507//7507 7506//7506 7510//7510
f 7508//7508 7507//7507 7511//7511
f 7510//7510 7514//7514 7511//7511
f 7509//7509 7513//7513 7514//7514
f 7512//7512 7511//7511 7515//7515
f 7515//7515 7514//7514 7516//7516
f 7517//7517 7518//7518 7512//7512
f 7513//7513 7519//7519 7516//7516
f 7517//7517 7520//7520 7521//7521
f 7519//7519 7522//7522 7516//7516
f 7525//7525 7522//7522 7524//7524
f 7531//7531 7529//7529 7528//7528
f 7532//7532 7534//7534 7531//7531
f 7529//7529 7535//7535 7533//7533
f 7531//7531 7534//7534 7537//7537
f 7534//7534 7536//7536 7538//7538
f 7536//7536 7540//7540 7538//7538
f 7537//7537 7541//7541 7539//7539
f 7537//7537 7538//7538 7543//7543
f 7538//7538 7540//7540 7545//7545
f 7544//7544 7541//7541 7548//7548
f 7541//7541 7543//7543 7547//7547
f 7549//7549 7556//7556 7548//7548
f 7548//7548 7553//7553 7550//7550
f 7556//7556 7547//7547 7552//7552
f 7555//7555 7551//7551 7558//7558
f 7551//7551 7561//7561 7558//7558
f 7554//7554 7557//7557 7560//7560
f 7558//7558 7562//7562 7559//7559
f 7562//7562 7558//7558 7564//7564
f 7558//7558 7561//7561 7565//7565
f 7560//7560 7563//7563 7565//7565
f 7562//7562 7564//7564 7566//7566
f 7564//7564 7565//7565 7567//7567
f 7563//7563 7569//7569 7567//7567
f 7566//7566 7570//7570 7568//7568
f 7566//7566 7571//7571 7570//7570
f 7568//7568 7570//7570 7572//7572
f 7571//7571 7573//7573 7572//7572
f 7573//7573 7569//7569 7575//7575
f 7588//7588 7584//7584 7583//7583
f 7583//7583 7589//7589 7588//7588
f 7589//7589 7585//7585 7590//7590
f 7585//7585 7592//7592 7590//7590
f 7588//7588 7593//7593 7591//7591
f 7591//7591 7593//7593 7594//7594
f 7593//7593 7588//7588 7590//7590
f 7590//7590 7592//7592 7595//7595
f 7594//7594 7597//7597 7598//7598
f 7594//7594 7593//7593 7597//7597
f 7595//7595 7599//7599 7596//7596
f 7597//7597 7596//7596 7600//7600
f 7600//7600 7599//7599 7604//7604
f 7600//7600 7605//7605 7601//7601
f 7600//7600 7604//7604 7605//7605
f 7602//7602 7601//7601 7606//7606
f 7602//7602 7606//7606 7607//7607
f 7606//7606 7605//7605 7609//7609
f 7603//7603 7608//7608 7609//7609
f 7607//7607 7606//7606 7610//7610
f 7607//7607 7610//7610 7612//7612
f 7608//7608 7614//7614 7611//7611
f 7612//7612 7610//7610 7611//7611
f 7612//7612 7616//7616 7617//7617
f 7611//7611 7615//7615 7616//7616
f 7615//7615 7614//7614 7618//7618
f 7616//7616 7619//7619 7617//7617
f 7616//7616 7615//7615 7620//7620
f 7620//7620 7618//7618 7622//7622
f 7623//7623 7619//7619 7625//7625
f 7632//7632 7628//7628 7630//7630
f 7627//7627 7633//7633 7629//7629
f 7631//7631 7635//7635 7633//7633
f 7631//7631 7632//7632 7630//7630
f 7636//7636 7634//7634 7639//7639
f 7638//7638 7637//7637 7640//7640
f 7636//7636 7643//7643 7637//7637
f 7640//7640 7637//7637 7641//7641
f 7644//7644 7640//7640 7647//7647
f 7643//7643 7645//7645 7646//7646
f 7645//7645 7649//7649 7646//7646
f 7650//7650 7646//7646 7651//7651
f 7649//7649 7653//7653 7651//7651
f 7654//7654 7657//7657 7655//7655
f 7653//7653 7658//7658 7657//7657
f 7653//7653 7656//7656 7660//7660
f 7659//7659 7657//7657 7662//7662
f 7662//7662 7658//7658 7665//7665
f 7658//7658 7660//7660 7665//7665
f 7660//7660 7668//7668 7665//7665
f 7663//7663 7670//7670 7667//7667
f 7664//7664 7667//7667 7672//7672
f 7664//7664 7671//7671 7669//7669
f 7664//7664 7672//7672 7671//7671
f 7672//7672 7670//7670 7674//7674
f 7671//7671 7672//7672 7675//7675
f 7673//7673 7671//7671 7676//7676
f 7674//7674 7679//7679 7675//7675
f 7676//7676 7675//7675 7680//7680
f 7680//7680 7681//7681 7676//7676
f 7680//7680 7679//7679 7681//7681
f 7677//7677 7684//7684 7682//7682
f 7681//7681 7685//7685 7686//7686
f 7681//7681 7688//7688 7685//7685
f 7681//7681 7682//7682 7688//7688
f 7682//7682 7684//7684 7687//7687
f 7685//7685 7689//7689 7690//7690
f 7688//7688 7692//7692 7689//7689
f 7688//7688 7687//7687 7691//7691
f 7692//7692 7693//7693 7689//7689
f 7690//7690 7689//7689 7694//7694
f 7693//7693 7691//7691 7696//7696
f 7693//7693 7697//7697 7694//7694
f 7698//7698 7699//7699 7695//7695
f 7696//7696 7700//7700 7697//7697
f 7698//7698 7701//7701 7703//7703
f 7698//7698 7697//7697 7702//7702
f 7697//7697 7700//7700 7704//7704
f 7705//7705 7706//7706 7703//7703
f 7702//7702 7708//7708 7705//7705
f 7702//7702 7704//7704 7707//7707
f 7709//7709 7708//7708 7710//7710
f 7714//7714 7713//7713 7719//7719
f 7713//7713 7718//7718 7721//7721
f 7717//7717 7714//7714 7722//7722
f 7717//7717 7722//7722 7720//7720
f 7719//7719 7723//7723 7722//7722
f 7721//7721 7725//7725 7723//7723
f 7724//7724 7722//7722 7726//7726
f 7725//7725 7729//7729 7723//7723
f 7725//7725 7728//7728 7729//7729
f 7726//7726 7723//7723 7729//7729
f 7727//7727 7726//7726 7730//7730
f 7729//7729 7733//7733 7730//7730
f 7729//7729 7728//7728 7732//7732
f 7727//7727 7730//7730 7734//7734
f 7730//7730 7733//7733 7734//7734
f 7733//7733 7736//7736 7734//7734
f 7736//7736 7732//7732 7742//7742
f 7735//7735 7741//7741 7745//7745
f 7737//7737 7744//7744 7739//7739
f 7746//7746 7739//7739 7744//7744
f 7746//7746 7744//7744 7749//7749
f 7747//7747 7746//7746 7750//7750
f 7747//7747 7750//7750 7752//7752
f 7751//7751 7748//7748 7754//7754
f 7755//7755 7756//7756 7753//7753
f 7754//7754 7757//7757 7751//7751
f 7755//7755 7759//7759 7760//7760
f 7762//7762 7767//7767 7769//7769
f 7766//7766 7770//7770 7772//7772
f 7770//7770 7768//7768 7772//7772
f 7767//7767 7771//7771 7773//7773
f 7772//7772 7776//7776 7771//7771
f 7772//7772 7768//7768 7776//7776
f 7771//7771 7779//7779 7777//7777
f 7771//7771 7776//7776 7779//7779
f 7777//7777 7781//7781 7780//7780
f 7781//7781 7784//7784 7780//7780
f 7782//7782 7780//7780 7785//7785
f 7781//7781 7783//7783 7786//7786
f 7787//7787 7784//7784 7788//7788
f 7784//7784 7786//7786 7788//7788
f 7787//7787 7791//7791 7789//7789
f 7788//7788 7786//7786 7790//7790
f 7788//7788 7792//7792 7791//7791
f 7789//7789 7791//7791 7795//7795
f 7789//7789 7796//7796 7793//7793
f 7795//7795 7797//7797 7796//7796
f 7796//7796 7800//7800 7798//7798
f 7800//7800 7803//7803 7798//7798
f 7798//7798 7804//7804 7805//7805
f 7802//7802 7806//7806 7803//7803
f 7804//7804 7808//7808 7807//7807
f 7808//7808 7806//7806 7810//7810
f 7807//7807 7808//7808 7814//7814
f 7808//7808 7810//7810 7812//7812
f 7807//7807 7815//7815 7811//7811
f 7807//7807 7814//7814 7815//7815
f 7813//7813 7811//7811 7816//7816
f 7814//7814 7819//7819 7815//7815
f 7815//7815 7821//7821 7816//7816
f 7815//7815 7819//7819 7824//7824
f 7817//7817 7825//7825 7822//7822
f 7820//7820 7827//7827 7825//7825
f 7823//7823 7826//7826 7828//7828
f 7828//7828 7826//7826 7831//7831
f 7830//7830 7827//7827 7832//7832
f 7828//7828 7833//7833 7832//7832
f 7829//7829 7832//7832 7834//7834
f 7832//7832 7833//7833 7834//7834
f 7833//7833 7837//7837 7834//7834
f 7831//7831 7836//7836 7837//7837
f 7834//7834 7838//7838 7835//7835
f 7837//7837 7840//7840 7834//7834
f 7837//7837 7836//7836 7840//7840
f 7834//7834 7841//7841 7838//7838
f 7838//7838 7842//7842 7839//7839
f 7841//7841 7844//7844 7846//7846
f 7845//7845 7842//7842 7847//7847
f 7847//7847 7841//7841 7850//7850
f 7841//7841 7846//7846 7849//7849
f 7848//7848 7847//7847 7851//7851
f 7851//7851 7852//7852 7848//7848
f 7850//7850 7853//7853 7852//7852
f 7853//7853 7849//7849 7855//7855
f 7854//7854 7852//7852 7856//7856
f 7853//7853 7857//7857 7856//7856
f 7856//7856 7860//7860 7854//7854
f 7855//7855 7861//7861 7857//7857
f 7856//7856 7857//7857 7859//7859
f 7858//7858 7862//7862 7860//7860
f 7862//7862 7864//7864 7866//7866
f 7862//7862 7863//7863 7865//7865
f 7867//7867 7865//7865 7863//7863
f 7866//7866 7864//7864 7868//7868
f 7865//7865 7869//7869 7868//7868
f 7868//7868 7871//7871 7866//7866
f 7869//7869 7867//7867 7872//7872
f 7868//7868 7870//7870 7871//7871
f 7869//7869 7873//7873 7870//7870
f 7881//7881 7880//7880 7883//7883
f 7878//7878 7884//7884 7882//7882
f 7878//7878 7881//7881 7884//7884
f 7883//7883 7888//7888 7886//7886
f 7883//7883 7885//7885 7888//7888
f 7886//7886 7890//7890 7889//7889
f 7887//7887 7889//7889 7891//7891
f 7890//7890 7888//7888 7893//7893
f 7892//7892 7891//7891 7896//7896
f 7891//7891 7895//7895 7896//7896
f 7892//7892 7897//7897 7894//7894
f 7892//7892 7896//7896 7897//7897
f 7898//7898 7897//7897 7900//7900
f 7896//7896 7901//7901 7900//7900
f 7901//7901 7899//7899 7904//7904
f 7899//7899 7903//7903 7904//7904
f 7902//7902 7901//7901 7905//7905
f 7905//7905 7904//7904 7909//7909
f 7903//7903 7907//7907 7909//7909
f 7906//7906 7905//7905 7910//7910
f 7906//7906 7913//7913 7911//7911
f 7911//7911 7913//7913 7918//7918
f 7912//7912 7917//7917 7915//7915
f 7916//7916 7918//7918 7919//7919
f 7920//7920 7918//7918 7922//7922
f 7918//7918 7915//7915 7922//7922
f 7919//7919 7923//7923 7921//7921
f 7923//7923 7920//7920 7925//7925
f 7920//7920 7927//7927 7925//7925
f 7922//7922 7924//7924 7927//7927
f 7925//7925 7931//7931 7928//7928
f 7925//7925 7927//7927 7930//7930
f 7929//7929 7928//7928 7932//7932
f 7931//7931 7935//7935 7932//7932
f 7930//7930 7934//7934 7935//7935
f 7933//7933 7932//7932 7936//7936
f 7932//7932 7935//7935 7939//7939
f 7934//7934 7938//7938 7939//7939
f 7939//7939 7942//7942 7936//7936
f 7939//7939 7938//7938 7941//7941
f 7941//7941 7945//7945 7946//7946
f 7944//7944 7947//7947 7948//7948
f 7949//7949 7948//7948 7947//7947
f 7950//7950 7948//7948 7952//7952
f 7958//7958 7960//7960 7956//7956
f 7958//7958 7959//7959 7962//7962
f 7961//7961 7956//7956 7963//7963
f 7960//7960 7964//7964 7963//7963
f 7962//7962 7968//7968 7964//7964
f 7965//7965 7963//7963 7969//7969
f 7963//7963 7964//7964 7969//7969
f 7967//7967 7965//7965 7970//7970
f 7965//7965 7969//7969 7970//7970
f 7970//7970 7969//7969 7974//7974
f 7974//7974 7973//7973 7976//7976
f 7970//7970 7977//7977 7975//7975
f 7977//7977 7974//7974 7980//7980
f 7980//7980 7976//7976 7981//7981
f 7980//7980 7982//7982 7977//7977
f 7981//7981 7979//7979 7984//7984
f 7981//7981 7985//7985 7982//7982
f 7983//7983 7982//7982 7986//7986
f 7985//7985 7984//7984 7989//7989
f 7985//7985 7992//7992 7990//7990
f 7990//7990 7992//7992 7994//7994
f 7993//7993 7997//7997 7995//7995
f 7993//7993 7994//7994 7999//7999
f 7992//7992 7996//7996 7999//7999
f 7998//7998 7995//7995 8000//8000
f 7995//7995 8002//8002 8000//8000
f 7997//7997 8006//8006 8002//8002
f 8001//8001 8004//8004 8006//8006
f 8003//8003 8002//8002 8007//8007
f 8007//8007 8008//8008 8003//8003
f 8008//8008 8006//8006 8011//8011
f 8011//8011 8014//8014 8008//8008
f 8012//8012 8008//8008 8015//8015
f 8013//8013 8012//8012 8018//8018
f 8015//8015 8017//8017 8019//8019
f 8018//8018 8020//8020 8016//8016
f 8018//8018 8019//8019 8022//8022
f 8020//8020 8018//8018 8023//8023
f 8020//8020 8024//8024 8021//8021
f 8023//8023 8022//8022 8026//8026
f 8023//8023 8027//8027 8024//8024
f 8026//8026 8029//8029 8027//8027
f 8024//8024 8030//8030 8028//8028
f 8024//8024 8027//8027 8031//8031
f 8029//8029 8034//8034 8031//8031
f 8030//8030 8032//8032 8033//8033
f 8031//8031 8034//8034 8036//8036
f 8032//8032 8041//8041 8038//8038
f 8040//8040 8042//8042 8041//8041
f 8041//8041 8042//8042 8046//8046
f 8043//8043 8047//8047 8044//8044
f 8045//8045 8048//8048 8046//8046
f 8043//8043 8049//8049 8047//8047
f 8043//8043 8046//8046 8051//8051
f 8048//8048 8050//8050 8051//8051
f 8061//8061 8062//8062 8056//8056
f 8057//8057 8056//8056 8063//8063
f 8063//8063 8064//8064 8057//8057
f 8063//8063 8066//8066 8064//8064
f 8062//8062 8058//8058 8065//8065
f 8064//8064 8069//8069 8067//8067
f 8066//8066 8071//8071 8069//8069
f 8066//8066 8068//8068 8072//8072
f 8072//8072 8070//8070 8074//8074
f 8073//8073 8071//8071 8075//8075
f 8071//8071 8072//8072 8077//8077
f 8075//8075 8078//8078 8079//8079
f 8077//8077 8081//8081 8078//8078
f 8074//8074 8076//8076 8080//8080
f 8078//8078 8082//8082 8083//8083
f 8080//8080 8084//8084 8085//8085
f 8084//8084 8087//8087 8085//8085
f 8082//8082 8091//8091 8086//8086
f 8082//8082 8085//8085 8089//8089
f 8085//8085 8087//8087 8089//8089
f 8086//8086 8093//8093 8095//8095
f 8089//8089 8097//8097 8091//8091
f 8096//8096 8099//8099 8090//8090
f 8090//8090 8098//8098 8092//8092
f 8099//8099 8094//8094 8101//8101
f 8101//8101 8102//8102 8099//8099
f 8100//8100 8098//8098 8103//8103
f 8098//8098 8099//8099 8102//8102
f 8101//8101 8106//8106 8102//8102
f 8103//8103 8102//8102 8107//8107
f 8104//8104 8109//8109 8106//8106
f 8106//8106 8110//8110 8107//8107
f 8107//8107 8110//8110 8111//8111
f 8109//8109 8113//8113 8110//8110
f 8111//8111 8110//8110 8114//8114
f 8111//8111 8115//8115 8112//8112
f 8114//8114 8116//8116 8115//8115
f 8112//8112 8115//8115 8117//8117
f 8113//8113 8119//8119 8116//8116
f 8120//8120 8121//8121 8118//8118
f 8119//8119 8122//8122 8116//8116
f 8124//8124 8125//8125 8121//8121
f 8122//8122 8126//8126 8123//8123
f 8139//8139 8135//8135 8137//8137
f 8138//8138 8140//8140 8134//8134
f 8134//8134 8141//8141 8136//8136
f 8136//8136 8141//8141 8142//8142
f 8140//8140 8146//8146 8141//8141
f 8140//8140 8143//8143 8145//8145
f 8141//8141 8146//8146 8142//8142
f 8140//8140 8147//8147 8146//8146
f 8144//8144 8142//8142 8146//8146
f 8147//8147 8145//8145 8151//8151
f 8148//8148 8147//8147 8152//8152
f 8148//8148 8153//8153 8150//8150
f 8153//8153 8152//8152 8155//8155
f 8152//8152 8156//8156 8155//8155
f 8152//8152 8151//8151 8156//8156
f 8156//8156 8157//8157 8155//8155
f 8157//8157 8154//8154 8159//8159
f 8157//8157 8163//8163 8160//8160
f 8157//8157 8159//8159 8162//8162
f 8160//8160 8163//8163 8165//8165
f 8160//8160 8165//8165 8164//8164
f 8164//8164 8168//8168 8166//8166
f 8165//8165 8171//8171 8168//8168
f 8167//8167 8170//8170 8171//8171
f 8169//8169 8168//8168 8172//8172
f 8172//8172 8175//8175 8178//8178
f 8178//8178 8179//8179 8176//8176
f 8177//8177 8174//8174 8180//8180
f 8174//8174 8176//8176 8180//8180
f 8176//8176 8179//8179 8180//8180
f 8180//8180 8179//8179 8181//8181
f 8178//8178 8186//8186 8179//8179
f 8181//8181 8179//8179 8186//8186
f 8180//8180 8181//8181 8182//8182
f 8182//8182 8181//8181 8188//8188
f 8188//8188 8181//8181 8191//8191
f 8183//8183 8192//8192 8190//8190
f 8183//8183 8194//8194 8192//8192
f 8183//8183 8189//8189 8194//8194
f 8193//8193 8190//8190 8195//8195
f 8195//8195 8192//8192 8196//8196
f 8195//8195 8196//8196 8197//8197
f 8196//8196 8199//8199 8197//8197
f 8193//8193 8200//8200 8198//8198
f 8199//8199 8202//8202 8197//8197
f 8200//8200 8197//8197 8203//8203
f 8202//8202 8205//8205 8203//8203
f 8204//8204 8200//8200 8206//8206
f 8203//8203 8209//8209 8206//8206
f 8203//8203 8205//8205 8208//8208
f 8207//8207 8206//8206 8210//8210
f 8208//8208 8212//8212 8209//8209
f 8210//8210 8213//8213 8214//8214
f 8209//8209 8212//8212 8215//8215
f 8210//8210 8216//8216 8213//8213
f 8216//8216 8215//8215 8218//8218
f 8217//8217 8213//8213 8219//8219
f 8216//8216 8220//8220 8219//8219
f 8220//8220 8218//8218 8222//8222
f 8219//8219 8223//8223 8224//8224
f 8219//8219 8220//8220 8226//8226
f 8220//8220 8222//8222 8225//8225
f 8223//8223 8227//8227 8224//8224
f 8223//8223 8226//8226 8228//8228
f 8227//8227 8229//8229 8230//8230
f 8227//8227 8228//8228 8232//8232
f 8228//8228 8225//8225 8231//8231
f 8229//8229 8233//8233 8230//8230
f 8232//8232 8234//8234 8233//8233
f 8233//8233 8237//8237 8239//8239
f 8234//8234 8238//8238 8237//8237
f 8240//8240 8238//8238 8234//8234
f 8237//8237 8241//8241 8242//8242
f 8237//8237 8238//8238 8244//8244
f 8240//8240 8243//8243 8244//8244
f 8250//8250 8246//8246 8248//8248
f 8245//8245 8251//8251 8247//8247
f 8245//8245 8249//8249 8251//8251
f 8249//8249 8250//8250 8252//8252
f 8247//8247 8251//8251 8253//8253
f 8251//8251 8252//8252 8255//8255
f 8255//8255 8248//8248 8258//8258
f 8253//8253 8259//8259 8257//8257
f 8253//8253 8255//8255 8259//8259
f 8258//8258 8263//8263 8260//8260
f 8260//8260 8264//8264 8261//8261
f 8264//8264 8263//8263 8266//8266
f 8262//8262 8261//8261 8267//8267
f 8261//8261 8264//8264 8267//8267
f 8264//8264 8268//8268 8267//8267
f 8266//8266 8271//8271 8268//8268
f 8265//8265 8267//8267 8269//8269
f 8267//8267 8268//8268 8269//8269
f 8268//8268 8272//8272 8269//8269
f 8269//8269 8273//8273 8270//8270
f 8272//8272 8276//8276 8273//8273
f 8271//8271 8275//8275 8276//8276
f 8276//8276 8278//8278 8273//8273
f 8274//8274 8273//8273 8279//8279
f 8274//8274 8280//8280 8281//8281
f 8279//8279 8278//8278 8282//8282
f 8280//8280 8283//8283 8281//8281
f 8280//8280 8279//8279 8284//8284
f 8284//8284 8282//8282 8286//8286
f 8290//8290 8291//8291 8287//8287
f 8288//8288 8292//8292 8289//8289
f 8293//8293 8297//8297 8295//8295
f 8299//8299 8296//8296 8298//8298
f 8295//8295 8297//8297 8300//8300
f 8295//8295 8300//8300 8301//8301
f 8298//8298 8296//8296 8302//8302
f 8301//8301 8300//8300 8303//8303
f 8305//8305 8302//8302 8306//8306
f 8302//8302 8304//8304 8306//8306
f 8305//8305 8306//8306 8307//8307
f 8306//8306 8304//8304 8309//8309
f 8310//8310 8314//8314 8317//8317
f 8312//8312 8311//8311 8317//8317
f 8313//8313 8316//8316 8314//8314
f 8317//8317 8320//8320 8318//8318
f 8317//8317 8314//8314 8321//8321
f 8314//8314 8316//8316 8321//8321
f 8316//8316 8319//8319 8321//8321
f 8320//8320 8321//8321 8324//8324
f 8321//8321 8323//8323 8324//8324
f 8322//8322 8325//8325 8326//8326
f 8324//8324 8323//8323 8327//8327
f 8325//8325 8324//8324 8328//8328
f 8325//8325 8329//8329 8326//8326
f 8328//8328 8332//8332 8329//8329
f 8327//8327 8331//8331 8332//8332
f 8330//8330 8329//8329 8333//8333
f 8332//8332 8335//8335 8333//8333
f 8333//8333 8336//8336 8337//8337
f 8335//8335 8331//8331 8338//8338
f 8335//8335 8339//8339 8336//8336
f 8339//8339 8344//8344 8342//8342
f 8339//8339 8338//8338 8341//8341
f 8340//8340 8342//8342 8345//8345
f 8342//8342 8347//8347 8345//8345
f 8346//8346 8343//8343 8348//8348
f 8348//8348 8349//8349 8346//8346
f 8345//8345 8352//8352 8349//8349
f 8345//8345 8347//8347 8351//8351
f 8350//8350 8349//8349 8353//8353
f 8352//8352 8351//8351 8355//8355
f 8353//8353 8356//8356 8357//8357
f 8354//8354 8358//8358 8355//8355
f 8352//8352 8355//8355 8358//8358
f 8356//8356 8352//8352 8359//8359
f 8358//8358 8361//8361 8359//8359
f 8356//8356 8362//8362 8360//8360
f 8356//8356 8359//8359 8362//8362
f 8359//8359 8361//8361 8364//8364
f 8359//8359 8365//8365 8362//8362
f 8362//8362 8366//8366 8363//8363
f 8365//8365 8367//8367 8366//8366
f 8367//8367 8368//8368 8366//8366
f 8368//8368 8367//8367 8371//8371
f 8367//8367 8364//8364 8370//8370
f 8369//8369 8368//8368 8372//8372
f 8371//8371 8375//8375 8372//8372
f 8370//8370 8374//8374 8375//8375
f 8373//8373 8372//8372 8376//8376
f 8374//8374 8378//8378 8375//8375
f 8375//8375 8379//8379 8376//8376
f 8376//8376 8380//8380 8381//8381
f 8378//8378 8382//8382 8379//8379
f 8380//8380 8383//8383 8384//8384
f 8380//8380 8379//8379 8386//8386
f 8379//8379 8382//8382 8385//8385
f 8383//8383 8386//8386 8387//8387
f 8384//8384 8383//8383 8388//8388
f 8387//8387 8385//8385 8390//8390
f 8391//8391 8392//8392 8393//8393
f 8387//8387 8395//8395 8392//8392
f 8394//8394 8395//8395 8387//8387
f 8392//8392 8396//8396 8398//8398
f 8392//8392 8395//8395 8397//8397
f 8399//8399 8397//8397 8395//8395
f 8402//8402 8397//8397 8403//8403
f 8404//8404 8405//8405 8407//8407
f 8404//8404 8409//8409 8410//8410
f 8405//8405 8404//8404 8410//8410
f 8410//8410 8409//8409 8412//8412
f 8408//8408 8406//8406 8412//8412
f 8405//8405 8413//8413 8411//8411
f 8412//8412 8414//8414 8410//8410
f 8410//8410 8414//8414 8413//8413
f 8414//8414 8412//8412 8416//8416
f 8418//8418 8417//8417 8419//8419
f 8415//8415 8418//8418 8420//8420
f 8416//8416 8422//8422 8419//8419
f 8418//8418 8419//8419 8420//8420
f 8419//8419 8423//8423 8420//8420
f 8419//8419 8422//8422 8423//8423
f 8420//8420 8424//8424 8425//8425
f 8420//8420 8423//8423 8424//8424
f 8421//8421 8426//8426 8427//8427
f 8424//8424 8423//8423 8427//8427
f 8424//8424 8428//8428 8430//8430
f 8424//8424 8427//8427 8432//8432
f 8427//8427 8426//8426 8431//8431
f 8431//8431 8433//8433 8432//8432
f 8428//8428 8432//8432 8436//8436
f 8432//8432 8433//8433 8436//8436
f 8429//8429 8435//8435 8433//8433
f 8433//8433 8435//8435 8438//8438
f 8434//8434 8440//8440 8437//8437
f 8434//8434 8439//8439 8440//8440
f 8438//8438 8443//8443 8439//8439
f 8440//8440 8439//8439 8445//8445
f 8443//8443 8441//8441 8449//8449
f 8442//8442 8450//8450 8451//8451
f 8442//8442 8448//8448 8453//8453
f 8446//8446 8452//8452 8453//8453
f 8453//8453 8452//8452 8455//8455
f 8450//8450 8457//8457 8454//8454
f 8454//8454 8457//8457 8458//8458
f 8456//8456 8462//8462 8458//8458
f 8459//8459 8458//8458 8463//8463
f 8462//8462 8460//8460 8465//8465
f 8463//8463 8462//8462 8467//8467
f 8464//8464 8463//8463 8468//8468
f 8463//8463 8469//8469 8468//8468
f 8467//8467 8471//8471 8469//8469
f 8470//8470 8466//8466 8472//8472
f 8469//8469 8471//8471 8468//8468
f 8470//8470 8472//8472 8473//8473
f 8471//8471 8475//8475 8468//8468
f 8473//8473 8468//8468 8476//8476
f 8473//8473 8477//8477 8478//8478
f 8473//8473 8476//8476 8480//8480
f 8475//8475 8479//8479 8480//8480
f 8477//8477 8481//8481 8478//8478
f 8480//8480 8479//8479 8483//8483
f 8480//8480 8484//8484 8481//8481
f 8481//8481 8487//8487 8482//8482
f 8485//8485 8489//8489 8486//8486
f 8489//8489 8490//8490 8486//8486
f 8507//8507 8504//8504 8502//8502
f 8503//8503 8505//8505 8510//8510
f 8507//8507 8511//8511 8504//8504
f 8507//8507 8510//8510 8513//8513
f 8504//8504 8511//8511 8512//8512
f 8507//8507 8514//8514 8511//8511
f 8512//8512 8511//8511 8515//8515
f 8513//8513 8517//8517 8518//8518
f 8518//8518 8517//8517 8521//8521
f 8519//8519 8515//8515 8523//8523
f 8525//8525 8520//8520 8528//8528
f 8528//8528 8524//8524 8531//8531
f 8528//8528 8532//8532 8529//8529
f 8532//8532 8531//8531 8535//8535
f 8530//8530 8534//8534 8535//8535
f 8532//8532 8536//8536 8533//8533
f 8536//8536 8537//8537 8533//8533
f 8536//8536 8538//8538 8537//8537
f 8538//8538 8534//8534 8540//8540
f 8539//8539 8537//8537 8541//8541
f 8538//8538 8542//8542 8541//8541
f 8542//8542 8540//8540 8544//8544
f 8556//8556 8559//8559 8552//8552
f 8557//8557 8553//8553 8555//8555
f 8554//8554 8552//8552 8558//8558
f 8559//8559 8560//8560 8558//8558
f 8559//8559 8555//8555 8563//8563
f 8558//8558 8561//8561 8562//8562
f 8561//8561 8560//8560 8564//8564
f 8563//8563 8568//8568 8566//8566
f 8563//8563 8565//8565 8568//8568
f 8564//8564 8566//8566 8571//8571
f 8568//8568 8570//8570 8572//8572
f 8569//8569 8571//8571 8573//8573
f 8570//8570 8574//8574 8572//8572
f 8572//8572 8577//8577 8578//8578
f 8572//8572 8574//8574 8577//8577
f 8575//8575 8578//8578 8579//8579
f 8578//8578 8581//8581 8579//8579
f 8581//8581 8577//8577 8582//8582
f 8584//8584 8586//8586 8582//8582
f 8585//8585 8583//8583 8588//8588
f 8587//8587 8586//8586 8590//8590
f 8587//8587 8591//8591 8588//8588
f 8589//8589 8593//8593 8590//8590
f 8593//8593 8595//8595 8590//8590
f 8592//8592 8596//8596 8594//8594
f 8592//8592 8591//8591 8597//8597
f 8591//8591 8590//8590 8595//8595
f 8594//8594 8596//8596 8598//8598
f 8596//8596 8597//8597 8599//8599
f 8598//8598 8602//8602 8600//8600
f 8603//8603 8607//8607 8604//8604
f 8606//8606 8607//8607 8603//8603
f 8608//8608 8612//8612 8609//8609
f 8611//8611 8612//8612 8608//8608
f 8616//8616 8619//8619 8620//8620
f 8619//8619 8618//8618 8624//8624
f 8618//8618 8622//8622 8624//8624
f 8621//8621 8625//8625 8623//8623
f 8620//8620 8625//8625 8621//8621
f 8620//8620 8624//8624 8626//8626
f 8620//8620 8626//8626 8625//8625
f 8626//8626 8624//8624 8628//8628
f 8625//8625 8629//8629 8627//8627
f 8625//8625 8626//8626 8629//8629
f 8630//8630 8628//8628 8632//8632
f 8627//8627 8629//8629 8633//8633
f 8630//8630 8634//8634 8633//8633
f 8633//8633 8635//8635 8631//8631
f 8632//8632 8637//8637 8634//8634
f 8631//8631 8638//8638 8636//8636
f 8631//8631 8635//8635 8638//8638
f 8634//8634 8637//8637 8635//8635
f 8635//8635 8643//8643 8642//8642
f 8635//8635 8637//8637 8643//8643
f 8637//8637 8639//8639 8641//8641
f 8640//8640 8638//8638 8642//8642
f 8643//8643 8644//8644 8642//8642
f 8643//8643 8641//8641 8646//8646
f 8640//8640 8642//8642 8645//8645
f 8642//8642 8649//8649 8647//8647
f 8642//8642 8644//8644 8650//8650
f 8644//8644 8646//8646 8648//8648
f 8650//8650 8655//8655 8649//8649
f 8647//8647 8651//8651 8653//8653
f 8649//8649 8655//8655 8651//8651
f 8655//8655 8650//8650 8654//8654
f 8650//8650 8648//8648 8654//8654
f 8651//8651 8655//8655 8656//8656
f 8655//8655 8654//8654 8657//8657
f 8656//8656 8658//8658 8651//8651
f 8657//8657 8652//8652 8659//8659
f 8658//8658 8656//8656 8660//8660
f 8657//8657 8661//8661 8660//8660
f 8658//8658 8660//8660 8663//8663
f 8660//8660 8661//8661 8663//8663
f 8661//8661 8657//8657 8665//8665
f 8657//8657 8659//8659 8664//8664
f 8663//8663 8661//8661 8666//8666
f 8664//8664 8667//8667 8665//8665
f 8667//8667 8670//8670 8668//8668
f 8667//8667 8662//8662 8670//8670
f 8669//8669 8661//8661 8671//8671
f 8671//8671 8668//8668 8673//8673
f 8668//8668 8670//8670 8673//8673
f 8670//8670 8672//8672 8676//8676
f 8674//8674 8670//8670 8677//8677
f 8676//8676 8675//8675 8679//8679
f 8678//8678 8674//8674 8680//8680
f 8676//8676 8679//8679 8677//8677
f 8680//8680 8677//8677 8682//8682
f 8679//8679 8681//8681 8684//8684
f 8684//8684 8686//8686 8679//8679
f 8682//8682 8687//8687 8685//8685
f 8687//8687 8682//8682 8688//8688
f 8682//8682 8679//8679 8688//8688
f 8687//8687 8688//8688 8691//8691
f 8686//8686 8690//8690 8693//8693
f 8689//8689 8694//8694 8695//8695
f 8691//8691 8697//8697 8694//8694
f 8695//8695 8694//8694 8698//8698
f 8697//8697 8701//8701 8698//8698
f 8697//8697 8696//8696 8700//8700
f 8706//8706 8710//8710 8713//8713
f 8707//8707 8711//8711 8710//8710
f 8707//8707 8709//8709 8714//8714
f 8711//8711 8714//8714 8717//8717
f 8715//8715 8719//8719 8716//8716
f 8717//8717 8720//8720 8718//8718
f 8724//8724 8720//8720 8723//8723
f 8725//8725 8730//8730 8727//8727
f 8730//8730 8731//8731 8733//8733
f 8730//8730 8734//8734 8727//8727
f 8730//8730 8733//8733 8736//8736
f 8732//8732 8734//8734 8737//8737
f 8734//8734 8736//8736 8737//8737
f 8733//8733 8738//8738 8736//8736
f 8733//8733 8740//8740 8738//8738
f 8737//8737 8738//8738 8741//8741
f 8740//8740 8743//8743 8738//8738
f 8739//8739 8737//8737 8741//8741
f 8742//8742 8739//8739 8741//8741
f 8743//8743 8745//8745 8748//8748
f 8744//8744 8741//8741 8746//8746
f 8746//8746 8748//8748 8750//8750
f 8748//8748 8745//8745 8749//8749
f 8750//8750 8749//8749 8753//8753
f 8747//8747 8752//8752 8753//8753
f 8750//8750 8756//8756 8754//8754
f 8752//8752 8755//8755 8753//8753
f 8757//8757 8761//8761 8758//8758
f 8757//8757 8755//8755 8760//8760
f 8759//8759 8758//8758 8762//8762
f 8760//8760 8763//8763 8764//8764
f 8761//8761 8765//8765 8762//8762
f 8764//8764 8768//8768 8765//8765
f 8763//8763 8767//8767 8768//8768
f 8765//8765 8769//8769 8766//8766
f 8769//8769 8771//8771 8766//8766
f 8768//8768 8774//8774 8771//8771
f 8767//8767 8777//8777 8774//8774
f 8770//8770 8773//8773 8778//8778
f 8776//8776 8780//8780 8773//8773
f 8778//8778 8773//8773 8781//8781
f 8778//8778 8782//8782 8783//8783
f 8780//8780 8784//8784 8781//8781
f 8782//8782 8786//8786 8783//8783
f 8785//8785 8787//8787 8786//8786
f 8787//8787 8784//8784 8789//8789
f 8786//8786 8787//8787 8792//8792
f 8789//8789 8794//8794 8792//8792
f 8789//8789 8791//8791 8794//8794
f 8793//8793 8790//8790 8795//8795
f 8792//8792 8798//8798 8795//8795
f 8794//8794 8797//8797 8798//8798
f 8795//8795 8799//8799 8796//8796
f 8795//8795 8798//8798 8800//8800
f 8800//8800 8797//8797 8802//8802
f 8801//8801 8799//8799 8803//8803
f 8800//8800 8802//8802 8805//8805
f 8803//8803 8800//8800 8806//8806
f 8819//8819 8820//8820 8816//8816
f 8818//8818 8822//8822 8819//8819
f 8817//8817 8821//8821 8822//8822
f 8827//8827 8833//8833 8828//8828
f 8830//8830 8832//8832 8834//8834
f 8834//8834 8837//8837 8833//8833
f 8833//8833 8837//8837 8835//8835
f 8837//8837 8839//8839 8835//8835
f 8838//8838 8841//8841 8843//8843
f 8840//8840 8839//8839 8844//8844
f 8839//8839 8843//8843 8844//8844
f 8842//8842 8840//8840 8845//8845
f 8848//8848 8850//8850 8844//8844
f 8844//8844 8852//8852 8851//8851
f 8849//8849 8851//8851 8853//8853
f 8852//8852 8850//8850 8854//8854
f 8855//8855 8852//8852 8857//8857
f 8852//8852 8854//8854 8859//8859
f 8854//8854 8856//8856 8859//8859
f 8860//8860 8861//8861 8863//8863
f 8857//8857 8859//8859 8864//8864
f 8861//8861 8865//8865 8866//8866
f 8864//8864 8869//8869 8866//8866
f 8864//8864 8862//8862 8868//8868
f 8867//8867 8866//8866 8870//8870
f 8868//8868 8873//8873 8874//8874
f 8870//8870 8878//8878 8871//8871
f 8876//8876 8872//8872 8882//8882
f 8879//8879 8884//8884 8881//8881
f 8879//8879 8877//8877 8884//8884
f 8875//8875 8885//8885 8883//8883
f 8875//8875 8881//8881 8886//8886
f 8886//8886 8889//8889 8885//8885
f 8886//8886 8884//8884 8888//8888
f 8889//8889 8886//8886 8888//8888
f 8890//8890 8889//8889 8892//8892
f 8892//8892 8888//8888 8895//8895
f 8888//8888 8894//8894 8895//8895
f 8892//8892 8896//8896 8898//8898
f 8895//8895 8894//8894 8899//8899
f 8896//8896 8895//8895 8900//8900
f 8897//8897 8902//8902 8903//8903
f 8899//8899 8903//8903 8900//8900
f 8900//8900 8904//8904 8901//8901
f 8904//8904 8903//8903 8907//8907
f 8903//8903 8902//8902 8906//8906
f 8904//8904 8908//8908 8905//8905
f 8907//8907 8909//8909 8908//8908
f 8909//8909 8906//8906 8911//8911
f 8912//8912 8909//8909 8913//8913
f 8912//8912 8916//8916 8914//8914
f 8912//8912 8913//8913 8917//8917
f 8917//8917 8915//8915 8919//8919
f 8917//8917 8922//8922 8916//8916
f 8921//8921 8922//8922 8917//8917
f 8916//8916 8923//8923 8920//8920
f 8920//8920 8923//8923 8924//8924
f 8922//8922 8927//8927 8924//8924
f 8926//8926 8927//8927 8922//8922
f 8930//8930 8927//8927 8931//8931
f 8935//8935 8937//8937 8939//8939
f 8937//8937 8938//8938 8939//8939
f 8936//8936 8941//8941 8943//8943
f 8939//8939 8944//8944 8940//8940
f 8943//8943 8945//8945 8944//8944
f 8942//8942 8940//8940 8946//8946
f 8945//8945 8943//8943 8947//8947
f 8944//8944 8945//8945 8948//8948
f 8945//8945 8951//8951 8948//8948
f 8947//8947 8950//8950 8951//8951
f 8948//8948 8952//8952 8949//8949
f 8952//8952 8951//8951 8953//8953
f 8953//8953 8950//8950 8955//8955
f 8952//8952 8956//8956 8954//8954
f 8956//8956 8953//8953 8958//8958
f 8958//8958 8955//8955 8960//8960
f 8959//8959 8956//8956 8961//8961
f 8958//8958 8960//8960 8963//8963
f 8960//8960 8962//8962 8963//8963
f 8964//8964 8963//8963 8965//8965
f 8964//8964 8966//8966 8961//8961
f 8965//8965 8962//8962 8967//8967
f 8964//8964 8970//8970 8968//8968
f 8965//8965 8971//8971 8970//8970
f 8965//8965 8967//8967 8969//8969
f 8968//8968 8970//8970 8974//8974
f 8969//8969 8973//8973 8971//8971
f 8974//8974 8971//8971 8975//8975
f 8974//8974 8976//8976 8977//8977
f 8975//8975 8973//8973 8978//8978
f 8976//8976 8975//8975 8979//8979
f 8977//8977 8976//8976 8980//8980
f 8979//8979 8978//8978 8982//8982
f 8982//8982 8986//8986 8984//8984
f 8988//8988 8987//8987 8989//8989
f 8988//8988 8990//8990 8985//8985
f 8991//8991 8990//8990 8994//8994
f 9001//9001 8999//8999 9004//9004
f 9000//9000 9004//9004 9005//9005
f 9002//9002 9006//9006 9007//9007
f 9002//9002 9005//9005 9006//9006
f 9004//9004 9003//9003 9008//9008
f 9005//9005 9009//9009 9006//9006
f 9005//9005 9011//9011 9009//9009
f 9005//9005 9008//9008 9011//9011
f 9006//9006 9012//9012 9010//9010
f 9006//9006 9009//9009 9012//9012
f 9009//9009 9014//9014 9012//9012
f 9009//9009 9011//9011 9015//9015
f 9011//9011 9013//9013 9015//9015
f 9015//9015 9019//9019 9016//9016
f 9012//9012 9017//9017 9018//9018
f 9017//9017 9016//9016 9020//9020
f 9016//9016 9021//9021 9020//9020
f 9021//9021 9019//9019 9023//9023
f 9020//9020 9024//9024 9022//9022
f 9020//9020 9025//9025 9024//9024
f 9020//9020 9021//9021 9027//9027
f 9025//9025 9027//9027 9029//9029
f 9028//9028 9024//9024 9030//9030
f 9024//9024 9025//9025 9030//9030
f 9028//9028 9030//9030 9037//9037
f 9030//9030 9025//9025 9037//9037
f 9032//9032 9029//9029 9035//9035
f 9031//9031 9039//9039 9036//9036
f 9031//9031 9034//9034 9040//9040
f 9038//9038 9042//9042 9040//9040
f 9039//9039 9044//9044 9043//9043
f 9039//9039 9040//9040 9044//9044
f 9042//9042 9046//9046 9044//9044
f 9043//9043 9047//9047 9048//9048
f 9043//9043 9044//9044 9047//9047
f 9046//9046 9049//9049 9050//9050
f 9047//9047 9051//9051 9048//9048
f 9050//9050 9049//9049 9053//9053
f 9051//9051 9054//9054 9052//9052
f 9050//9050 9055//9055 9054//9054
f 9052//9052 9054//9054 9056//9056
f 9055//9055 9059//9059 9056//9056
f 9055//9055 9053//9053 9058//9058
f 9061//9061 9058//9058 9063//9063
f 9060//9060 9061//9061 9064//9064
f 9060//9060 9065//9065 9066//9066
f 9064//9064 9063//9063 9067//9067
f 9068//9068 9069//9069 9066//9066
f 9064//9064 9067//9067 9070//9070
f 9071//9071 9073//9073 9069//9069
f 9064//9064 9072//9072 9071//9071
f 9064//9064 9070//9070 9074//9074
f 9078//9078 9074//9074 9077//9077
f 9079//9079 9083//9083 9081//9081
f 9080//9080 9085//9085 9083//9083
f 9080//9080 9082//9082 9086//9086
f 9084//9084 9088//9088 9086//9086
f 9085//9085 9091//9091 9087//9087
f 9085//9085 9092//9092 9091//9091
f 9089//9089 9087//9087 9091//9091
f 9091//9091 9092//9092 9095//9095
f 9090//9090 9094//9094 9092//9092
f 9092//9092 9097//9097 9095//9095
f 9095//9095 9098//9098 9093//9093
f 9097//9097 9100//9100 9098//9098
f 9099//9099 9093//9093 9101//9101
f 9098//9098 9103//9103 9101//9101
f 9100//9100 9105//9105 9103//9103
f 9101//9101 9106//9106 9104//9104
f 9102//9102 9104//9104 9107//9107
f 9104//9104 9106//9106 9109//9109
f 9103//9103 9108//9108 9106//9106
f 9106//9106 9110//9110 9109//9109
f 9108//9108 9112//9112 9110//9110
f 9109//9109 9110//9110 9113//9113
f 9110//9110 9114//9114 9113//9113
f 9114//9114 9112//9112 9116//9116
f 9113//9113 9117//9117 9115//9115
f 9117//9117 9114//9114 9118//9118
f 9117//9117 9119//9119 9120//9120
f 9122//9122 9125//9125 9119//9119
f 9121//9121 9124//9124 9125//9125
f 9125//9125 9126//9126 9119//9119
f 9124//9124 9126//9126 9125//9125
f 9123//9123 9119//9119 9127//9127
f 9132//9132 9134//9134 9130//9130
f 9133//9133 9131//9131 9136//9136
f 9134//9134 9135//9135 9130//9130
f 9132//9132 9137//9137 9134//9134
f 9137//9137 9138//9138 9134//9134
f 9137//9137 9136//9136 9140//9140
f 9135//9135 9134//9134 9141//9141
f 9141//9141 9142//9142 9139//9139
f 9141//9141 9144//9144 9142//9142
f 9138//9138 9140//9140 9145//9145
f 9138//9138 9145//9145 9144//9144
f 9145//9145 9140//9140 9143//9143
f 9144//9144 9145//9145 9150//9150
f 9145//9145 9143//9143 9148//9148
f 9149//9149 9147//9147 9151//9151
f 9147//9147 9146//9146 9153//9153
f 9151//9151 9147//9147 9153//9153
f 9151//9151 9153//9153 9155//9155
f 9151//9151 9155//9155 9157//9157
f 9152//9152 9158//9158 9154//9154
f 9155//9155 9154//9154 9159//9159
f 9154//9154 9158//9158 9159//9159
f 9158//9158 9163//9163 9159//9159
f 9158//9158 9156//9156 9163//9163
f 9159//9159 9164//9164 9160//9160
f 9161//9161 9166//9166 9163//9163
f 9164//9164 9163//9163 9169//9169
f 9163//9163 9166//9166 9169//9169
f 9174//9174 9177//9177 9168//9168
f 9174//9174 9172//9172 9177//9177
f 9175//9175 9168//9168 9178//9178
f 9175//9175 9179//9179 9180//9180
f 9177//9177 9181//9181 9178//9178
f 9179//9179 9178//9178 9182//9182
f 9181//9181 9184//9184 9182//9182
f 9179//9179 9185//9185 9183//9183
f 9185//9185 9182//9182 9188//9188
f 9184//9184 9187//9187 9188//9188
f 9187//9187 9190//9190 9188//9188
f 9185//9185 9191//9191 9189//9189
f 9185//9185 9188//9188 9192//9192
f 9191//9191 9193//9193 9189//9189
f 9192//9192 9194//9194 9193//9193
f 9194//9194 9197//9197 9193//9193
f 9194//9194 9190//9190 9196//9196
f 9195//9195 9193//9193 9198//9198
f 9198//9198 9201//9201 9195//9195
f 9196//9196 9202//9202 9197//9197
f 9198//9198 9199//9199 9201//9201
f 9205//9205 9207//9207 9209//9209
f 9207//9207 9211//9211 9212//9212
f 9207//9207 9208//9208 9214//9214
f 9213//9213 9214//9214 9208//9208
f 9211//9211 9215//9215 9217//9217
f 9211//9211 9214//9214 9216//9216
f 9218//9218 9216//9216 9214//9214
f 9221//9221 9216//9216 9222//9222
f 9225//9225 9226//9226 9228//9228
f 9224//9224 9230//9230 9227//9227
f 9223//9223 9228//9228 9229//9229
f 9223//9223 9225//9225 9228//9228
f 9227//9227 9233//9233 9228//9228
f 9227//9227 9230//9230 9232//9232
f 9228//9228 9233//9233 9229//9229
f 9229//9229 9234//9234 9231//9231
f 9233//9233 9232//9232 9235//9235
f 9235//9235 9232//9232 9237//9237
f 9236//9236 9234//9234 9238//9238
f 9238//9238 9234//9234 9240//9240
f 9234//9234 9235//9235 9240//9240
f 9237//9237 9241//9241 9240//9240
f 9238//9238 9244//9244 9242//9242
f 9238//9238 9240//9240 9245//9245
f 9240//9240 9241//9241 9243//9243
f 9244//9244 9238//9238 9245//9245
f 9246//9246 9244//9244 9248//9248
f 9245//9245 9247//9247 9251//9251
f 9248//9248 9250//9250 9252//9252
f 9250//9250 9251//9251 9254//9254
f 9249//9249 9253//9253 9251//9251
f 9251//9251 9258//9258 9254//9254
f 9252//9252 9257//9257 9255//9255
f 9254//9254 9258//9258 9257//9257
f 9258//9258 9253//9253 9256//9256
f 9255//9255 9257//9257 9262//9262
f 9257//9257 9259//9259 9262//9262
f 9256//9256 9261//9261 9259//9259
f 9259//9259 9264//9264 9262//9262
f 9264//9264 9265//9265 9262//9262
f 9260//9260 9262//9262 9265//9265
f 9263//9263 9260//9260 9266//9266
f 9265//9265 9264//9264 9268//9268
f 9265//9265 9270//9270 9266//9266
f 9266//9266 9274//9274 9271//9271
f 9271//9271 9275//9275 9272//9272
f 9273//9273 9277//9277 9274//9274
f 9274//9274 9277//9277 9275//9275
f 9278//9278 9275//9275 9280//9280
f 9277//9277 9283//9283 9280//9280
f 9281//9281 9280//9280 9286//9286
f 9281//9281 9287//9287 9284//9284
f 9281//9281 9286//9286 9287//9287
f 9286//9286 9288//9288 9287//9287
f 9287//9287 9291//9291 9289//9289
f 9288//9288 9285//9285 9290//9290
f 9288//9288 9290//9290 9293//9293
f 9291//9291 9288//9288 9294//9294
f 9291//9291 9295//9295 9292//9292
f 9294//9294 9293//9293 9297//9297
f 9294//9294 9298//9298 9295//9295
f 9295//9295 9298//9298 9299//9299
f 9298//9298 9297//9297 9301//9301
f 9299//9299 9302//9302 9300//9300
f 9298//9298 9303//9303 9302//9302
f 9301//9301 9305//9305 9303//9303
f 9304//9304 9302//9302 9306//9306
f 9302//9302 9303//9303 9307//9307
f 9306//9306 9308//9308 9304//9304
f 9309//9309 9308//9308 9306//9306
f 9308//9308 9310//9310 9304//9304
f 9305//9305 9311//9311 9309//9309
f 9309//9309 9312//9312 9308//9308
f 9310//9310 9313//9313 9314//9314
f 9312//9312 9315//9315 9314//9314
f 9311//9311 9317//9317 9315//9315
f 9315//9315 9320//9320 9314//9314
f 9317//9317 9319//9319 9320//9320
f 9320//9320 9324//9324 9321//9321
f 9324//9324 9325//9325 9321//9321
f 9325//9325 9326//9326 9322//9322
f 9323//9323 9327//9327 9328//9328
f 9327//9327 9332//9332 9330//9330
f 9340//9340 9338//9338 9342//9342
f 9337//9337 9339//9339 9343//9343
f 9340//9340 9342//9342 9343//9343
f 9341//9341 9337//9337 9344//9344
f 9343//9343 9348//9348 9347//9347
f 9345//9345 9344//9344 9347//9347
f 9347//9347 9348//9348 9351//9351
f 9351//9351 9353//9353 9352//9352
f 9350//9350 9355//9355 9353//9353
f 9349//9349 9352//9352 9354//9354
f 9352//9352 9358//9358 9354//9354
f 9353//9353 9359//9359 9358//9358
f 9353//9353 9355//9355 9359//9359
f 9356//9356 9358//9358 9360//9360
f 9358//9358 9359//9359 9361//9361
f 9357//9357 9363//9363 9361//9361
f 9360//9360 9364//9364 9362//9362
f 9363//9363 9366//9366 9367//9367
f 9364//9364 9368//9368 9365//9365
f 9367//9367 9374//9374 9368//9368
f 9366//9366 9372//9372 9374//9374
f 9375//9375 9378//9378 9369//9369
f 9369//9369 9380//9380 9376//9376
f 9377//9377 9376//9376 9382//9382
f 9379//9379 9383//9383 9384//9384
f 9382//9382 9381//9381 9383//9383
f 9380//9380 9385//9385 9381//9381
f 9383//9383 9381//9381 9386//9386
f 9383//9383 9387//9387 9388//9388
f 9386//9386 9385//9385 9389//9389
f 9388//9388 9387//9387 9390//9390
f 9386//9386 9393//9393 9390//9390
f 9386//9386 9389//9389 9392//9392
f 9391//9391 9390//9390 9394//9394
f 9390//9390 9393//9393 9397//9397
f 9392//9392 9396//9396 9397//9397
f 9398//9398 9400//9400 9395//9395
f 9394//9394 9397//9397 9399//9399
f 9396//9396 9401//9401 9399//9399
f 9398//9398 9402//9402 9400//9400
f 9399//9399 9404//9404 9398//9398
f 9401//9401 9403//9403 9404//9404
f 9412//9412 9414//9414 9410//9410
f 9417//9417 9412//9412 9410//9410
f 9418//9418 9415//9415 9417//9417
f 9418//9418 9411//9411 9415//9415
f 9412//9412 9419//9419 9420//9420
f 9417//9417 9422//9422 9419//9419
f 9417//9417 9415//9415 9421//9421
f 9415//9415 9413//9413 9421//9421
f 9420//9420 9419//9419 9423//9423
f 9419//9419 9422//9422 9425//9425
f 9425//9425 9421//9421 9427//9427
f 9426//9426 9423//9423 9428//9428
f 9425//9425 9430//9430 9428//9428
f 9424//9424 9426//9426 9431//9431
f 9428//9428 9432//9432 9431//9431
f 9429//9429 9431//9431 9433//9433
f 9430//9430 9435//9435 9432//9432
f 9433//9433 9436//9436 9434//9434
f 9433//9433 9432//9432 9436//9436
f 9434//9434 9437//9437 9438//9438
f 9432//9432 9435//9435 9440//9440
f 9437//9437 9441//9441 9438//9438
f 9437//9437 9436//9436 9444//9444
f 9436//9436 9440//9440 9444//9444
f 9439//9439 9446//9446 9443//9443
f 9439//9439 9442//9442 9446//9446
f 9446//9446 9442//9442 9448//9448
f 9445//9445 9447//9447 9449//9449
f 9446//9446 9448//9448 9450//9450
f 9447//9447 9451//9451 9449//9449
f 9449//9449 9455//9455 9452//9452
f 9449//9449 9451//9451 9454//9454
f 9452//9452 9456//9456 9453//9453
f 9455//9455 9457//9457 9456//9456
f 9457//9457 9458//9458 9456//9456
f 9453//9453 9456//9456 9459//9459
f 9459//9459 9458//9458 9462//9462
f 9454//9454 9461//9461 9462//9462
f 9460//9460 9459//9459 9463//9463
f 9461//9461 9465//9465 9462//9462
f 9463//9463 9466//9466 9464//9464
f 9462//9462 9466//9466 9463//9463
f 9469//9469 9472//9472 9466//9466
f 9469//9469 9468//9468 9471//9471
f 9470//9470 9466//9466 9473//9473
f 9480//9480 9479//9479 9483//9483
f 9479//9479 9477//9477 9482//9482
f 8612//8612 8613//8613 8609//8609
f 8615//8615 8611//8611 8610//8610
f 8611//8611 8607//8607 8606//8606
f 8608//8608 8604//8604 8607//8607
f 8604//8604 8605//8605 8600//8600
f 8604//8604 8602//8602 8603//8603
f 4869//4869 4870//4870 4866//4866
f 4871//4871 4872//4872 4868//4868
f 4868//4868 4863//4863 4867//4867
f 4865//4865 4869//4869 4866//4866
f 4868//4868 4869//4869 4865//4865
f 4859//4859 4864//4864 4861//4861
f 4864//4864 4859//4859 4863//4863
f 4805//4805 9485//9485 4807//4807
f 4807//4807 4802//4802 4805//4805
f 4800//4800 4797//4797 4796//4796
f 4799//4799 4802//4802 4796//4796
f 4801//4801 4802//4802 4799//4799
f 4793//4793 4797//4797 4790//4790
f 4792//4792 4795//4795 4794//4794
f 4795//4795 4792//4792 4798//4798
f 4791//4791 4792//4792 4789//4789
f 8819//8819 8825//8825 8823//8823
f 8826//8826 8825//8825 8819//8819
f 8824//8824 8826//8826 8822//8822
f 8811//8811 8816//8816 8812//8812
f 8814//8814 8818//8818 8815//8815
f 8818//8818 8814//8814 8817//8817
f 8809//8809 8814//8814 8811//8811
f 8814//8814 8809//8809 8813//8813
f 8808//8808 8812//8812 8804//8804
f 8807//8807 8809//8809 8808//8808
f 8809//8809 8807//8807 8813//8813
f 8806//8806 8807//8807 8803//8803
f 8805//8805 8807//8807 8806//8806
f 8821//8821 8824//8824 8822//8822
f 8400//8400 8398//8398 8396//8396
f 8397//8397 8402//8402 8396//8396
f 8391//8391 8393//8393 8389//8389
f 8498//8498 8495//8495 8494//8494
f 8501//8501 8500//8500 8494//8494
f 8501//8501 8497//8497 8496//8496
f 8495//8495 8492//8492 8491//8491
f 8490//8490 8497//8497 8494//8494
f 8496//8496 8497//8497 8490//8490
f 8491//8491 8492//8492 8487//8487
f 8484//8484 8485//8485 8481//8481
f 8483//8483 8485//8485 8484//8484
f 7709//7709 7711//7711 7706//7706
f 7707//7707 7712//7712 7708//7708
f 9329//9329 9335//9335 9333//9333
f 9330//9330 9336//9336 9335//9335
f 9334//9334 9336//9336 9330//9330
f 9328//9328 9329//9329 9325//9325
f 9322//9322 9318//9318 9321//9321
f 9319//9319 9323//9323 9320//9320
f 9321//9321 9314//9314 9320//9320
f 9308//9308 9313//9313 9310//9310
f 9313//9313 9308//9308 9312//9312
f 8934//8934 8932//8932 8928//8928
f 8924//8924 8930//8930 8928//8928
f 8912//8912 8914//8914 8910//8910
f 8051//8051 8052//8052 8043//8043
f 8053//8053 8049//8049 8052//8052
f 8050//8050 8054//8054 8055//8055
f 8038//8038 8035//8035 8032//8032
f 8039//8039 8040//8040 8037//8037
f 7874//7874 7875//7875 7871//7871
f 7877//7877 7874//7874 7870//7870
f 7877//7877 7873//7873 7872//7872
f 7859//7859 7863//7863 7862//7862
f 7861//7861 7863//7863 7859//7859
f 8131//8131 8129//8129 8128//8128
f 8132//8132 8133//8133 8127//8127
f 8123//8123 8127//8127 8124//8124
f 8124//8124 8129//8129 8125//8125
f 8126//8126 8130//8130 8127//8127
f 8116//8116 8123//8123 8120//8120
f 5212//5212 5209//5209 5205//5205
f 5212//5212 5208//5208 5207//5207
f 5200//5200 5204//5204 5201//5201
f 5199//5199 5195//5195 5194//5194
f 5197//5197 5201//5201 5198//5198
f 5200//5200 5201//5201 5197//5197
f 5193//5193 5197//5197 5194//5194
f 5197//5197 5193//5193 5196//5196
f 5192//5192 5195//5195 5190//5190
f 9408//9408 9409//9409 9404//9404
f 9406//9406 9487//9487 9488//9488
f 9409//9409 9487//9487 9406//9406
f 9406//9406 9407//9407 9402//9402
f 9403//9403 9408//9408 9404//9404
f 4943//4943 4940//4940 4936//4936
f 4936//4936 4940//4940 4937//4937
f 4938//4938 4941//4941 4939//4939
f 9078//9078 9075//9075 9071//9071
f 9074//9074 9078//9078 9072//9072
f 9061//9061 9060//9060 9056//9056
f 8715//8715 8721//8721 8719//8719
f 8724//8724 8721//8721 8715//8715
f 8720//8720 8724//8724 8718//8718
f 8711//8711 8718//8718 8712//8712
f 8717//8717 8718//8718 8711//8711
f 8711//8711 8712//8712 8710//8710
f 8708//8708 8704//8704 8706//8706
f 8705//8705 8709//8709 8707//8707
f 8704//8704 8699//8699 8702//8702
f 8700//8700 8705//8705 8703//8703
f 8707//8707 8706//8706 8702//8702
f 8703//8703 8702//8702 8698//8698
f 9479//9479 9480//9480 9478//9478
f 9473//9473 9476//9476 9474//9474
f 9472//9472 9479//9479 9478//9478
f 9473//9473 9474//9474 9470//9470
f 9467//9467 9464//9464 9466//9466
f 9468//9468 9469//9469 9462//9462
f 5011//5011 5012//5012 5007//5007
f 5007//5007 5009//5009 5005//5005
f 5000//5000 5003//5003 4997//4997
f 9219//9219 9217//9217 9215//9215
f 9216//9216 9221//9221 9215//9215
f 9218//9218 9220//9220 9216//9216
f 9205//9205 9209//9209 9203//9203
f 9206//9206 9208//9208 9205//9205
f 9208//9208 9206//9206 9210//9210
f 9203//9203 9201//9201 9199//9199
f 9200//9200 9206//9206 9205//9205
f 9197//9197 9200//9200 9198//9198
f 9200//9200 9197//9197 9202//9202
f 9173//9173 9165//9165 9171//9171
f 7949//7949 7953//7953 7952//7952
f 7945//7945 7949//7949 7946//7946
f 7941//7941 7946//7946 7942//7942
f 7943//7943 7947//7947 7944//7944
f 7947//7947 7943//7943 7946//7946
f 7936//7936 7943//7943 7940//7940
f 7942//7942 7943//7943 7936//7936
f 9490//9490 9491//9491 5100//5100
f 5103//5103 9493//9493 9490//9490
f 9492//9492 9493//9493 5103//5103
f 5103//5103 5102//5102 5098//5098
f 7760//7760 7756//7756 7755//7755
f 9127//9127 9128//9128 9123//9123
f 9124//9124 9129//9129 9126//9126
f 9118//9118 9122//9122 9117//9117
f 9122//9122 9118//9118 9116//9116
f 8994//8994 8995//8995 8991//8991
f 8993//8993 8997//8997 8994//8994
f 8997//8997 8993//8993 8992//8992
f 8989//8989 8993//8993 8990//8990
f 8992//8992 8993//8993 8989//8989
f 8986//8986 8987//8987 8984//8984
f 8980//8980 8983//8983 8981//8981
f 8979//8979 8984//8984 8983//8983
f 8982//8982 8984//8984 8979//8979
f 8545//8545 8551//8551 8549//8549
f 8548//8548 8551//8551 8545//8545
f 8545//8545 8546//8546 8543//8543
f 8542//8542 8545//8545 8541//8541
f 8544//8544 8547//8547 8542//8542
f 5775//5775 5772//5772 5771//5771
f 5773//5773 5776//5776 5777//5777
f 5768//5768 5767//5767 5771//5771
f 5770//5770 5774//5774 5771//5771
f 5770//5770 5769//5769 5773//5773
f 5768//5768 5764//5764 5763//5763
f 5766//5766 5770//5770 5767//5767
f 5769//5769 5770//5770 5766//5766
f 5764//5764 5761//5761 5760//5760
f 5766//5766 5763//5763 5760//5760
f 5765//5765 5766//5766 5759//5759
f 5759//5759 5760//5760 5756//5756
f 5755//5755 5756//5756 5753//5753
f 5754//5754 5749//5749 5752//5752
f 6648//6648 6651//6651 6647//6647
f 6642//6642 6643//6643 6639//6639
f 6638//6638 6632//6632 6637//6637
f 8283//8283 8287//8287 8285//8285
f 8284//8284 8289//8289 8283//8283
f 8289//8289 8284//8284 8286//8286
f 6289//6289 6287//6287 6284//6284
f 6283//6283 6289//6289 6286//6286
f 6285//6285 6288//6288 6283//6283
f 6286//6286 6284//6284 6280//6280
f 6278//6278 6282//6282 6279//6279
f 6281//6281 6282//6282 6278//6278
f 6271//6271 6265//6265 6269//6269
f 6272//6272 6274//6274 6270//6270
f 6267//6267 6270//6270 6269//6269
f 6266//6266 6270//6270 6267//6267
f 6261//6261 6265//6265 6262//6262
f 6920//6920 6924//6924 6922//6922
f 6925//6925 6924//6924 6920//6920
f 6925//6925 6921//6921 6918//6918
f 6919//6919 6920//6920 6916//6916
f 6913//6913 6919//6919 6916//6916
f 6919//6919 6913//6913 6915//6915
f 7122//7122 7125//7125 7123//7123
f 7128//7128 7125//7125 7122//7122
f 7124//7124 7128//7128 7120//7120
f 7110//7110 7112//7112 7108//7108
f 7109//7109 7113//7113 7111//7111
f 7100//7100 7106//7106 7103//7103
f 7105//7105 7106//7106 7100//7100
f 7580//7580 7577//7577 7576//7576
f 7581//7581 7582//7582 7579//7579
f 7576//7576 7577//7577 7574//7574
f 7573//7573 7579//7579 7576//7576
f 7575//7575 7578//7578 7579//7579
f 9500//9500 9497//9497 7625//7625
f 7619//7619 7623//7623 7621//7621
f 7620//7620 7626//7626 7619//7619
f 7624//7624 7626//7626 7620//7620
f 6051//6051 6056//6056 6054//6054
f 6048//6048 6051//6051 6045//6045
f 5963//5963 5966//5966 5961//5961
f 6826//6826 6828//6828 6824//6824
f 6816//6816 6824//6824 6821//6821
f 6820//6820 6824//6824 6816//6816
f 6806//6806 6811//6811 6805//6805
f 6812//6812 6809//6809 6811//6811
f 6810//6810 6813//6813 6814//6814
f 6805//6805 6809//6809 6807//6807
f 6808//6808 6810//6810 6806//6806
f 5579//5579 5581//5581 5576//5576
f 5581//5581 5579//5579 5578//5578
f 5572//5572 5575//5575 5571//5571
f 5574//5574 5575//5575 5572//5572
f 5572//5572 5571//5571 5564//5564
f 5572//5572 5568//5568 5570//5570
f 6541//6541 6545//6545 6542//6542
f 6541//6541 6542//6542 6539//6539
f 6538//6538 6541//6541 6534//6534
f 6536//6536 6537//6537 6533//6533
f 6528//6528 6535//6535 6529//6529
f 9501//9501 9502//9502 5658//5658
f 5657//5657 9504//9504 9501//9501
f 9504//9504 5657//5657 5659//5659
f 5652//5652 5654//5654 5648//5648
f 5645//5645 5647//5647 5641//5641
f 9505//9505 9506//9506 5396//5396
f 5397//5397 9507//9507 9508//9508
f 5395//5395 5398//5398 5389//5389
f 5397//5397 5398//5398 5395//5395
f 5378//5378 5382//5382 5379//5379
f 5381//5381 5384//5384 5378//5378
f 5384//5384 5381//5381 5380//5380
f 7309//7309 9509//9509 9510//9510
f 9512//9512 9509//9509 7309//7309
f 7311//7311 9511//9511 9512//9512
f 7310//7310 7306//7306 7304//7304
f 7302//7302 7296//7296 7295//7295
f 7298//7298 7299//7299 7295//7295
f 7303//7303 7299//7299 7298//7298
f 5288//5288 9516//9516 5290//5290
f 9515//9515 9516//9516 5288//5288
f 5288//5288 5289//5289 5285//5285
f 5280//5280 5285//5285 5282//5282
f 5284//5284 5285//5285 5280//5280
f 5463//5463 5460//5460 5459//5459
f 5461//5461 5464//5464 5462//5462
f 5459//5459 5460//5460 5456//5456
f 5458//5458 5462//5462 5459//5459
f 5457//5457 5461//5461 5462//5462
f 5447//5447 5450//5450 5446//5446
f 5452//5452 5448//5448 5450//5450
f 5449//5449 5453//5453 5451//5451
f 6432//6432 6434//6434 6430//6430
f 6425//6425 6428//6428 6424//6424
f 6429//6429 6430//6430 6426//6426
f 6427//6427 6431//6431 6428//6428
f 6423//6423 6425//6425 6424//6424
f 6427//6427 6425//6425 6423//6423
f 5841//5841 5847//5847 5845//5845
f 5848//5848 5847//5847 5841//5841
f 5846//5846 5848//5848 5844//5844
f 5838//5838 5844//5844 5837//5837
f 5835//5835 5832//5832 5834//5834
f 5833//5833 5836//5836 5831//5831
f 7467//7467 7463//7463 7462//7462
f 7465//7465 7466//7466 7462//7462
f 7456//7456 7463//7463 7460//7460
f 7456//7456 7460//7460 7457//7457
f 7458//7458 7461//7461 7459//7459
f 7208//7208 7204//7204 7202//7202
f 7206//7206 7207//7207 7202//7202
f 7211//7211 7208//7208 7207//7207
f 7213//7213 7210//7210 7207//7207
f 7212//7212 7213//7213 7206//7206
f 6718//6718 6716//6716 6713//6713
f 6719//6719 6718//6718 6712//6712
f 6719//6719 6715//6715 6714//6714
f 6710//6710 6715//6715 6711//6711
f 6711//6711 6705//6705 6710//6710
f 6700//6700 6704//6704 6707//6707
f 6356//6356 6354//6354 6351//6351
f 6353//6353 6357//6357 6356//6356
f 6357//6357 6353//6353 6352//6352
f 6348//6348 6350//6350 6344//6344
f 6342//6342 6344//6344 6343//6343
f 6341//6341 6344//6344 6342//6342
f 6339//6339 6340//6340 6336//6336
f 6338//6338 6342//6342 6339//6339
f 6341//6341 6342//6342 6338//6338
f 5932//5932 5928//5928 5930//5930
f 5931//5931 5934//5934 5930//5930
f 5929//5929 5933//5933 5931//5931
f 5924//5924 5928//5928 5926//5926
f 5925//5925 5931//5931 5930//5930
f 5929//5929 5931//5931 5925//5925
f 5922//5922 5918//5918 5914//5914
f 5912//5912 5913//5913 5911//5911
f 5916//5916 5913//5913 5912//5912
f 6160//6160 6166//6166 6164//6164
f 6169//6169 6166//6166 6160//6160
f 6165//6165 6169//6169 6163//6163
f 6160//6160 6164//6164 6161//6161
f 6157//6157 6163//6163 6160//6160
f 6162//6162 6165//6165 6163//6163
f 6158//6158 6155//6155 6153//6153
f 6153//6153 6155//6155 6151//6151
f 6154//6154 6153//6153 6149//6149
f 6152//6152 6156//6156 6154//6154
f 7373//7373 7374//7374 7370//7370
f 7371//7371 7375//7375 7372//7372
f 7355//7355 7362//7362 7359//7359
f 7362//7362 7355//7355 7361//7361
f 7520//7520 7526//7526 7523//7523
f 7525//7525 7527//7527 7526//7526
f 7524//7524 7527//7527 7525//7525
f 6093//6093 6099//6099 6097//6097
f 6094//6094 6100//6100 6099//6099
f 6098//6098 6100//6100 6094//6094
f 7018//7018 9520//9520 7022//7022
f 7019//7019 9520//9520 7018//7018
f 6979//6979 6972//6972 6976//6976
